category,sign,video_id,video_path,rel_path,n_frames,out_name,status,miss_left_raw,miss_right_raw,miss_left_fixed,miss_right_fixed
Adjectives,1. loud,MVI_5177,/Users/yamini/Desktop/projects/ISL PROJECT/include_videos/Adjectives/1. loud/MVI_5177.MOV,Adjectives/1. loud/MVI_5177.MOV,56,Adjectives__1. loud__MVI_5177.npy,skipped,,,,
Adjectives,1. loud,MVI_5178,/Users/yamini/Desktop/projects/ISL PROJECT/include_videos/Adjectives/1. loud/MVI_5178.MOV,Adjectives/1. loud/MVI_5178.MOV,64,Adjectives__1. loud__MVI_5178.npy,skipped,,,,
Adjectives,1. loud,MVI_5179,/Users/yamini/Desktop/projects/ISL PROJECT/include_videos/Adjectives/1. loud/MVI_5179.MOV,Adjectives/1. loud/MVI_5179.MOV,66,Adjectives__1. loud__MVI_5179.npy,skipped,,,,
Adjectives,1. loud,MVI_5257,/Users/yamini/Desktop/projects/ISL PROJECT/include_videos/Adjectives/1. loud/MVI_5257.MOV,Adjectives/1. loud/MVI_5257.MOV,52,Adjectives__1. loud__MVI_5257.npy,skipped,,,,
Adjectives,1. loud,MVI_5258,/Users/yamini/Desktop/projects/ISL PROJECT/include_videos/Adjectives/1. loud/MVI_5258.MOV,Adjectives/1. loud/MVI_5258.MOV,76,Adjectives__1. loud__MVI_5258.npy,skipped,,,,
Adjectives,1. loud,MVI_5259,/Users/yamini/Desktop/projects/ISL PROJECT/include_videos/Adjectives/1. loud/MVI_5259.MOV,Adjectives/1. loud/MVI_5259.MOV,64,Adjectives__1. loud__MVI_5259.npy,skipped,,,,
Adjectives,1. loud,MVI_5335,/Users/yamini/Desktop/projects/ISL PROJECT/include_videos/Adjectives/1. loud/MVI_5335.MOV,Adjectives/1. loud/MVI_5335.MOV,45,Adjectives__1. loud__MVI_5335.npy,skipped,,,,
Adjectives,1. loud,MVI_5336,/Users/yamini/Desktop/projects/ISL PROJECT/include_videos/Adjectives/1. loud/MVI_5336.MOV,Adjectives/1. loud/MVI_5336.MOV,42,Adjectives__1. loud__MVI_5336.npy,skipped,,,,
Adjectives,1. loud,MVI_5337,/Users/yamini/Desktop/projects/ISL PROJECT/include_videos/Adjectives/1. loud/MVI_5337.MOV,Adjectives/1. loud/MVI_5337.MOV,48,Adjectives__1. loud__MVI_5337.npy,skipped,,,,
Adjectives,1. loud,MVI_9289,/Users/yamini/Desktop/projects/ISL PROJECT/include_videos/Adjectives/1. loud/MVI_9289.MOV,Adjectives/1. loud/MVI_9289.MOV,55,Adjectives__1. loud__MVI_9289.npy,skipped,,,,
Adjectives,1. loud,MVI_9290,/Users/yamini/Desktop/projects/ISL PROJECT/include_videos/Adjectives/1. loud/MVI_9290.MOV,Adjectives/1. loud/MVI_9290.MOV,64,Adjectives__1. loud__MVI_9290.npy,skipped,,,,
Adjectives,1. loud,MVI_9291,/Users/yamini/Desktop/projects/ISL PROJECT/include_videos/Adjectives/1. loud/MVI_9291.MOV,Adjectives/1. loud/MVI_9291.MOV,63,Adjectives__1. loud__MVI_9291.npy,skipped,,,,
Adjectives,1. loud,MVI_9368,/Users/yamini/Desktop/projects/ISL PROJECT/include_videos/Adjectives/1. loud/MVI_9368.MOV,Adjectives/1. loud/MVI_9368.MOV,47,Adjectives__1. loud__MVI_9368.npy,skipped,,,,
Adjectives,1. loud,MVI_9369,/Users/yamini/Desktop/projects/ISL PROJECT/include_videos/Adjectives/1. loud/MVI_9369.MOV,Adjectives/1. loud/MVI_9369.MOV,48,Adjectives__1. loud__MVI_9369.npy,skipped,,,,
Adjectives,1. loud,MVI_9370,/Users/yamini/Desktop/projects/ISL PROJECT/include_videos/Adjectives/1. loud/MVI_9370.MOV,Adjectives/1. loud/MVI_9370.MOV,46,Adjectives__1. loud__MVI_9370.npy,skipped,,,,
Adjectives,1. loud,MVI_9448,/Users/yamini/Desktop/projects/ISL PROJECT/include_videos/Adjectives/1. loud/MVI_9448.MOV,Adjectives/1. loud/MVI_9448.MOV,56,Adjectives__1. loud__MVI_9448.npy,skipped,,,,
Adjectives,1. loud,MVI_9449,/Users/yamini/Desktop/projects/ISL PROJECT/include_videos/Adjectives/1. loud/MVI_9449.MOV,Adjectives/1. loud/MVI_9449.MOV,47,Adjectives__1. loud__MVI_9449.npy,skipped,,,,
Adjectives,1. loud,MVI_9450,/Users/yamini/Desktop/projects/ISL PROJECT/include_videos/Adjectives/1. loud/MVI_9450.MOV,Adjectives/1. loud/MVI_9450.MOV,50,Adjectives__1. loud__MVI_9450.npy,skipped,,,,
Adjectives,1. loud,MVI_9534,/Users/yamini/Desktop/projects/ISL PROJECT/include_videos/Adjectives/1. loud/MVI_9534.MOV,Adjectives/1. loud/MVI_9534.MOV,56,Adjectives__1. loud__MVI_9534.npy,skipped,,,,
Adjectives,1. loud,MVI_9535,/Users/yamini/Desktop/projects/ISL PROJECT/include_videos/Adjectives/1. loud/MVI_9535.MOV,Adjectives/1. loud/MVI_9535.MOV,65,Adjectives__1. loud__MVI_9535.npy,skipped,,,,
Adjectives,1. loud,MVI_9536,/Users/yamini/Desktop/projects/ISL PROJECT/include_videos/Adjectives/1. loud/MVI_9536.MOV,Adjectives/1. loud/MVI_9536.MOV,57,Adjectives__1. loud__MVI_9536.npy,skipped,,,,
Adjectives,10. Mean,MVI_9592,/Users/yamini/Desktop/projects/ISL PROJECT/include_videos/Adjectives/10. Mean/MVI_9592.MOV,Adjectives/10. Mean/MVI_9592.MOV,56,Adjectives__10. Mean__MVI_9592.npy,skipped,,,,
Adjectives,10. Mean,MVI_9593,/Users/yamini/Desktop/projects/ISL PROJECT/include_videos/Adjectives/10. Mean/MVI_9593.MOV,Adjectives/10. Mean/MVI_9593.MOV,47,Adjectives__10. Mean__MVI_9593.npy,skipped,,,,
Adjectives,10. Mean,MVI_9594,/Users/yamini/Desktop/projects/ISL PROJECT/include_videos/Adjectives/10. Mean/MVI_9594.MOV,Adjectives/10. Mean/MVI_9594.MOV,49,Adjectives__10. Mean__MVI_9594.npy,skipped,,,,
Adjectives,10. Mean,MVI_9595,/Users/yamini/Desktop/projects/ISL PROJECT/include_videos/Adjectives/10. Mean/MVI_9595.MOV,Adjectives/10. Mean/MVI_9595.MOV,54,Adjectives__10. Mean__MVI_9595.npy,skipped,,,,
Adjectives,10. Mean,MVI_9729,/Users/yamini/Desktop/projects/ISL PROJECT/include_videos/Adjectives/10. Mean/MVI_9729.MOV,Adjectives/10. Mean/MVI_9729.MOV,69,Adjectives__10. Mean__MVI_9729.npy,skipped,,,,
Adjectives,10. Mean,MVI_9730,/Users/yamini/Desktop/projects/ISL PROJECT/include_videos/Adjectives/10. Mean/MVI_9730.MOV,Adjectives/10. Mean/MVI_9730.MOV,63,Adjectives__10. Mean__MVI_9730.npy,skipped,,,,
Adjectives,10. Mean,MVI_9731,/Users/yamini/Desktop/projects/ISL PROJECT/include_videos/Adjectives/10. Mean/MVI_9731.MOV,Adjectives/10. Mean/MVI_9731.MOV,57,Adjectives__10. Mean__MVI_9731.npy,skipped,,,,
Adjectives,10. Mean,MVI_9732,/Users/yamini/Desktop/projects/ISL PROJECT/include_videos/Adjectives/10. Mean/MVI_9732.MOV,Adjectives/10. Mean/MVI_9732.MOV,58,Adjectives__10. Mean__MVI_9732.npy,skipped,,,,
Adjectives,11. rich,MVI_9596,/Users/yamini/Desktop/projects/ISL PROJECT/include_videos/Adjectives/11. rich/MVI_9596.MOV,Adjectives/11. rich/MVI_9596.MOV,47,Adjectives__11. rich__MVI_9596.npy,skipped,,,,
Adjectives,11. rich,MVI_9597,/Users/yamini/Desktop/projects/ISL PROJECT/include_videos/Adjectives/11. rich/MVI_9597.MOV,Adjectives/11. rich/MVI_9597.MOV,67,Adjectives__11. rich__MVI_9597.npy,skipped,,,,
Adjectives,11. rich,MVI_9598,/Users/yamini/Desktop/projects/ISL PROJECT/include_videos/Adjectives/11. rich/MVI_9598.MOV,Adjectives/11. rich/MVI_9598.MOV,58,Adjectives__11. rich__MVI_9598.npy,skipped,,,,
Adjectives,11. rich,MVI_9599,/Users/yamini/Desktop/projects/ISL PROJECT/include_videos/Adjectives/11. rich/MVI_9599.MOV,Adjectives/11. rich/MVI_9599.MOV,61,Adjectives__11. rich__MVI_9599.npy,skipped,,,,
Adjectives,11. rich,MVI_9733,/Users/yamini/Desktop/projects/ISL PROJECT/include_videos/Adjectives/11. rich/MVI_9733.MOV,Adjectives/11. rich/MVI_9733.MOV,65,Adjectives__11. rich__MVI_9733.npy,skipped,,,,
Adjectives,11. rich,MVI_9734,/Users/yamini/Desktop/projects/ISL PROJECT/include_videos/Adjectives/11. rich/MVI_9734.MOV,Adjectives/11. rich/MVI_9734.MOV,64,Adjectives__11. rich__MVI_9734.npy,skipped,,,,
Adjectives,11. rich,MVI_9735,/Users/yamini/Desktop/projects/ISL PROJECT/include_videos/Adjectives/11. rich/MVI_9735.MOV,Adjectives/11. rich/MVI_9735.MOV,59,Adjectives__11. rich__MVI_9735.npy,skipped,,,,
Adjectives,11. rich,MVI_9736,/Users/yamini/Desktop/projects/ISL PROJECT/include_videos/Adjectives/11. rich/MVI_9736.MOV,Adjectives/11. rich/MVI_9736.MOV,62,Adjectives__11. rich__MVI_9736.npy,skipped,,,,
Adjectives,12. poor,MVI_9600,/Users/yamini/Desktop/projects/ISL PROJECT/include_videos/Adjectives/12. poor/MVI_9600.MOV,Adjectives/12. poor/MVI_9600.MOV,60,Adjectives__12. poor__MVI_9600.npy,skipped,,,,
Adjectives,12. poor,MVI_9601,/Users/yamini/Desktop/projects/ISL PROJECT/include_videos/Adjectives/12. poor/MVI_9601.MOV,Adjectives/12. poor/MVI_9601.MOV,70,Adjectives__12. poor__MVI_9601.npy,skipped,,,,
Adjectives,12. poor,MVI_9603,/Users/yamini/Desktop/projects/ISL PROJECT/include_videos/Adjectives/12. poor/MVI_9603.MOV,Adjectives/12. poor/MVI_9603.MOV,65,Adjectives__12. poor__MVI_9603.npy,skipped,,,,
Adjectives,12. poor,MVI_9604,/Users/yamini/Desktop/projects/ISL PROJECT/include_videos/Adjectives/12. poor/MVI_9604.MOV,Adjectives/12. poor/MVI_9604.MOV,65,Adjectives__12. poor__MVI_9604.npy,skipped,,,,
Adjectives,12. poor,MVI_9737,/Users/yamini/Desktop/projects/ISL PROJECT/include_videos/Adjectives/12. poor/MVI_9737.MOV,Adjectives/12. poor/MVI_9737.MOV,62,Adjectives__12. poor__MVI_9737.npy,skipped,,,,
Adjectives,12. poor,MVI_9738,/Users/yamini/Desktop/projects/ISL PROJECT/include_videos/Adjectives/12. poor/MVI_9738.MOV,Adjectives/12. poor/MVI_9738.MOV,61,Adjectives__12. poor__MVI_9738.npy,skipped,,,,
Adjectives,12. poor,MVI_9739,/Users/yamini/Desktop/projects/ISL PROJECT/include_videos/Adjectives/12. poor/MVI_9739.MOV,Adjectives/12. poor/MVI_9739.MOV,64,Adjectives__12. poor__MVI_9739.npy,skipped,,,,
Adjectives,12. poor,MVI_9740,/Users/yamini/Desktop/projects/ISL PROJECT/include_videos/Adjectives/12. poor/MVI_9740.MOV,Adjectives/12. poor/MVI_9740.MOV,72,Adjectives__12. poor__MVI_9740.npy,skipped,,,,
Adjectives,13. thick,MVI_9605,/Users/yamini/Desktop/projects/ISL PROJECT/include_videos/Adjectives/13. thick/MVI_9605.MOV,Adjectives/13. thick/MVI_9605.MOV,58,Adjectives__13. thick__MVI_9605.npy,skipped,,,,
Adjectives,13. thick,MVI_9606,/Users/yamini/Desktop/projects/ISL PROJECT/include_videos/Adjectives/13. thick/MVI_9606.MOV,Adjectives/13. thick/MVI_9606.MOV,68,Adjectives__13. thick__MVI_9606.npy,skipped,,,,
Adjectives,13. thick,MVI_9607,/Users/yamini/Desktop/projects/ISL PROJECT/include_videos/Adjectives/13. thick/MVI_9607.MOV,Adjectives/13. thick/MVI_9607.MOV,72,Adjectives__13. thick__MVI_9607.npy,skipped,,,,
Adjectives,13. thick,MVI_9608,/Users/yamini/Desktop/projects/ISL PROJECT/include_videos/Adjectives/13. thick/MVI_9608.MOV,Adjectives/13. thick/MVI_9608.MOV,71,Adjectives__13. thick__MVI_9608.npy,skipped,,,,
Adjectives,13. thick,MVI_9742,/Users/yamini/Desktop/projects/ISL PROJECT/include_videos/Adjectives/13. thick/MVI_9742.MOV,Adjectives/13. thick/MVI_9742.MOV,64,Adjectives__13. thick__MVI_9742.npy,skipped,,,,
Adjectives,13. thick,MVI_9743,/Users/yamini/Desktop/projects/ISL PROJECT/include_videos/Adjectives/13. thick/MVI_9743.MOV,Adjectives/13. thick/MVI_9743.MOV,82,Adjectives__13. thick__MVI_9743.npy,skipped,,,,
Adjectives,13. thick,MVI_9744,/Users/yamini/Desktop/projects/ISL PROJECT/include_videos/Adjectives/13. thick/MVI_9744.MOV,Adjectives/13. thick/MVI_9744.MOV,74,Adjectives__13. thick__MVI_9744.npy,skipped,,,,
Adjectives,13. thick,MVI_9745,/Users/yamini/Desktop/projects/ISL PROJECT/include_videos/Adjectives/13. thick/MVI_9745.MOV,Adjectives/13. thick/MVI_9745.MOV,69,Adjectives__13. thick__MVI_9745.npy,skipped,,,,
Adjectives,14. thin,MVI_9609,/Users/yamini/Desktop/projects/ISL PROJECT/include_videos/Adjectives/14. thin/MVI_9609.MOV,Adjectives/14. thin/MVI_9609.MOV,62,Adjectives__14. thin__MVI_9609.npy,skipped,,,,
Adjectives,14. thin,MVI_9610,/Users/yamini/Desktop/projects/ISL PROJECT/include_videos/Adjectives/14. thin/MVI_9610.MOV,Adjectives/14. thin/MVI_9610.MOV,65,Adjectives__14. thin__MVI_9610.npy,skipped,,,,
Adjectives,14. thin,MVI_9611,/Users/yamini/Desktop/projects/ISL PROJECT/include_videos/Adjectives/14. thin/MVI_9611.MOV,Adjectives/14. thin/MVI_9611.MOV,65,Adjectives__14. thin__MVI_9611.npy,skipped,,,,
Adjectives,14. thin,MVI_9612,/Users/yamini/Desktop/projects/ISL PROJECT/include_videos/Adjectives/14. thin/MVI_9612.MOV,Adjectives/14. thin/MVI_9612.MOV,71,Adjectives__14. thin__MVI_9612.npy,skipped,,,,
Adjectives,15. expensive,MVI_9613,/Users/yamini/Desktop/projects/ISL PROJECT/include_videos/Adjectives/15. expensive/MVI_9613.MOV,Adjectives/15. expensive/MVI_9613.MOV,76,Adjectives__15. expensive__MVI_9613.npy,skipped,,,,
Adjectives,15. expensive,MVI_9614,/Users/yamini/Desktop/projects/ISL PROJECT/include_videos/Adjectives/15. expensive/MVI_9614.MOV,Adjectives/15. expensive/MVI_9614.MOV,71,Adjectives__15. expensive__MVI_9614.npy,skipped,,,,
Adjectives,15. expensive,MVI_9615,/Users/yamini/Desktop/projects/ISL PROJECT/include_videos/Adjectives/15. expensive/MVI_9615.MOV,Adjectives/15. expensive/MVI_9615.MOV,73,Adjectives__15. expensive__MVI_9615.npy,skipped,,,,
Adjectives,15. expensive,MVI_9616,/Users/yamini/Desktop/projects/ISL PROJECT/include_videos/Adjectives/15. expensive/MVI_9616.MOV,Adjectives/15. expensive/MVI_9616.MOV,63,Adjectives__15. expensive__MVI_9616.npy,skipped,,,,
Adjectives,15. expensive,MVI_9746,/Users/yamini/Desktop/projects/ISL PROJECT/include_videos/Adjectives/15. expensive/MVI_9746.MOV,Adjectives/15. expensive/MVI_9746.MOV,57,Adjectives__15. expensive__MVI_9746.npy,skipped,,,,
Adjectives,15. expensive,MVI_9747,/Users/yamini/Desktop/projects/ISL PROJECT/include_videos/Adjectives/15. expensive/MVI_9747.MOV,Adjectives/15. expensive/MVI_9747.MOV,55,Adjectives__15. expensive__MVI_9747.npy,skipped,,,,
Adjectives,15. expensive,MVI_9748,/Users/yamini/Desktop/projects/ISL PROJECT/include_videos/Adjectives/15. expensive/MVI_9748.MOV,Adjectives/15. expensive/MVI_9748.MOV,63,Adjectives__15. expensive__MVI_9748.npy,skipped,,,,
Adjectives,15. expensive,MVI_9749,/Users/yamini/Desktop/projects/ISL PROJECT/include_videos/Adjectives/15. expensive/MVI_9749.MOV,Adjectives/15. expensive/MVI_9749.MOV,63,Adjectives__15. expensive__MVI_9749.npy,skipped,,,,
Adjectives,16. cheap,MVI_9617,/Users/yamini/Desktop/projects/ISL PROJECT/include_videos/Adjectives/16. cheap/MVI_9617.MOV,Adjectives/16. cheap/MVI_9617.MOV,56,Adjectives__16. cheap__MVI_9617.npy,skipped,,,,
Adjectives,16. cheap,MVI_9618,/Users/yamini/Desktop/projects/ISL PROJECT/include_videos/Adjectives/16. cheap/MVI_9618.MOV,Adjectives/16. cheap/MVI_9618.MOV,64,Adjectives__16. cheap__MVI_9618.npy,skipped,,,,
Adjectives,16. cheap,MVI_9619,/Users/yamini/Desktop/projects/ISL PROJECT/include_videos/Adjectives/16. cheap/MVI_9619.MOV,Adjectives/16. cheap/MVI_9619.MOV,65,Adjectives__16. cheap__MVI_9619.npy,skipped,,,,
Adjectives,16. cheap,MVI_9620,/Users/yamini/Desktop/projects/ISL PROJECT/include_videos/Adjectives/16. cheap/MVI_9620.MOV,Adjectives/16. cheap/MVI_9620.MOV,60,Adjectives__16. cheap__MVI_9620.npy,skipped,,,,
Adjectives,16. cheap,MVI_9750,/Users/yamini/Desktop/projects/ISL PROJECT/include_videos/Adjectives/16. cheap/MVI_9750.MOV,Adjectives/16. cheap/MVI_9750.MOV,61,Adjectives__16. cheap__MVI_9750.npy,skipped,,,,
Adjectives,16. cheap,MVI_9751,/Users/yamini/Desktop/projects/ISL PROJECT/include_videos/Adjectives/16. cheap/MVI_9751.MOV,Adjectives/16. cheap/MVI_9751.MOV,70,Adjectives__16. cheap__MVI_9751.npy,skipped,,,,
Adjectives,16. cheap,MVI_9752,/Users/yamini/Desktop/projects/ISL PROJECT/include_videos/Adjectives/16. cheap/MVI_9752.MOV,Adjectives/16. cheap/MVI_9752.MOV,66,Adjectives__16. cheap__MVI_9752.npy,skipped,,,,
Adjectives,16. cheap,MVI_9754,/Users/yamini/Desktop/projects/ISL PROJECT/include_videos/Adjectives/16. cheap/MVI_9754.MOV,Adjectives/16. cheap/MVI_9754.MOV,60,Adjectives__16. cheap__MVI_9754.npy,skipped,,,,
Adjectives,17. flat,MVI_9621,/Users/yamini/Desktop/projects/ISL PROJECT/include_videos/Adjectives/17. flat/MVI_9621.MOV,Adjectives/17. flat/MVI_9621.MOV,59,Adjectives__17. flat__MVI_9621.npy,skipped,,,,
Adjectives,17. flat,MVI_9622,/Users/yamini/Desktop/projects/ISL PROJECT/include_videos/Adjectives/17. flat/MVI_9622.MOV,Adjectives/17. flat/MVI_9622.MOV,67,Adjectives__17. flat__MVI_9622.npy,skipped,,,,
Adjectives,17. flat,MVI_9623,/Users/yamini/Desktop/projects/ISL PROJECT/include_videos/Adjectives/17. flat/MVI_9623.MOV,Adjectives/17. flat/MVI_9623.MOV,70,Adjectives__17. flat__MVI_9623.npy,skipped,,,,
Adjectives,17. flat,MVI_9624,/Users/yamini/Desktop/projects/ISL PROJECT/include_videos/Adjectives/17. flat/MVI_9624.MOV,Adjectives/17. flat/MVI_9624.MOV,67,Adjectives__17. flat__MVI_9624.npy,skipped,,,,
Adjectives,17. flat,MVI_9755,/Users/yamini/Desktop/projects/ISL PROJECT/include_videos/Adjectives/17. flat/MVI_9755.MOV,Adjectives/17. flat/MVI_9755.MOV,58,Adjectives__17. flat__MVI_9755.npy,skipped,,,,
Adjectives,17. flat,MVI_9756,/Users/yamini/Desktop/projects/ISL PROJECT/include_videos/Adjectives/17. flat/MVI_9756.MOV,Adjectives/17. flat/MVI_9756.MOV,65,Adjectives__17. flat__MVI_9756.npy,skipped,,,,
Adjectives,17. flat,MVI_9757,/Users/yamini/Desktop/projects/ISL PROJECT/include_videos/Adjectives/17. flat/MVI_9757.MOV,Adjectives/17. flat/MVI_9757.MOV,62,Adjectives__17. flat__MVI_9757.npy,skipped,,,,
Adjectives,17. flat,MVI_9758,/Users/yamini/Desktop/projects/ISL PROJECT/include_videos/Adjectives/17. flat/MVI_9758.MOV,Adjectives/17. flat/MVI_9758.MOV,63,Adjectives__17. flat__MVI_9758.npy,skipped,,,,
Adjectives,18. curved,MVI_9633,/Users/yamini/Desktop/projects/ISL PROJECT/include_videos/Adjectives/18. curved/MVI_9633.MOV,Adjectives/18. curved/MVI_9633.MOV,77,Adjectives__18. curved__MVI_9633.npy,skipped,,,,
Adjectives,18. curved,MVI_9634,/Users/yamini/Desktop/projects/ISL PROJECT/include_videos/Adjectives/18. curved/MVI_9634.MOV,Adjectives/18. curved/MVI_9634.MOV,77,Adjectives__18. curved__MVI_9634.npy,skipped,,,,
Adjectives,18. curved,MVI_9635,/Users/yamini/Desktop/projects/ISL PROJECT/include_videos/Adjectives/18. curved/MVI_9635.MOV,Adjectives/18. curved/MVI_9635.MOV,69,Adjectives__18. curved__MVI_9635.npy,skipped,,,,
Adjectives,18. curved,MVI_9636,/Users/yamini/Desktop/projects/ISL PROJECT/include_videos/Adjectives/18. curved/MVI_9636.MOV,Adjectives/18. curved/MVI_9636.MOV,67,Adjectives__18. curved__MVI_9636.npy,skipped,,,,
Adjectives,18. curved,MVI_9759,/Users/yamini/Desktop/projects/ISL PROJECT/include_videos/Adjectives/18. curved/MVI_9759.MOV,Adjectives/18. curved/MVI_9759.MOV,72,Adjectives__18. curved__MVI_9759.npy,skipped,,,,
Adjectives,18. curved,MVI_9760,/Users/yamini/Desktop/projects/ISL PROJECT/include_videos/Adjectives/18. curved/MVI_9760.MOV,Adjectives/18. curved/MVI_9760.MOV,83,Adjectives__18. curved__MVI_9760.npy,skipped,,,,
Adjectives,18. curved,MVI_9761,/Users/yamini/Desktop/projects/ISL PROJECT/include_videos/Adjectives/18. curved/MVI_9761.MOV,Adjectives/18. curved/MVI_9761.MOV,73,Adjectives__18. curved__MVI_9761.npy,skipped,,,,
Adjectives,18. curved,MVI_9762,/Users/yamini/Desktop/projects/ISL PROJECT/include_videos/Adjectives/18. curved/MVI_9762.MOV,Adjectives/18. curved/MVI_9762.MOV,70,Adjectives__18. curved__MVI_9762.npy,skipped,,,,
Adjectives,19. male,MVI_9637,/Users/yamini/Desktop/projects/ISL PROJECT/include_videos/Adjectives/19. male/MVI_9637.MOV,Adjectives/19. male/MVI_9637.MOV,59,Adjectives__19. male__MVI_9637.npy,skipped,,,,
Adjectives,19. male,MVI_9638,/Users/yamini/Desktop/projects/ISL PROJECT/include_videos/Adjectives/19. male/MVI_9638.MOV,Adjectives/19. male/MVI_9638.MOV,80,Adjectives__19. male__MVI_9638.npy,skipped,,,,
Adjectives,19. male,MVI_9639,/Users/yamini/Desktop/projects/ISL PROJECT/include_videos/Adjectives/19. male/MVI_9639.MOV,Adjectives/19. male/MVI_9639.MOV,60,Adjectives__19. male__MVI_9639.npy,skipped,,,,
Adjectives,19. male,MVI_9640,/Users/yamini/Desktop/projects/ISL PROJECT/include_videos/Adjectives/19. male/MVI_9640.MOV,Adjectives/19. male/MVI_9640.MOV,73,Adjectives__19. male__MVI_9640.npy,skipped,,,,
Adjectives,19. male,MVI_9763,/Users/yamini/Desktop/projects/ISL PROJECT/include_videos/Adjectives/19. male/MVI_9763.MOV,Adjectives/19. male/MVI_9763.MOV,61,Adjectives__19. male__MVI_9763.npy,skipped,,,,
Adjectives,19. male,MVI_9764,/Users/yamini/Desktop/projects/ISL PROJECT/include_videos/Adjectives/19. male/MVI_9764.MOV,Adjectives/19. male/MVI_9764.MOV,61,Adjectives__19. male__MVI_9764.npy,skipped,,,,
Adjectives,19. male,MVI_9765,/Users/yamini/Desktop/projects/ISL PROJECT/include_videos/Adjectives/19. male/MVI_9765.MOV,Adjectives/19. male/MVI_9765.MOV,54,Adjectives__19. male__MVI_9765.npy,skipped,,,,
Adjectives,19. male,MVI_9766,/Users/yamini/Desktop/projects/ISL PROJECT/include_videos/Adjectives/19. male/MVI_9766.MOV,Adjectives/19. male/MVI_9766.MOV,52,Adjectives__19. male__MVI_9766.npy,skipped,,,,
Adjectives,2. quiet,MVI_5180,/Users/yamini/Desktop/projects/ISL PROJECT/include_videos/Adjectives/2. quiet/MVI_5180.MOV,Adjectives/2. quiet/MVI_5180.MOV,68,Adjectives__2. quiet__MVI_5180.npy,skipped,,,,
Adjectives,2. quiet,MVI_5181,/Users/yamini/Desktop/projects/ISL PROJECT/include_videos/Adjectives/2. quiet/MVI_5181.MOV,Adjectives/2. quiet/MVI_5181.MOV,74,Adjectives__2. quiet__MVI_5181.npy,skipped,,,,
Adjectives,2. quiet,MVI_5182,/Users/yamini/Desktop/projects/ISL PROJECT/include_videos/Adjectives/2. quiet/MVI_5182.MOV,Adjectives/2. quiet/MVI_5182.MOV,76,Adjectives__2. quiet__MVI_5182.npy,skipped,,,,
Adjectives,2. quiet,MVI_5260,/Users/yamini/Desktop/projects/ISL PROJECT/include_videos/Adjectives/2. quiet/MVI_5260.MOV,Adjectives/2. quiet/MVI_5260.MOV,69,Adjectives__2. quiet__MVI_5260.npy,skipped,,,,
Adjectives,2. quiet,MVI_5261,/Users/yamini/Desktop/projects/ISL PROJECT/include_videos/Adjectives/2. quiet/MVI_5261.MOV,Adjectives/2. quiet/MVI_5261.MOV,63,Adjectives__2. quiet__MVI_5261.npy,skipped,,,,
Adjectives,2. quiet,MVI_5262,/Users/yamini/Desktop/projects/ISL PROJECT/include_videos/Adjectives/2. quiet/MVI_5262.MOV,Adjectives/2. quiet/MVI_5262.MOV,66,Adjectives__2. quiet__MVI_5262.npy,skipped,,,,
Adjectives,2. quiet,MVI_5338,/Users/yamini/Desktop/projects/ISL PROJECT/include_videos/Adjectives/2. quiet/MVI_5338.MOV,Adjectives/2. quiet/MVI_5338.MOV,45,Adjectives__2. quiet__MVI_5338.npy,skipped,,,,
Adjectives,2. quiet,MVI_5339,/Users/yamini/Desktop/projects/ISL PROJECT/include_videos/Adjectives/2. quiet/MVI_5339.MOV,Adjectives/2. quiet/MVI_5339.MOV,52,Adjectives__2. quiet__MVI_5339.npy,skipped,,,,
Adjectives,2. quiet,MVI_5340,/Users/yamini/Desktop/projects/ISL PROJECT/include_videos/Adjectives/2. quiet/MVI_5340.MOV,Adjectives/2. quiet/MVI_5340.MOV,53,Adjectives__2. quiet__MVI_5340.npy,skipped,,,,
Adjectives,2. quiet,MVI_9292,/Users/yamini/Desktop/projects/ISL PROJECT/include_videos/Adjectives/2. quiet/MVI_9292.MOV,Adjectives/2. quiet/MVI_9292.MOV,53,Adjectives__2. quiet__MVI_9292.npy,skipped,,,,
Adjectives,2. quiet,MVI_9293,/Users/yamini/Desktop/projects/ISL PROJECT/include_videos/Adjectives/2. quiet/MVI_9293.MOV,Adjectives/2. quiet/MVI_9293.MOV,53,Adjectives__2. quiet__MVI_9293.npy,skipped,,,,
Adjectives,2. quiet,MVI_9294,/Users/yamini/Desktop/projects/ISL PROJECT/include_videos/Adjectives/2. quiet/MVI_9294.MOV,Adjectives/2. quiet/MVI_9294.MOV,56,Adjectives__2. quiet__MVI_9294.npy,skipped,,,,
Adjectives,2. quiet,MVI_9371,/Users/yamini/Desktop/projects/ISL PROJECT/include_videos/Adjectives/2. quiet/MVI_9371.MOV,Adjectives/2. quiet/MVI_9371.MOV,48,Adjectives__2. quiet__MVI_9371.npy,skipped,,,,
Adjectives,2. quiet,MVI_9372,/Users/yamini/Desktop/projects/ISL PROJECT/include_videos/Adjectives/2. quiet/MVI_9372.MOV,Adjectives/2. quiet/MVI_9372.MOV,47,Adjectives__2. quiet__MVI_9372.npy,skipped,,,,
Adjectives,2. quiet,MVI_9373,/Users/yamini/Desktop/projects/ISL PROJECT/include_videos/Adjectives/2. quiet/MVI_9373.MOV,Adjectives/2. quiet/MVI_9373.MOV,47,Adjectives__2. quiet__MVI_9373.npy,skipped,,,,
Adjectives,2. quiet,MVI_9451,/Users/yamini/Desktop/projects/ISL PROJECT/include_videos/Adjectives/2. quiet/MVI_9451.MOV,Adjectives/2. quiet/MVI_9451.MOV,57,Adjectives__2. quiet__MVI_9451.npy,skipped,,,,
Adjectives,2. quiet,MVI_9452,/Users/yamini/Desktop/projects/ISL PROJECT/include_videos/Adjectives/2. quiet/MVI_9452.MOV,Adjectives/2. quiet/MVI_9452.MOV,66,Adjectives__2. quiet__MVI_9452.npy,skipped,,,,
Adjectives,2. quiet,MVI_9453,/Users/yamini/Desktop/projects/ISL PROJECT/include_videos/Adjectives/2. quiet/MVI_9453.MOV,Adjectives/2. quiet/MVI_9453.MOV,60,Adjectives__2. quiet__MVI_9453.npy,skipped,,,,
Adjectives,2. quiet,MVI_9537,/Users/yamini/Desktop/projects/ISL PROJECT/include_videos/Adjectives/2. quiet/MVI_9537.MOV,Adjectives/2. quiet/MVI_9537.MOV,69,Adjectives__2. quiet__MVI_9537.npy,skipped,,,,
Adjectives,2. quiet,MVI_9538,/Users/yamini/Desktop/projects/ISL PROJECT/include_videos/Adjectives/2. quiet/MVI_9538.MOV,Adjectives/2. quiet/MVI_9538.MOV,66,Adjectives__2. quiet__MVI_9538.npy,skipped,,,,
Adjectives,2. quiet,MVI_9539,/Users/yamini/Desktop/projects/ISL PROJECT/include_videos/Adjectives/2. quiet/MVI_9539.MOV,Adjectives/2. quiet/MVI_9539.MOV,65,Adjectives__2. quiet__MVI_9539.npy,skipped,,,,
Adjectives,20. female,MVI_9642,/Users/yamini/Desktop/projects/ISL PROJECT/include_videos/Adjectives/20. female/MVI_9642.MOV,Adjectives/20. female/MVI_9642.MOV,57,Adjectives__20. female__MVI_9642.npy,skipped,,,,
Adjectives,20. female,MVI_9643,/Users/yamini/Desktop/projects/ISL PROJECT/include_videos/Adjectives/20. female/MVI_9643.MOV,Adjectives/20. female/MVI_9643.MOV,52,Adjectives__20. female__MVI_9643.npy,skipped,,,,
Adjectives,20. female,MVI_9644,/Users/yamini/Desktop/projects/ISL PROJECT/include_videos/Adjectives/20. female/MVI_9644.MOV,Adjectives/20. female/MVI_9644.MOV,46,Adjectives__20. female__MVI_9644.npy,skipped,,,,
Adjectives,20. female,MVI_9645,/Users/yamini/Desktop/projects/ISL PROJECT/include_videos/Adjectives/20. female/MVI_9645.MOV,Adjectives/20. female/MVI_9645.MOV,49,Adjectives__20. female__MVI_9645.npy,skipped,,,,
Adjectives,20. female,MVI_9767,/Users/yamini/Desktop/projects/ISL PROJECT/include_videos/Adjectives/20. female/MVI_9767.MOV,Adjectives/20. female/MVI_9767.MOV,47,Adjectives__20. female__MVI_9767.npy,skipped,,,,
Adjectives,20. female,MVI_9768,/Users/yamini/Desktop/projects/ISL PROJECT/include_videos/Adjectives/20. female/MVI_9768.MOV,Adjectives/20. female/MVI_9768.MOV,53,Adjectives__20. female__MVI_9768.npy,skipped,,,,
Adjectives,20. female,MVI_9769,/Users/yamini/Desktop/projects/ISL PROJECT/include_videos/Adjectives/20. female/MVI_9769.MOV,Adjectives/20. female/MVI_9769.MOV,46,Adjectives__20. female__MVI_9769.npy,skipped,,,,
Adjectives,20. female,MVI_9770,/Users/yamini/Desktop/projects/ISL PROJECT/include_videos/Adjectives/20. female/MVI_9770.MOV,Adjectives/20. female/MVI_9770.MOV,56,Adjectives__20. female__MVI_9770.npy,skipped,,,,
Adjectives,21. tight,MVI_9646,/Users/yamini/Desktop/projects/ISL PROJECT/include_videos/Adjectives/21. tight/MVI_9646.MOV,Adjectives/21. tight/MVI_9646.MOV,81,Adjectives__21. tight__MVI_9646.npy,skipped,,,,
Adjectives,21. tight,MVI_9647,/Users/yamini/Desktop/projects/ISL PROJECT/include_videos/Adjectives/21. tight/MVI_9647.MOV,Adjectives/21. tight/MVI_9647.MOV,63,Adjectives__21. tight__MVI_9647.npy,skipped,,,,
Adjectives,21. tight,MVI_9648,/Users/yamini/Desktop/projects/ISL PROJECT/include_videos/Adjectives/21. tight/MVI_9648.MOV,Adjectives/21. tight/MVI_9648.MOV,64,Adjectives__21. tight__MVI_9648.npy,skipped,,,,
Adjectives,21. tight,MVI_9649,/Users/yamini/Desktop/projects/ISL PROJECT/include_videos/Adjectives/21. tight/MVI_9649.MOV,Adjectives/21. tight/MVI_9649.MOV,55,Adjectives__21. tight__MVI_9649.npy,skipped,,,,
Adjectives,21. tight,MVI_9771,/Users/yamini/Desktop/projects/ISL PROJECT/include_videos/Adjectives/21. tight/MVI_9771.MOV,Adjectives/21. tight/MVI_9771.MOV,61,Adjectives__21. tight__MVI_9771.npy,skipped,,,,
Adjectives,21. tight,MVI_9772,/Users/yamini/Desktop/projects/ISL PROJECT/include_videos/Adjectives/21. tight/MVI_9772.MOV,Adjectives/21. tight/MVI_9772.MOV,61,Adjectives__21. tight__MVI_9772.npy,skipped,,,,
Adjectives,21. tight,MVI_9773,/Users/yamini/Desktop/projects/ISL PROJECT/include_videos/Adjectives/21. tight/MVI_9773.MOV,Adjectives/21. tight/MVI_9773.MOV,63,Adjectives__21. tight__MVI_9773.npy,skipped,,,,
Adjectives,21. tight,MVI_9774,/Users/yamini/Desktop/projects/ISL PROJECT/include_videos/Adjectives/21. tight/MVI_9774.MOV,Adjectives/21. tight/MVI_9774.MOV,66,Adjectives__21. tight__MVI_9774.npy,skipped,,,,
Adjectives,22. loose,MVI_9650,/Users/yamini/Desktop/projects/ISL PROJECT/include_videos/Adjectives/22. loose/MVI_9650.MOV,Adjectives/22. loose/MVI_9650.MOV,66,Adjectives__22. loose__MVI_9650.npy,skipped,,,,
Adjectives,22. loose,MVI_9651,/Users/yamini/Desktop/projects/ISL PROJECT/include_videos/Adjectives/22. loose/MVI_9651.MOV,Adjectives/22. loose/MVI_9651.MOV,64,Adjectives__22. loose__MVI_9651.npy,skipped,,,,
Adjectives,22. loose,MVI_9652,/Users/yamini/Desktop/projects/ISL PROJECT/include_videos/Adjectives/22. loose/MVI_9652.MOV,Adjectives/22. loose/MVI_9652.MOV,66,Adjectives__22. loose__MVI_9652.npy,skipped,,,,
Adjectives,22. loose,MVI_9653,/Users/yamini/Desktop/projects/ISL PROJECT/include_videos/Adjectives/22. loose/MVI_9653.MOV,Adjectives/22. loose/MVI_9653.MOV,72,Adjectives__22. loose__MVI_9653.npy,skipped,,,,
Adjectives,22. loose,MVI_9775,/Users/yamini/Desktop/projects/ISL PROJECT/include_videos/Adjectives/22. loose/MVI_9775.MOV,Adjectives/22. loose/MVI_9775.MOV,67,Adjectives__22. loose__MVI_9775.npy,skipped,,,,
Adjectives,22. loose,MVI_9776,/Users/yamini/Desktop/projects/ISL PROJECT/include_videos/Adjectives/22. loose/MVI_9776.MOV,Adjectives/22. loose/MVI_9776.MOV,73,Adjectives__22. loose__MVI_9776.npy,skipped,,,,
Adjectives,22. loose,MVI_9777,/Users/yamini/Desktop/projects/ISL PROJECT/include_videos/Adjectives/22. loose/MVI_9777.MOV,Adjectives/22. loose/MVI_9777.MOV,70,Adjectives__22. loose__MVI_9777.npy,skipped,,,,
Adjectives,22. loose,MVI_9778,/Users/yamini/Desktop/projects/ISL PROJECT/include_videos/Adjectives/22. loose/MVI_9778.MOV,Adjectives/22. loose/MVI_9778.MOV,69,Adjectives__22. loose__MVI_9778.npy,skipped,,,,
Adjectives,23. high,MVI_9654,/Users/yamini/Desktop/projects/ISL PROJECT/include_videos/Adjectives/23. high/MVI_9654.MOV,Adjectives/23. high/MVI_9654.MOV,69,Adjectives__23. high__MVI_9654.npy,skipped,,,,
Adjectives,23. high,MVI_9655,/Users/yamini/Desktop/projects/ISL PROJECT/include_videos/Adjectives/23. high/MVI_9655.MOV,Adjectives/23. high/MVI_9655.MOV,70,Adjectives__23. high__MVI_9655.npy,skipped,,,,
Adjectives,23. high,MVI_9656,/Users/yamini/Desktop/projects/ISL PROJECT/include_videos/Adjectives/23. high/MVI_9656.MOV,Adjectives/23. high/MVI_9656.MOV,64,Adjectives__23. high__MVI_9656.npy,skipped,,,,
Adjectives,23. high,MVI_9657,/Users/yamini/Desktop/projects/ISL PROJECT/include_videos/Adjectives/23. high/MVI_9657.MOV,Adjectives/23. high/MVI_9657.MOV,70,Adjectives__23. high__MVI_9657.npy,skipped,,,,
Adjectives,23. high,MVI_9780,/Users/yamini/Desktop/projects/ISL PROJECT/include_videos/Adjectives/23. high/MVI_9780.MOV,Adjectives/23. high/MVI_9780.MOV,63,Adjectives__23. high__MVI_9780.npy,skipped,,,,
Adjectives,23. high,MVI_9781,/Users/yamini/Desktop/projects/ISL PROJECT/include_videos/Adjectives/23. high/MVI_9781.MOV,Adjectives/23. high/MVI_9781.MOV,57,Adjectives__23. high__MVI_9781.npy,skipped,,,,
Adjectives,23. high,MVI_9782,/Users/yamini/Desktop/projects/ISL PROJECT/include_videos/Adjectives/23. high/MVI_9782.MOV,Adjectives/23. high/MVI_9782.MOV,58,Adjectives__23. high__MVI_9782.npy,skipped,,,,
Adjectives,23. high,MVI_9783,/Users/yamini/Desktop/projects/ISL PROJECT/include_videos/Adjectives/23. high/MVI_9783.MOV,Adjectives/23. high/MVI_9783.MOV,61,Adjectives__23. high__MVI_9783.npy,skipped,,,,
Adjectives,24. low,MVI_9658,/Users/yamini/Desktop/projects/ISL PROJECT/include_videos/Adjectives/24. low/MVI_9658.MOV,Adjectives/24. low/MVI_9658.MOV,64,Adjectives__24. low__MVI_9658.npy,skipped,,,,
Adjectives,24. low,MVI_9659,/Users/yamini/Desktop/projects/ISL PROJECT/include_videos/Adjectives/24. low/MVI_9659.MOV,Adjectives/24. low/MVI_9659.MOV,59,Adjectives__24. low__MVI_9659.npy,skipped,,,,
Adjectives,24. low,MVI_9660,/Users/yamini/Desktop/projects/ISL PROJECT/include_videos/Adjectives/24. low/MVI_9660.MOV,Adjectives/24. low/MVI_9660.MOV,63,Adjectives__24. low__MVI_9660.npy,skipped,,,,
Adjectives,24. low,MVI_9661,/Users/yamini/Desktop/projects/ISL PROJECT/include_videos/Adjectives/24. low/MVI_9661.MOV,Adjectives/24. low/MVI_9661.MOV,62,Adjectives__24. low__MVI_9661.npy,skipped,,,,
Adjectives,24. low,MVI_9784,/Users/yamini/Desktop/projects/ISL PROJECT/include_videos/Adjectives/24. low/MVI_9784.MOV,Adjectives/24. low/MVI_9784.MOV,56,Adjectives__24. low__MVI_9784.npy,skipped,,,,
Adjectives,24. low,MVI_9785,/Users/yamini/Desktop/projects/ISL PROJECT/include_videos/Adjectives/24. low/MVI_9785.MOV,Adjectives/24. low/MVI_9785.MOV,53,Adjectives__24. low__MVI_9785.npy,skipped,,,,
Adjectives,24. low,MVI_9786,/Users/yamini/Desktop/projects/ISL PROJECT/include_videos/Adjectives/24. low/MVI_9786.MOV,Adjectives/24. low/MVI_9786.MOV,53,Adjectives__24. low__MVI_9786.npy,skipped,,,,
Adjectives,24. low,MVI_9787,/Users/yamini/Desktop/projects/ISL PROJECT/include_videos/Adjectives/24. low/MVI_9787.MOV,Adjectives/24. low/MVI_9787.MOV,60,Adjectives__24. low__MVI_9787.npy,skipped,,,,
Adjectives,25. soft,MVI_9662,/Users/yamini/Desktop/projects/ISL PROJECT/include_videos/Adjectives/25. soft/MVI_9662.MOV,Adjectives/25. soft/MVI_9662.MOV,66,Adjectives__25. soft__MVI_9662.npy,skipped,,,,
Adjectives,25. soft,MVI_9663,/Users/yamini/Desktop/projects/ISL PROJECT/include_videos/Adjectives/25. soft/MVI_9663.MOV,Adjectives/25. soft/MVI_9663.MOV,59,Adjectives__25. soft__MVI_9663.npy,skipped,,,,
Adjectives,25. soft,MVI_9664,/Users/yamini/Desktop/projects/ISL PROJECT/include_videos/Adjectives/25. soft/MVI_9664.MOV,Adjectives/25. soft/MVI_9664.MOV,68,Adjectives__25. soft__MVI_9664.npy,skipped,,,,
Adjectives,25. soft,MVI_9665,/Users/yamini/Desktop/projects/ISL PROJECT/include_videos/Adjectives/25. soft/MVI_9665.MOV,Adjectives/25. soft/MVI_9665.MOV,65,Adjectives__25. soft__MVI_9665.npy,skipped,,,,
Adjectives,25. soft,MVI_9789,/Users/yamini/Desktop/projects/ISL PROJECT/include_videos/Adjectives/25. soft/MVI_9789.MOV,Adjectives/25. soft/MVI_9789.MOV,54,Adjectives__25. soft__MVI_9789.npy,skipped,,,,
Adjectives,25. soft,MVI_9790,/Users/yamini/Desktop/projects/ISL PROJECT/include_videos/Adjectives/25. soft/MVI_9790.MOV,Adjectives/25. soft/MVI_9790.MOV,61,Adjectives__25. soft__MVI_9790.npy,skipped,,,,
Adjectives,25. soft,MVI_9791,/Users/yamini/Desktop/projects/ISL PROJECT/include_videos/Adjectives/25. soft/MVI_9791.MOV,Adjectives/25. soft/MVI_9791.MOV,61,Adjectives__25. soft__MVI_9791.npy,skipped,,,,
Adjectives,25. soft,MVI_9792,/Users/yamini/Desktop/projects/ISL PROJECT/include_videos/Adjectives/25. soft/MVI_9792.MOV,Adjectives/25. soft/MVI_9792.MOV,58,Adjectives__25. soft__MVI_9792.npy,skipped,,,,
Adjectives,26. hard,MVI_9666,/Users/yamini/Desktop/projects/ISL PROJECT/include_videos/Adjectives/26. hard/MVI_9666.MOV,Adjectives/26. hard/MVI_9666.MOV,64,Adjectives__26. hard__MVI_9666.npy,skipped,,,,
Adjectives,26. hard,MVI_9667,/Users/yamini/Desktop/projects/ISL PROJECT/include_videos/Adjectives/26. hard/MVI_9667.MOV,Adjectives/26. hard/MVI_9667.MOV,74,Adjectives__26. hard__MVI_9667.npy,skipped,,,,
Adjectives,26. hard,MVI_9668,/Users/yamini/Desktop/projects/ISL PROJECT/include_videos/Adjectives/26. hard/MVI_9668.MOV,Adjectives/26. hard/MVI_9668.MOV,70,Adjectives__26. hard__MVI_9668.npy,skipped,,,,
Adjectives,26. hard,MVI_9669,/Users/yamini/Desktop/projects/ISL PROJECT/include_videos/Adjectives/26. hard/MVI_9669.MOV,Adjectives/26. hard/MVI_9669.MOV,73,Adjectives__26. hard__MVI_9669.npy,skipped,,,,
Adjectives,26. hard,MVI_9793,/Users/yamini/Desktop/projects/ISL PROJECT/include_videos/Adjectives/26. hard/MVI_9793.MOV,Adjectives/26. hard/MVI_9793.MOV,62,Adjectives__26. hard__MVI_9793.npy,skipped,,,,
Adjectives,26. hard,MVI_9794,/Users/yamini/Desktop/projects/ISL PROJECT/include_videos/Adjectives/26. hard/MVI_9794.MOV,Adjectives/26. hard/MVI_9794.MOV,57,Adjectives__26. hard__MVI_9794.npy,skipped,,,,
Adjectives,26. hard,MVI_9795,/Users/yamini/Desktop/projects/ISL PROJECT/include_videos/Adjectives/26. hard/MVI_9795.MOV,Adjectives/26. hard/MVI_9795.MOV,58,Adjectives__26. hard__MVI_9795.npy,skipped,,,,
Adjectives,26. hard,MVI_9796,/Users/yamini/Desktop/projects/ISL PROJECT/include_videos/Adjectives/26. hard/MVI_9796.MOV,Adjectives/26. hard/MVI_9796.MOV,56,Adjectives__26. hard__MVI_9796.npy,skipped,,,,
Adjectives,27. deep,MVI_9670,/Users/yamini/Desktop/projects/ISL PROJECT/include_videos/Adjectives/27. deep/MVI_9670.MOV,Adjectives/27. deep/MVI_9670.MOV,65,Adjectives__27. deep__MVI_9670.npy,skipped,,,,
Adjectives,27. deep,MVI_9671,/Users/yamini/Desktop/projects/ISL PROJECT/include_videos/Adjectives/27. deep/MVI_9671.MOV,Adjectives/27. deep/MVI_9671.MOV,70,Adjectives__27. deep__MVI_9671.npy,skipped,,,,
Adjectives,27. deep,MVI_9672,/Users/yamini/Desktop/projects/ISL PROJECT/include_videos/Adjectives/27. deep/MVI_9672.MOV,Adjectives/27. deep/MVI_9672.MOV,72,Adjectives__27. deep__MVI_9672.npy,skipped,,,,
Adjectives,27. deep,MVI_9673,/Users/yamini/Desktop/projects/ISL PROJECT/include_videos/Adjectives/27. deep/MVI_9673.MOV,Adjectives/27. deep/MVI_9673.MOV,64,Adjectives__27. deep__MVI_9673.npy,skipped,,,,
Adjectives,27. deep,MVI_9797,/Users/yamini/Desktop/projects/ISL PROJECT/include_videos/Adjectives/27. deep/MVI_9797.MOV,Adjectives/27. deep/MVI_9797.MOV,60,Adjectives__27. deep__MVI_9797.npy,skipped,,,,
Adjectives,27. deep,MVI_9798,/Users/yamini/Desktop/projects/ISL PROJECT/include_videos/Adjectives/27. deep/MVI_9798.MOV,Adjectives/27. deep/MVI_9798.MOV,61,Adjectives__27. deep__MVI_9798.npy,skipped,,,,
Adjectives,27. deep,MVI_9799,/Users/yamini/Desktop/projects/ISL PROJECT/include_videos/Adjectives/27. deep/MVI_9799.MOV,Adjectives/27. deep/MVI_9799.MOV,64,Adjectives__27. deep__MVI_9799.npy,skipped,,,,
Adjectives,27. deep,MVI_9800,/Users/yamini/Desktop/projects/ISL PROJECT/include_videos/Adjectives/27. deep/MVI_9800.MOV,Adjectives/27. deep/MVI_9800.MOV,71,Adjectives__27. deep__MVI_9800.npy,skipped,,,,
Adjectives,28. shallow,MVI_9674,/Users/yamini/Desktop/projects/ISL PROJECT/include_videos/Adjectives/28. shallow/MVI_9674.MOV,Adjectives/28. shallow/MVI_9674.MOV,93,Adjectives__28. shallow__MVI_9674.npy,skipped,,,,
Adjectives,28. shallow,MVI_9675,/Users/yamini/Desktop/projects/ISL PROJECT/include_videos/Adjectives/28. shallow/MVI_9675.MOV,Adjectives/28. shallow/MVI_9675.MOV,102,Adjectives__28. shallow__MVI_9675.npy,skipped,,,,
Adjectives,28. shallow,MVI_9676,/Users/yamini/Desktop/projects/ISL PROJECT/include_videos/Adjectives/28. shallow/MVI_9676.MOV,Adjectives/28. shallow/MVI_9676.MOV,108,Adjectives__28. shallow__MVI_9676.npy,skipped,,,,
Adjectives,28. shallow,MVI_9677,/Users/yamini/Desktop/projects/ISL PROJECT/include_videos/Adjectives/28. shallow/MVI_9677.MOV,Adjectives/28. shallow/MVI_9677.MOV,94,Adjectives__28. shallow__MVI_9677.npy,skipped,,,,
Adjectives,28. shallow,MVI_9801,/Users/yamini/Desktop/projects/ISL PROJECT/include_videos/Adjectives/28. shallow/MVI_9801.MOV,Adjectives/28. shallow/MVI_9801.MOV,96,Adjectives__28. shallow__MVI_9801.npy,skipped,,,,
Adjectives,28. shallow,MVI_9802,/Users/yamini/Desktop/projects/ISL PROJECT/include_videos/Adjectives/28. shallow/MVI_9802.MOV,Adjectives/28. shallow/MVI_9802.MOV,100,Adjectives__28. shallow__MVI_9802.npy,skipped,,,,
Adjectives,28. shallow,MVI_9803,/Users/yamini/Desktop/projects/ISL PROJECT/include_videos/Adjectives/28. shallow/MVI_9803.MOV,Adjectives/28. shallow/MVI_9803.MOV,100,Adjectives__28. shallow__MVI_9803.npy,skipped,,,,
Adjectives,28. shallow,MVI_9804,/Users/yamini/Desktop/projects/ISL PROJECT/include_videos/Adjectives/28. shallow/MVI_9804.MOV,Adjectives/28. shallow/MVI_9804.MOV,99,Adjectives__28. shallow__MVI_9804.npy,skipped,,,,
Adjectives,29. clean,MVI_9679,/Users/yamini/Desktop/projects/ISL PROJECT/include_videos/Adjectives/29. clean/MVI_9679.MOV,Adjectives/29. clean/MVI_9679.MOV,69,Adjectives__29. clean__MVI_9679.npy,skipped,,,,
Adjectives,29. clean,MVI_9680,/Users/yamini/Desktop/projects/ISL PROJECT/include_videos/Adjectives/29. clean/MVI_9680.MOV,Adjectives/29. clean/MVI_9680.MOV,65,Adjectives__29. clean__MVI_9680.npy,skipped,,,,
Adjectives,29. clean,MVI_9681,/Users/yamini/Desktop/projects/ISL PROJECT/include_videos/Adjectives/29. clean/MVI_9681.MOV,Adjectives/29. clean/MVI_9681.MOV,65,Adjectives__29. clean__MVI_9681.npy,skipped,,,,
Adjectives,29. clean,MVI_9682,/Users/yamini/Desktop/projects/ISL PROJECT/include_videos/Adjectives/29. clean/MVI_9682.MOV,Adjectives/29. clean/MVI_9682.MOV,65,Adjectives__29. clean__MVI_9682.npy,skipped,,,,
Adjectives,29. clean,MVI_9806,/Users/yamini/Desktop/projects/ISL PROJECT/include_videos/Adjectives/29. clean/MVI_9806.MOV,Adjectives/29. clean/MVI_9806.MOV,65,Adjectives__29. clean__MVI_9806.npy,skipped,,,,
Adjectives,29. clean,MVI_9807,/Users/yamini/Desktop/projects/ISL PROJECT/include_videos/Adjectives/29. clean/MVI_9807.MOV,Adjectives/29. clean/MVI_9807.MOV,61,Adjectives__29. clean__MVI_9807.npy,skipped,,,,
Adjectives,29. clean,MVI_9808,/Users/yamini/Desktop/projects/ISL PROJECT/include_videos/Adjectives/29. clean/MVI_9808.MOV,Adjectives/29. clean/MVI_9808.MOV,59,Adjectives__29. clean__MVI_9808.npy,skipped,,,,
Adjectives,29. clean,MVI_9809,/Users/yamini/Desktop/projects/ISL PROJECT/include_videos/Adjectives/29. clean/MVI_9809.MOV,Adjectives/29. clean/MVI_9809.MOV,59,Adjectives__29. clean__MVI_9809.npy,skipped,,,,
Adjectives,3. happy,MVI_5183,/Users/yamini/Desktop/projects/ISL PROJECT/include_videos/Adjectives/3. happy/MVI_5183.MOV,Adjectives/3. happy/MVI_5183.MOV,71,Adjectives__3. happy__MVI_5183.npy,skipped,,,,
Adjectives,3. happy,MVI_5184,/Users/yamini/Desktop/projects/ISL PROJECT/include_videos/Adjectives/3. happy/MVI_5184.MOV,Adjectives/3. happy/MVI_5184.MOV,69,Adjectives__3. happy__MVI_5184.npy,skipped,,,,
Adjectives,3. happy,MVI_5185,/Users/yamini/Desktop/projects/ISL PROJECT/include_videos/Adjectives/3. happy/MVI_5185.MOV,Adjectives/3. happy/MVI_5185.MOV,78,Adjectives__3. happy__MVI_5185.npy,skipped,,,,
Adjectives,3. happy,MVI_5263,/Users/yamini/Desktop/projects/ISL PROJECT/include_videos/Adjectives/3. happy/MVI_5263.MOV,Adjectives/3. happy/MVI_5263.MOV,53,Adjectives__3. happy__MVI_5263.npy,skipped,,,,
Adjectives,3. happy,MVI_5264,/Users/yamini/Desktop/projects/ISL PROJECT/include_videos/Adjectives/3. happy/MVI_5264.MOV,Adjectives/3. happy/MVI_5264.MOV,56,Adjectives__3. happy__MVI_5264.npy,skipped,,,,
Adjectives,3. happy,MVI_5265,/Users/yamini/Desktop/projects/ISL PROJECT/include_videos/Adjectives/3. happy/MVI_5265.MOV,Adjectives/3. happy/MVI_5265.MOV,48,Adjectives__3. happy__MVI_5265.npy,skipped,,,,
Adjectives,3. happy,MVI_5341,/Users/yamini/Desktop/projects/ISL PROJECT/include_videos/Adjectives/3. happy/MVI_5341.MOV,Adjectives/3. happy/MVI_5341.MOV,41,Adjectives__3. happy__MVI_5341.npy,skipped,,,,
Adjectives,3. happy,MVI_5342,/Users/yamini/Desktop/projects/ISL PROJECT/include_videos/Adjectives/3. happy/MVI_5342.MOV,Adjectives/3. happy/MVI_5342.MOV,53,Adjectives__3. happy__MVI_5342.npy,skipped,,,,
Adjectives,3. happy,MVI_5343,/Users/yamini/Desktop/projects/ISL PROJECT/include_videos/Adjectives/3. happy/MVI_5343.MOV,Adjectives/3. happy/MVI_5343.MOV,73,Adjectives__3. happy__MVI_5343.npy,skipped,,,,
Adjectives,3. happy,MVI_9295,/Users/yamini/Desktop/projects/ISL PROJECT/include_videos/Adjectives/3. happy/MVI_9295.MOV,Adjectives/3. happy/MVI_9295.MOV,48,Adjectives__3. happy__MVI_9295.npy,skipped,,,,
Adjectives,3. happy,MVI_9296,/Users/yamini/Desktop/projects/ISL PROJECT/include_videos/Adjectives/3. happy/MVI_9296.MOV,Adjectives/3. happy/MVI_9296.MOV,50,Adjectives__3. happy__MVI_9296.npy,skipped,,,,
Adjectives,3. happy,MVI_9297,/Users/yamini/Desktop/projects/ISL PROJECT/include_videos/Adjectives/3. happy/MVI_9297.MOV,Adjectives/3. happy/MVI_9297.MOV,48,Adjectives__3. happy__MVI_9297.npy,skipped,,,,
Adjectives,3. happy,MVI_9374,/Users/yamini/Desktop/projects/ISL PROJECT/include_videos/Adjectives/3. happy/MVI_9374.MOV,Adjectives/3. happy/MVI_9374.MOV,45,Adjectives__3. happy__MVI_9374.npy,skipped,,,,
Adjectives,3. happy,MVI_9375,/Users/yamini/Desktop/projects/ISL PROJECT/include_videos/Adjectives/3. happy/MVI_9375.MOV,Adjectives/3. happy/MVI_9375.MOV,41,Adjectives__3. happy__MVI_9375.npy,skipped,,,,
Adjectives,3. happy,MVI_9376,/Users/yamini/Desktop/projects/ISL PROJECT/include_videos/Adjectives/3. happy/MVI_9376.MOV,Adjectives/3. happy/MVI_9376.MOV,36,Adjectives__3. happy__MVI_9376.npy,skipped,,,,
Adjectives,3. happy,MVI_9454,/Users/yamini/Desktop/projects/ISL PROJECT/include_videos/Adjectives/3. happy/MVI_9454.MOV,Adjectives/3. happy/MVI_9454.MOV,44,Adjectives__3. happy__MVI_9454.npy,skipped,,,,
Adjectives,3. happy,MVI_9455,/Users/yamini/Desktop/projects/ISL PROJECT/include_videos/Adjectives/3. happy/MVI_9455.MOV,Adjectives/3. happy/MVI_9455.MOV,51,Adjectives__3. happy__MVI_9455.npy,skipped,,,,
Adjectives,3. happy,MVI_9456,/Users/yamini/Desktop/projects/ISL PROJECT/include_videos/Adjectives/3. happy/MVI_9456.MOV,Adjectives/3. happy/MVI_9456.MOV,43,Adjectives__3. happy__MVI_9456.npy,skipped,,,,
Adjectives,3. happy,MVI_9540,/Users/yamini/Desktop/projects/ISL PROJECT/include_videos/Adjectives/3. happy/MVI_9540.MOV,Adjectives/3. happy/MVI_9540.MOV,50,Adjectives__3. happy__MVI_9540.npy,skipped,,,,
Adjectives,3. happy,MVI_9541,/Users/yamini/Desktop/projects/ISL PROJECT/include_videos/Adjectives/3. happy/MVI_9541.MOV,Adjectives/3. happy/MVI_9541.MOV,57,Adjectives__3. happy__MVI_9541.npy,skipped,,,,
Adjectives,3. happy,MVI_9542,/Users/yamini/Desktop/projects/ISL PROJECT/include_videos/Adjectives/3. happy/MVI_9542.MOV,Adjectives/3. happy/MVI_9542.MOV,58,Adjectives__3. happy__MVI_9542.npy,skipped,,,,
Adjectives,30. dirty,MVI_9684,/Users/yamini/Desktop/projects/ISL PROJECT/include_videos/Adjectives/30. dirty/MVI_9684.MOV,Adjectives/30. dirty/MVI_9684.MOV,67,Adjectives__30. dirty__MVI_9684.npy,skipped,,,,
Adjectives,30. dirty,MVI_9685,/Users/yamini/Desktop/projects/ISL PROJECT/include_videos/Adjectives/30. dirty/MVI_9685.MOV,Adjectives/30. dirty/MVI_9685.MOV,71,Adjectives__30. dirty__MVI_9685.npy,skipped,,,,
Adjectives,30. dirty,MVI_9686,/Users/yamini/Desktop/projects/ISL PROJECT/include_videos/Adjectives/30. dirty/MVI_9686.MOV,Adjectives/30. dirty/MVI_9686.MOV,69,Adjectives__30. dirty__MVI_9686.npy,skipped,,,,
Adjectives,30. dirty,MVI_9687,/Users/yamini/Desktop/projects/ISL PROJECT/include_videos/Adjectives/30. dirty/MVI_9687.MOV,Adjectives/30. dirty/MVI_9687.MOV,66,Adjectives__30. dirty__MVI_9687.npy,skipped,,,,
Adjectives,30. dirty,MVI_9810,/Users/yamini/Desktop/projects/ISL PROJECT/include_videos/Adjectives/30. dirty/MVI_9810.MOV,Adjectives/30. dirty/MVI_9810.MOV,58,Adjectives__30. dirty__MVI_9810.npy,skipped,,,,
Adjectives,30. dirty,MVI_9811,/Users/yamini/Desktop/projects/ISL PROJECT/include_videos/Adjectives/30. dirty/MVI_9811.MOV,Adjectives/30. dirty/MVI_9811.MOV,70,Adjectives__30. dirty__MVI_9811.npy,skipped,,,,
Adjectives,30. dirty,MVI_9812,/Users/yamini/Desktop/projects/ISL PROJECT/include_videos/Adjectives/30. dirty/MVI_9812.MOV,Adjectives/30. dirty/MVI_9812.MOV,70,Adjectives__30. dirty__MVI_9812.npy,skipped,,,,
Adjectives,30. dirty,MVI_9813,/Users/yamini/Desktop/projects/ISL PROJECT/include_videos/Adjectives/30. dirty/MVI_9813.MOV,Adjectives/30. dirty/MVI_9813.MOV,72,Adjectives__30. dirty__MVI_9813.npy,skipped,,,,
Adjectives,31. strong,MVI_9690,/Users/yamini/Desktop/projects/ISL PROJECT/include_videos/Adjectives/31. strong/MVI_9690.MOV,Adjectives/31. strong/MVI_9690.MOV,60,Adjectives__31. strong__MVI_9690.npy,skipped,,,,
Adjectives,31. strong,MVI_9691,/Users/yamini/Desktop/projects/ISL PROJECT/include_videos/Adjectives/31. strong/MVI_9691.MOV,Adjectives/31. strong/MVI_9691.MOV,54,Adjectives__31. strong__MVI_9691.npy,skipped,,,,
Adjectives,31. strong,MVI_9692,/Users/yamini/Desktop/projects/ISL PROJECT/include_videos/Adjectives/31. strong/MVI_9692.MOV,Adjectives/31. strong/MVI_9692.MOV,60,Adjectives__31. strong__MVI_9692.npy,skipped,,,,
Adjectives,31. strong,MVI_9693,/Users/yamini/Desktop/projects/ISL PROJECT/include_videos/Adjectives/31. strong/MVI_9693.MOV,Adjectives/31. strong/MVI_9693.MOV,58,Adjectives__31. strong__MVI_9693.npy,skipped,,,,
Adjectives,31. strong,MVI_9814,/Users/yamini/Desktop/projects/ISL PROJECT/include_videos/Adjectives/31. strong/MVI_9814.MOV,Adjectives/31. strong/MVI_9814.MOV,53,Adjectives__31. strong__MVI_9814.npy,skipped,,,,
Adjectives,31. strong,MVI_9815,/Users/yamini/Desktop/projects/ISL PROJECT/include_videos/Adjectives/31. strong/MVI_9815.MOV,Adjectives/31. strong/MVI_9815.MOV,57,Adjectives__31. strong__MVI_9815.npy,skipped,,,,
Adjectives,31. strong,MVI_9816,/Users/yamini/Desktop/projects/ISL PROJECT/include_videos/Adjectives/31. strong/MVI_9816.MOV,Adjectives/31. strong/MVI_9816.MOV,55,Adjectives__31. strong__MVI_9816.npy,skipped,,,,
Adjectives,31. strong,MVI_9817,/Users/yamini/Desktop/projects/ISL PROJECT/include_videos/Adjectives/31. strong/MVI_9817.MOV,Adjectives/31. strong/MVI_9817.MOV,48,Adjectives__31. strong__MVI_9817.npy,skipped,,,,
Adjectives,32. weak,MVI_9694,/Users/yamini/Desktop/projects/ISL PROJECT/include_videos/Adjectives/32. weak/MVI_9694.MOV,Adjectives/32. weak/MVI_9694.MOV,55,Adjectives__32. weak__MVI_9694.npy,skipped,,,,
Adjectives,32. weak,MVI_9695,/Users/yamini/Desktop/projects/ISL PROJECT/include_videos/Adjectives/32. weak/MVI_9695.MOV,Adjectives/32. weak/MVI_9695.MOV,62,Adjectives__32. weak__MVI_9695.npy,skipped,,,,
Adjectives,32. weak,MVI_9696,/Users/yamini/Desktop/projects/ISL PROJECT/include_videos/Adjectives/32. weak/MVI_9696.MOV,Adjectives/32. weak/MVI_9696.MOV,60,Adjectives__32. weak__MVI_9696.npy,skipped,,,,
Adjectives,32. weak,MVI_9697,/Users/yamini/Desktop/projects/ISL PROJECT/include_videos/Adjectives/32. weak/MVI_9697.MOV,Adjectives/32. weak/MVI_9697.MOV,61,Adjectives__32. weak__MVI_9697.npy,skipped,,,,
Adjectives,32. weak,MVI_9818,/Users/yamini/Desktop/projects/ISL PROJECT/include_videos/Adjectives/32. weak/MVI_9818.MOV,Adjectives/32. weak/MVI_9818.MOV,54,Adjectives__32. weak__MVI_9818.npy,skipped,,,,
Adjectives,32. weak,MVI_9819,/Users/yamini/Desktop/projects/ISL PROJECT/include_videos/Adjectives/32. weak/MVI_9819.MOV,Adjectives/32. weak/MVI_9819.MOV,63,Adjectives__32. weak__MVI_9819.npy,skipped,,,,
Adjectives,32. weak,MVI_9820,/Users/yamini/Desktop/projects/ISL PROJECT/include_videos/Adjectives/32. weak/MVI_9820.MOV,Adjectives/32. weak/MVI_9820.MOV,67,Adjectives__32. weak__MVI_9820.npy,skipped,,,,
Adjectives,32. weak,MVI_9821,/Users/yamini/Desktop/projects/ISL PROJECT/include_videos/Adjectives/32. weak/MVI_9821.MOV,Adjectives/32. weak/MVI_9821.MOV,58,Adjectives__32. weak__MVI_9821.npy,skipped,,,,
Adjectives,33. dead,MVI_9699,/Users/yamini/Desktop/projects/ISL PROJECT/include_videos/Adjectives/33. dead/MVI_9699.MOV,Adjectives/33. dead/MVI_9699.MOV,49,Adjectives__33. dead__MVI_9699.npy,skipped,,,,
Adjectives,33. dead,MVI_9700,/Users/yamini/Desktop/projects/ISL PROJECT/include_videos/Adjectives/33. dead/MVI_9700.MOV,Adjectives/33. dead/MVI_9700.MOV,49,Adjectives__33. dead__MVI_9700.npy,skipped,,,,
Adjectives,33. dead,MVI_9701,/Users/yamini/Desktop/projects/ISL PROJECT/include_videos/Adjectives/33. dead/MVI_9701.MOV,Adjectives/33. dead/MVI_9701.MOV,54,Adjectives__33. dead__MVI_9701.npy,skipped,,,,
Adjectives,33. dead,MVI_9702,/Users/yamini/Desktop/projects/ISL PROJECT/include_videos/Adjectives/33. dead/MVI_9702.MOV,Adjectives/33. dead/MVI_9702.MOV,58,Adjectives__33. dead__MVI_9702.npy,skipped,,,,
Adjectives,33. dead,MVI_9823,/Users/yamini/Desktop/projects/ISL PROJECT/include_videos/Adjectives/33. dead/MVI_9823.MOV,Adjectives/33. dead/MVI_9823.MOV,56,Adjectives__33. dead__MVI_9823.npy,skipped,,,,
Adjectives,33. dead,MVI_9824,/Users/yamini/Desktop/projects/ISL PROJECT/include_videos/Adjectives/33. dead/MVI_9824.MOV,Adjectives/33. dead/MVI_9824.MOV,56,Adjectives__33. dead__MVI_9824.npy,skipped,,,,
Adjectives,33. dead,MVI_9825,/Users/yamini/Desktop/projects/ISL PROJECT/include_videos/Adjectives/33. dead/MVI_9825.MOV,Adjectives/33. dead/MVI_9825.MOV,53,Adjectives__33. dead__MVI_9825.npy,skipped,,,,
Adjectives,33. dead,MVI_9826,/Users/yamini/Desktop/projects/ISL PROJECT/include_videos/Adjectives/33. dead/MVI_9826.MOV,Adjectives/33. dead/MVI_9826.MOV,51,Adjectives__33. dead__MVI_9826.npy,skipped,,,,
Adjectives,34. alive,MVI_9703,/Users/yamini/Desktop/projects/ISL PROJECT/include_videos/Adjectives/34. alive/MVI_9703.MOV,Adjectives/34. alive/MVI_9703.MOV,44,Adjectives__34. alive__MVI_9703.npy,skipped,,,,
Adjectives,34. alive,MVI_9704,/Users/yamini/Desktop/projects/ISL PROJECT/include_videos/Adjectives/34. alive/MVI_9704.MOV,Adjectives/34. alive/MVI_9704.MOV,53,Adjectives__34. alive__MVI_9704.npy,skipped,,,,
Adjectives,34. alive,MVI_9705,/Users/yamini/Desktop/projects/ISL PROJECT/include_videos/Adjectives/34. alive/MVI_9705.MOV,Adjectives/34. alive/MVI_9705.MOV,52,Adjectives__34. alive__MVI_9705.npy,skipped,,,,
Adjectives,34. alive,MVI_9706,/Users/yamini/Desktop/projects/ISL PROJECT/include_videos/Adjectives/34. alive/MVI_9706.MOV,Adjectives/34. alive/MVI_9706.MOV,52,Adjectives__34. alive__MVI_9706.npy,skipped,,,,
Adjectives,34. alive,MVI_9827,/Users/yamini/Desktop/projects/ISL PROJECT/include_videos/Adjectives/34. alive/MVI_9827.MOV,Adjectives/34. alive/MVI_9827.MOV,58,Adjectives__34. alive__MVI_9827.npy,skipped,,,,
Adjectives,34. alive,MVI_9828,/Users/yamini/Desktop/projects/ISL PROJECT/include_videos/Adjectives/34. alive/MVI_9828.MOV,Adjectives/34. alive/MVI_9828.MOV,61,Adjectives__34. alive__MVI_9828.npy,skipped,,,,
Adjectives,34. alive,MVI_9829,/Users/yamini/Desktop/projects/ISL PROJECT/include_videos/Adjectives/34. alive/MVI_9829.MOV,Adjectives/34. alive/MVI_9829.MOV,55,Adjectives__34. alive__MVI_9829.npy,skipped,,,,
Adjectives,34. alive,MVI_9830,/Users/yamini/Desktop/projects/ISL PROJECT/include_videos/Adjectives/34. alive/MVI_9830.MOV,Adjectives/34. alive/MVI_9830.MOV,51,Adjectives__34. alive__MVI_9830.npy,skipped,,,,
Adjectives,35. heavy,MVI_9707,/Users/yamini/Desktop/projects/ISL PROJECT/include_videos/Adjectives/35. heavy/MVI_9707.MOV,Adjectives/35. heavy/MVI_9707.MOV,59,Adjectives__35. heavy__MVI_9707.npy,skipped,,,,
Adjectives,35. heavy,MVI_9708,/Users/yamini/Desktop/projects/ISL PROJECT/include_videos/Adjectives/35. heavy/MVI_9708.MOV,Adjectives/35. heavy/MVI_9708.MOV,58,Adjectives__35. heavy__MVI_9708.npy,skipped,,,,
Adjectives,35. heavy,MVI_9709,/Users/yamini/Desktop/projects/ISL PROJECT/include_videos/Adjectives/35. heavy/MVI_9709.MOV,Adjectives/35. heavy/MVI_9709.MOV,63,Adjectives__35. heavy__MVI_9709.npy,skipped,,,,
Adjectives,35. heavy,MVI_9710,/Users/yamini/Desktop/projects/ISL PROJECT/include_videos/Adjectives/35. heavy/MVI_9710.MOV,Adjectives/35. heavy/MVI_9710.MOV,63,Adjectives__35. heavy__MVI_9710.npy,skipped,,,,
Adjectives,35. heavy,MVI_9831,/Users/yamini/Desktop/projects/ISL PROJECT/include_videos/Adjectives/35. heavy/MVI_9831.MOV,Adjectives/35. heavy/MVI_9831.MOV,66,Adjectives__35. heavy__MVI_9831.npy,skipped,,,,
Adjectives,35. heavy,MVI_9832,/Users/yamini/Desktop/projects/ISL PROJECT/include_videos/Adjectives/35. heavy/MVI_9832.MOV,Adjectives/35. heavy/MVI_9832.MOV,66,Adjectives__35. heavy__MVI_9832.npy,skipped,,,,
Adjectives,35. heavy,MVI_9833,/Users/yamini/Desktop/projects/ISL PROJECT/include_videos/Adjectives/35. heavy/MVI_9833.MOV,Adjectives/35. heavy/MVI_9833.MOV,62,Adjectives__35. heavy__MVI_9833.npy,skipped,,,,
Adjectives,35. heavy,MVI_9834,/Users/yamini/Desktop/projects/ISL PROJECT/include_videos/Adjectives/35. heavy/MVI_9834.MOV,Adjectives/35. heavy/MVI_9834.MOV,64,Adjectives__35. heavy__MVI_9834.npy,skipped,,,,
Adjectives,36. light,MVI_9711,/Users/yamini/Desktop/projects/ISL PROJECT/include_videos/Adjectives/36. light/MVI_9711.MOV,Adjectives/36. light/MVI_9711.MOV,55,Adjectives__36. light__MVI_9711.npy,skipped,,,,
Adjectives,36. light,MVI_9712,/Users/yamini/Desktop/projects/ISL PROJECT/include_videos/Adjectives/36. light/MVI_9712.MOV,Adjectives/36. light/MVI_9712.MOV,56,Adjectives__36. light__MVI_9712.npy,skipped,,,,
Adjectives,36. light,MVI_9713,/Users/yamini/Desktop/projects/ISL PROJECT/include_videos/Adjectives/36. light/MVI_9713.MOV,Adjectives/36. light/MVI_9713.MOV,60,Adjectives__36. light__MVI_9713.npy,skipped,,,,
Adjectives,36. light,MVI_9714,/Users/yamini/Desktop/projects/ISL PROJECT/include_videos/Adjectives/36. light/MVI_9714.MOV,Adjectives/36. light/MVI_9714.MOV,60,Adjectives__36. light__MVI_9714.npy,skipped,,,,
Adjectives,36. light,MVI_9835,/Users/yamini/Desktop/projects/ISL PROJECT/include_videos/Adjectives/36. light/MVI_9835.MOV,Adjectives/36. light/MVI_9835.MOV,65,Adjectives__36. light__MVI_9835.npy,skipped,,,,
Adjectives,36. light,MVI_9836,/Users/yamini/Desktop/projects/ISL PROJECT/include_videos/Adjectives/36. light/MVI_9836.MOV,Adjectives/36. light/MVI_9836.MOV,63,Adjectives__36. light__MVI_9836.npy,skipped,,,,
Adjectives,36. light,MVI_9837,/Users/yamini/Desktop/projects/ISL PROJECT/include_videos/Adjectives/36. light/MVI_9837.MOV,Adjectives/36. light/MVI_9837.MOV,63,Adjectives__36. light__MVI_9837.npy,skipped,,,,
Adjectives,36. light,MVI_9838,/Users/yamini/Desktop/projects/ISL PROJECT/include_videos/Adjectives/36. light/MVI_9838.MOV,Adjectives/36. light/MVI_9838.MOV,60,Adjectives__36. light__MVI_9838.npy,skipped,,,,
Adjectives,39. famous,MVI_9715,/Users/yamini/Desktop/projects/ISL PROJECT/include_videos/Adjectives/39. famous/MVI_9715.MOV,Adjectives/39. famous/MVI_9715.MOV,51,Adjectives__39. famous__MVI_9715.npy,skipped,,,,
Adjectives,39. famous,MVI_9716,/Users/yamini/Desktop/projects/ISL PROJECT/include_videos/Adjectives/39. famous/MVI_9716.MOV,Adjectives/39. famous/MVI_9716.MOV,58,Adjectives__39. famous__MVI_9716.npy,skipped,,,,
Adjectives,39. famous,MVI_9717,/Users/yamini/Desktop/projects/ISL PROJECT/include_videos/Adjectives/39. famous/MVI_9717.MOV,Adjectives/39. famous/MVI_9717.MOV,48,Adjectives__39. famous__MVI_9717.npy,skipped,,,,
Adjectives,39. famous,MVI_9718,/Users/yamini/Desktop/projects/ISL PROJECT/include_videos/Adjectives/39. famous/MVI_9718.MOV,Adjectives/39. famous/MVI_9718.MOV,50,Adjectives__39. famous__MVI_9718.npy,skipped,,,,
Adjectives,39. famous,MVI_9839,/Users/yamini/Desktop/projects/ISL PROJECT/include_videos/Adjectives/39. famous/MVI_9839.MOV,Adjectives/39. famous/MVI_9839.MOV,62,Adjectives__39. famous__MVI_9839.npy,skipped,,,,
Adjectives,39. famous,MVI_9841,/Users/yamini/Desktop/projects/ISL PROJECT/include_videos/Adjectives/39. famous/MVI_9841.MOV,Adjectives/39. famous/MVI_9841.MOV,49,Adjectives__39. famous__MVI_9841.npy,skipped,,,,
Adjectives,39. famous,MVI_9842,/Users/yamini/Desktop/projects/ISL PROJECT/include_videos/Adjectives/39. famous/MVI_9842.MOV,Adjectives/39. famous/MVI_9842.MOV,50,Adjectives__39. famous__MVI_9842.npy,skipped,,,,
Adjectives,39. famous,MVI_9843,/Users/yamini/Desktop/projects/ISL PROJECT/include_videos/Adjectives/39. famous/MVI_9843.MOV,Adjectives/39. famous/MVI_9843.MOV,52,Adjectives__39. famous__MVI_9843.npy,skipped,,,,
Adjectives,4. sad,MVI_9565,/Users/yamini/Desktop/projects/ISL PROJECT/include_videos/Adjectives/4. sad/MVI_9565.MOV,Adjectives/4. sad/MVI_9565.MOV,63,Adjectives__4. sad__MVI_9565.npy,skipped,,,,
Adjectives,4. sad,MVI_9566,/Users/yamini/Desktop/projects/ISL PROJECT/include_videos/Adjectives/4. sad/MVI_9566.MOV,Adjectives/4. sad/MVI_9566.MOV,74,Adjectives__4. sad__MVI_9566.npy,skipped,,,,
Adjectives,4. sad,MVI_9567,/Users/yamini/Desktop/projects/ISL PROJECT/include_videos/Adjectives/4. sad/MVI_9567.MOV,Adjectives/4. sad/MVI_9567.MOV,59,Adjectives__4. sad__MVI_9567.npy,skipped,,,,
Adjectives,4. sad,MVI_9568,/Users/yamini/Desktop/projects/ISL PROJECT/include_videos/Adjectives/4. sad/MVI_9568.MOV,Adjectives/4. sad/MVI_9568.MOV,69,Adjectives__4. sad__MVI_9568.npy,skipped,,,,
Adjectives,4. sad,MVI_9719,/Users/yamini/Desktop/projects/ISL PROJECT/include_videos/Adjectives/4. sad/MVI_9719.MOV,Adjectives/4. sad/MVI_9719.MOV,66,Adjectives__4. sad__MVI_9719.npy,skipped,,,,
Adjectives,4. sad,MVI_9720,/Users/yamini/Desktop/projects/ISL PROJECT/include_videos/Adjectives/4. sad/MVI_9720.MOV,Adjectives/4. sad/MVI_9720.MOV,62,Adjectives__4. sad__MVI_9720.npy,skipped,,,,
Adjectives,4. sad,MVI_9721,/Users/yamini/Desktop/projects/ISL PROJECT/include_videos/Adjectives/4. sad/MVI_9721.MOV,Adjectives/4. sad/MVI_9721.MOV,68,Adjectives__4. sad__MVI_9721.npy,skipped,,,,
Adjectives,4. sad,MVI_9722,/Users/yamini/Desktop/projects/ISL PROJECT/include_videos/Adjectives/4. sad/MVI_9722.MOV,Adjectives/4. sad/MVI_9722.MOV,62,Adjectives__4. sad__MVI_9722.npy,skipped,,,,
Adjectives,5. Beautiful,MVI_9573,/Users/yamini/Desktop/projects/ISL PROJECT/include_videos/Adjectives/5. Beautiful/Extra/MVI_9573.MOV,Adjectives/5. Beautiful/Extra/MVI_9573.MOV,68,Adjectives__5. Beautiful__MVI_9573.npy,ok,0.0,18.0,0.0,0.0
Adjectives,5. Beautiful,MVI_9569,/Users/yamini/Desktop/projects/ISL PROJECT/include_videos/Adjectives/5. Beautiful/MVI_9569.MOV,Adjectives/5. Beautiful/MVI_9569.MOV,65,Adjectives__5. Beautiful__MVI_9569.npy,skipped,,,,
Adjectives,5. Beautiful,MVI_9570,/Users/yamini/Desktop/projects/ISL PROJECT/include_videos/Adjectives/5. Beautiful/MVI_9570.MOV,Adjectives/5. Beautiful/MVI_9570.MOV,79,Adjectives__5. Beautiful__MVI_9570.npy,skipped,,,,
Adjectives,5. Beautiful,MVI_9571,/Users/yamini/Desktop/projects/ISL PROJECT/include_videos/Adjectives/5. Beautiful/MVI_9571.MOV,Adjectives/5. Beautiful/MVI_9571.MOV,64,Adjectives__5. Beautiful__MVI_9571.npy,skipped,,,,
Adjectives,5. Beautiful,MVI_9572,/Users/yamini/Desktop/projects/ISL PROJECT/include_videos/Adjectives/5. Beautiful/MVI_9572.MOV,Adjectives/5. Beautiful/MVI_9572.MOV,55,Adjectives__5. Beautiful__MVI_9572.npy,skipped,,,,
Adjectives,5. Beautiful,MVI_9723,/Users/yamini/Desktop/projects/ISL PROJECT/include_videos/Adjectives/5. Beautiful/MVI_9723.MOV,Adjectives/5. Beautiful/MVI_9723.MOV,74,Adjectives__5. Beautiful__MVI_9723.npy,skipped,,,,
Adjectives,5. Beautiful,MVI_9724,/Users/yamini/Desktop/projects/ISL PROJECT/include_videos/Adjectives/5. Beautiful/MVI_9724.MOV,Adjectives/5. Beautiful/MVI_9724.MOV,70,Adjectives__5. Beautiful__MVI_9724.npy,skipped,,,,
Adjectives,5. Beautiful,MVI_9725,/Users/yamini/Desktop/projects/ISL PROJECT/include_videos/Adjectives/5. Beautiful/MVI_9725.MOV,Adjectives/5. Beautiful/MVI_9725.MOV,70,Adjectives__5. Beautiful__MVI_9725.npy,skipped,,,,
Adjectives,5. Beautiful,MVI_9726,/Users/yamini/Desktop/projects/ISL PROJECT/include_videos/Adjectives/5. Beautiful/MVI_9726.MOV,Adjectives/5. Beautiful/MVI_9726.MOV,68,Adjectives__5. Beautiful__MVI_9726.npy,skipped,,,,
Adjectives,6. Ugly,MVI_9576,/Users/yamini/Desktop/projects/ISL PROJECT/include_videos/Adjectives/6. Ugly/MVI_9576.MOV,Adjectives/6. Ugly/MVI_9576.MOV,59,Adjectives__6. Ugly__MVI_9576.npy,skipped,,,,
Adjectives,6. Ugly,MVI_9577,/Users/yamini/Desktop/projects/ISL PROJECT/include_videos/Adjectives/6. Ugly/MVI_9577.MOV,Adjectives/6. Ugly/MVI_9577.MOV,69,Adjectives__6. Ugly__MVI_9577.npy,skipped,,,,
Adjectives,6. Ugly,MVI_9578,/Users/yamini/Desktop/projects/ISL PROJECT/include_videos/Adjectives/6. Ugly/MVI_9578.MOV,Adjectives/6. Ugly/MVI_9578.MOV,77,Adjectives__6. Ugly__MVI_9578.npy,skipped,,,,
Adjectives,6. Ugly,MVI_9579,/Users/yamini/Desktop/projects/ISL PROJECT/include_videos/Adjectives/6. Ugly/MVI_9579.MOV,Adjectives/6. Ugly/MVI_9579.MOV,59,Adjectives__6. Ugly__MVI_9579.npy,skipped,,,,
Adjectives,6. Ugly,MVI_9844,/Users/yamini/Desktop/projects/ISL PROJECT/include_videos/Adjectives/6. Ugly/MVI_9844.MOV,Adjectives/6. Ugly/MVI_9844.MOV,53,Adjectives__6. Ugly__MVI_9844.npy,skipped,,,,
Adjectives,6. Ugly,MVI_9845,/Users/yamini/Desktop/projects/ISL PROJECT/include_videos/Adjectives/6. Ugly/MVI_9845.MOV,Adjectives/6. Ugly/MVI_9845.MOV,60,Adjectives__6. Ugly__MVI_9845.npy,skipped,,,,
Adjectives,6. Ugly,MVI_9846,/Users/yamini/Desktop/projects/ISL PROJECT/include_videos/Adjectives/6. Ugly/MVI_9846.MOV,Adjectives/6. Ugly/MVI_9846.MOV,59,Adjectives__6. Ugly__MVI_9846.npy,skipped,,,,
Adjectives,6. Ugly,MVI_9847,/Users/yamini/Desktop/projects/ISL PROJECT/include_videos/Adjectives/6. Ugly/MVI_9847.MOV,Adjectives/6. Ugly/MVI_9847.MOV,52,Adjectives__6. Ugly__MVI_9847.npy,skipped,,,,
Adjectives,7. Deaf,MVI_9580,/Users/yamini/Desktop/projects/ISL PROJECT/include_videos/Adjectives/7. Deaf/MVI_9580.MOV,Adjectives/7. Deaf/MVI_9580.MOV,61,Adjectives__7. Deaf__MVI_9580.npy,skipped,,,,
Adjectives,7. Deaf,MVI_9581,/Users/yamini/Desktop/projects/ISL PROJECT/include_videos/Adjectives/7. Deaf/MVI_9581.MOV,Adjectives/7. Deaf/MVI_9581.MOV,61,Adjectives__7. Deaf__MVI_9581.npy,skipped,,,,
Adjectives,7. Deaf,MVI_9582,/Users/yamini/Desktop/projects/ISL PROJECT/include_videos/Adjectives/7. Deaf/MVI_9582.MOV,Adjectives/7. Deaf/MVI_9582.MOV,58,Adjectives__7. Deaf__MVI_9582.npy,skipped,,,,
Adjectives,7. Deaf,MVI_9583,/Users/yamini/Desktop/projects/ISL PROJECT/include_videos/Adjectives/7. Deaf/MVI_9583.MOV,Adjectives/7. Deaf/MVI_9583.MOV,55,Adjectives__7. Deaf__MVI_9583.npy,skipped,,,,
Adjectives,7. Deaf,MVI_9848,/Users/yamini/Desktop/projects/ISL PROJECT/include_videos/Adjectives/7. Deaf/MVI_9848.MOV,Adjectives/7. Deaf/MVI_9848.MOV,52,Adjectives__7. Deaf__MVI_9848.npy,skipped,,,,
Adjectives,7. Deaf,MVI_9849,/Users/yamini/Desktop/projects/ISL PROJECT/include_videos/Adjectives/7. Deaf/MVI_9849.MOV,Adjectives/7. Deaf/MVI_9849.MOV,56,Adjectives__7. Deaf__MVI_9849.npy,skipped,,,,
Adjectives,7. Deaf,MVI_9850,/Users/yamini/Desktop/projects/ISL PROJECT/include_videos/Adjectives/7. Deaf/MVI_9850.MOV,Adjectives/7. Deaf/MVI_9850.MOV,57,Adjectives__7. Deaf__MVI_9850.npy,skipped,,,,
Adjectives,7. Deaf,MVI_9851,/Users/yamini/Desktop/projects/ISL PROJECT/include_videos/Adjectives/7. Deaf/MVI_9851.MOV,Adjectives/7. Deaf/MVI_9851.MOV,50,Adjectives__7. Deaf__MVI_9851.npy,skipped,,,,
Adjectives,78. long,MVI_5106,/Users/yamini/Desktop/projects/ISL PROJECT/include_videos/Adjectives/78. long/MVI_5106.MOV,Adjectives/78. long/MVI_5106.MOV,68,Adjectives__78. long__MVI_5106.npy,skipped,,,,
Adjectives,78. long,MVI_5107,/Users/yamini/Desktop/projects/ISL PROJECT/include_videos/Adjectives/78. long/MVI_5107.MOV,Adjectives/78. long/MVI_5107.MOV,71,Adjectives__78. long__MVI_5107.npy,skipped,,,,
Adjectives,78. long,MVI_5108,/Users/yamini/Desktop/projects/ISL PROJECT/include_videos/Adjectives/78. long/MVI_5108.MOV,Adjectives/78. long/MVI_5108.MOV,78,Adjectives__78. long__MVI_5108.npy,skipped,,,,
Adjectives,78. long,MVI_5186,/Users/yamini/Desktop/projects/ISL PROJECT/include_videos/Adjectives/78. long/MVI_5186.MOV,Adjectives/78. long/MVI_5186.MOV,64,Adjectives__78. long__MVI_5186.npy,skipped,,,,
Adjectives,78. long,MVI_5187,/Users/yamini/Desktop/projects/ISL PROJECT/include_videos/Adjectives/78. long/MVI_5187.MOV,Adjectives/78. long/MVI_5187.MOV,60,Adjectives__78. long__MVI_5187.npy,skipped,,,,
Adjectives,78. long,MVI_5188,/Users/yamini/Desktop/projects/ISL PROJECT/include_videos/Adjectives/78. long/MVI_5188.MOV,Adjectives/78. long/MVI_5188.MOV,51,Adjectives__78. long__MVI_5188.npy,skipped,,,,
Adjectives,78. long,MVI_5266,/Users/yamini/Desktop/projects/ISL PROJECT/include_videos/Adjectives/78. long/MVI_5266.MOV,Adjectives/78. long/MVI_5266.MOV,69,Adjectives__78. long__MVI_5266.npy,skipped,,,,
Adjectives,78. long,MVI_5267,/Users/yamini/Desktop/projects/ISL PROJECT/include_videos/Adjectives/78. long/MVI_5267.MOV,Adjectives/78. long/MVI_5267.MOV,62,Adjectives__78. long__MVI_5267.npy,skipped,,,,
Adjectives,78. long,MVI_5268,/Users/yamini/Desktop/projects/ISL PROJECT/include_videos/Adjectives/78. long/MVI_5268.MOV,Adjectives/78. long/MVI_5268.MOV,60,Adjectives__78. long__MVI_5268.npy,skipped,,,,
Adjectives,78. long,MVI_9217,/Users/yamini/Desktop/projects/ISL PROJECT/include_videos/Adjectives/78. long/MVI_9217.MOV,Adjectives/78. long/MVI_9217.MOV,52,Adjectives__78. long__MVI_9217.npy,skipped,,,,
Adjectives,78. long,MVI_9218,/Users/yamini/Desktop/projects/ISL PROJECT/include_videos/Adjectives/78. long/MVI_9218.MOV,Adjectives/78. long/MVI_9218.MOV,53,Adjectives__78. long__MVI_9218.npy,skipped,,,,
Adjectives,78. long,MVI_9219,/Users/yamini/Desktop/projects/ISL PROJECT/include_videos/Adjectives/78. long/MVI_9219.MOV,Adjectives/78. long/MVI_9219.MOV,53,Adjectives__78. long__MVI_9219.npy,skipped,,,,
Adjectives,78. long,MVI_9298,/Users/yamini/Desktop/projects/ISL PROJECT/include_videos/Adjectives/78. long/MVI_9298.MOV,Adjectives/78. long/MVI_9298.MOV,53,Adjectives__78. long__MVI_9298.npy,skipped,,,,
Adjectives,78. long,MVI_9299,/Users/yamini/Desktop/projects/ISL PROJECT/include_videos/Adjectives/78. long/MVI_9299.MOV,Adjectives/78. long/MVI_9299.MOV,50,Adjectives__78. long__MVI_9299.npy,skipped,,,,
Adjectives,78. long,MVI_9300,/Users/yamini/Desktop/projects/ISL PROJECT/include_videos/Adjectives/78. long/MVI_9300.MOV,Adjectives/78. long/MVI_9300.MOV,56,Adjectives__78. long__MVI_9300.npy,skipped,,,,
Adjectives,78. long,MVI_9377,/Users/yamini/Desktop/projects/ISL PROJECT/include_videos/Adjectives/78. long/MVI_9377.MOV,Adjectives/78. long/MVI_9377.MOV,53,Adjectives__78. long__MVI_9377.npy,skipped,,,,
Adjectives,78. long,MVI_9378,/Users/yamini/Desktop/projects/ISL PROJECT/include_videos/Adjectives/78. long/MVI_9378.MOV,Adjectives/78. long/MVI_9378.MOV,52,Adjectives__78. long__MVI_9378.npy,skipped,,,,
Adjectives,78. long,MVI_9379,/Users/yamini/Desktop/projects/ISL PROJECT/include_videos/Adjectives/78. long/MVI_9379.MOV,Adjectives/78. long/MVI_9379.MOV,52,Adjectives__78. long__MVI_9379.npy,skipped,,,,
Adjectives,78. long,MVI_9458,/Users/yamini/Desktop/projects/ISL PROJECT/include_videos/Adjectives/78. long/MVI_9458.MOV,Adjectives/78. long/MVI_9458.MOV,56,Adjectives__78. long__MVI_9458.npy,skipped,,,,
Adjectives,78. long,MVI_9459,/Users/yamini/Desktop/projects/ISL PROJECT/include_videos/Adjectives/78. long/MVI_9459.MOV,Adjectives/78. long/MVI_9459.MOV,51,Adjectives__78. long__MVI_9459.npy,skipped,,,,
Adjectives,78. long,MVI_9460,/Users/yamini/Desktop/projects/ISL PROJECT/include_videos/Adjectives/78. long/MVI_9460.MOV,Adjectives/78. long/MVI_9460.MOV,52,Adjectives__78. long__MVI_9460.npy,skipped,,,,
Adjectives,79. short,MVI_5110,/Users/yamini/Desktop/projects/ISL PROJECT/include_videos/Adjectives/79. short/MVI_5110.MOV,Adjectives/79. short/MVI_5110.MOV,62,Adjectives__79. short__MVI_5110.npy,skipped,,,,
Adjectives,79. short,MVI_5111,/Users/yamini/Desktop/projects/ISL PROJECT/include_videos/Adjectives/79. short/MVI_5111.MOV,Adjectives/79. short/MVI_5111.MOV,68,Adjectives__79. short__MVI_5111.npy,skipped,,,,
Adjectives,79. short,MVI_5112,/Users/yamini/Desktop/projects/ISL PROJECT/include_videos/Adjectives/79. short/MVI_5112.MOV,Adjectives/79. short/MVI_5112.MOV,61,Adjectives__79. short__MVI_5112.npy,skipped,,,,
Adjectives,79. short,MVI_5189,/Users/yamini/Desktop/projects/ISL PROJECT/include_videos/Adjectives/79. short/MVI_5189.MOV,Adjectives/79. short/MVI_5189.MOV,57,Adjectives__79. short__MVI_5189.npy,skipped,,,,
Adjectives,79. short,MVI_5190,/Users/yamini/Desktop/projects/ISL PROJECT/include_videos/Adjectives/79. short/MVI_5190.MOV,Adjectives/79. short/MVI_5190.MOV,56,Adjectives__79. short__MVI_5190.npy,skipped,,,,
Adjectives,79. short,MVI_5191,/Users/yamini/Desktop/projects/ISL PROJECT/include_videos/Adjectives/79. short/MVI_5191.MOV,Adjectives/79. short/MVI_5191.MOV,64,Adjectives__79. short__MVI_5191.npy,skipped,,,,
Adjectives,79. short,MVI_5269,/Users/yamini/Desktop/projects/ISL PROJECT/include_videos/Adjectives/79. short/MVI_5269.MOV,Adjectives/79. short/MVI_5269.MOV,51,Adjectives__79. short__MVI_5269.npy,skipped,,,,
Adjectives,79. short,MVI_5270,/Users/yamini/Desktop/projects/ISL PROJECT/include_videos/Adjectives/79. short/MVI_5270.MOV,Adjectives/79. short/MVI_5270.MOV,51,Adjectives__79. short__MVI_5270.npy,skipped,,,,
Adjectives,79. short,MVI_5271,/Users/yamini/Desktop/projects/ISL PROJECT/include_videos/Adjectives/79. short/MVI_5271.MOV,Adjectives/79. short/MVI_5271.MOV,52,Adjectives__79. short__MVI_5271.npy,skipped,,,,
Adjectives,79. short,MVI_9220,/Users/yamini/Desktop/projects/ISL PROJECT/include_videos/Adjectives/79. short/MVI_9220.MOV,Adjectives/79. short/MVI_9220.MOV,49,Adjectives__79. short__MVI_9220.npy,skipped,,,,
Adjectives,79. short,MVI_9221,/Users/yamini/Desktop/projects/ISL PROJECT/include_videos/Adjectives/79. short/MVI_9221.MOV,Adjectives/79. short/MVI_9221.MOV,44,Adjectives__79. short__MVI_9221.npy,skipped,,,,
Adjectives,79. short,MVI_9222,/Users/yamini/Desktop/projects/ISL PROJECT/include_videos/Adjectives/79. short/MVI_9222.MOV,Adjectives/79. short/MVI_9222.MOV,49,Adjectives__79. short__MVI_9222.npy,skipped,,,,
Adjectives,79. short,MVI_9301,/Users/yamini/Desktop/projects/ISL PROJECT/include_videos/Adjectives/79. short/MVI_9301.MOV,Adjectives/79. short/MVI_9301.MOV,49,Adjectives__79. short__MVI_9301.npy,skipped,,,,
Adjectives,79. short,MVI_9302,/Users/yamini/Desktop/projects/ISL PROJECT/include_videos/Adjectives/79. short/MVI_9302.MOV,Adjectives/79. short/MVI_9302.MOV,44,Adjectives__79. short__MVI_9302.npy,skipped,,,,
Adjectives,79. short,MVI_9303,/Users/yamini/Desktop/projects/ISL PROJECT/include_videos/Adjectives/79. short/MVI_9303.MOV,Adjectives/79. short/MVI_9303.MOV,49,Adjectives__79. short__MVI_9303.npy,skipped,,,,
Adjectives,79. short,MVI_9380,/Users/yamini/Desktop/projects/ISL PROJECT/include_videos/Adjectives/79. short/MVI_9380.MOV,Adjectives/79. short/MVI_9380.MOV,53,Adjectives__79. short__MVI_9380.npy,skipped,,,,
Adjectives,79. short,MVI_9381,/Users/yamini/Desktop/projects/ISL PROJECT/include_videos/Adjectives/79. short/MVI_9381.MOV,Adjectives/79. short/MVI_9381.MOV,47,Adjectives__79. short__MVI_9381.npy,skipped,,,,
Adjectives,79. short,MVI_9382,/Users/yamini/Desktop/projects/ISL PROJECT/include_videos/Adjectives/79. short/MVI_9382.MOV,Adjectives/79. short/MVI_9382.MOV,45,Adjectives__79. short__MVI_9382.npy,skipped,,,,
Adjectives,79. short,MVI_9461,/Users/yamini/Desktop/projects/ISL PROJECT/include_videos/Adjectives/79. short/MVI_9461.MOV,Adjectives/79. short/MVI_9461.MOV,57,Adjectives__79. short__MVI_9461.npy,skipped,,,,
Adjectives,79. short,MVI_9462,/Users/yamini/Desktop/projects/ISL PROJECT/include_videos/Adjectives/79. short/MVI_9462.MOV,Adjectives/79. short/MVI_9462.MOV,54,Adjectives__79. short__MVI_9462.npy,skipped,,,,
Adjectives,79. short,MVI_9463,/Users/yamini/Desktop/projects/ISL PROJECT/include_videos/Adjectives/79. short/MVI_9463.MOV,Adjectives/79. short/MVI_9463.MOV,56,Adjectives__79. short__MVI_9463.npy,skipped,,,,
Adjectives,79. short,MVI_5192,/Users/yamini/Desktop/projects/ISL PROJECT/include_videos/Adjectives/79. short/extra/MVI_5192.MOV,Adjectives/79. short/extra/MVI_5192.MOV,59,Adjectives__79. short__MVI_5192.npy,ok,11.0,14.0,0.0,7.0
Adjectives,8. Blind,MVI_9584,/Users/yamini/Desktop/projects/ISL PROJECT/include_videos/Adjectives/8. Blind/MVI_9584.MOV,Adjectives/8. Blind/MVI_9584.MOV,58,Adjectives__8. Blind__MVI_9584.npy,skipped,,,,
Adjectives,8. Blind,MVI_9585,/Users/yamini/Desktop/projects/ISL PROJECT/include_videos/Adjectives/8. Blind/MVI_9585.MOV,Adjectives/8. Blind/MVI_9585.MOV,60,Adjectives__8. Blind__MVI_9585.npy,skipped,,,,
Adjectives,8. Blind,MVI_9586,/Users/yamini/Desktop/projects/ISL PROJECT/include_videos/Adjectives/8. Blind/MVI_9586.MOV,Adjectives/8. Blind/MVI_9586.MOV,52,Adjectives__8. Blind__MVI_9586.npy,skipped,,,,
Adjectives,8. Blind,MVI_9587,/Users/yamini/Desktop/projects/ISL PROJECT/include_videos/Adjectives/8. Blind/MVI_9587.MOV,Adjectives/8. Blind/MVI_9587.MOV,59,Adjectives__8. Blind__MVI_9587.npy,skipped,,,,
Adjectives,8. Blind,MVI_9852,/Users/yamini/Desktop/projects/ISL PROJECT/include_videos/Adjectives/8. Blind/MVI_9852.MOV,Adjectives/8. Blind/MVI_9852.MOV,57,Adjectives__8. Blind__MVI_9852.npy,skipped,,,,
Adjectives,8. Blind,MVI_9853,/Users/yamini/Desktop/projects/ISL PROJECT/include_videos/Adjectives/8. Blind/MVI_9853.MOV,Adjectives/8. Blind/MVI_9853.MOV,56,Adjectives__8. Blind__MVI_9853.npy,skipped,,,,
Adjectives,8. Blind,MVI_9854,/Users/yamini/Desktop/projects/ISL PROJECT/include_videos/Adjectives/8. Blind/MVI_9854.MOV,Adjectives/8. Blind/MVI_9854.MOV,56,Adjectives__8. Blind__MVI_9854.npy,skipped,,,,
Adjectives,8. Blind,MVI_9855,/Users/yamini/Desktop/projects/ISL PROJECT/include_videos/Adjectives/8. Blind/MVI_9855.MOV,Adjectives/8. Blind/MVI_9855.MOV,54,Adjectives__8. Blind__MVI_9855.npy,skipped,,,,
Adjectives,80. tall,MVI_5114,/Users/yamini/Desktop/projects/ISL PROJECT/include_videos/Adjectives/80. tall/MVI_5114.MOV,Adjectives/80. tall/MVI_5114.MOV,64,Adjectives__80. tall__MVI_5114.npy,skipped,,,,
Adjectives,80. tall,MVI_5115,/Users/yamini/Desktop/projects/ISL PROJECT/include_videos/Adjectives/80. tall/MVI_5115.MOV,Adjectives/80. tall/MVI_5115.MOV,72,Adjectives__80. tall__MVI_5115.npy,skipped,,,,
Adjectives,80. tall,MVI_5116,/Users/yamini/Desktop/projects/ISL PROJECT/include_videos/Adjectives/80. tall/MVI_5116.MOV,Adjectives/80. tall/MVI_5116.MOV,64,Adjectives__80. tall__MVI_5116.npy,skipped,,,,
Adjectives,80. tall,MVI_5194,/Users/yamini/Desktop/projects/ISL PROJECT/include_videos/Adjectives/80. tall/MVI_5194.MOV,Adjectives/80. tall/MVI_5194.MOV,52,Adjectives__80. tall__MVI_5194.npy,skipped,,,,
Adjectives,80. tall,MVI_5195,/Users/yamini/Desktop/projects/ISL PROJECT/include_videos/Adjectives/80. tall/MVI_5195.MOV,Adjectives/80. tall/MVI_5195.MOV,60,Adjectives__80. tall__MVI_5195.npy,skipped,,,,
Adjectives,80. tall,MVI_5196,/Users/yamini/Desktop/projects/ISL PROJECT/include_videos/Adjectives/80. tall/MVI_5196.MOV,Adjectives/80. tall/MVI_5196.MOV,58,Adjectives__80. tall__MVI_5196.npy,skipped,,,,
Adjectives,80. tall,MVI_5273,/Users/yamini/Desktop/projects/ISL PROJECT/include_videos/Adjectives/80. tall/MVI_5273.MOV,Adjectives/80. tall/MVI_5273.MOV,59,Adjectives__80. tall__MVI_5273.npy,skipped,,,,
Adjectives,80. tall,MVI_5274,/Users/yamini/Desktop/projects/ISL PROJECT/include_videos/Adjectives/80. tall/MVI_5274.MOV,Adjectives/80. tall/MVI_5274.MOV,54,Adjectives__80. tall__MVI_5274.npy,skipped,,,,
Adjectives,80. tall,MVI_5276,/Users/yamini/Desktop/projects/ISL PROJECT/include_videos/Adjectives/80. tall/MVI_5276.MOV,Adjectives/80. tall/MVI_5276.MOV,55,Adjectives__80. tall__MVI_5276.npy,skipped,,,,
Adjectives,80. tall,MVI_9223,/Users/yamini/Desktop/projects/ISL PROJECT/include_videos/Adjectives/80. tall/MVI_9223.MOV,Adjectives/80. tall/MVI_9223.MOV,48,Adjectives__80. tall__MVI_9223.npy,skipped,,,,
Adjectives,80. tall,MVI_9224,/Users/yamini/Desktop/projects/ISL PROJECT/include_videos/Adjectives/80. tall/MVI_9224.MOV,Adjectives/80. tall/MVI_9224.MOV,59,Adjectives__80. tall__MVI_9224.npy,skipped,,,,
Adjectives,80. tall,MVI_9225,/Users/yamini/Desktop/projects/ISL PROJECT/include_videos/Adjectives/80. tall/MVI_9225.MOV,Adjectives/80. tall/MVI_9225.MOV,48,Adjectives__80. tall__MVI_9225.npy,skipped,,,,
Adjectives,80. tall,MVI_9307,/Users/yamini/Desktop/projects/ISL PROJECT/include_videos/Adjectives/80. tall/MVI_9307.MOV,Adjectives/80. tall/MVI_9307.MOV,58,Adjectives__80. tall__MVI_9307.npy,skipped,,,,
Adjectives,80. tall,MVI_9308,/Users/yamini/Desktop/projects/ISL PROJECT/include_videos/Adjectives/80. tall/MVI_9308.MOV,Adjectives/80. tall/MVI_9308.MOV,50,Adjectives__80. tall__MVI_9308.npy,skipped,,,,
Adjectives,80. tall,MVI_9309,/Users/yamini/Desktop/projects/ISL PROJECT/include_videos/Adjectives/80. tall/MVI_9309.MOV,Adjectives/80. tall/MVI_9309.MOV,58,Adjectives__80. tall__MVI_9309.npy,skipped,,,,
Adjectives,80. tall,MVI_9384,/Users/yamini/Desktop/projects/ISL PROJECT/include_videos/Adjectives/80. tall/MVI_9384.MOV,Adjectives/80. tall/MVI_9384.MOV,57,Adjectives__80. tall__MVI_9384.npy,skipped,,,,
Adjectives,80. tall,MVI_9386,/Users/yamini/Desktop/projects/ISL PROJECT/include_videos/Adjectives/80. tall/MVI_9386.MOV,Adjectives/80. tall/MVI_9386.MOV,60,Adjectives__80. tall__MVI_9386.npy,skipped,,,,
Adjectives,80. tall,MVI_9387,/Users/yamini/Desktop/projects/ISL PROJECT/include_videos/Adjectives/80. tall/MVI_9387.MOV,Adjectives/80. tall/MVI_9387.MOV,45,Adjectives__80. tall__MVI_9387.npy,skipped,,,,
Adjectives,80. tall,MVI_9464,/Users/yamini/Desktop/projects/ISL PROJECT/include_videos/Adjectives/80. tall/MVI_9464.MOV,Adjectives/80. tall/MVI_9464.MOV,58,Adjectives__80. tall__MVI_9464.npy,skipped,,,,
Adjectives,80. tall,MVI_9465,/Users/yamini/Desktop/projects/ISL PROJECT/include_videos/Adjectives/80. tall/MVI_9465.MOV,Adjectives/80. tall/MVI_9465.MOV,50,Adjectives__80. tall__MVI_9465.npy,skipped,,,,
Adjectives,80. tall,MVI_9466,/Users/yamini/Desktop/projects/ISL PROJECT/include_videos/Adjectives/80. tall/MVI_9466.MOV,Adjectives/80. tall/MVI_9466.MOV,50,Adjectives__80. tall__MVI_9466.npy,skipped,,,,
Adjectives,81. wide,MVI_5117,/Users/yamini/Desktop/projects/ISL PROJECT/include_videos/Adjectives/81. wide/MVI_5117.MOV,Adjectives/81. wide/MVI_5117.MOV,61,Adjectives__81. wide__MVI_5117.npy,skipped,,,,
Adjectives,81. wide,MVI_5118,/Users/yamini/Desktop/projects/ISL PROJECT/include_videos/Adjectives/81. wide/MVI_5118.MOV,Adjectives/81. wide/MVI_5118.MOV,48,Adjectives__81. wide__MVI_5118.npy,skipped,,,,
Adjectives,81. wide,MVI_5119,/Users/yamini/Desktop/projects/ISL PROJECT/include_videos/Adjectives/81. wide/MVI_5119.MOV,Adjectives/81. wide/MVI_5119.MOV,68,Adjectives__81. wide__MVI_5119.npy,skipped,,,,
Adjectives,81. wide,MVI_5197,/Users/yamini/Desktop/projects/ISL PROJECT/include_videos/Adjectives/81. wide/MVI_5197.MOV,Adjectives/81. wide/MVI_5197.MOV,70,Adjectives__81. wide__MVI_5197.npy,skipped,,,,
Adjectives,81. wide,MVI_5198,/Users/yamini/Desktop/projects/ISL PROJECT/include_videos/Adjectives/81. wide/MVI_5198.MOV,Adjectives/81. wide/MVI_5198.MOV,70,Adjectives__81. wide__MVI_5198.npy,skipped,,,,
Adjectives,81. wide,MVI_5199,/Users/yamini/Desktop/projects/ISL PROJECT/include_videos/Adjectives/81. wide/MVI_5199.MOV,Adjectives/81. wide/MVI_5199.MOV,71,Adjectives__81. wide__MVI_5199.npy,skipped,,,,
Adjectives,81. wide,MVI_5277,/Users/yamini/Desktop/projects/ISL PROJECT/include_videos/Adjectives/81. wide/MVI_5277.MOV,Adjectives/81. wide/MVI_5277.MOV,57,Adjectives__81. wide__MVI_5277.npy,skipped,,,,
Adjectives,81. wide,MVI_5278,/Users/yamini/Desktop/projects/ISL PROJECT/include_videos/Adjectives/81. wide/MVI_5278.MOV,Adjectives/81. wide/MVI_5278.MOV,65,Adjectives__81. wide__MVI_5278.npy,skipped,,,,
Adjectives,81. wide,MVI_5279,/Users/yamini/Desktop/projects/ISL PROJECT/include_videos/Adjectives/81. wide/MVI_5279.MOV,Adjectives/81. wide/MVI_5279.MOV,60,Adjectives__81. wide__MVI_5279.npy,skipped,,,,
Adjectives,81. wide,MVI_9227,/Users/yamini/Desktop/projects/ISL PROJECT/include_videos/Adjectives/81. wide/MVI_9227.MOV,Adjectives/81. wide/MVI_9227.MOV,39,Adjectives__81. wide__MVI_9227.npy,skipped,,,,
Adjectives,81. wide,MVI_9228,/Users/yamini/Desktop/projects/ISL PROJECT/include_videos/Adjectives/81. wide/MVI_9228.MOV,Adjectives/81. wide/MVI_9228.MOV,49,Adjectives__81. wide__MVI_9228.npy,skipped,,,,
Adjectives,81. wide,MVI_9229,/Users/yamini/Desktop/projects/ISL PROJECT/include_videos/Adjectives/81. wide/MVI_9229.MOV,Adjectives/81. wide/MVI_9229.MOV,46,Adjectives__81. wide__MVI_9229.npy,skipped,,,,
Adjectives,81. wide,MVI_9310,/Users/yamini/Desktop/projects/ISL PROJECT/include_videos/Adjectives/81. wide/MVI_9310.MOV,Adjectives/81. wide/MVI_9310.MOV,51,Adjectives__81. wide__MVI_9310.npy,skipped,,,,
Adjectives,81. wide,MVI_9311,/Users/yamini/Desktop/projects/ISL PROJECT/include_videos/Adjectives/81. wide/MVI_9311.MOV,Adjectives/81. wide/MVI_9311.MOV,55,Adjectives__81. wide__MVI_9311.npy,skipped,,,,
Adjectives,81. wide,MVI_9312,/Users/yamini/Desktop/projects/ISL PROJECT/include_videos/Adjectives/81. wide/MVI_9312.MOV,Adjectives/81. wide/MVI_9312.MOV,53,Adjectives__81. wide__MVI_9312.npy,skipped,,,,
Adjectives,81. wide,MVI_9388,/Users/yamini/Desktop/projects/ISL PROJECT/include_videos/Adjectives/81. wide/MVI_9388.MOV,Adjectives/81. wide/MVI_9388.MOV,51,Adjectives__81. wide__MVI_9388.npy,skipped,,,,
Adjectives,81. wide,MVI_9389,/Users/yamini/Desktop/projects/ISL PROJECT/include_videos/Adjectives/81. wide/MVI_9389.MOV,Adjectives/81. wide/MVI_9389.MOV,60,Adjectives__81. wide__MVI_9389.npy,skipped,,,,
Adjectives,81. wide,MVI_9390,/Users/yamini/Desktop/projects/ISL PROJECT/include_videos/Adjectives/81. wide/MVI_9390.MOV,Adjectives/81. wide/MVI_9390.MOV,59,Adjectives__81. wide__MVI_9390.npy,skipped,,,,
Adjectives,81. wide,MVI_9467,/Users/yamini/Desktop/projects/ISL PROJECT/include_videos/Adjectives/81. wide/MVI_9467.MOV,Adjectives/81. wide/MVI_9467.MOV,61,Adjectives__81. wide__MVI_9467.npy,skipped,,,,
Adjectives,81. wide,MVI_9468,/Users/yamini/Desktop/projects/ISL PROJECT/include_videos/Adjectives/81. wide/MVI_9468.MOV,Adjectives/81. wide/MVI_9468.MOV,53,Adjectives__81. wide__MVI_9468.npy,skipped,,,,
Adjectives,81. wide,MVI_9469,/Users/yamini/Desktop/projects/ISL PROJECT/include_videos/Adjectives/81. wide/MVI_9469.MOV,Adjectives/81. wide/MVI_9469.MOV,55,Adjectives__81. wide__MVI_9469.npy,skipped,,,,
Adjectives,82. narrow,MVI_5120,/Users/yamini/Desktop/projects/ISL PROJECT/include_videos/Adjectives/82. narrow/MVI_5120.MOV,Adjectives/82. narrow/MVI_5120.MOV,77,Adjectives__82. narrow__MVI_5120.npy,skipped,,,,
Adjectives,82. narrow,MVI_5121,/Users/yamini/Desktop/projects/ISL PROJECT/include_videos/Adjectives/82. narrow/MVI_5121.MOV,Adjectives/82. narrow/MVI_5121.MOV,71,Adjectives__82. narrow__MVI_5121.npy,skipped,,,,
Adjectives,82. narrow,MVI_5122,/Users/yamini/Desktop/projects/ISL PROJECT/include_videos/Adjectives/82. narrow/MVI_5122.MOV,Adjectives/82. narrow/MVI_5122.MOV,59,Adjectives__82. narrow__MVI_5122.npy,skipped,,,,
Adjectives,82. narrow,MVI_5200,/Users/yamini/Desktop/projects/ISL PROJECT/include_videos/Adjectives/82. narrow/MVI_5200.MOV,Adjectives/82. narrow/MVI_5200.MOV,78,Adjectives__82. narrow__MVI_5200.npy,skipped,,,,
Adjectives,82. narrow,MVI_5201,/Users/yamini/Desktop/projects/ISL PROJECT/include_videos/Adjectives/82. narrow/MVI_5201.MOV,Adjectives/82. narrow/MVI_5201.MOV,82,Adjectives__82. narrow__MVI_5201.npy,skipped,,,,
Adjectives,82. narrow,MVI_5202,/Users/yamini/Desktop/projects/ISL PROJECT/include_videos/Adjectives/82. narrow/MVI_5202.MOV,Adjectives/82. narrow/MVI_5202.MOV,80,Adjectives__82. narrow__MVI_5202.npy,skipped,,,,
Adjectives,82. narrow,MVI_5280,/Users/yamini/Desktop/projects/ISL PROJECT/include_videos/Adjectives/82. narrow/MVI_5280.MOV,Adjectives/82. narrow/MVI_5280.MOV,70,Adjectives__82. narrow__MVI_5280.npy,skipped,,,,
Adjectives,82. narrow,MVI_5281,/Users/yamini/Desktop/projects/ISL PROJECT/include_videos/Adjectives/82. narrow/MVI_5281.MOV,Adjectives/82. narrow/MVI_5281.MOV,66,Adjectives__82. narrow__MVI_5281.npy,skipped,,,,
Adjectives,82. narrow,MVI_5282,/Users/yamini/Desktop/projects/ISL PROJECT/include_videos/Adjectives/82. narrow/MVI_5282.MOV,Adjectives/82. narrow/MVI_5282.MOV,58,Adjectives__82. narrow__MVI_5282.npy,skipped,,,,
Adjectives,82. narrow,MVI_9230,/Users/yamini/Desktop/projects/ISL PROJECT/include_videos/Adjectives/82. narrow/MVI_9230.MOV,Adjectives/82. narrow/MVI_9230.MOV,51,Adjectives__82. narrow__MVI_9230.npy,skipped,,,,
Adjectives,82. narrow,MVI_9231,/Users/yamini/Desktop/projects/ISL PROJECT/include_videos/Adjectives/82. narrow/MVI_9231.MOV,Adjectives/82. narrow/MVI_9231.MOV,53,Adjectives__82. narrow__MVI_9231.npy,skipped,,,,
Adjectives,82. narrow,MVI_9232,/Users/yamini/Desktop/projects/ISL PROJECT/include_videos/Adjectives/82. narrow/MVI_9232.MOV,Adjectives/82. narrow/MVI_9232.MOV,46,Adjectives__82. narrow__MVI_9232.npy,skipped,,,,
Adjectives,82. narrow,MVI_9313,/Users/yamini/Desktop/projects/ISL PROJECT/include_videos/Adjectives/82. narrow/MVI_9313.MOV,Adjectives/82. narrow/MVI_9313.MOV,45,Adjectives__82. narrow__MVI_9313.npy,skipped,,,,
Adjectives,82. narrow,MVI_9314,/Users/yamini/Desktop/projects/ISL PROJECT/include_videos/Adjectives/82. narrow/MVI_9314.MOV,Adjectives/82. narrow/MVI_9314.MOV,49,Adjectives__82. narrow__MVI_9314.npy,skipped,,,,
Adjectives,82. narrow,MVI_9315,/Users/yamini/Desktop/projects/ISL PROJECT/include_videos/Adjectives/82. narrow/MVI_9315.MOV,Adjectives/82. narrow/MVI_9315.MOV,48,Adjectives__82. narrow__MVI_9315.npy,skipped,,,,
Adjectives,82. narrow,MVI_9391,/Users/yamini/Desktop/projects/ISL PROJECT/include_videos/Adjectives/82. narrow/MVI_9391.MOV,Adjectives/82. narrow/MVI_9391.MOV,48,Adjectives__82. narrow__MVI_9391.npy,skipped,,,,
Adjectives,82. narrow,MVI_9392,/Users/yamini/Desktop/projects/ISL PROJECT/include_videos/Adjectives/82. narrow/MVI_9392.MOV,Adjectives/82. narrow/MVI_9392.MOV,54,Adjectives__82. narrow__MVI_9392.npy,skipped,,,,
Adjectives,82. narrow,MVI_9393,/Users/yamini/Desktop/projects/ISL PROJECT/include_videos/Adjectives/82. narrow/MVI_9393.MOV,Adjectives/82. narrow/MVI_9393.MOV,48,Adjectives__82. narrow__MVI_9393.npy,skipped,,,,
Adjectives,82. narrow,MVI_9471,/Users/yamini/Desktop/projects/ISL PROJECT/include_videos/Adjectives/82. narrow/MVI_9471.MOV,Adjectives/82. narrow/MVI_9471.MOV,59,Adjectives__82. narrow__MVI_9471.npy,skipped,,,,
Adjectives,82. narrow,MVI_9472,/Users/yamini/Desktop/projects/ISL PROJECT/include_videos/Adjectives/82. narrow/MVI_9472.MOV,Adjectives/82. narrow/MVI_9472.MOV,57,Adjectives__82. narrow__MVI_9472.npy,skipped,,,,
Adjectives,82. narrow,MVI_9474,/Users/yamini/Desktop/projects/ISL PROJECT/include_videos/Adjectives/82. narrow/MVI_9474.MOV,Adjectives/82. narrow/MVI_9474.MOV,54,Adjectives__82. narrow__MVI_9474.npy,skipped,,,,
Adjectives,83. big large,MVI_5123,/Users/yamini/Desktop/projects/ISL PROJECT/include_videos/Adjectives/83. big large/MVI_5123.MOV,Adjectives/83. big large/MVI_5123.MOV,54,Adjectives__83. big large__MVI_5123.npy,skipped,,,,
Adjectives,83. big large,MVI_5124,/Users/yamini/Desktop/projects/ISL PROJECT/include_videos/Adjectives/83. big large/MVI_5124.MOV,Adjectives/83. big large/MVI_5124.MOV,61,Adjectives__83. big large__MVI_5124.npy,skipped,,,,
Adjectives,83. big large,MVI_5125,/Users/yamini/Desktop/projects/ISL PROJECT/include_videos/Adjectives/83. big large/MVI_5125.MOV,Adjectives/83. big large/MVI_5125.MOV,71,Adjectives__83. big large__MVI_5125.npy,skipped,,,,
Adjectives,83. big large,MVI_5203,/Users/yamini/Desktop/projects/ISL PROJECT/include_videos/Adjectives/83. big large/MVI_5203.MOV,Adjectives/83. big large/MVI_5203.MOV,65,Adjectives__83. big large__MVI_5203.npy,skipped,,,,
Adjectives,83. big large,MVI_5204,/Users/yamini/Desktop/projects/ISL PROJECT/include_videos/Adjectives/83. big large/MVI_5204.MOV,Adjectives/83. big large/MVI_5204.MOV,70,Adjectives__83. big large__MVI_5204.npy,skipped,,,,
Adjectives,83. big large,MVI_5205,/Users/yamini/Desktop/projects/ISL PROJECT/include_videos/Adjectives/83. big large/MVI_5205.MOV,Adjectives/83. big large/MVI_5205.MOV,66,Adjectives__83. big large__MVI_5205.npy,skipped,,,,
Adjectives,83. big large,MVI_5283,/Users/yamini/Desktop/projects/ISL PROJECT/include_videos/Adjectives/83. big large/MVI_5283.MOV,Adjectives/83. big large/MVI_5283.MOV,57,Adjectives__83. big large__MVI_5283.npy,skipped,,,,
Adjectives,83. big large,MVI_5284,/Users/yamini/Desktop/projects/ISL PROJECT/include_videos/Adjectives/83. big large/MVI_5284.MOV,Adjectives/83. big large/MVI_5284.MOV,55,Adjectives__83. big large__MVI_5284.npy,skipped,,,,
Adjectives,83. big large,MVI_5285,/Users/yamini/Desktop/projects/ISL PROJECT/include_videos/Adjectives/83. big large/MVI_5285.MOV,Adjectives/83. big large/MVI_5285.MOV,51,Adjectives__83. big large__MVI_5285.npy,skipped,,,,
Adjectives,83. big large,MVI_9233,/Users/yamini/Desktop/projects/ISL PROJECT/include_videos/Adjectives/83. big large/MVI_9233.MOV,Adjectives/83. big large/MVI_9233.MOV,48,Adjectives__83. big large__MVI_9233.npy,skipped,,,,
Adjectives,83. big large,MVI_9234,/Users/yamini/Desktop/projects/ISL PROJECT/include_videos/Adjectives/83. big large/MVI_9234.MOV,Adjectives/83. big large/MVI_9234.MOV,47,Adjectives__83. big large__MVI_9234.npy,skipped,,,,
Adjectives,83. big large,MVI_9235,/Users/yamini/Desktop/projects/ISL PROJECT/include_videos/Adjectives/83. big large/MVI_9235.MOV,Adjectives/83. big large/MVI_9235.MOV,46,Adjectives__83. big large__MVI_9235.npy,skipped,,,,
Adjectives,83. big large,MVI_9316,/Users/yamini/Desktop/projects/ISL PROJECT/include_videos/Adjectives/83. big large/MVI_9316.MOV,Adjectives/83. big large/MVI_9316.MOV,44,Adjectives__83. big large__MVI_9316.npy,skipped,,,,
Adjectives,83. big large,MVI_9317,/Users/yamini/Desktop/projects/ISL PROJECT/include_videos/Adjectives/83. big large/MVI_9317.MOV,Adjectives/83. big large/MVI_9317.MOV,48,Adjectives__83. big large__MVI_9317.npy,skipped,,,,
Adjectives,83. big large,MVI_9318,/Users/yamini/Desktop/projects/ISL PROJECT/include_videos/Adjectives/83. big large/MVI_9318.MOV,Adjectives/83. big large/MVI_9318.MOV,49,Adjectives__83. big large__MVI_9318.npy,skipped,,,,
Adjectives,83. big large,MVI_9394,/Users/yamini/Desktop/projects/ISL PROJECT/include_videos/Adjectives/83. big large/MVI_9394.MOV,Adjectives/83. big large/MVI_9394.MOV,59,Adjectives__83. big large__MVI_9394.npy,skipped,,,,
Adjectives,83. big large,MVI_9395,/Users/yamini/Desktop/projects/ISL PROJECT/include_videos/Adjectives/83. big large/MVI_9395.MOV,Adjectives/83. big large/MVI_9395.MOV,57,Adjectives__83. big large__MVI_9395.npy,skipped,,,,
Adjectives,83. big large,MVI_9396,/Users/yamini/Desktop/projects/ISL PROJECT/include_videos/Adjectives/83. big large/MVI_9396.MOV,Adjectives/83. big large/MVI_9396.MOV,56,Adjectives__83. big large__MVI_9396.npy,skipped,,,,
Adjectives,83. big large,MVI_9475,/Users/yamini/Desktop/projects/ISL PROJECT/include_videos/Adjectives/83. big large/MVI_9475.MOV,Adjectives/83. big large/MVI_9475.MOV,54,Adjectives__83. big large__MVI_9475.npy,skipped,,,,
Adjectives,83. big large,MVI_9476,/Users/yamini/Desktop/projects/ISL PROJECT/include_videos/Adjectives/83. big large/MVI_9476.MOV,Adjectives/83. big large/MVI_9476.MOV,54,Adjectives__83. big large__MVI_9476.npy,skipped,,,,
Adjectives,83. big large,MVI_9477,/Users/yamini/Desktop/projects/ISL PROJECT/include_videos/Adjectives/83. big large/MVI_9477.MOV,Adjectives/83. big large/MVI_9477.MOV,56,Adjectives__83. big large__MVI_9477.npy,skipped,,,,
Adjectives,84. small little,MVI_5126,/Users/yamini/Desktop/projects/ISL PROJECT/include_videos/Adjectives/84. small little/MVI_5126.MOV,Adjectives/84. small little/MVI_5126.MOV,83,Adjectives__84. small little__MVI_5126.npy,skipped,,,,
Adjectives,84. small little,MVI_5127,/Users/yamini/Desktop/projects/ISL PROJECT/include_videos/Adjectives/84. small little/MVI_5127.MOV,Adjectives/84. small little/MVI_5127.MOV,80,Adjectives__84. small little__MVI_5127.npy,skipped,,,,
Adjectives,84. small little,MVI_5128,/Users/yamini/Desktop/projects/ISL PROJECT/include_videos/Adjectives/84. small little/MVI_5128.MOV,Adjectives/84. small little/MVI_5128.MOV,62,Adjectives__84. small little__MVI_5128.npy,skipped,,,,
Adjectives,84. small little,MVI_5206,/Users/yamini/Desktop/projects/ISL PROJECT/include_videos/Adjectives/84. small little/MVI_5206.MOV,Adjectives/84. small little/MVI_5206.MOV,53,Adjectives__84. small little__MVI_5206.npy,skipped,,,,
Adjectives,84. small little,MVI_5207,/Users/yamini/Desktop/projects/ISL PROJECT/include_videos/Adjectives/84. small little/MVI_5207.MOV,Adjectives/84. small little/MVI_5207.MOV,57,Adjectives__84. small little__MVI_5207.npy,skipped,,,,
Adjectives,84. small little,MVI_5208,/Users/yamini/Desktop/projects/ISL PROJECT/include_videos/Adjectives/84. small little/MVI_5208.MOV,Adjectives/84. small little/MVI_5208.MOV,58,Adjectives__84. small little__MVI_5208.npy,skipped,,,,
Adjectives,84. small little,MVI_5286,/Users/yamini/Desktop/projects/ISL PROJECT/include_videos/Adjectives/84. small little/MVI_5286.MOV,Adjectives/84. small little/MVI_5286.MOV,52,Adjectives__84. small little__MVI_5286.npy,skipped,,,,
Adjectives,84. small little,MVI_5287,/Users/yamini/Desktop/projects/ISL PROJECT/include_videos/Adjectives/84. small little/MVI_5287.MOV,Adjectives/84. small little/MVI_5287.MOV,54,Adjectives__84. small little__MVI_5287.npy,skipped,,,,
Adjectives,84. small little,MVI_5288,/Users/yamini/Desktop/projects/ISL PROJECT/include_videos/Adjectives/84. small little/MVI_5288.MOV,Adjectives/84. small little/MVI_5288.MOV,38,Adjectives__84. small little__MVI_5288.npy,skipped,,,,
Adjectives,84. small little,MVI_9236,/Users/yamini/Desktop/projects/ISL PROJECT/include_videos/Adjectives/84. small little/MVI_9236.MOV,Adjectives/84. small little/MVI_9236.MOV,44,Adjectives__84. small little__MVI_9236.npy,skipped,,,,
Adjectives,84. small little,MVI_9237,/Users/yamini/Desktop/projects/ISL PROJECT/include_videos/Adjectives/84. small little/MVI_9237.MOV,Adjectives/84. small little/MVI_9237.MOV,52,Adjectives__84. small little__MVI_9237.npy,skipped,,,,
Adjectives,84. small little,MVI_9238,/Users/yamini/Desktop/projects/ISL PROJECT/include_videos/Adjectives/84. small little/MVI_9238.MOV,Adjectives/84. small little/MVI_9238.MOV,51,Adjectives__84. small little__MVI_9238.npy,skipped,,,,
Adjectives,84. small little,MVI_9319,/Users/yamini/Desktop/projects/ISL PROJECT/include_videos/Adjectives/84. small little/MVI_9319.MOV,Adjectives/84. small little/MVI_9319.MOV,51,Adjectives__84. small little__MVI_9319.npy,skipped,,,,
Adjectives,84. small little,MVI_9320,/Users/yamini/Desktop/projects/ISL PROJECT/include_videos/Adjectives/84. small little/MVI_9320.MOV,Adjectives/84. small little/MVI_9320.MOV,52,Adjectives__84. small little__MVI_9320.npy,skipped,,,,
Adjectives,84. small little,MVI_9321,/Users/yamini/Desktop/projects/ISL PROJECT/include_videos/Adjectives/84. small little/MVI_9321.MOV,Adjectives/84. small little/MVI_9321.MOV,54,Adjectives__84. small little__MVI_9321.npy,skipped,,,,
Adjectives,84. small little,MVI_9397,/Users/yamini/Desktop/projects/ISL PROJECT/include_videos/Adjectives/84. small little/MVI_9397.MOV,Adjectives/84. small little/MVI_9397.MOV,51,Adjectives__84. small little__MVI_9397.npy,skipped,,,,
Adjectives,84. small little,MVI_9398,/Users/yamini/Desktop/projects/ISL PROJECT/include_videos/Adjectives/84. small little/MVI_9398.MOV,Adjectives/84. small little/MVI_9398.MOV,50,Adjectives__84. small little__MVI_9398.npy,skipped,,,,
Adjectives,84. small little,MVI_9400,/Users/yamini/Desktop/projects/ISL PROJECT/include_videos/Adjectives/84. small little/MVI_9400.MOV,Adjectives/84. small little/MVI_9400.MOV,53,Adjectives__84. small little__MVI_9400.npy,skipped,,,,
Adjectives,84. small little,MVI_9478,/Users/yamini/Desktop/projects/ISL PROJECT/include_videos/Adjectives/84. small little/MVI_9478.MOV,Adjectives/84. small little/MVI_9478.MOV,54,Adjectives__84. small little__MVI_9478.npy,skipped,,,,
Adjectives,84. small little,MVI_9479,/Users/yamini/Desktop/projects/ISL PROJECT/include_videos/Adjectives/84. small little/MVI_9479.MOV,Adjectives/84. small little/MVI_9479.MOV,52,Adjectives__84. small little__MVI_9479.npy,skipped,,,,
Adjectives,84. small little,MVI_9480,/Users/yamini/Desktop/projects/ISL PROJECT/include_videos/Adjectives/84. small little/MVI_9480.MOV,Adjectives/84. small little/MVI_9480.MOV,55,Adjectives__84. small little__MVI_9480.npy,skipped,,,,
Adjectives,84. small little,MVI_5209,/Users/yamini/Desktop/projects/ISL PROJECT/include_videos/Adjectives/84. small little/extra/MVI_5209.MOV,Adjectives/84. small little/extra/MVI_5209.MOV,68,Adjectives__84. small little__MVI_5209.npy,ok,12.0,20.0,0.0,16.0
Adjectives,85. slow,MVI_5130,/Users/yamini/Desktop/projects/ISL PROJECT/include_videos/Adjectives/85. slow/MVI_5130.MOV,Adjectives/85. slow/MVI_5130.MOV,67,Adjectives__85. slow__MVI_5130.npy,skipped,,,,
Adjectives,85. slow,MVI_5131,/Users/yamini/Desktop/projects/ISL PROJECT/include_videos/Adjectives/85. slow/MVI_5131.MOV,Adjectives/85. slow/MVI_5131.MOV,89,Adjectives__85. slow__MVI_5131.npy,skipped,,,,
Adjectives,85. slow,MVI_5132,/Users/yamini/Desktop/projects/ISL PROJECT/include_videos/Adjectives/85. slow/MVI_5132.MOV,Adjectives/85. slow/MVI_5132.MOV,77,Adjectives__85. slow__MVI_5132.npy,skipped,,,,
Adjectives,85. slow,MVI_5210,/Users/yamini/Desktop/projects/ISL PROJECT/include_videos/Adjectives/85. slow/MVI_5210.MOV,Adjectives/85. slow/MVI_5210.MOV,69,Adjectives__85. slow__MVI_5210.npy,skipped,,,,
Adjectives,85. slow,MVI_5211,/Users/yamini/Desktop/projects/ISL PROJECT/include_videos/Adjectives/85. slow/MVI_5211.MOV,Adjectives/85. slow/MVI_5211.MOV,75,Adjectives__85. slow__MVI_5211.npy,skipped,,,,
Adjectives,85. slow,MVI_5212,/Users/yamini/Desktop/projects/ISL PROJECT/include_videos/Adjectives/85. slow/MVI_5212.MOV,Adjectives/85. slow/MVI_5212.MOV,65,Adjectives__85. slow__MVI_5212.npy,skipped,,,,
Adjectives,85. slow,MVI_5289,/Users/yamini/Desktop/projects/ISL PROJECT/include_videos/Adjectives/85. slow/MVI_5289.MOV,Adjectives/85. slow/MVI_5289.MOV,63,Adjectives__85. slow__MVI_5289.npy,skipped,,,,
Adjectives,85. slow,MVI_5290,/Users/yamini/Desktop/projects/ISL PROJECT/include_videos/Adjectives/85. slow/MVI_5290.MOV,Adjectives/85. slow/MVI_5290.MOV,52,Adjectives__85. slow__MVI_5290.npy,skipped,,,,
Adjectives,85. slow,MVI_5291,/Users/yamini/Desktop/projects/ISL PROJECT/include_videos/Adjectives/85. slow/MVI_5291.MOV,Adjectives/85. slow/MVI_5291.MOV,58,Adjectives__85. slow__MVI_5291.npy,skipped,,,,
Adjectives,85. slow,MVI_9240,/Users/yamini/Desktop/projects/ISL PROJECT/include_videos/Adjectives/85. slow/MVI_9240.MOV,Adjectives/85. slow/MVI_9240.MOV,57,Adjectives__85. slow__MVI_9240.npy,skipped,,,,
Adjectives,85. slow,MVI_9242,/Users/yamini/Desktop/projects/ISL PROJECT/include_videos/Adjectives/85. slow/MVI_9242.MOV,Adjectives/85. slow/MVI_9242.MOV,39,Adjectives__85. slow__MVI_9242.npy,skipped,,,,
Adjectives,85. slow,MVI_9243,/Users/yamini/Desktop/projects/ISL PROJECT/include_videos/Adjectives/85. slow/MVI_9243.MOV,Adjectives/85. slow/MVI_9243.MOV,46,Adjectives__85. slow__MVI_9243.npy,skipped,,,,
Adjectives,85. slow,MVI_9322,/Users/yamini/Desktop/projects/ISL PROJECT/include_videos/Adjectives/85. slow/MVI_9322.MOV,Adjectives/85. slow/MVI_9322.MOV,50,Adjectives__85. slow__MVI_9322.npy,skipped,,,,
Adjectives,85. slow,MVI_9323,/Users/yamini/Desktop/projects/ISL PROJECT/include_videos/Adjectives/85. slow/MVI_9323.MOV,Adjectives/85. slow/MVI_9323.MOV,57,Adjectives__85. slow__MVI_9323.npy,skipped,,,,
Adjectives,85. slow,MVI_9324,/Users/yamini/Desktop/projects/ISL PROJECT/include_videos/Adjectives/85. slow/MVI_9324.MOV,Adjectives/85. slow/MVI_9324.MOV,54,Adjectives__85. slow__MVI_9324.npy,skipped,,,,
Adjectives,85. slow,MVI_9402,/Users/yamini/Desktop/projects/ISL PROJECT/include_videos/Adjectives/85. slow/MVI_9402.MOV,Adjectives/85. slow/MVI_9402.MOV,60,Adjectives__85. slow__MVI_9402.npy,skipped,,,,
Adjectives,85. slow,MVI_9403,/Users/yamini/Desktop/projects/ISL PROJECT/include_videos/Adjectives/85. slow/MVI_9403.MOV,Adjectives/85. slow/MVI_9403.MOV,64,Adjectives__85. slow__MVI_9403.npy,skipped,,,,
Adjectives,85. slow,MVI_9404,/Users/yamini/Desktop/projects/ISL PROJECT/include_videos/Adjectives/85. slow/MVI_9404.MOV,Adjectives/85. slow/MVI_9404.MOV,62,Adjectives__85. slow__MVI_9404.npy,skipped,,,,
Adjectives,85. slow,MVI_9481,/Users/yamini/Desktop/projects/ISL PROJECT/include_videos/Adjectives/85. slow/MVI_9481.MOV,Adjectives/85. slow/MVI_9481.MOV,62,Adjectives__85. slow__MVI_9481.npy,skipped,,,,
Adjectives,85. slow,MVI_9482,/Users/yamini/Desktop/projects/ISL PROJECT/include_videos/Adjectives/85. slow/MVI_9482.MOV,Adjectives/85. slow/MVI_9482.MOV,59,Adjectives__85. slow__MVI_9482.npy,skipped,,,,
Adjectives,85. slow,MVI_9483,/Users/yamini/Desktop/projects/ISL PROJECT/include_videos/Adjectives/85. slow/MVI_9483.MOV,Adjectives/85. slow/MVI_9483.MOV,65,Adjectives__85. slow__MVI_9483.npy,skipped,,,,
Adjectives,86. fast,MVI_5133,/Users/yamini/Desktop/projects/ISL PROJECT/include_videos/Adjectives/86. fast/MVI_5133.MOV,Adjectives/86. fast/MVI_5133.MOV,65,Adjectives__86. fast__MVI_5133.npy,skipped,,,,
Adjectives,86. fast,MVI_5134,/Users/yamini/Desktop/projects/ISL PROJECT/include_videos/Adjectives/86. fast/MVI_5134.MOV,Adjectives/86. fast/MVI_5134.MOV,70,Adjectives__86. fast__MVI_5134.npy,skipped,,,,
Adjectives,86. fast,MVI_5135,/Users/yamini/Desktop/projects/ISL PROJECT/include_videos/Adjectives/86. fast/MVI_5135.MOV,Adjectives/86. fast/MVI_5135.MOV,74,Adjectives__86. fast__MVI_5135.npy,skipped,,,,
Adjectives,86. fast,MVI_5213,/Users/yamini/Desktop/projects/ISL PROJECT/include_videos/Adjectives/86. fast/MVI_5213.MOV,Adjectives/86. fast/MVI_5213.MOV,56,Adjectives__86. fast__MVI_5213.npy,skipped,,,,
Adjectives,86. fast,MVI_5214,/Users/yamini/Desktop/projects/ISL PROJECT/include_videos/Adjectives/86. fast/MVI_5214.MOV,Adjectives/86. fast/MVI_5214.MOV,70,Adjectives__86. fast__MVI_5214.npy,skipped,,,,
Adjectives,86. fast,MVI_5215,/Users/yamini/Desktop/projects/ISL PROJECT/include_videos/Adjectives/86. fast/MVI_5215.MOV,Adjectives/86. fast/MVI_5215.MOV,65,Adjectives__86. fast__MVI_5215.npy,skipped,,,,
Adjectives,86. fast,MVI_5292,/Users/yamini/Desktop/projects/ISL PROJECT/include_videos/Adjectives/86. fast/MVI_5292.MOV,Adjectives/86. fast/MVI_5292.MOV,47,Adjectives__86. fast__MVI_5292.npy,skipped,,,,
Adjectives,86. fast,MVI_5293,/Users/yamini/Desktop/projects/ISL PROJECT/include_videos/Adjectives/86. fast/MVI_5293.MOV,Adjectives/86. fast/MVI_5293.MOV,55,Adjectives__86. fast__MVI_5293.npy,skipped,,,,
Adjectives,86. fast,MVI_5294,/Users/yamini/Desktop/projects/ISL PROJECT/include_videos/Adjectives/86. fast/MVI_5294.MOV,Adjectives/86. fast/MVI_5294.MOV,50,Adjectives__86. fast__MVI_5294.npy,skipped,,,,
Adjectives,86. fast,MVI_9244,/Users/yamini/Desktop/projects/ISL PROJECT/include_videos/Adjectives/86. fast/MVI_9244.MOV,Adjectives/86. fast/MVI_9244.MOV,45,Adjectives__86. fast__MVI_9244.npy,skipped,,,,
Adjectives,86. fast,MVI_9245,/Users/yamini/Desktop/projects/ISL PROJECT/include_videos/Adjectives/86. fast/MVI_9245.MOV,Adjectives/86. fast/MVI_9245.MOV,48,Adjectives__86. fast__MVI_9245.npy,skipped,,,,
Adjectives,86. fast,MVI_9246,/Users/yamini/Desktop/projects/ISL PROJECT/include_videos/Adjectives/86. fast/MVI_9246.MOV,Adjectives/86. fast/MVI_9246.MOV,46,Adjectives__86. fast__MVI_9246.npy,skipped,,,,
Adjectives,86. fast,MVI_9325,/Users/yamini/Desktop/projects/ISL PROJECT/include_videos/Adjectives/86. fast/MVI_9325.MOV,Adjectives/86. fast/MVI_9325.MOV,44,Adjectives__86. fast__MVI_9325.npy,skipped,,,,
Adjectives,86. fast,MVI_9326,/Users/yamini/Desktop/projects/ISL PROJECT/include_videos/Adjectives/86. fast/MVI_9326.MOV,Adjectives/86. fast/MVI_9326.MOV,48,Adjectives__86. fast__MVI_9326.npy,skipped,,,,
Adjectives,86. fast,MVI_9327,/Users/yamini/Desktop/projects/ISL PROJECT/include_videos/Adjectives/86. fast/MVI_9327.MOV,Adjectives/86. fast/MVI_9327.MOV,43,Adjectives__86. fast__MVI_9327.npy,skipped,,,,
Adjectives,86. fast,MVI_9405,/Users/yamini/Desktop/projects/ISL PROJECT/include_videos/Adjectives/86. fast/MVI_9405.MOV,Adjectives/86. fast/MVI_9405.MOV,51,Adjectives__86. fast__MVI_9405.npy,skipped,,,,
Adjectives,86. fast,MVI_9406,/Users/yamini/Desktop/projects/ISL PROJECT/include_videos/Adjectives/86. fast/MVI_9406.MOV,Adjectives/86. fast/MVI_9406.MOV,55,Adjectives__86. fast__MVI_9406.npy,skipped,,,,
Adjectives,86. fast,MVI_9407,/Users/yamini/Desktop/projects/ISL PROJECT/include_videos/Adjectives/86. fast/MVI_9407.MOV,Adjectives/86. fast/MVI_9407.MOV,53,Adjectives__86. fast__MVI_9407.npy,skipped,,,,
Adjectives,86. fast,MVI_9484,/Users/yamini/Desktop/projects/ISL PROJECT/include_videos/Adjectives/86. fast/MVI_9484.MOV,Adjectives/86. fast/MVI_9484.MOV,61,Adjectives__86. fast__MVI_9484.npy,skipped,,,,
Adjectives,86. fast,MVI_9485,/Users/yamini/Desktop/projects/ISL PROJECT/include_videos/Adjectives/86. fast/MVI_9485.MOV,Adjectives/86. fast/MVI_9485.MOV,67,Adjectives__86. fast__MVI_9485.npy,skipped,,,,
Adjectives,86. fast,MVI_9486,/Users/yamini/Desktop/projects/ISL PROJECT/include_videos/Adjectives/86. fast/MVI_9486.MOV,Adjectives/86. fast/MVI_9486.MOV,62,Adjectives__86. fast__MVI_9486.npy,skipped,,,,
Adjectives,87. hot,MVI_5136,/Users/yamini/Desktop/projects/ISL PROJECT/include_videos/Adjectives/87. hot/MVI_5136.MOV,Adjectives/87. hot/MVI_5136.MOV,71,Adjectives__87. hot__MVI_5136.npy,skipped,,,,
Adjectives,87. hot,MVI_5137,/Users/yamini/Desktop/projects/ISL PROJECT/include_videos/Adjectives/87. hot/MVI_5137.MOV,Adjectives/87. hot/MVI_5137.MOV,56,Adjectives__87. hot__MVI_5137.npy,skipped,,,,
Adjectives,87. hot,MVI_5138,/Users/yamini/Desktop/projects/ISL PROJECT/include_videos/Adjectives/87. hot/MVI_5138.MOV,Adjectives/87. hot/MVI_5138.MOV,49,Adjectives__87. hot__MVI_5138.npy,skipped,,,,
Adjectives,87. hot,MVI_5216,/Users/yamini/Desktop/projects/ISL PROJECT/include_videos/Adjectives/87. hot/MVI_5216.MOV,Adjectives/87. hot/MVI_5216.MOV,57,Adjectives__87. hot__MVI_5216.npy,skipped,,,,
Adjectives,87. hot,MVI_5217,/Users/yamini/Desktop/projects/ISL PROJECT/include_videos/Adjectives/87. hot/MVI_5217.MOV,Adjectives/87. hot/MVI_5217.MOV,66,Adjectives__87. hot__MVI_5217.npy,skipped,,,,
Adjectives,87. hot,MVI_5218,/Users/yamini/Desktop/projects/ISL PROJECT/include_videos/Adjectives/87. hot/MVI_5218.MOV,Adjectives/87. hot/MVI_5218.MOV,66,Adjectives__87. hot__MVI_5218.npy,skipped,,,,
Adjectives,87. hot,MVI_5295,/Users/yamini/Desktop/projects/ISL PROJECT/include_videos/Adjectives/87. hot/MVI_5295.MOV,Adjectives/87. hot/MVI_5295.MOV,56,Adjectives__87. hot__MVI_5295.npy,skipped,,,,
Adjectives,87. hot,MVI_5296,/Users/yamini/Desktop/projects/ISL PROJECT/include_videos/Adjectives/87. hot/MVI_5296.MOV,Adjectives/87. hot/MVI_5296.MOV,56,Adjectives__87. hot__MVI_5296.npy,skipped,,,,
Adjectives,87. hot,MVI_5297,/Users/yamini/Desktop/projects/ISL PROJECT/include_videos/Adjectives/87. hot/MVI_5297.MOV,Adjectives/87. hot/MVI_5297.MOV,55,Adjectives__87. hot__MVI_5297.npy,skipped,,,,
Adjectives,87. hot,MVI_9247,/Users/yamini/Desktop/projects/ISL PROJECT/include_videos/Adjectives/87. hot/MVI_9247.MOV,Adjectives/87. hot/MVI_9247.MOV,55,Adjectives__87. hot__MVI_9247.npy,skipped,,,,
Adjectives,87. hot,MVI_9248,/Users/yamini/Desktop/projects/ISL PROJECT/include_videos/Adjectives/87. hot/MVI_9248.MOV,Adjectives/87. hot/MVI_9248.MOV,48,Adjectives__87. hot__MVI_9248.npy,skipped,,,,
Adjectives,87. hot,MVI_9249,/Users/yamini/Desktop/projects/ISL PROJECT/include_videos/Adjectives/87. hot/MVI_9249.MOV,Adjectives/87. hot/MVI_9249.MOV,48,Adjectives__87. hot__MVI_9249.npy,skipped,,,,
Adjectives,87. hot,MVI_9328,/Users/yamini/Desktop/projects/ISL PROJECT/include_videos/Adjectives/87. hot/MVI_9328.MOV,Adjectives/87. hot/MVI_9328.MOV,52,Adjectives__87. hot__MVI_9328.npy,skipped,,,,
Adjectives,87. hot,MVI_9329,/Users/yamini/Desktop/projects/ISL PROJECT/include_videos/Adjectives/87. hot/MVI_9329.MOV,Adjectives/87. hot/MVI_9329.MOV,53,Adjectives__87. hot__MVI_9329.npy,skipped,,,,
Adjectives,87. hot,MVI_9330,/Users/yamini/Desktop/projects/ISL PROJECT/include_videos/Adjectives/87. hot/MVI_9330.MOV,Adjectives/87. hot/MVI_9330.MOV,50,Adjectives__87. hot__MVI_9330.npy,skipped,,,,
Adjectives,87. hot,MVI_9408,/Users/yamini/Desktop/projects/ISL PROJECT/include_videos/Adjectives/87. hot/MVI_9408.MOV,Adjectives/87. hot/MVI_9408.MOV,63,Adjectives__87. hot__MVI_9408.npy,skipped,,,,
Adjectives,87. hot,MVI_9409,/Users/yamini/Desktop/projects/ISL PROJECT/include_videos/Adjectives/87. hot/MVI_9409.MOV,Adjectives/87. hot/MVI_9409.MOV,66,Adjectives__87. hot__MVI_9409.npy,skipped,,,,
Adjectives,87. hot,MVI_9410,/Users/yamini/Desktop/projects/ISL PROJECT/include_videos/Adjectives/87. hot/MVI_9410.MOV,Adjectives/87. hot/MVI_9410.MOV,56,Adjectives__87. hot__MVI_9410.npy,skipped,,,,
Adjectives,87. hot,MVI_9487,/Users/yamini/Desktop/projects/ISL PROJECT/include_videos/Adjectives/87. hot/MVI_9487.MOV,Adjectives/87. hot/MVI_9487.MOV,63,Adjectives__87. hot__MVI_9487.npy,skipped,,,,
Adjectives,87. hot,MVI_9488,/Users/yamini/Desktop/projects/ISL PROJECT/include_videos/Adjectives/87. hot/MVI_9488.MOV,Adjectives/87. hot/MVI_9488.MOV,65,Adjectives__87. hot__MVI_9488.npy,skipped,,,,
Adjectives,87. hot,MVI_9489,/Users/yamini/Desktop/projects/ISL PROJECT/include_videos/Adjectives/87. hot/MVI_9489.MOV,Adjectives/87. hot/MVI_9489.MOV,62,Adjectives__87. hot__MVI_9489.npy,skipped,,,,
Adjectives,88. cold,MVI_5139,/Users/yamini/Desktop/projects/ISL PROJECT/include_videos/Adjectives/88. cold/MVI_5139.MOV,Adjectives/88. cold/MVI_5139.MOV,56,Adjectives__88. cold__MVI_5139.npy,skipped,,,,
Adjectives,88. cold,MVI_5140,/Users/yamini/Desktop/projects/ISL PROJECT/include_videos/Adjectives/88. cold/MVI_5140.MOV,Adjectives/88. cold/MVI_5140.MOV,71,Adjectives__88. cold__MVI_5140.npy,skipped,,,,
Adjectives,88. cold,MVI_5219,/Users/yamini/Desktop/projects/ISL PROJECT/include_videos/Adjectives/88. cold/MVI_5219.MOV,Adjectives/88. cold/MVI_5219.MOV,56,Adjectives__88. cold__MVI_5219.npy,skipped,,,,
Adjectives,88. cold,MVI_5220,/Users/yamini/Desktop/projects/ISL PROJECT/include_videos/Adjectives/88. cold/MVI_5220.MOV,Adjectives/88. cold/MVI_5220.MOV,52,Adjectives__88. cold__MVI_5220.npy,skipped,,,,
Adjectives,88. cold,MVI_5221,/Users/yamini/Desktop/projects/ISL PROJECT/include_videos/Adjectives/88. cold/MVI_5221.MOV,Adjectives/88. cold/MVI_5221.MOV,55,Adjectives__88. cold__MVI_5221.npy,skipped,,,,
Adjectives,88. cold,MVI_5298,/Users/yamini/Desktop/projects/ISL PROJECT/include_videos/Adjectives/88. cold/MVI_5298.MOV,Adjectives/88. cold/MVI_5298.MOV,52,Adjectives__88. cold__MVI_5298.npy,skipped,,,,
Adjectives,88. cold,MVI_5299,/Users/yamini/Desktop/projects/ISL PROJECT/include_videos/Adjectives/88. cold/MVI_5299.MOV,Adjectives/88. cold/MVI_5299.MOV,57,Adjectives__88. cold__MVI_5299.npy,skipped,,,,
Adjectives,88. cold,MVI_5300,/Users/yamini/Desktop/projects/ISL PROJECT/include_videos/Adjectives/88. cold/MVI_5300.MOV,Adjectives/88. cold/MVI_5300.MOV,54,Adjectives__88. cold__MVI_5300.npy,skipped,,,,
Adjectives,88. cold,MVI_9250,/Users/yamini/Desktop/projects/ISL PROJECT/include_videos/Adjectives/88. cold/MVI_9250.MOV,Adjectives/88. cold/MVI_9250.MOV,48,Adjectives__88. cold__MVI_9250.npy,skipped,,,,
Adjectives,88. cold,MVI_9251,/Users/yamini/Desktop/projects/ISL PROJECT/include_videos/Adjectives/88. cold/MVI_9251.MOV,Adjectives/88. cold/MVI_9251.MOV,48,Adjectives__88. cold__MVI_9251.npy,skipped,,,,
Adjectives,88. cold,MVI_9252,/Users/yamini/Desktop/projects/ISL PROJECT/include_videos/Adjectives/88. cold/MVI_9252.MOV,Adjectives/88. cold/MVI_9252.MOV,49,Adjectives__88. cold__MVI_9252.npy,skipped,,,,
Adjectives,88. cold,MVI_9331,/Users/yamini/Desktop/projects/ISL PROJECT/include_videos/Adjectives/88. cold/MVI_9331.MOV,Adjectives/88. cold/MVI_9331.MOV,47,Adjectives__88. cold__MVI_9331.npy,skipped,,,,
Adjectives,88. cold,MVI_9332,/Users/yamini/Desktop/projects/ISL PROJECT/include_videos/Adjectives/88. cold/MVI_9332.MOV,Adjectives/88. cold/MVI_9332.MOV,49,Adjectives__88. cold__MVI_9332.npy,skipped,,,,
Adjectives,88. cold,MVI_9333,/Users/yamini/Desktop/projects/ISL PROJECT/include_videos/Adjectives/88. cold/MVI_9333.MOV,Adjectives/88. cold/MVI_9333.MOV,51,Adjectives__88. cold__MVI_9333.npy,skipped,,,,
Adjectives,88. cold,MVI_9411,/Users/yamini/Desktop/projects/ISL PROJECT/include_videos/Adjectives/88. cold/MVI_9411.MOV,Adjectives/88. cold/MVI_9411.MOV,54,Adjectives__88. cold__MVI_9411.npy,skipped,,,,
Adjectives,88. cold,MVI_9412,/Users/yamini/Desktop/projects/ISL PROJECT/include_videos/Adjectives/88. cold/MVI_9412.MOV,Adjectives/88. cold/MVI_9412.MOV,53,Adjectives__88. cold__MVI_9412.npy,skipped,,,,
Adjectives,88. cold,MVI_9413,/Users/yamini/Desktop/projects/ISL PROJECT/include_videos/Adjectives/88. cold/MVI_9413.MOV,Adjectives/88. cold/MVI_9413.MOV,56,Adjectives__88. cold__MVI_9413.npy,skipped,,,,
Adjectives,88. cold,MVI_9490,/Users/yamini/Desktop/projects/ISL PROJECT/include_videos/Adjectives/88. cold/MVI_9490.MOV,Adjectives/88. cold/MVI_9490.MOV,68,Adjectives__88. cold__MVI_9490.npy,skipped,,,,
Adjectives,88. cold,MVI_9491,/Users/yamini/Desktop/projects/ISL PROJECT/include_videos/Adjectives/88. cold/MVI_9491.MOV,Adjectives/88. cold/MVI_9491.MOV,65,Adjectives__88. cold__MVI_9491.npy,skipped,,,,
Adjectives,88. cold,MVI_9492,/Users/yamini/Desktop/projects/ISL PROJECT/include_videos/Adjectives/88. cold/MVI_9492.MOV,Adjectives/88. cold/MVI_9492.MOV,73,Adjectives__88. cold__MVI_9492.npy,skipped,,,,
Adjectives,89. warm,MVI_5141,/Users/yamini/Desktop/projects/ISL PROJECT/include_videos/Adjectives/89. warm/MVI_5141.MOV,Adjectives/89. warm/MVI_5141.MOV,67,Adjectives__89. warm__MVI_5141.npy,skipped,,,,
Adjectives,89. warm,MVI_5143,/Users/yamini/Desktop/projects/ISL PROJECT/include_videos/Adjectives/89. warm/MVI_5143.MOV,Adjectives/89. warm/MVI_5143.MOV,69,Adjectives__89. warm__MVI_5143.npy,skipped,,,,
Adjectives,89. warm,MVI_5144,/Users/yamini/Desktop/projects/ISL PROJECT/include_videos/Adjectives/89. warm/MVI_5144.MOV,Adjectives/89. warm/MVI_5144.MOV,70,Adjectives__89. warm__MVI_5144.npy,skipped,,,,
Adjectives,89. warm,MVI_5222,/Users/yamini/Desktop/projects/ISL PROJECT/include_videos/Adjectives/89. warm/MVI_5222.MOV,Adjectives/89. warm/MVI_5222.MOV,60,Adjectives__89. warm__MVI_5222.npy,skipped,,,,
Adjectives,89. warm,MVI_5223,/Users/yamini/Desktop/projects/ISL PROJECT/include_videos/Adjectives/89. warm/MVI_5223.MOV,Adjectives/89. warm/MVI_5223.MOV,62,Adjectives__89. warm__MVI_5223.npy,skipped,,,,
Adjectives,89. warm,MVI_5224,/Users/yamini/Desktop/projects/ISL PROJECT/include_videos/Adjectives/89. warm/MVI_5224.MOV,Adjectives/89. warm/MVI_5224.MOV,67,Adjectives__89. warm__MVI_5224.npy,skipped,,,,
Adjectives,89. warm,MVI_5301,/Users/yamini/Desktop/projects/ISL PROJECT/include_videos/Adjectives/89. warm/MVI_5301.MOV,Adjectives/89. warm/MVI_5301.MOV,53,Adjectives__89. warm__MVI_5301.npy,skipped,,,,
Adjectives,89. warm,MVI_5302,/Users/yamini/Desktop/projects/ISL PROJECT/include_videos/Adjectives/89. warm/MVI_5302.MOV,Adjectives/89. warm/MVI_5302.MOV,55,Adjectives__89. warm__MVI_5302.npy,skipped,,,,
Adjectives,89. warm,MVI_5303,/Users/yamini/Desktop/projects/ISL PROJECT/include_videos/Adjectives/89. warm/MVI_5303.MOV,Adjectives/89. warm/MVI_5303.MOV,46,Adjectives__89. warm__MVI_5303.npy,skipped,,,,
Adjectives,89. warm,MVI_9253,/Users/yamini/Desktop/projects/ISL PROJECT/include_videos/Adjectives/89. warm/MVI_9253.MOV,Adjectives/89. warm/MVI_9253.MOV,48,Adjectives__89. warm__MVI_9253.npy,skipped,,,,
Adjectives,89. warm,MVI_9254,/Users/yamini/Desktop/projects/ISL PROJECT/include_videos/Adjectives/89. warm/MVI_9254.MOV,Adjectives/89. warm/MVI_9254.MOV,59,Adjectives__89. warm__MVI_9254.npy,skipped,,,,
Adjectives,89. warm,MVI_9255,/Users/yamini/Desktop/projects/ISL PROJECT/include_videos/Adjectives/89. warm/MVI_9255.MOV,Adjectives/89. warm/MVI_9255.MOV,51,Adjectives__89. warm__MVI_9255.npy,skipped,,,,
Adjectives,89. warm,MVI_9334,/Users/yamini/Desktop/projects/ISL PROJECT/include_videos/Adjectives/89. warm/MVI_9334.MOV,Adjectives/89. warm/MVI_9334.MOV,55,Adjectives__89. warm__MVI_9334.npy,skipped,,,,
Adjectives,89. warm,MVI_9335,/Users/yamini/Desktop/projects/ISL PROJECT/include_videos/Adjectives/89. warm/MVI_9335.MOV,Adjectives/89. warm/MVI_9335.MOV,57,Adjectives__89. warm__MVI_9335.npy,skipped,,,,
Adjectives,89. warm,MVI_9336,/Users/yamini/Desktop/projects/ISL PROJECT/include_videos/Adjectives/89. warm/MVI_9336.MOV,Adjectives/89. warm/MVI_9336.MOV,53,Adjectives__89. warm__MVI_9336.npy,skipped,,,,
Adjectives,89. warm,MVI_9415,/Users/yamini/Desktop/projects/ISL PROJECT/include_videos/Adjectives/89. warm/MVI_9415.MOV,Adjectives/89. warm/MVI_9415.MOV,77,Adjectives__89. warm__MVI_9415.npy,skipped,,,,
Adjectives,89. warm,MVI_9416,/Users/yamini/Desktop/projects/ISL PROJECT/include_videos/Adjectives/89. warm/MVI_9416.MOV,Adjectives/89. warm/MVI_9416.MOV,74,Adjectives__89. warm__MVI_9416.npy,skipped,,,,
Adjectives,89. warm,MVI_9417,/Users/yamini/Desktop/projects/ISL PROJECT/include_videos/Adjectives/89. warm/MVI_9417.MOV,Adjectives/89. warm/MVI_9417.MOV,66,Adjectives__89. warm__MVI_9417.npy,skipped,,,,
Adjectives,89. warm,MVI_9493,/Users/yamini/Desktop/projects/ISL PROJECT/include_videos/Adjectives/89. warm/MVI_9493.MOV,Adjectives/89. warm/MVI_9493.MOV,71,Adjectives__89. warm__MVI_9493.npy,skipped,,,,
Adjectives,89. warm,MVI_9494,/Users/yamini/Desktop/projects/ISL PROJECT/include_videos/Adjectives/89. warm/MVI_9494.MOV,Adjectives/89. warm/MVI_9494.MOV,66,Adjectives__89. warm__MVI_9494.npy,skipped,,,,
Adjectives,89. warm,MVI_9495,/Users/yamini/Desktop/projects/ISL PROJECT/include_videos/Adjectives/89. warm/MVI_9495.MOV,Adjectives/89. warm/MVI_9495.MOV,70,Adjectives__89. warm__MVI_9495.npy,skipped,,,,
Adjectives,9. Nice,MVI_9588,/Users/yamini/Desktop/projects/ISL PROJECT/include_videos/Adjectives/9. Nice/MVI_9588.MOV,Adjectives/9. Nice/MVI_9588.MOV,58,Adjectives__9. Nice__MVI_9588.npy,skipped,,,,
Adjectives,9. Nice,MVI_9589,/Users/yamini/Desktop/projects/ISL PROJECT/include_videos/Adjectives/9. Nice/MVI_9589.MOV,Adjectives/9. Nice/MVI_9589.MOV,56,Adjectives__9. Nice__MVI_9589.npy,skipped,,,,
Adjectives,9. Nice,MVI_9590,/Users/yamini/Desktop/projects/ISL PROJECT/include_videos/Adjectives/9. Nice/MVI_9590.MOV,Adjectives/9. Nice/MVI_9590.MOV,58,Adjectives__9. Nice__MVI_9590.npy,skipped,,,,
Adjectives,9. Nice,MVI_9591,/Users/yamini/Desktop/projects/ISL PROJECT/include_videos/Adjectives/9. Nice/MVI_9591.MOV,Adjectives/9. Nice/MVI_9591.MOV,59,Adjectives__9. Nice__MVI_9591.npy,skipped,,,,
Adjectives,90. cool,MVI_5145,/Users/yamini/Desktop/projects/ISL PROJECT/include_videos/Adjectives/90. cool/MVI_5145.MOV,Adjectives/90. cool/MVI_5145.MOV,75,Adjectives__90. cool__MVI_5145.npy,skipped,,,,
Adjectives,90. cool,MVI_5146,/Users/yamini/Desktop/projects/ISL PROJECT/include_videos/Adjectives/90. cool/MVI_5146.MOV,Adjectives/90. cool/MVI_5146.MOV,67,Adjectives__90. cool__MVI_5146.npy,skipped,,,,
Adjectives,90. cool,MVI_5147,/Users/yamini/Desktop/projects/ISL PROJECT/include_videos/Adjectives/90. cool/MVI_5147.MOV,Adjectives/90. cool/MVI_5147.MOV,68,Adjectives__90. cool__MVI_5147.npy,skipped,,,,
Adjectives,90. cool,MVI_5225,/Users/yamini/Desktop/projects/ISL PROJECT/include_videos/Adjectives/90. cool/MVI_5225.MOV,Adjectives/90. cool/MVI_5225.MOV,61,Adjectives__90. cool__MVI_5225.npy,skipped,,,,
Adjectives,90. cool,MVI_5226,/Users/yamini/Desktop/projects/ISL PROJECT/include_videos/Adjectives/90. cool/MVI_5226.MOV,Adjectives/90. cool/MVI_5226.MOV,51,Adjectives__90. cool__MVI_5226.npy,skipped,,,,
Adjectives,90. cool,MVI_5227,/Users/yamini/Desktop/projects/ISL PROJECT/include_videos/Adjectives/90. cool/MVI_5227.MOV,Adjectives/90. cool/MVI_5227.MOV,57,Adjectives__90. cool__MVI_5227.npy,skipped,,,,
Adjectives,90. cool,MVI_5304,/Users/yamini/Desktop/projects/ISL PROJECT/include_videos/Adjectives/90. cool/MVI_5304.MOV,Adjectives/90. cool/MVI_5304.MOV,50,Adjectives__90. cool__MVI_5304.npy,skipped,,,,
Adjectives,90. cool,MVI_5305,/Users/yamini/Desktop/projects/ISL PROJECT/include_videos/Adjectives/90. cool/MVI_5305.MOV,Adjectives/90. cool/MVI_5305.MOV,48,Adjectives__90. cool__MVI_5305.npy,skipped,,,,
Adjectives,90. cool,MVI_5306,/Users/yamini/Desktop/projects/ISL PROJECT/include_videos/Adjectives/90. cool/MVI_5306.MOV,Adjectives/90. cool/MVI_5306.MOV,43,Adjectives__90. cool__MVI_5306.npy,skipped,,,,
Adjectives,90. cool,MVI_9256,/Users/yamini/Desktop/projects/ISL PROJECT/include_videos/Adjectives/90. cool/MVI_9256.MOV,Adjectives/90. cool/MVI_9256.MOV,50,Adjectives__90. cool__MVI_9256.npy,skipped,,,,
Adjectives,90. cool,MVI_9257,/Users/yamini/Desktop/projects/ISL PROJECT/include_videos/Adjectives/90. cool/MVI_9257.MOV,Adjectives/90. cool/MVI_9257.MOV,46,Adjectives__90. cool__MVI_9257.npy,skipped,,,,
Adjectives,90. cool,MVI_9258,/Users/yamini/Desktop/projects/ISL PROJECT/include_videos/Adjectives/90. cool/MVI_9258.MOV,Adjectives/90. cool/MVI_9258.MOV,50,Adjectives__90. cool__MVI_9258.npy,skipped,,,,
Adjectives,90. cool,MVI_9337,/Users/yamini/Desktop/projects/ISL PROJECT/include_videos/Adjectives/90. cool/MVI_9337.MOV,Adjectives/90. cool/MVI_9337.MOV,50,Adjectives__90. cool__MVI_9337.npy,skipped,,,,
Adjectives,90. cool,MVI_9338,/Users/yamini/Desktop/projects/ISL PROJECT/include_videos/Adjectives/90. cool/MVI_9338.MOV,Adjectives/90. cool/MVI_9338.MOV,59,Adjectives__90. cool__MVI_9338.npy,skipped,,,,
Adjectives,90. cool,MVI_9339,/Users/yamini/Desktop/projects/ISL PROJECT/include_videos/Adjectives/90. cool/MVI_9339.MOV,Adjectives/90. cool/MVI_9339.MOV,53,Adjectives__90. cool__MVI_9339.npy,skipped,,,,
Adjectives,90. cool,MVI_9418,/Users/yamini/Desktop/projects/ISL PROJECT/include_videos/Adjectives/90. cool/MVI_9418.MOV,Adjectives/90. cool/MVI_9418.MOV,55,Adjectives__90. cool__MVI_9418.npy,skipped,,,,
Adjectives,90. cool,MVI_9419,/Users/yamini/Desktop/projects/ISL PROJECT/include_videos/Adjectives/90. cool/MVI_9419.MOV,Adjectives/90. cool/MVI_9419.MOV,50,Adjectives__90. cool__MVI_9419.npy,skipped,,,,
Adjectives,90. cool,MVI_9420,/Users/yamini/Desktop/projects/ISL PROJECT/include_videos/Adjectives/90. cool/MVI_9420.MOV,Adjectives/90. cool/MVI_9420.MOV,45,Adjectives__90. cool__MVI_9420.npy,skipped,,,,
Adjectives,90. cool,MVI_9497,/Users/yamini/Desktop/projects/ISL PROJECT/include_videos/Adjectives/90. cool/MVI_9497.MOV,Adjectives/90. cool/MVI_9497.MOV,53,Adjectives__90. cool__MVI_9497.npy,skipped,,,,
Adjectives,90. cool,MVI_9498,/Users/yamini/Desktop/projects/ISL PROJECT/include_videos/Adjectives/90. cool/MVI_9498.MOV,Adjectives/90. cool/MVI_9498.MOV,53,Adjectives__90. cool__MVI_9498.npy,skipped,,,,
Adjectives,90. cool,MVI_9499,/Users/yamini/Desktop/projects/ISL PROJECT/include_videos/Adjectives/90. cool/MVI_9499.MOV,Adjectives/90. cool/MVI_9499.MOV,56,Adjectives__90. cool__MVI_9499.npy,skipped,,,,
Adjectives,91. new,MVI_5148,/Users/yamini/Desktop/projects/ISL PROJECT/include_videos/Adjectives/91. new/MVI_5148.MOV,Adjectives/91. new/MVI_5148.MOV,57,Adjectives__91. new__MVI_5148.npy,skipped,,,,
Adjectives,91. new,MVI_5150,/Users/yamini/Desktop/projects/ISL PROJECT/include_videos/Adjectives/91. new/MVI_5150.MOV,Adjectives/91. new/MVI_5150.MOV,64,Adjectives__91. new__MVI_5150.npy,skipped,,,,
Adjectives,91. new,MVI_5151,/Users/yamini/Desktop/projects/ISL PROJECT/include_videos/Adjectives/91. new/MVI_5151.MOV,Adjectives/91. new/MVI_5151.MOV,59,Adjectives__91. new__MVI_5151.npy,skipped,,,,
Adjectives,91. new,MVI_5229,/Users/yamini/Desktop/projects/ISL PROJECT/include_videos/Adjectives/91. new/MVI_5229.MOV,Adjectives/91. new/MVI_5229.MOV,54,Adjectives__91. new__MVI_5229.npy,skipped,,,,
Adjectives,91. new,MVI_5230,/Users/yamini/Desktop/projects/ISL PROJECT/include_videos/Adjectives/91. new/MVI_5230.MOV,Adjectives/91. new/MVI_5230.MOV,57,Adjectives__91. new__MVI_5230.npy,skipped,,,,
Adjectives,91. new,MVI_5231,/Users/yamini/Desktop/projects/ISL PROJECT/include_videos/Adjectives/91. new/MVI_5231.MOV,Adjectives/91. new/MVI_5231.MOV,62,Adjectives__91. new__MVI_5231.npy,skipped,,,,
Adjectives,91. new,MVI_5307,/Users/yamini/Desktop/projects/ISL PROJECT/include_videos/Adjectives/91. new/MVI_5307.MOV,Adjectives/91. new/MVI_5307.MOV,39,Adjectives__91. new__MVI_5307.npy,skipped,,,,
Adjectives,91. new,MVI_5308,/Users/yamini/Desktop/projects/ISL PROJECT/include_videos/Adjectives/91. new/MVI_5308.MOV,Adjectives/91. new/MVI_5308.MOV,42,Adjectives__91. new__MVI_5308.npy,skipped,,,,
Adjectives,91. new,MVI_5309,/Users/yamini/Desktop/projects/ISL PROJECT/include_videos/Adjectives/91. new/MVI_5309.MOV,Adjectives/91. new/MVI_5309.MOV,46,Adjectives__91. new__MVI_5309.npy,skipped,,,,
Adjectives,91. new,MVI_9259,/Users/yamini/Desktop/projects/ISL PROJECT/include_videos/Adjectives/91. new/MVI_9259.MOV,Adjectives/91. new/MVI_9259.MOV,46,Adjectives__91. new__MVI_9259.npy,skipped,,,,
Adjectives,91. new,MVI_9260,/Users/yamini/Desktop/projects/ISL PROJECT/include_videos/Adjectives/91. new/MVI_9260.MOV,Adjectives/91. new/MVI_9260.MOV,49,Adjectives__91. new__MVI_9260.npy,skipped,,,,
Adjectives,91. new,MVI_9261,/Users/yamini/Desktop/projects/ISL PROJECT/include_videos/Adjectives/91. new/MVI_9261.MOV,Adjectives/91. new/MVI_9261.MOV,49,Adjectives__91. new__MVI_9261.npy,skipped,,,,
Adjectives,91. new,MVI_9340,/Users/yamini/Desktop/projects/ISL PROJECT/include_videos/Adjectives/91. new/MVI_9340.MOV,Adjectives/91. new/MVI_9340.MOV,49,Adjectives__91. new__MVI_9340.npy,skipped,,,,
Adjectives,91. new,MVI_9341,/Users/yamini/Desktop/projects/ISL PROJECT/include_videos/Adjectives/91. new/MVI_9341.MOV,Adjectives/91. new/MVI_9341.MOV,49,Adjectives__91. new__MVI_9341.npy,skipped,,,,
Adjectives,91. new,MVI_9342,/Users/yamini/Desktop/projects/ISL PROJECT/include_videos/Adjectives/91. new/MVI_9342.MOV,Adjectives/91. new/MVI_9342.MOV,47,Adjectives__91. new__MVI_9342.npy,skipped,,,,
Adjectives,91. new,MVI_9421,/Users/yamini/Desktop/projects/ISL PROJECT/include_videos/Adjectives/91. new/MVI_9421.MOV,Adjectives/91. new/MVI_9421.MOV,63,Adjectives__91. new__MVI_9421.npy,skipped,,,,
Adjectives,91. new,MVI_9422,/Users/yamini/Desktop/projects/ISL PROJECT/include_videos/Adjectives/91. new/MVI_9422.MOV,Adjectives/91. new/MVI_9422.MOV,47,Adjectives__91. new__MVI_9422.npy,skipped,,,,
Adjectives,91. new,MVI_9423,/Users/yamini/Desktop/projects/ISL PROJECT/include_videos/Adjectives/91. new/MVI_9423.MOV,Adjectives/91. new/MVI_9423.MOV,49,Adjectives__91. new__MVI_9423.npy,skipped,,,,
Adjectives,91. new,MVI_9500,/Users/yamini/Desktop/projects/ISL PROJECT/include_videos/Adjectives/91. new/MVI_9500.MOV,Adjectives/91. new/MVI_9500.MOV,56,Adjectives__91. new__MVI_9500.npy,skipped,,,,
Adjectives,91. new,MVI_9501,/Users/yamini/Desktop/projects/ISL PROJECT/include_videos/Adjectives/91. new/MVI_9501.MOV,Adjectives/91. new/MVI_9501.MOV,49,Adjectives__91. new__MVI_9501.npy,skipped,,,,
Adjectives,91. new,MVI_9502,/Users/yamini/Desktop/projects/ISL PROJECT/include_videos/Adjectives/91. new/MVI_9502.MOV,Adjectives/91. new/MVI_9502.MOV,52,Adjectives__91. new__MVI_9502.npy,skipped,,,,
Adjectives,92. old,MVI_5152,/Users/yamini/Desktop/projects/ISL PROJECT/include_videos/Adjectives/92. old/MVI_5152.MOV,Adjectives/92. old/MVI_5152.MOV,67,Adjectives__92. old__MVI_5152.npy,skipped,,,,
Adjectives,92. old,MVI_5153,/Users/yamini/Desktop/projects/ISL PROJECT/include_videos/Adjectives/92. old/MVI_5153.MOV,Adjectives/92. old/MVI_5153.MOV,65,Adjectives__92. old__MVI_5153.npy,skipped,,,,
Adjectives,92. old,MVI_5154,/Users/yamini/Desktop/projects/ISL PROJECT/include_videos/Adjectives/92. old/MVI_5154.MOV,Adjectives/92. old/MVI_5154.MOV,72,Adjectives__92. old__MVI_5154.npy,skipped,,,,
Adjectives,92. old,MVI_5232,/Users/yamini/Desktop/projects/ISL PROJECT/include_videos/Adjectives/92. old/MVI_5232.MOV,Adjectives/92. old/MVI_5232.MOV,50,Adjectives__92. old__MVI_5232.npy,skipped,,,,
Adjectives,92. old,MVI_5233,/Users/yamini/Desktop/projects/ISL PROJECT/include_videos/Adjectives/92. old/MVI_5233.MOV,Adjectives/92. old/MVI_5233.MOV,60,Adjectives__92. old__MVI_5233.npy,skipped,,,,
Adjectives,92. old,MVI_5234,/Users/yamini/Desktop/projects/ISL PROJECT/include_videos/Adjectives/92. old/MVI_5234.MOV,Adjectives/92. old/MVI_5234.MOV,57,Adjectives__92. old__MVI_5234.npy,skipped,,,,
Adjectives,92. old,MVI_5310,/Users/yamini/Desktop/projects/ISL PROJECT/include_videos/Adjectives/92. old/MVI_5310.MOV,Adjectives/92. old/MVI_5310.MOV,39,Adjectives__92. old__MVI_5310.npy,skipped,,,,
Adjectives,92. old,MVI_5311,/Users/yamini/Desktop/projects/ISL PROJECT/include_videos/Adjectives/92. old/MVI_5311.MOV,Adjectives/92. old/MVI_5311.MOV,48,Adjectives__92. old__MVI_5311.npy,skipped,,,,
Adjectives,92. old,MVI_5312,/Users/yamini/Desktop/projects/ISL PROJECT/include_videos/Adjectives/92. old/MVI_5312.MOV,Adjectives/92. old/MVI_5312.MOV,49,Adjectives__92. old__MVI_5312.npy,skipped,,,,
Adjectives,92. old,MVI_9262,/Users/yamini/Desktop/projects/ISL PROJECT/include_videos/Adjectives/92. old/MVI_9262.MOV,Adjectives/92. old/MVI_9262.MOV,46,Adjectives__92. old__MVI_9262.npy,skipped,,,,
Adjectives,92. old,MVI_9263,/Users/yamini/Desktop/projects/ISL PROJECT/include_videos/Adjectives/92. old/MVI_9263.MOV,Adjectives/92. old/MVI_9263.MOV,51,Adjectives__92. old__MVI_9263.npy,skipped,,,,
Adjectives,92. old,MVI_9264,/Users/yamini/Desktop/projects/ISL PROJECT/include_videos/Adjectives/92. old/MVI_9264.MOV,Adjectives/92. old/MVI_9264.MOV,51,Adjectives__92. old__MVI_9264.npy,skipped,,,,
Adjectives,92. old,MVI_9343,/Users/yamini/Desktop/projects/ISL PROJECT/include_videos/Adjectives/92. old/MVI_9343.MOV,Adjectives/92. old/MVI_9343.MOV,50,Adjectives__92. old__MVI_9343.npy,skipped,,,,
Adjectives,92. old,MVI_9344,/Users/yamini/Desktop/projects/ISL PROJECT/include_videos/Adjectives/92. old/MVI_9344.MOV,Adjectives/92. old/MVI_9344.MOV,56,Adjectives__92. old__MVI_9344.npy,skipped,,,,
Adjectives,92. old,MVI_9345,/Users/yamini/Desktop/projects/ISL PROJECT/include_videos/Adjectives/92. old/MVI_9345.MOV,Adjectives/92. old/MVI_9345.MOV,52,Adjectives__92. old__MVI_9345.npy,skipped,,,,
Adjectives,92. old,MVI_9424,/Users/yamini/Desktop/projects/ISL PROJECT/include_videos/Adjectives/92. old/MVI_9424.MOV,Adjectives/92. old/MVI_9424.MOV,56,Adjectives__92. old__MVI_9424.npy,skipped,,,,
Adjectives,92. old,MVI_9425,/Users/yamini/Desktop/projects/ISL PROJECT/include_videos/Adjectives/92. old/MVI_9425.MOV,Adjectives/92. old/MVI_9425.MOV,50,Adjectives__92. old__MVI_9425.npy,skipped,,,,
Adjectives,92. old,MVI_9426,/Users/yamini/Desktop/projects/ISL PROJECT/include_videos/Adjectives/92. old/MVI_9426.MOV,Adjectives/92. old/MVI_9426.MOV,49,Adjectives__92. old__MVI_9426.npy,skipped,,,,
Adjectives,92. old,MVI_9504,/Users/yamini/Desktop/projects/ISL PROJECT/include_videos/Adjectives/92. old/MVI_9504.MOV,Adjectives/92. old/MVI_9504.MOV,59,Adjectives__92. old__MVI_9504.npy,skipped,,,,
Adjectives,92. old,MVI_9505,/Users/yamini/Desktop/projects/ISL PROJECT/include_videos/Adjectives/92. old/MVI_9505.MOV,Adjectives/92. old/MVI_9505.MOV,63,Adjectives__92. old__MVI_9505.npy,skipped,,,,
Adjectives,92. old,MVI_9506,/Users/yamini/Desktop/projects/ISL PROJECT/include_videos/Adjectives/92. old/MVI_9506.MOV,Adjectives/92. old/MVI_9506.MOV,62,Adjectives__92. old__MVI_9506.npy,skipped,,,,
Adjectives,93. young,MVI_5155,/Users/yamini/Desktop/projects/ISL PROJECT/include_videos/Adjectives/93. young/MVI_5155.MOV,Adjectives/93. young/MVI_5155.MOV,66,Adjectives__93. young__MVI_5155.npy,skipped,,,,
Adjectives,93. young,MVI_5156,/Users/yamini/Desktop/projects/ISL PROJECT/include_videos/Adjectives/93. young/MVI_5156.MOV,Adjectives/93. young/MVI_5156.MOV,67,Adjectives__93. young__MVI_5156.npy,skipped,,,,
Adjectives,93. young,MVI_5157,/Users/yamini/Desktop/projects/ISL PROJECT/include_videos/Adjectives/93. young/MVI_5157.MOV,Adjectives/93. young/MVI_5157.MOV,76,Adjectives__93. young__MVI_5157.npy,skipped,,,,
Adjectives,93. young,MVI_5235,/Users/yamini/Desktop/projects/ISL PROJECT/include_videos/Adjectives/93. young/MVI_5235.MOV,Adjectives/93. young/MVI_5235.MOV,60,Adjectives__93. young__MVI_5235.npy,skipped,,,,
Adjectives,93. young,MVI_5236,/Users/yamini/Desktop/projects/ISL PROJECT/include_videos/Adjectives/93. young/MVI_5236.MOV,Adjectives/93. young/MVI_5236.MOV,65,Adjectives__93. young__MVI_5236.npy,skipped,,,,
Adjectives,93. young,MVI_5237,/Users/yamini/Desktop/projects/ISL PROJECT/include_videos/Adjectives/93. young/MVI_5237.MOV,Adjectives/93. young/MVI_5237.MOV,67,Adjectives__93. young__MVI_5237.npy,skipped,,,,
Adjectives,93. young,MVI_5313,/Users/yamini/Desktop/projects/ISL PROJECT/include_videos/Adjectives/93. young/MVI_5313.MOV,Adjectives/93. young/MVI_5313.MOV,45,Adjectives__93. young__MVI_5313.npy,skipped,,,,
Adjectives,93. young,MVI_5314,/Users/yamini/Desktop/projects/ISL PROJECT/include_videos/Adjectives/93. young/MVI_5314.MOV,Adjectives/93. young/MVI_5314.MOV,52,Adjectives__93. young__MVI_5314.npy,skipped,,,,
Adjectives,93. young,MVI_5315,/Users/yamini/Desktop/projects/ISL PROJECT/include_videos/Adjectives/93. young/MVI_5315.MOV,Adjectives/93. young/MVI_5315.MOV,47,Adjectives__93. young__MVI_5315.npy,skipped,,,,
Adjectives,93. young,MVI_9265,/Users/yamini/Desktop/projects/ISL PROJECT/include_videos/Adjectives/93. young/MVI_9265.MOV,Adjectives/93. young/MVI_9265.MOV,42,Adjectives__93. young__MVI_9265.npy,skipped,,,,
Adjectives,93. young,MVI_9266,/Users/yamini/Desktop/projects/ISL PROJECT/include_videos/Adjectives/93. young/MVI_9266.MOV,Adjectives/93. young/MVI_9266.MOV,51,Adjectives__93. young__MVI_9266.npy,skipped,,,,
Adjectives,93. young,MVI_9267,/Users/yamini/Desktop/projects/ISL PROJECT/include_videos/Adjectives/93. young/MVI_9267.MOV,Adjectives/93. young/MVI_9267.MOV,55,Adjectives__93. young__MVI_9267.npy,skipped,,,,
Adjectives,93. young,MVI_9346,/Users/yamini/Desktop/projects/ISL PROJECT/include_videos/Adjectives/93. young/MVI_9346.MOV,Adjectives/93. young/MVI_9346.MOV,44,Adjectives__93. young__MVI_9346.npy,skipped,,,,
Adjectives,93. young,MVI_9347,/Users/yamini/Desktop/projects/ISL PROJECT/include_videos/Adjectives/93. young/MVI_9347.MOV,Adjectives/93. young/MVI_9347.MOV,47,Adjectives__93. young__MVI_9347.npy,skipped,,,,
Adjectives,93. young,MVI_9348,/Users/yamini/Desktop/projects/ISL PROJECT/include_videos/Adjectives/93. young/MVI_9348.MOV,Adjectives/93. young/MVI_9348.MOV,46,Adjectives__93. young__MVI_9348.npy,skipped,,,,
Adjectives,93. young,MVI_9427,/Users/yamini/Desktop/projects/ISL PROJECT/include_videos/Adjectives/93. young/MVI_9427.MOV,Adjectives/93. young/MVI_9427.MOV,45,Adjectives__93. young__MVI_9427.npy,skipped,,,,
Adjectives,93. young,MVI_9428,/Users/yamini/Desktop/projects/ISL PROJECT/include_videos/Adjectives/93. young/MVI_9428.MOV,Adjectives/93. young/MVI_9428.MOV,48,Adjectives__93. young__MVI_9428.npy,skipped,,,,
Adjectives,93. young,MVI_9429,/Users/yamini/Desktop/projects/ISL PROJECT/include_videos/Adjectives/93. young/MVI_9429.MOV,Adjectives/93. young/MVI_9429.MOV,43,Adjectives__93. young__MVI_9429.npy,skipped,,,,
Adjectives,93. young,MVI_9507,/Users/yamini/Desktop/projects/ISL PROJECT/include_videos/Adjectives/93. young/MVI_9507.MOV,Adjectives/93. young/MVI_9507.MOV,58,Adjectives__93. young__MVI_9507.npy,skipped,,,,
Adjectives,93. young,MVI_9508,/Users/yamini/Desktop/projects/ISL PROJECT/include_videos/Adjectives/93. young/MVI_9508.MOV,Adjectives/93. young/MVI_9508.MOV,55,Adjectives__93. young__MVI_9508.npy,skipped,,,,
Adjectives,93. young,MVI_9509,/Users/yamini/Desktop/projects/ISL PROJECT/include_videos/Adjectives/93. young/MVI_9509.MOV,Adjectives/93. young/MVI_9509.MOV,51,Adjectives__93. young__MVI_9509.npy,skipped,,,,
Adjectives,94. good,MVI_5158,/Users/yamini/Desktop/projects/ISL PROJECT/include_videos/Adjectives/94. good/MVI_5158.MOV,Adjectives/94. good/MVI_5158.MOV,73,Adjectives__94. good__MVI_5158.npy,skipped,,,,
Adjectives,94. good,MVI_5159,/Users/yamini/Desktop/projects/ISL PROJECT/include_videos/Adjectives/94. good/MVI_5159.MOV,Adjectives/94. good/MVI_5159.MOV,63,Adjectives__94. good__MVI_5159.npy,skipped,,,,
Adjectives,94. good,MVI_5160,/Users/yamini/Desktop/projects/ISL PROJECT/include_videos/Adjectives/94. good/MVI_5160.MOV,Adjectives/94. good/MVI_5160.MOV,62,Adjectives__94. good__MVI_5160.npy,skipped,,,,
Adjectives,94. good,MVI_5238,/Users/yamini/Desktop/projects/ISL PROJECT/include_videos/Adjectives/94. good/MVI_5238.MOV,Adjectives/94. good/MVI_5238.MOV,49,Adjectives__94. good__MVI_5238.npy,skipped,,,,
Adjectives,94. good,MVI_5239,/Users/yamini/Desktop/projects/ISL PROJECT/include_videos/Adjectives/94. good/MVI_5239.MOV,Adjectives/94. good/MVI_5239.MOV,56,Adjectives__94. good__MVI_5239.npy,skipped,,,,
Adjectives,94. good,MVI_5240,/Users/yamini/Desktop/projects/ISL PROJECT/include_videos/Adjectives/94. good/MVI_5240.MOV,Adjectives/94. good/MVI_5240.MOV,65,Adjectives__94. good__MVI_5240.npy,skipped,,,,
Adjectives,94. good,MVI_5316,/Users/yamini/Desktop/projects/ISL PROJECT/include_videos/Adjectives/94. good/MVI_5316.MOV,Adjectives/94. good/MVI_5316.MOV,46,Adjectives__94. good__MVI_5316.npy,skipped,,,,
Adjectives,94. good,MVI_5317,/Users/yamini/Desktop/projects/ISL PROJECT/include_videos/Adjectives/94. good/MVI_5317.MOV,Adjectives/94. good/MVI_5317.MOV,49,Adjectives__94. good__MVI_5317.npy,skipped,,,,
Adjectives,94. good,MVI_5318,/Users/yamini/Desktop/projects/ISL PROJECT/include_videos/Adjectives/94. good/MVI_5318.MOV,Adjectives/94. good/MVI_5318.MOV,44,Adjectives__94. good__MVI_5318.npy,skipped,,,,
Adjectives,94. good,MVI_9268,/Users/yamini/Desktop/projects/ISL PROJECT/include_videos/Adjectives/94. good/MVI_9268.MOV,Adjectives/94. good/MVI_9268.MOV,46,Adjectives__94. good__MVI_9268.npy,skipped,,,,
Adjectives,94. good,MVI_9269,/Users/yamini/Desktop/projects/ISL PROJECT/include_videos/Adjectives/94. good/MVI_9269.MOV,Adjectives/94. good/MVI_9269.MOV,48,Adjectives__94. good__MVI_9269.npy,skipped,,,,
Adjectives,94. good,MVI_9270,/Users/yamini/Desktop/projects/ISL PROJECT/include_videos/Adjectives/94. good/MVI_9270.MOV,Adjectives/94. good/MVI_9270.MOV,46,Adjectives__94. good__MVI_9270.npy,skipped,,,,
Adjectives,94. good,MVI_9349,/Users/yamini/Desktop/projects/ISL PROJECT/include_videos/Adjectives/94. good/MVI_9349.MOV,Adjectives/94. good/MVI_9349.MOV,41,Adjectives__94. good__MVI_9349.npy,skipped,,,,
Adjectives,94. good,MVI_9350,/Users/yamini/Desktop/projects/ISL PROJECT/include_videos/Adjectives/94. good/MVI_9350.MOV,Adjectives/94. good/MVI_9350.MOV,45,Adjectives__94. good__MVI_9350.npy,skipped,,,,
Adjectives,94. good,MVI_9351,/Users/yamini/Desktop/projects/ISL PROJECT/include_videos/Adjectives/94. good/MVI_9351.MOV,Adjectives/94. good/MVI_9351.MOV,50,Adjectives__94. good__MVI_9351.npy,skipped,,,,
Adjectives,94. good,MVI_9430,/Users/yamini/Desktop/projects/ISL PROJECT/include_videos/Adjectives/94. good/MVI_9430.MOV,Adjectives/94. good/MVI_9430.MOV,67,Adjectives__94. good__MVI_9430.npy,skipped,,,,
Adjectives,94. good,MVI_9431,/Users/yamini/Desktop/projects/ISL PROJECT/include_videos/Adjectives/94. good/MVI_9431.MOV,Adjectives/94. good/MVI_9431.MOV,59,Adjectives__94. good__MVI_9431.npy,skipped,,,,
Adjectives,94. good,MVI_9432,/Users/yamini/Desktop/projects/ISL PROJECT/include_videos/Adjectives/94. good/MVI_9432.MOV,Adjectives/94. good/MVI_9432.MOV,59,Adjectives__94. good__MVI_9432.npy,skipped,,,,
Adjectives,94. good,MVI_9510,/Users/yamini/Desktop/projects/ISL PROJECT/include_videos/Adjectives/94. good/MVI_9510.MOV,Adjectives/94. good/MVI_9510.MOV,62,Adjectives__94. good__MVI_9510.npy,skipped,,,,
Adjectives,94. good,MVI_9511,/Users/yamini/Desktop/projects/ISL PROJECT/include_videos/Adjectives/94. good/MVI_9511.MOV,Adjectives/94. good/MVI_9511.MOV,56,Adjectives__94. good__MVI_9511.npy,skipped,,,,
Adjectives,94. good,MVI_9512,/Users/yamini/Desktop/projects/ISL PROJECT/include_videos/Adjectives/94. good/MVI_9512.MOV,Adjectives/94. good/MVI_9512.MOV,50,Adjectives__94. good__MVI_9512.npy,skipped,,,,
Adjectives,95. bad,MVI_5161,/Users/yamini/Desktop/projects/ISL PROJECT/include_videos/Adjectives/95. bad/MVI_5161.MOV,Adjectives/95. bad/MVI_5161.MOV,59,Adjectives__95. bad__MVI_5161.npy,skipped,,,,
Adjectives,95. bad,MVI_5162,/Users/yamini/Desktop/projects/ISL PROJECT/include_videos/Adjectives/95. bad/MVI_5162.MOV,Adjectives/95. bad/MVI_5162.MOV,55,Adjectives__95. bad__MVI_5162.npy,skipped,,,,
Adjectives,95. bad,MVI_5163,/Users/yamini/Desktop/projects/ISL PROJECT/include_videos/Adjectives/95. bad/MVI_5163.MOV,Adjectives/95. bad/MVI_5163.MOV,65,Adjectives__95. bad__MVI_5163.npy,skipped,,,,
Adjectives,95. bad,MVI_5241,/Users/yamini/Desktop/projects/ISL PROJECT/include_videos/Adjectives/95. bad/MVI_5241.MOV,Adjectives/95. bad/MVI_5241.MOV,51,Adjectives__95. bad__MVI_5241.npy,skipped,,,,
Adjectives,95. bad,MVI_5242,/Users/yamini/Desktop/projects/ISL PROJECT/include_videos/Adjectives/95. bad/MVI_5242.MOV,Adjectives/95. bad/MVI_5242.MOV,54,Adjectives__95. bad__MVI_5242.npy,skipped,,,,
Adjectives,95. bad,MVI_5243,/Users/yamini/Desktop/projects/ISL PROJECT/include_videos/Adjectives/95. bad/MVI_5243.MOV,Adjectives/95. bad/MVI_5243.MOV,48,Adjectives__95. bad__MVI_5243.npy,skipped,,,,
Adjectives,95. bad,MVI_5319,/Users/yamini/Desktop/projects/ISL PROJECT/include_videos/Adjectives/95. bad/MVI_5319.MOV,Adjectives/95. bad/MVI_5319.MOV,51,Adjectives__95. bad__MVI_5319.npy,skipped,,,,
Adjectives,95. bad,MVI_5320,/Users/yamini/Desktop/projects/ISL PROJECT/include_videos/Adjectives/95. bad/MVI_5320.MOV,Adjectives/95. bad/MVI_5320.MOV,50,Adjectives__95. bad__MVI_5320.npy,skipped,,,,
Adjectives,95. bad,MVI_5321,/Users/yamini/Desktop/projects/ISL PROJECT/include_videos/Adjectives/95. bad/MVI_5321.MOV,Adjectives/95. bad/MVI_5321.MOV,57,Adjectives__95. bad__MVI_5321.npy,skipped,,,,
Adjectives,95. bad,MVI_9271,/Users/yamini/Desktop/projects/ISL PROJECT/include_videos/Adjectives/95. bad/MVI_9271.MOV,Adjectives/95. bad/MVI_9271.MOV,44,Adjectives__95. bad__MVI_9271.npy,skipped,,,,
Adjectives,95. bad,MVI_9272,/Users/yamini/Desktop/projects/ISL PROJECT/include_videos/Adjectives/95. bad/MVI_9272.MOV,Adjectives/95. bad/MVI_9272.MOV,46,Adjectives__95. bad__MVI_9272.npy,skipped,,,,
Adjectives,95. bad,MVI_9273,/Users/yamini/Desktop/projects/ISL PROJECT/include_videos/Adjectives/95. bad/MVI_9273.MOV,Adjectives/95. bad/MVI_9273.MOV,44,Adjectives__95. bad__MVI_9273.npy,skipped,,,,
Adjectives,95. bad,MVI_9352,/Users/yamini/Desktop/projects/ISL PROJECT/include_videos/Adjectives/95. bad/MVI_9352.MOV,Adjectives/95. bad/MVI_9352.MOV,43,Adjectives__95. bad__MVI_9352.npy,skipped,,,,
Adjectives,95. bad,MVI_9353,/Users/yamini/Desktop/projects/ISL PROJECT/include_videos/Adjectives/95. bad/MVI_9353.MOV,Adjectives/95. bad/MVI_9353.MOV,46,Adjectives__95. bad__MVI_9353.npy,skipped,,,,
Adjectives,95. bad,MVI_9354,/Users/yamini/Desktop/projects/ISL PROJECT/include_videos/Adjectives/95. bad/MVI_9354.MOV,Adjectives/95. bad/MVI_9354.MOV,40,Adjectives__95. bad__MVI_9354.npy,skipped,,,,
Adjectives,95. bad,MVI_9433,/Users/yamini/Desktop/projects/ISL PROJECT/include_videos/Adjectives/95. bad/MVI_9433.MOV,Adjectives/95. bad/MVI_9433.MOV,46,Adjectives__95. bad__MVI_9433.npy,skipped,,,,
Adjectives,95. bad,MVI_9434,/Users/yamini/Desktop/projects/ISL PROJECT/include_videos/Adjectives/95. bad/MVI_9434.MOV,Adjectives/95. bad/MVI_9434.MOV,47,Adjectives__95. bad__MVI_9434.npy,skipped,,,,
Adjectives,95. bad,MVI_9435,/Users/yamini/Desktop/projects/ISL PROJECT/include_videos/Adjectives/95. bad/MVI_9435.MOV,Adjectives/95. bad/MVI_9435.MOV,46,Adjectives__95. bad__MVI_9435.npy,skipped,,,,
Adjectives,95. bad,MVI_9513,/Users/yamini/Desktop/projects/ISL PROJECT/include_videos/Adjectives/95. bad/MVI_9513.MOV,Adjectives/95. bad/MVI_9513.MOV,62,Adjectives__95. bad__MVI_9513.npy,skipped,,,,
Adjectives,95. bad,MVI_9514,/Users/yamini/Desktop/projects/ISL PROJECT/include_videos/Adjectives/95. bad/MVI_9514.MOV,Adjectives/95. bad/MVI_9514.MOV,59,Adjectives__95. bad__MVI_9514.npy,skipped,,,,
Adjectives,95. bad,MVI_9516,/Users/yamini/Desktop/projects/ISL PROJECT/include_videos/Adjectives/95. bad/MVI_9516.MOV,Adjectives/95. bad/MVI_9516.MOV,58,Adjectives__95. bad__MVI_9516.npy,skipped,,,,
Adjectives,96. wet,MVI_5164,/Users/yamini/Desktop/projects/ISL PROJECT/include_videos/Adjectives/96. wet/MVI_5164.MOV,Adjectives/96. wet/MVI_5164.MOV,83,Adjectives__96. wet__MVI_5164.npy,skipped,,,,
Adjectives,96. wet,MVI_5165,/Users/yamini/Desktop/projects/ISL PROJECT/include_videos/Adjectives/96. wet/MVI_5165.MOV,Adjectives/96. wet/MVI_5165.MOV,67,Adjectives__96. wet__MVI_5165.npy,skipped,,,,
Adjectives,96. wet,MVI_5166,/Users/yamini/Desktop/projects/ISL PROJECT/include_videos/Adjectives/96. wet/MVI_5166.MOV,Adjectives/96. wet/MVI_5166.MOV,76,Adjectives__96. wet__MVI_5166.npy,skipped,,,,
Adjectives,96. wet,MVI_5244,/Users/yamini/Desktop/projects/ISL PROJECT/include_videos/Adjectives/96. wet/MVI_5244.MOV,Adjectives/96. wet/MVI_5244.MOV,64,Adjectives__96. wet__MVI_5244.npy,skipped,,,,
Adjectives,96. wet,MVI_5245,/Users/yamini/Desktop/projects/ISL PROJECT/include_videos/Adjectives/96. wet/MVI_5245.MOV,Adjectives/96. wet/MVI_5245.MOV,71,Adjectives__96. wet__MVI_5245.npy,skipped,,,,
Adjectives,96. wet,MVI_5246,/Users/yamini/Desktop/projects/ISL PROJECT/include_videos/Adjectives/96. wet/MVI_5246.MOV,Adjectives/96. wet/MVI_5246.MOV,73,Adjectives__96. wet__MVI_5246.npy,skipped,,,,
Adjectives,96. wet,MVI_5322,/Users/yamini/Desktop/projects/ISL PROJECT/include_videos/Adjectives/96. wet/MVI_5322.MOV,Adjectives/96. wet/MVI_5322.MOV,54,Adjectives__96. wet__MVI_5322.npy,skipped,,,,
Adjectives,96. wet,MVI_5323,/Users/yamini/Desktop/projects/ISL PROJECT/include_videos/Adjectives/96. wet/MVI_5323.MOV,Adjectives/96. wet/MVI_5323.MOV,55,Adjectives__96. wet__MVI_5323.npy,skipped,,,,
Adjectives,96. wet,MVI_5324,/Users/yamini/Desktop/projects/ISL PROJECT/include_videos/Adjectives/96. wet/MVI_5324.MOV,Adjectives/96. wet/MVI_5324.MOV,54,Adjectives__96. wet__MVI_5324.npy,skipped,,,,
Adjectives,96. wet,MVI_9274,/Users/yamini/Desktop/projects/ISL PROJECT/include_videos/Adjectives/96. wet/MVI_9274.MOV,Adjectives/96. wet/MVI_9274.MOV,59,Adjectives__96. wet__MVI_9274.npy,skipped,,,,
Adjectives,96. wet,MVI_9275,/Users/yamini/Desktop/projects/ISL PROJECT/include_videos/Adjectives/96. wet/MVI_9275.MOV,Adjectives/96. wet/MVI_9275.MOV,63,Adjectives__96. wet__MVI_9275.npy,skipped,,,,
Adjectives,96. wet,MVI_9276,/Users/yamini/Desktop/projects/ISL PROJECT/include_videos/Adjectives/96. wet/MVI_9276.MOV,Adjectives/96. wet/MVI_9276.MOV,65,Adjectives__96. wet__MVI_9276.npy,skipped,,,,
Adjectives,96. wet,MVI_9355,/Users/yamini/Desktop/projects/ISL PROJECT/include_videos/Adjectives/96. wet/MVI_9355.MOV,Adjectives/96. wet/MVI_9355.MOV,60,Adjectives__96. wet__MVI_9355.npy,skipped,,,,
Adjectives,96. wet,MVI_9356,/Users/yamini/Desktop/projects/ISL PROJECT/include_videos/Adjectives/96. wet/MVI_9356.MOV,Adjectives/96. wet/MVI_9356.MOV,57,Adjectives__96. wet__MVI_9356.npy,skipped,,,,
Adjectives,96. wet,MVI_9357,/Users/yamini/Desktop/projects/ISL PROJECT/include_videos/Adjectives/96. wet/MVI_9357.MOV,Adjectives/96. wet/MVI_9357.MOV,59,Adjectives__96. wet__MVI_9357.npy,skipped,,,,
Adjectives,96. wet,MVI_9436,/Users/yamini/Desktop/projects/ISL PROJECT/include_videos/Adjectives/96. wet/MVI_9436.MOV,Adjectives/96. wet/MVI_9436.MOV,65,Adjectives__96. wet__MVI_9436.npy,skipped,,,,
Adjectives,96. wet,MVI_9437,/Users/yamini/Desktop/projects/ISL PROJECT/include_videos/Adjectives/96. wet/MVI_9437.MOV,Adjectives/96. wet/MVI_9437.MOV,63,Adjectives__96. wet__MVI_9437.npy,skipped,,,,
Adjectives,96. wet,MVI_9438,/Users/yamini/Desktop/projects/ISL PROJECT/include_videos/Adjectives/96. wet/MVI_9438.MOV,Adjectives/96. wet/MVI_9438.MOV,60,Adjectives__96. wet__MVI_9438.npy,skipped,,,,
Adjectives,96. wet,MVI_9517,/Users/yamini/Desktop/projects/ISL PROJECT/include_videos/Adjectives/96. wet/MVI_9517.MOV,Adjectives/96. wet/MVI_9517.MOV,68,Adjectives__96. wet__MVI_9517.npy,skipped,,,,
Adjectives,96. wet,MVI_9518,/Users/yamini/Desktop/projects/ISL PROJECT/include_videos/Adjectives/96. wet/MVI_9518.MOV,Adjectives/96. wet/MVI_9518.MOV,62,Adjectives__96. wet__MVI_9518.npy,skipped,,,,
Adjectives,96. wet,MVI_9520,/Users/yamini/Desktop/projects/ISL PROJECT/include_videos/Adjectives/96. wet/MVI_9520.MOV,Adjectives/96. wet/MVI_9520.MOV,66,Adjectives__96. wet__MVI_9520.npy,skipped,,,,
Adjectives,97. dry,MVI_5167,/Users/yamini/Desktop/projects/ISL PROJECT/include_videos/Adjectives/97. dry/MVI_5167.MOV,Adjectives/97. dry/MVI_5167.MOV,68,Adjectives__97. dry__MVI_5167.npy,skipped,,,,
Adjectives,97. dry,MVI_5168,/Users/yamini/Desktop/projects/ISL PROJECT/include_videos/Adjectives/97. dry/MVI_5168.MOV,Adjectives/97. dry/MVI_5168.MOV,80,Adjectives__97. dry__MVI_5168.npy,skipped,,,,
Adjectives,97. dry,MVI_5169,/Users/yamini/Desktop/projects/ISL PROJECT/include_videos/Adjectives/97. dry/MVI_5169.MOV,Adjectives/97. dry/MVI_5169.MOV,82,Adjectives__97. dry__MVI_5169.npy,skipped,,,,
Adjectives,97. dry,MVI_5248,/Users/yamini/Desktop/projects/ISL PROJECT/include_videos/Adjectives/97. dry/MVI_5248.MOV,Adjectives/97. dry/MVI_5248.MOV,58,Adjectives__97. dry__MVI_5248.npy,skipped,,,,
Adjectives,97. dry,MVI_5249,/Users/yamini/Desktop/projects/ISL PROJECT/include_videos/Adjectives/97. dry/MVI_5249.MOV,Adjectives/97. dry/MVI_5249.MOV,67,Adjectives__97. dry__MVI_5249.npy,skipped,,,,
Adjectives,97. dry,MVI_5250,/Users/yamini/Desktop/projects/ISL PROJECT/include_videos/Adjectives/97. dry/MVI_5250.MOV,Adjectives/97. dry/MVI_5250.MOV,67,Adjectives__97. dry__MVI_5250.npy,skipped,,,,
Adjectives,97. dry,MVI_5326,/Users/yamini/Desktop/projects/ISL PROJECT/include_videos/Adjectives/97. dry/MVI_5326.MOV,Adjectives/97. dry/MVI_5326.MOV,60,Adjectives__97. dry__MVI_5326.npy,skipped,,,,
Adjectives,97. dry,MVI_5327,/Users/yamini/Desktop/projects/ISL PROJECT/include_videos/Adjectives/97. dry/MVI_5327.MOV,Adjectives/97. dry/MVI_5327.MOV,58,Adjectives__97. dry__MVI_5327.npy,skipped,,,,
Adjectives,97. dry,MVI_5328,/Users/yamini/Desktop/projects/ISL PROJECT/include_videos/Adjectives/97. dry/MVI_5328.MOV,Adjectives/97. dry/MVI_5328.MOV,55,Adjectives__97. dry__MVI_5328.npy,skipped,,,,
Adjectives,97. dry,MVI_9277,/Users/yamini/Desktop/projects/ISL PROJECT/include_videos/Adjectives/97. dry/MVI_9277.MOV,Adjectives/97. dry/MVI_9277.MOV,57,Adjectives__97. dry__MVI_9277.npy,skipped,,,,
Adjectives,97. dry,MVI_9278,/Users/yamini/Desktop/projects/ISL PROJECT/include_videos/Adjectives/97. dry/MVI_9278.MOV,Adjectives/97. dry/MVI_9278.MOV,62,Adjectives__97. dry__MVI_9278.npy,skipped,,,,
Adjectives,97. dry,MVI_9279,/Users/yamini/Desktop/projects/ISL PROJECT/include_videos/Adjectives/97. dry/MVI_9279.MOV,Adjectives/97. dry/MVI_9279.MOV,56,Adjectives__97. dry__MVI_9279.npy,skipped,,,,
Adjectives,97. dry,MVI_9359,/Users/yamini/Desktop/projects/ISL PROJECT/include_videos/Adjectives/97. dry/MVI_9359.MOV,Adjectives/97. dry/MVI_9359.MOV,55,Adjectives__97. dry__MVI_9359.npy,skipped,,,,
Adjectives,97. dry,MVI_9360,/Users/yamini/Desktop/projects/ISL PROJECT/include_videos/Adjectives/97. dry/MVI_9360.MOV,Adjectives/97. dry/MVI_9360.MOV,53,Adjectives__97. dry__MVI_9360.npy,skipped,,,,
Adjectives,97. dry,MVI_9361,/Users/yamini/Desktop/projects/ISL PROJECT/include_videos/Adjectives/97. dry/MVI_9361.MOV,Adjectives/97. dry/MVI_9361.MOV,53,Adjectives__97. dry__MVI_9361.npy,skipped,,,,
Adjectives,97. dry,MVI_9439,/Users/yamini/Desktop/projects/ISL PROJECT/include_videos/Adjectives/97. dry/MVI_9439.MOV,Adjectives/97. dry/MVI_9439.MOV,63,Adjectives__97. dry__MVI_9439.npy,skipped,,,,
Adjectives,97. dry,MVI_9440,/Users/yamini/Desktop/projects/ISL PROJECT/include_videos/Adjectives/97. dry/MVI_9440.MOV,Adjectives/97. dry/MVI_9440.MOV,58,Adjectives__97. dry__MVI_9440.npy,skipped,,,,
Adjectives,97. dry,MVI_9441,/Users/yamini/Desktop/projects/ISL PROJECT/include_videos/Adjectives/97. dry/MVI_9441.MOV,Adjectives/97. dry/MVI_9441.MOV,57,Adjectives__97. dry__MVI_9441.npy,skipped,,,,
Adjectives,97. dry,MVI_9521,/Users/yamini/Desktop/projects/ISL PROJECT/include_videos/Adjectives/97. dry/MVI_9521.MOV,Adjectives/97. dry/MVI_9521.MOV,63,Adjectives__97. dry__MVI_9521.npy,skipped,,,,
Adjectives,97. dry,MVI_9522,/Users/yamini/Desktop/projects/ISL PROJECT/include_videos/Adjectives/97. dry/MVI_9522.MOV,Adjectives/97. dry/MVI_9522.MOV,64,Adjectives__97. dry__MVI_9522.npy,skipped,,,,
Adjectives,97. dry,MVI_9523,/Users/yamini/Desktop/projects/ISL PROJECT/include_videos/Adjectives/97. dry/MVI_9523.MOV,Adjectives/97. dry/MVI_9523.MOV,66,Adjectives__97. dry__MVI_9523.npy,skipped,,,,
Adjectives,98. sick,MVI_5170,/Users/yamini/Desktop/projects/ISL PROJECT/include_videos/Adjectives/98. sick/MVI_5170.MOV,Adjectives/98. sick/MVI_5170.MOV,70,Adjectives__98. sick__MVI_5170.npy,skipped,,,,
Adjectives,98. sick,MVI_5171,/Users/yamini/Desktop/projects/ISL PROJECT/include_videos/Adjectives/98. sick/MVI_5171.MOV,Adjectives/98. sick/MVI_5171.MOV,85,Adjectives__98. sick__MVI_5171.npy,skipped,,,,
Adjectives,98. sick,MVI_5172,/Users/yamini/Desktop/projects/ISL PROJECT/include_videos/Adjectives/98. sick/MVI_5172.MOV,Adjectives/98. sick/MVI_5172.MOV,78,Adjectives__98. sick__MVI_5172.npy,skipped,,,,
Adjectives,98. sick,MVI_5251,/Users/yamini/Desktop/projects/ISL PROJECT/include_videos/Adjectives/98. sick/MVI_5251.MOV,Adjectives/98. sick/MVI_5251.MOV,66,Adjectives__98. sick__MVI_5251.npy,skipped,,,,
Adjectives,98. sick,MVI_5252,/Users/yamini/Desktop/projects/ISL PROJECT/include_videos/Adjectives/98. sick/MVI_5252.MOV,Adjectives/98. sick/MVI_5252.MOV,62,Adjectives__98. sick__MVI_5252.npy,skipped,,,,
Adjectives,98. sick,MVI_5253,/Users/yamini/Desktop/projects/ISL PROJECT/include_videos/Adjectives/98. sick/MVI_5253.MOV,Adjectives/98. sick/MVI_5253.MOV,60,Adjectives__98. sick__MVI_5253.npy,skipped,,,,
Adjectives,98. sick,MVI_5329,/Users/yamini/Desktop/projects/ISL PROJECT/include_videos/Adjectives/98. sick/MVI_5329.MOV,Adjectives/98. sick/MVI_5329.MOV,47,Adjectives__98. sick__MVI_5329.npy,skipped,,,,
Adjectives,98. sick,MVI_5330,/Users/yamini/Desktop/projects/ISL PROJECT/include_videos/Adjectives/98. sick/MVI_5330.MOV,Adjectives/98. sick/MVI_5330.MOV,51,Adjectives__98. sick__MVI_5330.npy,skipped,,,,
Adjectives,98. sick,MVI_5331,/Users/yamini/Desktop/projects/ISL PROJECT/include_videos/Adjectives/98. sick/MVI_5331.MOV,Adjectives/98. sick/MVI_5331.MOV,55,Adjectives__98. sick__MVI_5331.npy,skipped,,,,
Adjectives,98. sick,MVI_9280,/Users/yamini/Desktop/projects/ISL PROJECT/include_videos/Adjectives/98. sick/MVI_9280.MOV,Adjectives/98. sick/MVI_9280.MOV,56,Adjectives__98. sick__MVI_9280.npy,skipped,,,,
Adjectives,98. sick,MVI_9281,/Users/yamini/Desktop/projects/ISL PROJECT/include_videos/Adjectives/98. sick/MVI_9281.MOV,Adjectives/98. sick/MVI_9281.MOV,54,Adjectives__98. sick__MVI_9281.npy,skipped,,,,
Adjectives,98. sick,MVI_9282,/Users/yamini/Desktop/projects/ISL PROJECT/include_videos/Adjectives/98. sick/MVI_9282.MOV,Adjectives/98. sick/MVI_9282.MOV,65,Adjectives__98. sick__MVI_9282.npy,skipped,,,,
Adjectives,98. sick,MVI_9362,/Users/yamini/Desktop/projects/ISL PROJECT/include_videos/Adjectives/98. sick/MVI_9362.MOV,Adjectives/98. sick/MVI_9362.MOV,47,Adjectives__98. sick__MVI_9362.npy,skipped,,,,
Adjectives,98. sick,MVI_9363,/Users/yamini/Desktop/projects/ISL PROJECT/include_videos/Adjectives/98. sick/MVI_9363.MOV,Adjectives/98. sick/MVI_9363.MOV,44,Adjectives__98. sick__MVI_9363.npy,skipped,,,,
Adjectives,98. sick,MVI_9364,/Users/yamini/Desktop/projects/ISL PROJECT/include_videos/Adjectives/98. sick/MVI_9364.MOV,Adjectives/98. sick/MVI_9364.MOV,45,Adjectives__98. sick__MVI_9364.npy,skipped,,,,
Adjectives,98. sick,MVI_9442,/Users/yamini/Desktop/projects/ISL PROJECT/include_videos/Adjectives/98. sick/MVI_9442.MOV,Adjectives/98. sick/MVI_9442.MOV,58,Adjectives__98. sick__MVI_9442.npy,skipped,,,,
Adjectives,98. sick,MVI_9443,/Users/yamini/Desktop/projects/ISL PROJECT/include_videos/Adjectives/98. sick/MVI_9443.MOV,Adjectives/98. sick/MVI_9443.MOV,60,Adjectives__98. sick__MVI_9443.npy,skipped,,,,
Adjectives,98. sick,MVI_9444,/Users/yamini/Desktop/projects/ISL PROJECT/include_videos/Adjectives/98. sick/MVI_9444.MOV,Adjectives/98. sick/MVI_9444.MOV,56,Adjectives__98. sick__MVI_9444.npy,skipped,,,,
Adjectives,98. sick,MVI_9527,/Users/yamini/Desktop/projects/ISL PROJECT/include_videos/Adjectives/98. sick/MVI_9527.MOV,Adjectives/98. sick/MVI_9527.MOV,64,Adjectives__98. sick__MVI_9527.npy,skipped,,,,
Adjectives,98. sick,MVI_9528,/Users/yamini/Desktop/projects/ISL PROJECT/include_videos/Adjectives/98. sick/MVI_9528.MOV,Adjectives/98. sick/MVI_9528.MOV,69,Adjectives__98. sick__MVI_9528.npy,skipped,,,,
Adjectives,98. sick,MVI_9529,/Users/yamini/Desktop/projects/ISL PROJECT/include_videos/Adjectives/98. sick/MVI_9529.MOV,Adjectives/98. sick/MVI_9529.MOV,64,Adjectives__98. sick__MVI_9529.npy,skipped,,,,
Adjectives,99. healthy,MVI_5173,/Users/yamini/Desktop/projects/ISL PROJECT/include_videos/Adjectives/99. healthy/MVI_5173.MOV,Adjectives/99. healthy/MVI_5173.MOV,67,Adjectives__99. healthy__MVI_5173.npy,skipped,,,,
Adjectives,99. healthy,MVI_5174,/Users/yamini/Desktop/projects/ISL PROJECT/include_videos/Adjectives/99. healthy/MVI_5174.MOV,Adjectives/99. healthy/MVI_5174.MOV,78,Adjectives__99. healthy__MVI_5174.npy,skipped,,,,
Adjectives,99. healthy,MVI_5175,/Users/yamini/Desktop/projects/ISL PROJECT/include_videos/Adjectives/99. healthy/MVI_5175.MOV,Adjectives/99. healthy/MVI_5175.MOV,95,Adjectives__99. healthy__MVI_5175.npy,skipped,,,,
Adjectives,99. healthy,MVI_5254,/Users/yamini/Desktop/projects/ISL PROJECT/include_videos/Adjectives/99. healthy/MVI_5254.MOV,Adjectives/99. healthy/MVI_5254.MOV,62,Adjectives__99. healthy__MVI_5254.npy,skipped,,,,
Adjectives,99. healthy,MVI_5255,/Users/yamini/Desktop/projects/ISL PROJECT/include_videos/Adjectives/99. healthy/MVI_5255.MOV,Adjectives/99. healthy/MVI_5255.MOV,70,Adjectives__99. healthy__MVI_5255.npy,skipped,,,,
Adjectives,99. healthy,MVI_5256,/Users/yamini/Desktop/projects/ISL PROJECT/include_videos/Adjectives/99. healthy/MVI_5256.MOV,Adjectives/99. healthy/MVI_5256.MOV,67,Adjectives__99. healthy__MVI_5256.npy,skipped,,,,
Adjectives,99. healthy,MVI_5332,/Users/yamini/Desktop/projects/ISL PROJECT/include_videos/Adjectives/99. healthy/MVI_5332.MOV,Adjectives/99. healthy/MVI_5332.MOV,52,Adjectives__99. healthy__MVI_5332.npy,skipped,,,,
Adjectives,99. healthy,MVI_5333,/Users/yamini/Desktop/projects/ISL PROJECT/include_videos/Adjectives/99. healthy/MVI_5333.MOV,Adjectives/99. healthy/MVI_5333.MOV,51,Adjectives__99. healthy__MVI_5333.npy,skipped,,,,
Adjectives,99. healthy,MVI_5334,/Users/yamini/Desktop/projects/ISL PROJECT/include_videos/Adjectives/99. healthy/MVI_5334.MOV,Adjectives/99. healthy/MVI_5334.MOV,54,Adjectives__99. healthy__MVI_5334.npy,skipped,,,,
Adjectives,99. healthy,MVI_9286,/Users/yamini/Desktop/projects/ISL PROJECT/include_videos/Adjectives/99. healthy/MVI_9286.MOV,Adjectives/99. healthy/MVI_9286.MOV,55,Adjectives__99. healthy__MVI_9286.npy,skipped,,,,
Adjectives,99. healthy,MVI_9287,/Users/yamini/Desktop/projects/ISL PROJECT/include_videos/Adjectives/99. healthy/MVI_9287.MOV,Adjectives/99. healthy/MVI_9287.MOV,61,Adjectives__99. healthy__MVI_9287.npy,skipped,,,,
Adjectives,99. healthy,MVI_9288,/Users/yamini/Desktop/projects/ISL PROJECT/include_videos/Adjectives/99. healthy/MVI_9288.MOV,Adjectives/99. healthy/MVI_9288.MOV,65,Adjectives__99. healthy__MVI_9288.npy,skipped,,,,
Adjectives,99. healthy,MVI_9365,/Users/yamini/Desktop/projects/ISL PROJECT/include_videos/Adjectives/99. healthy/MVI_9365.MOV,Adjectives/99. healthy/MVI_9365.MOV,55,Adjectives__99. healthy__MVI_9365.npy,skipped,,,,
Adjectives,99. healthy,MVI_9366,/Users/yamini/Desktop/projects/ISL PROJECT/include_videos/Adjectives/99. healthy/MVI_9366.MOV,Adjectives/99. healthy/MVI_9366.MOV,57,Adjectives__99. healthy__MVI_9366.npy,skipped,,,,
Adjectives,99. healthy,MVI_9367,/Users/yamini/Desktop/projects/ISL PROJECT/include_videos/Adjectives/99. healthy/MVI_9367.MOV,Adjectives/99. healthy/MVI_9367.MOV,50,Adjectives__99. healthy__MVI_9367.npy,skipped,,,,
Adjectives,99. healthy,MVI_9445,/Users/yamini/Desktop/projects/ISL PROJECT/include_videos/Adjectives/99. healthy/MVI_9445.MOV,Adjectives/99. healthy/MVI_9445.MOV,64,Adjectives__99. healthy__MVI_9445.npy,skipped,,,,
Adjectives,99. healthy,MVI_9446,/Users/yamini/Desktop/projects/ISL PROJECT/include_videos/Adjectives/99. healthy/MVI_9446.MOV,Adjectives/99. healthy/MVI_9446.MOV,60,Adjectives__99. healthy__MVI_9446.npy,skipped,,,,
Adjectives,99. healthy,MVI_9447,/Users/yamini/Desktop/projects/ISL PROJECT/include_videos/Adjectives/99. healthy/MVI_9447.MOV,Adjectives/99. healthy/MVI_9447.MOV,57,Adjectives__99. healthy__MVI_9447.npy,skipped,,,,
Adjectives,99. healthy,MVI_9530,/Users/yamini/Desktop/projects/ISL PROJECT/include_videos/Adjectives/99. healthy/MVI_9530.MOV,Adjectives/99. healthy/MVI_9530.MOV,61,Adjectives__99. healthy__MVI_9530.npy,skipped,,,,
Adjectives,99. healthy,MVI_9531,/Users/yamini/Desktop/projects/ISL PROJECT/include_videos/Adjectives/99. healthy/MVI_9531.MOV,Adjectives/99. healthy/MVI_9531.MOV,60,Adjectives__99. healthy__MVI_9531.npy,skipped,,,,
Adjectives,99. healthy,MVI_9532,/Users/yamini/Desktop/projects/ISL PROJECT/include_videos/Adjectives/99. healthy/MVI_9532.MOV,Adjectives/99. healthy/MVI_9532.MOV,62,Adjectives__99. healthy__MVI_9532.npy,skipped,,,,
Animals,1. Dog,MVI_2978,/Users/yamini/Desktop/projects/ISL PROJECT/include_videos/Animals/1. Dog/MVI_2978.MOV,Animals/1. Dog/MVI_2978.MOV,117,Animals__1. Dog__MVI_2978.npy,skipped,,,,
Animals,1. Dog,MVI_2979,/Users/yamini/Desktop/projects/ISL PROJECT/include_videos/Animals/1. Dog/MVI_2979.MOV,Animals/1. Dog/MVI_2979.MOV,76,Animals__1. Dog__MVI_2979.npy,skipped,,,,
Animals,1. Dog,MVI_2980,/Users/yamini/Desktop/projects/ISL PROJECT/include_videos/Animals/1. Dog/MVI_2980.MOV,Animals/1. Dog/MVI_2980.MOV,89,Animals__1. Dog__MVI_2980.npy,skipped,,,,
Animals,1. Dog,MVI_3002,/Users/yamini/Desktop/projects/ISL PROJECT/include_videos/Animals/1. Dog/MVI_3002.MOV,Animals/1. Dog/MVI_3002.MOV,87,Animals__1. Dog__MVI_3002.npy,skipped,,,,
Animals,1. Dog,MVI_3003,/Users/yamini/Desktop/projects/ISL PROJECT/include_videos/Animals/1. Dog/MVI_3003.MOV,Animals/1. Dog/MVI_3003.MOV,92,Animals__1. Dog__MVI_3003.npy,skipped,,,,
Animals,1. Dog,MVI_3004,/Users/yamini/Desktop/projects/ISL PROJECT/include_videos/Animals/1. Dog/MVI_3004.MOV,Animals/1. Dog/MVI_3004.MOV,87,Animals__1. Dog__MVI_3004.npy,skipped,,,,
Animals,1. Dog,MVI_3028,/Users/yamini/Desktop/projects/ISL PROJECT/include_videos/Animals/1. Dog/MVI_3028.MOV,Animals/1. Dog/MVI_3028.MOV,92,Animals__1. Dog__MVI_3028.npy,skipped,,,,
Animals,1. Dog,MVI_3029,/Users/yamini/Desktop/projects/ISL PROJECT/include_videos/Animals/1. Dog/MVI_3029.MOV,Animals/1. Dog/MVI_3029.MOV,97,Animals__1. Dog__MVI_3029.npy,skipped,,,,
Animals,1. Dog,MVI_3030,/Users/yamini/Desktop/projects/ISL PROJECT/include_videos/Animals/1. Dog/MVI_3030.MOV,Animals/1. Dog/MVI_3030.MOV,103,Animals__1. Dog__MVI_3030.npy,skipped,,,,
Animals,1. Dog,MVI_3059,/Users/yamini/Desktop/projects/ISL PROJECT/include_videos/Animals/1. Dog/MVI_3059.MOV,Animals/1. Dog/MVI_3059.MOV,75,Animals__1. Dog__MVI_3059.npy,skipped,,,,
Animals,1. Dog,MVI_3060,/Users/yamini/Desktop/projects/ISL PROJECT/include_videos/Animals/1. Dog/MVI_3060.MOV,Animals/1. Dog/MVI_3060.MOV,85,Animals__1. Dog__MVI_3060.npy,skipped,,,,
Animals,1. Dog,MVI_3061,/Users/yamini/Desktop/projects/ISL PROJECT/include_videos/Animals/1. Dog/MVI_3061.MOV,Animals/1. Dog/MVI_3061.MOV,83,Animals__1. Dog__MVI_3061.npy,skipped,,,,
Animals,1. Dog,MVI_3085,/Users/yamini/Desktop/projects/ISL PROJECT/include_videos/Animals/1. Dog/MVI_3085.MOV,Animals/1. Dog/MVI_3085.MOV,85,Animals__1. Dog__MVI_3085.npy,skipped,,,,
Animals,1. Dog,MVI_3086,/Users/yamini/Desktop/projects/ISL PROJECT/include_videos/Animals/1. Dog/MVI_3086.MOV,Animals/1. Dog/MVI_3086.MOV,83,Animals__1. Dog__MVI_3086.npy,skipped,,,,
Animals,1. Dog,MVI_3087,/Users/yamini/Desktop/projects/ISL PROJECT/include_videos/Animals/1. Dog/MVI_3087.MOV,Animals/1. Dog/MVI_3087.MOV,75,Animals__1. Dog__MVI_3087.npy,skipped,,,,
Animals,1. Dog,MVI_4146,/Users/yamini/Desktop/projects/ISL PROJECT/include_videos/Animals/1. Dog/MVI_4146.MOV,Animals/1. Dog/MVI_4146.MOV,71,Animals__1. Dog__MVI_4146.npy,skipped,,,,
Animals,1. Dog,MVI_4147,/Users/yamini/Desktop/projects/ISL PROJECT/include_videos/Animals/1. Dog/MVI_4147.MOV,Animals/1. Dog/MVI_4147.MOV,68,Animals__1. Dog__MVI_4147.npy,skipped,,,,
Animals,1. Dog,MVI_4148,/Users/yamini/Desktop/projects/ISL PROJECT/include_videos/Animals/1. Dog/MVI_4148.MOV,Animals/1. Dog/MVI_4148.MOV,71,Animals__1. Dog__MVI_4148.npy,skipped,,,,
Animals,1. Dog,MVI_8560,/Users/yamini/Desktop/projects/ISL PROJECT/include_videos/Animals/1. Dog/MVI_8560.MOV,Animals/1. Dog/MVI_8560.MOV,83,Animals__1. Dog__MVI_8560.npy,skipped,,,,
Animals,1. Dog,MVI_8561,/Users/yamini/Desktop/projects/ISL PROJECT/include_videos/Animals/1. Dog/MVI_8561.MOV,Animals/1. Dog/MVI_8561.MOV,67,Animals__1. Dog__MVI_8561.npy,skipped,,,,
Animals,2. Cat,MVI_2981,/Users/yamini/Desktop/projects/ISL PROJECT/include_videos/Animals/2. Cat/MVI_2981.MOV,Animals/2. Cat/MVI_2981.MOV,74,Animals__2. Cat__MVI_2981.npy,skipped,,,,
Animals,2. Cat,MVI_2982,/Users/yamini/Desktop/projects/ISL PROJECT/include_videos/Animals/2. Cat/MVI_2982.MOV,Animals/2. Cat/MVI_2982.MOV,55,Animals__2. Cat__MVI_2982.npy,skipped,,,,
Animals,2. Cat,MVI_2983,/Users/yamini/Desktop/projects/ISL PROJECT/include_videos/Animals/2. Cat/MVI_2983.MOV,Animals/2. Cat/MVI_2983.MOV,81,Animals__2. Cat__MVI_2983.npy,skipped,,,,
Animals,2. Cat,MVI_3005,/Users/yamini/Desktop/projects/ISL PROJECT/include_videos/Animals/2. Cat/MVI_3005.MOV,Animals/2. Cat/MVI_3005.MOV,77,Animals__2. Cat__MVI_3005.npy,skipped,,,,
Animals,2. Cat,MVI_3006,/Users/yamini/Desktop/projects/ISL PROJECT/include_videos/Animals/2. Cat/MVI_3006.MOV,Animals/2. Cat/MVI_3006.MOV,90,Animals__2. Cat__MVI_3006.npy,skipped,,,,
Animals,2. Cat,MVI_3007,/Users/yamini/Desktop/projects/ISL PROJECT/include_videos/Animals/2. Cat/MVI_3007.MOV,Animals/2. Cat/MVI_3007.MOV,73,Animals__2. Cat__MVI_3007.npy,skipped,,,,
Animals,2. Cat,MVI_3031,/Users/yamini/Desktop/projects/ISL PROJECT/include_videos/Animals/2. Cat/MVI_3031.MOV,Animals/2. Cat/MVI_3031.MOV,64,Animals__2. Cat__MVI_3031.npy,skipped,,,,
Animals,2. Cat,MVI_3032,/Users/yamini/Desktop/projects/ISL PROJECT/include_videos/Animals/2. Cat/MVI_3032.MOV,Animals/2. Cat/MVI_3032.MOV,81,Animals__2. Cat__MVI_3032.npy,skipped,,,,
Animals,2. Cat,MVI_3033,/Users/yamini/Desktop/projects/ISL PROJECT/include_videos/Animals/2. Cat/MVI_3033.MOV,Animals/2. Cat/MVI_3033.MOV,95,Animals__2. Cat__MVI_3033.npy,skipped,,,,
Animals,2. Cat,MVI_3063,/Users/yamini/Desktop/projects/ISL PROJECT/include_videos/Animals/2. Cat/MVI_3063.MOV,Animals/2. Cat/MVI_3063.MOV,74,Animals__2. Cat__MVI_3063.npy,skipped,,,,
Animals,2. Cat,MVI_3064,/Users/yamini/Desktop/projects/ISL PROJECT/include_videos/Animals/2. Cat/MVI_3064.MOV,Animals/2. Cat/MVI_3064.MOV,77,Animals__2. Cat__MVI_3064.npy,skipped,,,,
Animals,2. Cat,MVI_3065,/Users/yamini/Desktop/projects/ISL PROJECT/include_videos/Animals/2. Cat/MVI_3065.MOV,Animals/2. Cat/MVI_3065.MOV,80,Animals__2. Cat__MVI_3065.npy,skipped,,,,
Animals,2. Cat,MVI_3088,/Users/yamini/Desktop/projects/ISL PROJECT/include_videos/Animals/2. Cat/MVI_3088.MOV,Animals/2. Cat/MVI_3088.MOV,70,Animals__2. Cat__MVI_3088.npy,skipped,,,,
Animals,2. Cat,MVI_3089,/Users/yamini/Desktop/projects/ISL PROJECT/include_videos/Animals/2. Cat/MVI_3089.MOV,Animals/2. Cat/MVI_3089.MOV,80,Animals__2. Cat__MVI_3089.npy,skipped,,,,
Animals,2. Cat,MVI_3090,/Users/yamini/Desktop/projects/ISL PROJECT/include_videos/Animals/2. Cat/MVI_3090.MOV,Animals/2. Cat/MVI_3090.MOV,79,Animals__2. Cat__MVI_3090.npy,skipped,,,,
Animals,2. Cat,MVI_4149,/Users/yamini/Desktop/projects/ISL PROJECT/include_videos/Animals/2. Cat/MVI_4149.MOV,Animals/2. Cat/MVI_4149.MOV,61,Animals__2. Cat__MVI_4149.npy,skipped,,,,
Animals,2. Cat,MVI_4150,/Users/yamini/Desktop/projects/ISL PROJECT/include_videos/Animals/2. Cat/MVI_4150.MOV,Animals/2. Cat/MVI_4150.MOV,59,Animals__2. Cat__MVI_4150.npy,skipped,,,,
Animals,2. Cat,MVI_4151,/Users/yamini/Desktop/projects/ISL PROJECT/include_videos/Animals/2. Cat/MVI_4151.MOV,Animals/2. Cat/MVI_4151.MOV,48,Animals__2. Cat__MVI_4151.npy,skipped,,,,
Animals,2. Cat,MVI_8562,/Users/yamini/Desktop/projects/ISL PROJECT/include_videos/Animals/2. Cat/MVI_8562.MOV,Animals/2. Cat/MVI_8562.MOV,77,Animals__2. Cat__MVI_8562.npy,skipped,,,,
Animals,2. Cat,MVI_8563,/Users/yamini/Desktop/projects/ISL PROJECT/include_videos/Animals/2. Cat/MVI_8563.MOV,Animals/2. Cat/MVI_8563.MOV,69,Animals__2. Cat__MVI_8563.npy,skipped,,,,
Animals,3. Fish,MVI_2984,/Users/yamini/Desktop/projects/ISL PROJECT/include_videos/Animals/3. Fish/MVI_2984.MOV,Animals/3. Fish/MVI_2984.MOV,73,Animals__3. Fish__MVI_2984.npy,skipped,,,,
Animals,3. Fish,MVI_2985,/Users/yamini/Desktop/projects/ISL PROJECT/include_videos/Animals/3. Fish/MVI_2985.MOV,Animals/3. Fish/MVI_2985.MOV,67,Animals__3. Fish__MVI_2985.npy,skipped,,,,
Animals,3. Fish,MVI_2986,/Users/yamini/Desktop/projects/ISL PROJECT/include_videos/Animals/3. Fish/MVI_2986.MOV,Animals/3. Fish/MVI_2986.MOV,94,Animals__3. Fish__MVI_2986.npy,skipped,,,,
Animals,3. Fish,MVI_3008,/Users/yamini/Desktop/projects/ISL PROJECT/include_videos/Animals/3. Fish/MVI_3008.MOV,Animals/3. Fish/MVI_3008.MOV,112,Animals__3. Fish__MVI_3008.npy,skipped,,,,
Animals,3. Fish,MVI_3009,/Users/yamini/Desktop/projects/ISL PROJECT/include_videos/Animals/3. Fish/MVI_3009.MOV,Animals/3. Fish/MVI_3009.MOV,85,Animals__3. Fish__MVI_3009.npy,skipped,,,,
Animals,3. Fish,MVI_3010,/Users/yamini/Desktop/projects/ISL PROJECT/include_videos/Animals/3. Fish/MVI_3010.MOV,Animals/3. Fish/MVI_3010.MOV,77,Animals__3. Fish__MVI_3010.npy,skipped,,,,
Animals,3. Fish,MVI_3034,/Users/yamini/Desktop/projects/ISL PROJECT/include_videos/Animals/3. Fish/MVI_3034.MOV,Animals/3. Fish/MVI_3034.MOV,77,Animals__3. Fish__MVI_3034.npy,skipped,,,,
Animals,3. Fish,MVI_3035,/Users/yamini/Desktop/projects/ISL PROJECT/include_videos/Animals/3. Fish/MVI_3035.MOV,Animals/3. Fish/MVI_3035.MOV,82,Animals__3. Fish__MVI_3035.npy,skipped,,,,
Animals,3. Fish,MVI_3036,/Users/yamini/Desktop/projects/ISL PROJECT/include_videos/Animals/3. Fish/MVI_3036.MOV,Animals/3. Fish/MVI_3036.MOV,88,Animals__3. Fish__MVI_3036.npy,skipped,,,,
Animals,3. Fish,MVI_3067,/Users/yamini/Desktop/projects/ISL PROJECT/include_videos/Animals/3. Fish/MVI_3067.MOV,Animals/3. Fish/MVI_3067.MOV,83,Animals__3. Fish__MVI_3067.npy,skipped,,,,
Animals,3. Fish,MVI_3068,/Users/yamini/Desktop/projects/ISL PROJECT/include_videos/Animals/3. Fish/MVI_3068.MOV,Animals/3. Fish/MVI_3068.MOV,74,Animals__3. Fish__MVI_3068.npy,skipped,,,,
Animals,3. Fish,MVI_3069,/Users/yamini/Desktop/projects/ISL PROJECT/include_videos/Animals/3. Fish/MVI_3069.MOV,Animals/3. Fish/MVI_3069.MOV,69,Animals__3. Fish__MVI_3069.npy,skipped,,,,
Animals,3. Fish,MVI_3091,/Users/yamini/Desktop/projects/ISL PROJECT/include_videos/Animals/3. Fish/MVI_3091.MOV,Animals/3. Fish/MVI_3091.MOV,85,Animals__3. Fish__MVI_3091.npy,skipped,,,,
Animals,3. Fish,MVI_3092,/Users/yamini/Desktop/projects/ISL PROJECT/include_videos/Animals/3. Fish/MVI_3092.MOV,Animals/3. Fish/MVI_3092.MOV,83,Animals__3. Fish__MVI_3092.npy,skipped,,,,
Animals,3. Fish,MVI_3093,/Users/yamini/Desktop/projects/ISL PROJECT/include_videos/Animals/3. Fish/MVI_3093.MOV,Animals/3. Fish/MVI_3093.MOV,67,Animals__3. Fish__MVI_3093.npy,skipped,,,,
Animals,3. Fish,MVI_4152,/Users/yamini/Desktop/projects/ISL PROJECT/include_videos/Animals/3. Fish/MVI_4152.MOV,Animals/3. Fish/MVI_4152.MOV,65,Animals__3. Fish__MVI_4152.npy,skipped,,,,
Animals,3. Fish,MVI_4153,/Users/yamini/Desktop/projects/ISL PROJECT/include_videos/Animals/3. Fish/MVI_4153.MOV,Animals/3. Fish/MVI_4153.MOV,65,Animals__3. Fish__MVI_4153.npy,skipped,,,,
Animals,3. Fish,MVI_4154,/Users/yamini/Desktop/projects/ISL PROJECT/include_videos/Animals/3. Fish/MVI_4154.MOV,Animals/3. Fish/MVI_4154.MOV,60,Animals__3. Fish__MVI_4154.npy,skipped,,,,
Animals,3. Fish,MVI_8565,/Users/yamini/Desktop/projects/ISL PROJECT/include_videos/Animals/3. Fish/MVI_8565.MOV,Animals/3. Fish/MVI_8565.MOV,85,Animals__3. Fish__MVI_8565.npy,skipped,,,,
Animals,3. Fish,MVI_8566,/Users/yamini/Desktop/projects/ISL PROJECT/include_videos/Animals/3. Fish/MVI_8566.MOV,Animals/3. Fish/MVI_8566.MOV,77,Animals__3. Fish__MVI_8566.npy,skipped,,,,
Animals,4. Bird,MVI_3041,/Users/yamini/Desktop/projects/ISL PROJECT/include_videos/Animals/4. Bird/Extra/MVI_3041.MOV,Animals/4. Bird/Extra/MVI_3041.MOV,98,Animals__4. Bird__MVI_3041.npy,ok,28.0,11.0,16.0,0.0
Animals,4. Bird,MVI_3042,/Users/yamini/Desktop/projects/ISL PROJECT/include_videos/Animals/4. Bird/Extra/MVI_3042.MOV,Animals/4. Bird/Extra/MVI_3042.MOV,104,Animals__4. Bird__MVI_3042.npy,ok,15.0,9.0,0.0,0.0
Animals,4. Bird,MVI_3043,/Users/yamini/Desktop/projects/ISL PROJECT/include_videos/Animals/4. Bird/Extra/MVI_3043.MOV,Animals/4. Bird/Extra/MVI_3043.MOV,94,Animals__4. Bird__MVI_3043.npy,ok,19.0,5.0,6.0,0.0
Animals,4. Bird,MVI_3044,/Users/yamini/Desktop/projects/ISL PROJECT/include_videos/Animals/4. Bird/Extra/MVI_3044.MOV,Animals/4. Bird/Extra/MVI_3044.MOV,95,Animals__4. Bird__MVI_3044.npy,ok,18.0,8.0,8.0,0.0
Animals,4. Bird,MVI_3045,/Users/yamini/Desktop/projects/ISL PROJECT/include_videos/Animals/4. Bird/Extra/MVI_3045.MOV,Animals/4. Bird/Extra/MVI_3045.MOV,89,Animals__4. Bird__MVI_3045.npy,ok,22.0,11.0,12.0,0.0
Animals,4. Bird,MVI_2987,/Users/yamini/Desktop/projects/ISL PROJECT/include_videos/Animals/4. Bird/MVI_2987.MOV,Animals/4. Bird/MVI_2987.MOV,76,Animals__4. Bird__MVI_2987.npy,skipped,,,,
Animals,4. Bird,MVI_2988,/Users/yamini/Desktop/projects/ISL PROJECT/include_videos/Animals/4. Bird/MVI_2988.MOV,Animals/4. Bird/MVI_2988.MOV,83,Animals__4. Bird__MVI_2988.npy,skipped,,,,
Animals,4. Bird,MVI_2989,/Users/yamini/Desktop/projects/ISL PROJECT/include_videos/Animals/4. Bird/MVI_2989.MOV,Animals/4. Bird/MVI_2989.MOV,64,Animals__4. Bird__MVI_2989.npy,skipped,,,,
Animals,4. Bird,MVI_3011,/Users/yamini/Desktop/projects/ISL PROJECT/include_videos/Animals/4. Bird/MVI_3011.MOV,Animals/4. Bird/MVI_3011.MOV,71,Animals__4. Bird__MVI_3011.npy,skipped,,,,
Animals,4. Bird,MVI_3012,/Users/yamini/Desktop/projects/ISL PROJECT/include_videos/Animals/4. Bird/MVI_3012.MOV,Animals/4. Bird/MVI_3012.MOV,84,Animals__4. Bird__MVI_3012.npy,skipped,,,,
Animals,4. Bird,MVI_3013,/Users/yamini/Desktop/projects/ISL PROJECT/include_videos/Animals/4. Bird/MVI_3013.MOV,Animals/4. Bird/MVI_3013.MOV,81,Animals__4. Bird__MVI_3013.npy,skipped,,,,
Animals,4. Bird,MVI_3037,/Users/yamini/Desktop/projects/ISL PROJECT/include_videos/Animals/4. Bird/MVI_3037.MOV,Animals/4. Bird/MVI_3037.MOV,86,Animals__4. Bird__MVI_3037.npy,skipped,,,,
Animals,4. Bird,MVI_3038,/Users/yamini/Desktop/projects/ISL PROJECT/include_videos/Animals/4. Bird/MVI_3038.MOV,Animals/4. Bird/MVI_3038.MOV,94,Animals__4. Bird__MVI_3038.npy,skipped,,,,
Animals,4. Bird,MVI_3040,/Users/yamini/Desktop/projects/ISL PROJECT/include_videos/Animals/4. Bird/MVI_3040.MOV,Animals/4. Bird/MVI_3040.MOV,87,Animals__4. Bird__MVI_3040.npy,skipped,,,,
Animals,4. Bird,MVI_3070,/Users/yamini/Desktop/projects/ISL PROJECT/include_videos/Animals/4. Bird/MVI_3070.MOV,Animals/4. Bird/MVI_3070.MOV,84,Animals__4. Bird__MVI_3070.npy,skipped,,,,
Animals,4. Bird,MVI_3071,/Users/yamini/Desktop/projects/ISL PROJECT/include_videos/Animals/4. Bird/MVI_3071.MOV,Animals/4. Bird/MVI_3071.MOV,85,Animals__4. Bird__MVI_3071.npy,skipped,,,,
Animals,4. Bird,MVI_3072,/Users/yamini/Desktop/projects/ISL PROJECT/include_videos/Animals/4. Bird/MVI_3072.MOV,Animals/4. Bird/MVI_3072.MOV,93,Animals__4. Bird__MVI_3072.npy,skipped,,,,
Animals,4. Bird,MVI_3094,/Users/yamini/Desktop/projects/ISL PROJECT/include_videos/Animals/4. Bird/MVI_3094.MOV,Animals/4. Bird/MVI_3094.MOV,96,Animals__4. Bird__MVI_3094.npy,skipped,,,,
Animals,4. Bird,MVI_3095,/Users/yamini/Desktop/projects/ISL PROJECT/include_videos/Animals/4. Bird/MVI_3095.MOV,Animals/4. Bird/MVI_3095.MOV,80,Animals__4. Bird__MVI_3095.npy,skipped,,,,
Animals,4. Bird,MVI_3096,/Users/yamini/Desktop/projects/ISL PROJECT/include_videos/Animals/4. Bird/MVI_3096.MOV,Animals/4. Bird/MVI_3096.MOV,85,Animals__4. Bird__MVI_3096.npy,skipped,,,,
Animals,4. Bird,MVI_4155,/Users/yamini/Desktop/projects/ISL PROJECT/include_videos/Animals/4. Bird/MVI_4155.MOV,Animals/4. Bird/MVI_4155.MOV,61,Animals__4. Bird__MVI_4155.npy,skipped,,,,
Animals,4. Bird,MVI_4156,/Users/yamini/Desktop/projects/ISL PROJECT/include_videos/Animals/4. Bird/MVI_4156.MOV,Animals/4. Bird/MVI_4156.MOV,66,Animals__4. Bird__MVI_4156.npy,skipped,,,,
Animals,4. Bird,MVI_4157,/Users/yamini/Desktop/projects/ISL PROJECT/include_videos/Animals/4. Bird/MVI_4157.MOV,Animals/4. Bird/MVI_4157.MOV,54,Animals__4. Bird__MVI_4157.npy,skipped,,,,
Animals,4. Bird,MVI_8567,/Users/yamini/Desktop/projects/ISL PROJECT/include_videos/Animals/4. Bird/MVI_8567.MOV,Animals/4. Bird/MVI_8567.MOV,73,Animals__4. Bird__MVI_8567.npy,skipped,,,,
Animals,4. Bird,MVI_8568,/Users/yamini/Desktop/projects/ISL PROJECT/include_videos/Animals/4. Bird/MVI_8568.MOV,Animals/4. Bird/MVI_8568.MOV,76,Animals__4. Bird__MVI_8568.npy,skipped,,,,
Animals,5. Cow,MVI_2990,/Users/yamini/Desktop/projects/ISL PROJECT/include_videos/Animals/5. Cow/MVI_2990.MOV,Animals/5. Cow/MVI_2990.MOV,73,Animals__5. Cow__MVI_2990.npy,skipped,,,,
Animals,5. Cow,MVI_2991,/Users/yamini/Desktop/projects/ISL PROJECT/include_videos/Animals/5. Cow/MVI_2991.MOV,Animals/5. Cow/MVI_2991.MOV,65,Animals__5. Cow__MVI_2991.npy,skipped,,,,
Animals,5. Cow,MVI_2992,/Users/yamini/Desktop/projects/ISL PROJECT/include_videos/Animals/5. Cow/MVI_2992.MOV,Animals/5. Cow/MVI_2992.MOV,91,Animals__5. Cow__MVI_2992.npy,skipped,,,,
Animals,5. Cow,MVI_3015,/Users/yamini/Desktop/projects/ISL PROJECT/include_videos/Animals/5. Cow/MVI_3015.MOV,Animals/5. Cow/MVI_3015.MOV,99,Animals__5. Cow__MVI_3015.npy,skipped,,,,
Animals,5. Cow,MVI_3016,/Users/yamini/Desktop/projects/ISL PROJECT/include_videos/Animals/5. Cow/MVI_3016.MOV,Animals/5. Cow/MVI_3016.MOV,100,Animals__5. Cow__MVI_3016.npy,skipped,,,,
Animals,5. Cow,MVI_3017,/Users/yamini/Desktop/projects/ISL PROJECT/include_videos/Animals/5. Cow/MVI_3017.MOV,Animals/5. Cow/MVI_3017.MOV,91,Animals__5. Cow__MVI_3017.npy,skipped,,,,
Animals,5. Cow,MVI_3046,/Users/yamini/Desktop/projects/ISL PROJECT/include_videos/Animals/5. Cow/MVI_3046.MOV,Animals/5. Cow/MVI_3046.MOV,78,Animals__5. Cow__MVI_3046.npy,skipped,,,,
Animals,5. Cow,MVI_3047,/Users/yamini/Desktop/projects/ISL PROJECT/include_videos/Animals/5. Cow/MVI_3047.MOV,Animals/5. Cow/MVI_3047.MOV,109,Animals__5. Cow__MVI_3047.npy,skipped,,,,
Animals,5. Cow,MVI_3048,/Users/yamini/Desktop/projects/ISL PROJECT/include_videos/Animals/5. Cow/MVI_3048.MOV,Animals/5. Cow/MVI_3048.MOV,123,Animals__5. Cow__MVI_3048.npy,skipped,,,,
Animals,5. Cow,MVI_3049,/Users/yamini/Desktop/projects/ISL PROJECT/include_videos/Animals/5. Cow/MVI_3049.MOV,Animals/5. Cow/MVI_3049.MOV,100,Animals__5. Cow__MVI_3049.npy,skipped,,,,
Animals,5. Cow,MVI_3073,/Users/yamini/Desktop/projects/ISL PROJECT/include_videos/Animals/5. Cow/MVI_3073.MOV,Animals/5. Cow/MVI_3073.MOV,87,Animals__5. Cow__MVI_3073.npy,skipped,,,,
Animals,5. Cow,MVI_3074,/Users/yamini/Desktop/projects/ISL PROJECT/include_videos/Animals/5. Cow/MVI_3074.MOV,Animals/5. Cow/MVI_3074.MOV,84,Animals__5. Cow__MVI_3074.npy,skipped,,,,
Animals,5. Cow,MVI_3075,/Users/yamini/Desktop/projects/ISL PROJECT/include_videos/Animals/5. Cow/MVI_3075.MOV,Animals/5. Cow/MVI_3075.MOV,84,Animals__5. Cow__MVI_3075.npy,skipped,,,,
Animals,5. Cow,MVI_3097,/Users/yamini/Desktop/projects/ISL PROJECT/include_videos/Animals/5. Cow/MVI_3097.MOV,Animals/5. Cow/MVI_3097.MOV,76,Animals__5. Cow__MVI_3097.npy,skipped,,,,
Animals,5. Cow,MVI_3098,/Users/yamini/Desktop/projects/ISL PROJECT/include_videos/Animals/5. Cow/MVI_3098.MOV,Animals/5. Cow/MVI_3098.MOV,77,Animals__5. Cow__MVI_3098.npy,skipped,,,,
Animals,5. Cow,MVI_3099,/Users/yamini/Desktop/projects/ISL PROJECT/include_videos/Animals/5. Cow/MVI_3099.MOV,Animals/5. Cow/MVI_3099.MOV,76,Animals__5. Cow__MVI_3099.npy,skipped,,,,
Animals,5. Cow,MVI_4158,/Users/yamini/Desktop/projects/ISL PROJECT/include_videos/Animals/5. Cow/MVI_4158.MOV,Animals/5. Cow/MVI_4158.MOV,59,Animals__5. Cow__MVI_4158.npy,skipped,,,,
Animals,5. Cow,MVI_4159,/Users/yamini/Desktop/projects/ISL PROJECT/include_videos/Animals/5. Cow/MVI_4159.MOV,Animals/5. Cow/MVI_4159.MOV,50,Animals__5. Cow__MVI_4159.npy,skipped,,,,
Animals,5. Cow,MVI_4160,/Users/yamini/Desktop/projects/ISL PROJECT/include_videos/Animals/5. Cow/MVI_4160.MOV,Animals/5. Cow/MVI_4160.MOV,57,Animals__5. Cow__MVI_4160.npy,skipped,,,,
Animals,5. Cow,MVI_8569,/Users/yamini/Desktop/projects/ISL PROJECT/include_videos/Animals/5. Cow/MVI_8569.MOV,Animals/5. Cow/MVI_8569.MOV,80,Animals__5. Cow__MVI_8569.npy,skipped,,,,
Animals,5. Cow,MVI_8570,/Users/yamini/Desktop/projects/ISL PROJECT/include_videos/Animals/5. Cow/MVI_8570.MOV,Animals/5. Cow/MVI_8570.MOV,75,Animals__5. Cow__MVI_8570.npy,skipped,,,,
Animals,6. Mouse,MVI_2993,/Users/yamini/Desktop/projects/ISL PROJECT/include_videos/Animals/6. Mouse/MVI_2993.MOV,Animals/6. Mouse/MVI_2993.MOV,77,Animals__6. Mouse__MVI_2993.npy,skipped,,,,
Animals,6. Mouse,MVI_2994,/Users/yamini/Desktop/projects/ISL PROJECT/include_videos/Animals/6. Mouse/MVI_2994.MOV,Animals/6. Mouse/MVI_2994.MOV,96,Animals__6. Mouse__MVI_2994.npy,skipped,,,,
Animals,6. Mouse,MVI_2995,/Users/yamini/Desktop/projects/ISL PROJECT/include_videos/Animals/6. Mouse/MVI_2995.MOV,Animals/6. Mouse/MVI_2995.MOV,79,Animals__6. Mouse__MVI_2995.npy,skipped,,,,
Animals,6. Mouse,MVI_3018,/Users/yamini/Desktop/projects/ISL PROJECT/include_videos/Animals/6. Mouse/MVI_3018.MOV,Animals/6. Mouse/MVI_3018.MOV,89,Animals__6. Mouse__MVI_3018.npy,skipped,,,,
Animals,6. Mouse,MVI_3019,/Users/yamini/Desktop/projects/ISL PROJECT/include_videos/Animals/6. Mouse/MVI_3019.MOV,Animals/6. Mouse/MVI_3019.MOV,80,Animals__6. Mouse__MVI_3019.npy,skipped,,,,
Animals,6. Mouse,MVI_3020,/Users/yamini/Desktop/projects/ISL PROJECT/include_videos/Animals/6. Mouse/MVI_3020.MOV,Animals/6. Mouse/MVI_3020.MOV,70,Animals__6. Mouse__MVI_3020.npy,skipped,,,,
Animals,6. Mouse,MVI_3050,/Users/yamini/Desktop/projects/ISL PROJECT/include_videos/Animals/6. Mouse/MVI_3050.MOV,Animals/6. Mouse/MVI_3050.MOV,84,Animals__6. Mouse__MVI_3050.npy,skipped,,,,
Animals,6. Mouse,MVI_3051,/Users/yamini/Desktop/projects/ISL PROJECT/include_videos/Animals/6. Mouse/MVI_3051.MOV,Animals/6. Mouse/MVI_3051.MOV,69,Animals__6. Mouse__MVI_3051.npy,skipped,,,,
Animals,6. Mouse,MVI_3052,/Users/yamini/Desktop/projects/ISL PROJECT/include_videos/Animals/6. Mouse/MVI_3052.MOV,Animals/6. Mouse/MVI_3052.MOV,77,Animals__6. Mouse__MVI_3052.npy,skipped,,,,
Animals,6. Mouse,MVI_3076,/Users/yamini/Desktop/projects/ISL PROJECT/include_videos/Animals/6. Mouse/MVI_3076.MOV,Animals/6. Mouse/MVI_3076.MOV,79,Animals__6. Mouse__MVI_3076.npy,skipped,,,,
Animals,6. Mouse,MVI_3077,/Users/yamini/Desktop/projects/ISL PROJECT/include_videos/Animals/6. Mouse/MVI_3077.MOV,Animals/6. Mouse/MVI_3077.MOV,97,Animals__6. Mouse__MVI_3077.npy,skipped,,,,
Animals,6. Mouse,MVI_3078,/Users/yamini/Desktop/projects/ISL PROJECT/include_videos/Animals/6. Mouse/MVI_3078.MOV,Animals/6. Mouse/MVI_3078.MOV,83,Animals__6. Mouse__MVI_3078.npy,skipped,,,,
Animals,6. Mouse,MVI_3100,/Users/yamini/Desktop/projects/ISL PROJECT/include_videos/Animals/6. Mouse/MVI_3100.MOV,Animals/6. Mouse/MVI_3100.MOV,59,Animals__6. Mouse__MVI_3100.npy,skipped,,,,
Animals,6. Mouse,MVI_3101,/Users/yamini/Desktop/projects/ISL PROJECT/include_videos/Animals/6. Mouse/MVI_3101.MOV,Animals/6. Mouse/MVI_3101.MOV,64,Animals__6. Mouse__MVI_3101.npy,skipped,,,,
Animals,6. Mouse,MVI_3102,/Users/yamini/Desktop/projects/ISL PROJECT/include_videos/Animals/6. Mouse/MVI_3102.MOV,Animals/6. Mouse/MVI_3102.MOV,58,Animals__6. Mouse__MVI_3102.npy,skipped,,,,
Animals,6. Mouse,MVI_4161,/Users/yamini/Desktop/projects/ISL PROJECT/include_videos/Animals/6. Mouse/MVI_4161.MOV,Animals/6. Mouse/MVI_4161.MOV,60,Animals__6. Mouse__MVI_4161.npy,skipped,,,,
Animals,6. Mouse,MVI_4162,/Users/yamini/Desktop/projects/ISL PROJECT/include_videos/Animals/6. Mouse/MVI_4162.MOV,Animals/6. Mouse/MVI_4162.MOV,58,Animals__6. Mouse__MVI_4162.npy,skipped,,,,
Animals,6. Mouse,MVI_4163,/Users/yamini/Desktop/projects/ISL PROJECT/include_videos/Animals/6. Mouse/MVI_4163.MOV,Animals/6. Mouse/MVI_4163.MOV,51,Animals__6. Mouse__MVI_4163.npy,skipped,,,,
Animals,6. Mouse,MVI_8571,/Users/yamini/Desktop/projects/ISL PROJECT/include_videos/Animals/6. Mouse/MVI_8571.MOV,Animals/6. Mouse/MVI_8571.MOV,84,Animals__6. Mouse__MVI_8571.npy,skipped,,,,
Animals,6. Mouse,MVI_8572,/Users/yamini/Desktop/projects/ISL PROJECT/include_videos/Animals/6. Mouse/MVI_8572.MOV,Animals/6. Mouse/MVI_8572.MOV,77,Animals__6. Mouse__MVI_8572.npy,skipped,,,,
Animals,7. Horse,MVI_2996,/Users/yamini/Desktop/projects/ISL PROJECT/include_videos/Animals/7. Horse/MVI_2996.MOV,Animals/7. Horse/MVI_2996.MOV,80,Animals__7. Horse__MVI_2996.npy,skipped,,,,
Animals,7. Horse,MVI_2997,/Users/yamini/Desktop/projects/ISL PROJECT/include_videos/Animals/7. Horse/MVI_2997.MOV,Animals/7. Horse/MVI_2997.MOV,77,Animals__7. Horse__MVI_2997.npy,skipped,,,,
Animals,7. Horse,MVI_2998,/Users/yamini/Desktop/projects/ISL PROJECT/include_videos/Animals/7. Horse/MVI_2998.MOV,Animals/7. Horse/MVI_2998.MOV,83,Animals__7. Horse__MVI_2998.npy,skipped,,,,
Animals,7. Horse,MVI_3021,/Users/yamini/Desktop/projects/ISL PROJECT/include_videos/Animals/7. Horse/MVI_3021.MOV,Animals/7. Horse/MVI_3021.MOV,74,Animals__7. Horse__MVI_3021.npy,skipped,,,,
Animals,7. Horse,MVI_3022,/Users/yamini/Desktop/projects/ISL PROJECT/include_videos/Animals/7. Horse/MVI_3022.MOV,Animals/7. Horse/MVI_3022.MOV,77,Animals__7. Horse__MVI_3022.npy,skipped,,,,
Animals,7. Horse,MVI_3023,/Users/yamini/Desktop/projects/ISL PROJECT/include_videos/Animals/7. Horse/MVI_3023.MOV,Animals/7. Horse/MVI_3023.MOV,93,Animals__7. Horse__MVI_3023.npy,skipped,,,,
Animals,7. Horse,MVI_3053,/Users/yamini/Desktop/projects/ISL PROJECT/include_videos/Animals/7. Horse/MVI_3053.MOV,Animals/7. Horse/MVI_3053.MOV,71,Animals__7. Horse__MVI_3053.npy,skipped,,,,
Animals,7. Horse,MVI_3054,/Users/yamini/Desktop/projects/ISL PROJECT/include_videos/Animals/7. Horse/MVI_3054.MOV,Animals/7. Horse/MVI_3054.MOV,84,Animals__7. Horse__MVI_3054.npy,skipped,,,,
Animals,7. Horse,MVI_3055,/Users/yamini/Desktop/projects/ISL PROJECT/include_videos/Animals/7. Horse/MVI_3055.MOV,Animals/7. Horse/MVI_3055.MOV,95,Animals__7. Horse__MVI_3055.npy,skipped,,,,
Animals,7. Horse,MVI_3079,/Users/yamini/Desktop/projects/ISL PROJECT/include_videos/Animals/7. Horse/MVI_3079.MOV,Animals/7. Horse/MVI_3079.MOV,78,Animals__7. Horse__MVI_3079.npy,skipped,,,,
Animals,7. Horse,MVI_3080,/Users/yamini/Desktop/projects/ISL PROJECT/include_videos/Animals/7. Horse/MVI_3080.MOV,Animals/7. Horse/MVI_3080.MOV,79,Animals__7. Horse__MVI_3080.npy,skipped,,,,
Animals,7. Horse,MVI_3081,/Users/yamini/Desktop/projects/ISL PROJECT/include_videos/Animals/7. Horse/MVI_3081.MOV,Animals/7. Horse/MVI_3081.MOV,86,Animals__7. Horse__MVI_3081.npy,skipped,,,,
Animals,7. Horse,MVI_3103,/Users/yamini/Desktop/projects/ISL PROJECT/include_videos/Animals/7. Horse/MVI_3103.MOV,Animals/7. Horse/MVI_3103.MOV,67,Animals__7. Horse__MVI_3103.npy,skipped,,,,
Animals,7. Horse,MVI_3104,/Users/yamini/Desktop/projects/ISL PROJECT/include_videos/Animals/7. Horse/MVI_3104.MOV,Animals/7. Horse/MVI_3104.MOV,75,Animals__7. Horse__MVI_3104.npy,skipped,,,,
Animals,7. Horse,MVI_3105,/Users/yamini/Desktop/projects/ISL PROJECT/include_videos/Animals/7. Horse/MVI_3105.MOV,Animals/7. Horse/MVI_3105.MOV,64,Animals__7. Horse__MVI_3105.npy,skipped,,,,
Animals,7. Horse,MVI_4164,/Users/yamini/Desktop/projects/ISL PROJECT/include_videos/Animals/7. Horse/MVI_4164.MOV,Animals/7. Horse/MVI_4164.MOV,64,Animals__7. Horse__MVI_4164.npy,skipped,,,,
Animals,7. Horse,MVI_4165,/Users/yamini/Desktop/projects/ISL PROJECT/include_videos/Animals/7. Horse/MVI_4165.MOV,Animals/7. Horse/MVI_4165.MOV,58,Animals__7. Horse__MVI_4165.npy,skipped,,,,
Animals,7. Horse,MVI_4166,/Users/yamini/Desktop/projects/ISL PROJECT/include_videos/Animals/7. Horse/MVI_4166.MOV,Animals/7. Horse/MVI_4166.MOV,51,Animals__7. Horse__MVI_4166.npy,skipped,,,,
Animals,7. Horse,MVI_8574,/Users/yamini/Desktop/projects/ISL PROJECT/include_videos/Animals/7. Horse/MVI_8574.MOV,Animals/7. Horse/MVI_8574.MOV,58,Animals__7. Horse__MVI_8574.npy,skipped,,,,
Animals,7. Horse,MVI_8575,/Users/yamini/Desktop/projects/ISL PROJECT/include_videos/Animals/7. Horse/MVI_8575.MOV,Animals/7. Horse/MVI_8575.MOV,65,Animals__7. Horse__MVI_8575.npy,skipped,,,,
Animals,8. Animal,MVI_2999,/Users/yamini/Desktop/projects/ISL PROJECT/include_videos/Animals/8. Animal/MVI_2999.MOV,Animals/8. Animal/MVI_2999.MOV,104,Animals__8. Animal__MVI_2999.npy,skipped,,,,
Animals,8. Animal,MVI_3000,/Users/yamini/Desktop/projects/ISL PROJECT/include_videos/Animals/8. Animal/MVI_3000.MOV,Animals/8. Animal/MVI_3000.MOV,116,Animals__8. Animal__MVI_3000.npy,skipped,,,,
Animals,8. Animal,MVI_3001,/Users/yamini/Desktop/projects/ISL PROJECT/include_videos/Animals/8. Animal/MVI_3001.MOV,Animals/8. Animal/MVI_3001.MOV,104,Animals__8. Animal__MVI_3001.npy,skipped,,,,
Animals,8. Animal,MVI_3025,/Users/yamini/Desktop/projects/ISL PROJECT/include_videos/Animals/8. Animal/MVI_3025.MOV,Animals/8. Animal/MVI_3025.MOV,107,Animals__8. Animal__MVI_3025.npy,skipped,,,,
Animals,8. Animal,MVI_3026,/Users/yamini/Desktop/projects/ISL PROJECT/include_videos/Animals/8. Animal/MVI_3026.MOV,Animals/8. Animal/MVI_3026.MOV,125,Animals__8. Animal__MVI_3026.npy,skipped,,,,
Animals,8. Animal,MVI_3027,/Users/yamini/Desktop/projects/ISL PROJECT/include_videos/Animals/8. Animal/MVI_3027.MOV,Animals/8. Animal/MVI_3027.MOV,106,Animals__8. Animal__MVI_3027.npy,skipped,,,,
Animals,8. Animal,MVI_3056,/Users/yamini/Desktop/projects/ISL PROJECT/include_videos/Animals/8. Animal/MVI_3056.MOV,Animals/8. Animal/MVI_3056.MOV,107,Animals__8. Animal__MVI_3056.npy,skipped,,,,
Animals,8. Animal,MVI_3057,/Users/yamini/Desktop/projects/ISL PROJECT/include_videos/Animals/8. Animal/MVI_3057.MOV,Animals/8. Animal/MVI_3057.MOV,97,Animals__8. Animal__MVI_3057.npy,skipped,,,,
Animals,8. Animal,MVI_3058,/Users/yamini/Desktop/projects/ISL PROJECT/include_videos/Animals/8. Animal/MVI_3058.MOV,Animals/8. Animal/MVI_3058.MOV,90,Animals__8. Animal__MVI_3058.npy,skipped,,,,
Animals,8. Animal,MVI_3082,/Users/yamini/Desktop/projects/ISL PROJECT/include_videos/Animals/8. Animal/MVI_3082.MOV,Animals/8. Animal/MVI_3082.MOV,100,Animals__8. Animal__MVI_3082.npy,skipped,,,,
Animals,8. Animal,MVI_3083,/Users/yamini/Desktop/projects/ISL PROJECT/include_videos/Animals/8. Animal/MVI_3083.MOV,Animals/8. Animal/MVI_3083.MOV,108,Animals__8. Animal__MVI_3083.npy,skipped,,,,
Animals,8. Animal,MVI_3084,/Users/yamini/Desktop/projects/ISL PROJECT/include_videos/Animals/8. Animal/MVI_3084.MOV,Animals/8. Animal/MVI_3084.MOV,107,Animals__8. Animal__MVI_3084.npy,skipped,,,,
Animals,8. Animal,MVI_3107,/Users/yamini/Desktop/projects/ISL PROJECT/include_videos/Animals/8. Animal/MVI_3107.MOV,Animals/8. Animal/MVI_3107.MOV,104,Animals__8. Animal__MVI_3107.npy,skipped,,,,
Animals,8. Animal,MVI_3108,/Users/yamini/Desktop/projects/ISL PROJECT/include_videos/Animals/8. Animal/MVI_3108.MOV,Animals/8. Animal/MVI_3108.MOV,108,Animals__8. Animal__MVI_3108.npy,skipped,,,,
Animals,8. Animal,MVI_3109,/Users/yamini/Desktop/projects/ISL PROJECT/include_videos/Animals/8. Animal/MVI_3109.MOV,Animals/8. Animal/MVI_3109.MOV,103,Animals__8. Animal__MVI_3109.npy,skipped,,,,
Animals,8. Animal,MVI_4167,/Users/yamini/Desktop/projects/ISL PROJECT/include_videos/Animals/8. Animal/MVI_4167.MOV,Animals/8. Animal/MVI_4167.MOV,76,Animals__8. Animal__MVI_4167.npy,skipped,,,,
Animals,8. Animal,MVI_4168,/Users/yamini/Desktop/projects/ISL PROJECT/include_videos/Animals/8. Animal/MVI_4168.MOV,Animals/8. Animal/MVI_4168.MOV,79,Animals__8. Animal__MVI_4168.npy,skipped,,,,
Animals,8. Animal,MVI_4169,/Users/yamini/Desktop/projects/ISL PROJECT/include_videos/Animals/8. Animal/MVI_4169.MOV,Animals/8. Animal/MVI_4169.MOV,77,Animals__8. Animal__MVI_4169.npy,skipped,,,,
Animals,8. Animal,MVI_8576,/Users/yamini/Desktop/projects/ISL PROJECT/include_videos/Animals/8. Animal/MVI_8576.MOV,Animals/8. Animal/MVI_8576.MOV,87,Animals__8. Animal__MVI_8576.npy,skipped,,,,
Animals,8. Animal,MVI_8577,/Users/yamini/Desktop/projects/ISL PROJECT/include_videos/Animals/8. Animal/MVI_8577.MOV,Animals/8. Animal/MVI_8577.MOV,92,Animals__8. Animal__MVI_8577.npy,skipped,,,,
Clothes,37. Hat,MVI_3688,/Users/yamini/Desktop/projects/ISL PROJECT/include_videos/Clothes/37. Hat/MVI_3688.MOV,Clothes/37. Hat/MVI_3688.MOV,69,Clothes__37. Hat__MVI_3688.npy,skipped,,,,
Clothes,37. Hat,MVI_3690,/Users/yamini/Desktop/projects/ISL PROJECT/include_videos/Clothes/37. Hat/MVI_3690.MOV,Clothes/37. Hat/MVI_3690.MOV,59,Clothes__37. Hat__MVI_3690.npy,skipped,,,,
Clothes,37. Hat,MVI_3691,/Users/yamini/Desktop/projects/ISL PROJECT/include_videos/Clothes/37. Hat/MVI_3691.MOV,Clothes/37. Hat/MVI_3691.MOV,116,Clothes__37. Hat__MVI_3691.npy,skipped,,,,
Clothes,37. Hat,MVI_3835,/Users/yamini/Desktop/projects/ISL PROJECT/include_videos/Clothes/37. Hat/MVI_3835.MOV,Clothes/37. Hat/MVI_3835.MOV,70,Clothes__37. Hat__MVI_3835.npy,skipped,,,,
Clothes,37. Hat,MVI_3836,/Users/yamini/Desktop/projects/ISL PROJECT/include_videos/Clothes/37. Hat/MVI_3836.MOV,Clothes/37. Hat/MVI_3836.MOV,44,Clothes__37. Hat__MVI_3836.npy,skipped,,,,
Clothes,37. Hat,MVI_3837,/Users/yamini/Desktop/projects/ISL PROJECT/include_videos/Clothes/37. Hat/MVI_3837.MOV,Clothes/37. Hat/MVI_3837.MOV,40,Clothes__37. Hat__MVI_3837.npy,skipped,,,,
Clothes,37. Hat,MVI_3984,/Users/yamini/Desktop/projects/ISL PROJECT/include_videos/Clothes/37. Hat/MVI_3984.MOV,Clothes/37. Hat/MVI_3984.MOV,57,Clothes__37. Hat__MVI_3984.npy,skipped,,,,
Clothes,37. Hat,MVI_3985,/Users/yamini/Desktop/projects/ISL PROJECT/include_videos/Clothes/37. Hat/MVI_3985.MOV,Clothes/37. Hat/MVI_3985.MOV,59,Clothes__37. Hat__MVI_3985.npy,skipped,,,,
Clothes,37. Hat,MVI_3986,/Users/yamini/Desktop/projects/ISL PROJECT/include_videos/Clothes/37. Hat/MVI_3986.MOV,Clothes/37. Hat/MVI_3986.MOV,101,Clothes__37. Hat__MVI_3986.npy,skipped,,,,
Clothes,37. Hat,MVI_4197,/Users/yamini/Desktop/projects/ISL PROJECT/include_videos/Clothes/37. Hat/MVI_4197.MOV,Clothes/37. Hat/MVI_4197.MOV,52,Clothes__37. Hat__MVI_4197.npy,skipped,,,,
Clothes,37. Hat,MVI_4865,/Users/yamini/Desktop/projects/ISL PROJECT/include_videos/Clothes/37. Hat/MVI_4865.MOV,Clothes/37. Hat/MVI_4865.MOV,78,Clothes__37. Hat__MVI_4865.npy,skipped,,,,
Clothes,37. Hat,MVI_4866,/Users/yamini/Desktop/projects/ISL PROJECT/include_videos/Clothes/37. Hat/MVI_4866.MOV,Clothes/37. Hat/MVI_4866.MOV,57,Clothes__37. Hat__MVI_4866.npy,skipped,,,,
Clothes,37. Hat,MVI_4867,/Users/yamini/Desktop/projects/ISL PROJECT/include_videos/Clothes/37. Hat/MVI_4867.MOV,Clothes/37. Hat/MVI_4867.MOV,67,Clothes__37. Hat__MVI_4867.npy,skipped,,,,
Clothes,37. Hat,MVI_5006,/Users/yamini/Desktop/projects/ISL PROJECT/include_videos/Clothes/37. Hat/MVI_5006.MOV,Clothes/37. Hat/MVI_5006.MOV,60,Clothes__37. Hat__MVI_5006.npy,skipped,,,,
Clothes,37. Hat,MVI_5007,/Users/yamini/Desktop/projects/ISL PROJECT/include_videos/Clothes/37. Hat/MVI_5007.MOV,Clothes/37. Hat/MVI_5007.MOV,50,Clothes__37. Hat__MVI_5007.npy,skipped,,,,
Clothes,37. Hat,MVI_5008,/Users/yamini/Desktop/projects/ISL PROJECT/include_videos/Clothes/37. Hat/MVI_5008.MOV,Clothes/37. Hat/MVI_5008.MOV,50,Clothes__37. Hat__MVI_5008.npy,skipped,,,,
Clothes,37. Hat,MVI_5154,/Users/yamini/Desktop/projects/ISL PROJECT/include_videos/Clothes/37. Hat/MVI_5154.MOV,Clothes/37. Hat/MVI_5154.MOV,60,Clothes__37. Hat__MVI_5154.npy,skipped,,,,
Clothes,37. Hat,MVI_5155,/Users/yamini/Desktop/projects/ISL PROJECT/include_videos/Clothes/37. Hat/MVI_5155.MOV,Clothes/37. Hat/MVI_5155.MOV,61,Clothes__37. Hat__MVI_5155.npy,skipped,,,,
Clothes,37. Hat,MVI_5156,/Users/yamini/Desktop/projects/ISL PROJECT/include_videos/Clothes/37. Hat/MVI_5156.MOV,Clothes/37. Hat/MVI_5156.MOV,51,Clothes__37. Hat__MVI_5156.npy,skipped,,,,
Clothes,37. Hat,MVI_8600,/Users/yamini/Desktop/projects/ISL PROJECT/include_videos/Clothes/37. Hat/MVI_8600.MOV,Clothes/37. Hat/MVI_8600.MOV,51,Clothes__37. Hat__MVI_8600.npy,skipped,,,,
Clothes,38. Dress,MVI_3693,/Users/yamini/Desktop/projects/ISL PROJECT/include_videos/Clothes/38. Dress/MVI_3693.MOV,Clothes/38. Dress/MVI_3693.MOV,59,Clothes__38. Dress__MVI_3693.npy,skipped,,,,
Clothes,38. Dress,MVI_3694,/Users/yamini/Desktop/projects/ISL PROJECT/include_videos/Clothes/38. Dress/MVI_3694.MOV,Clothes/38. Dress/MVI_3694.MOV,64,Clothes__38. Dress__MVI_3694.npy,skipped,,,,
Clothes,38. Dress,MVI_3696,/Users/yamini/Desktop/projects/ISL PROJECT/include_videos/Clothes/38. Dress/MVI_3696.MOV,Clothes/38. Dress/MVI_3696.MOV,62,Clothes__38. Dress__MVI_3696.npy,skipped,,,,
Clothes,38. Dress,MVI_3838,/Users/yamini/Desktop/projects/ISL PROJECT/include_videos/Clothes/38. Dress/MVI_3838.MOV,Clothes/38. Dress/MVI_3838.MOV,48,Clothes__38. Dress__MVI_3838.npy,skipped,,,,
Clothes,38. Dress,MVI_3839,/Users/yamini/Desktop/projects/ISL PROJECT/include_videos/Clothes/38. Dress/MVI_3839.MOV,Clothes/38. Dress/MVI_3839.MOV,55,Clothes__38. Dress__MVI_3839.npy,skipped,,,,
Clothes,38. Dress,MVI_3840,/Users/yamini/Desktop/projects/ISL PROJECT/include_videos/Clothes/38. Dress/MVI_3840.MOV,Clothes/38. Dress/MVI_3840.MOV,51,Clothes__38. Dress__MVI_3840.npy,skipped,,,,
Clothes,38. Dress,MVI_3987,/Users/yamini/Desktop/projects/ISL PROJECT/include_videos/Clothes/38. Dress/MVI_3987.MOV,Clothes/38. Dress/MVI_3987.MOV,68,Clothes__38. Dress__MVI_3987.npy,skipped,,,,
Clothes,38. Dress,MVI_3988,/Users/yamini/Desktop/projects/ISL PROJECT/include_videos/Clothes/38. Dress/MVI_3988.MOV,Clothes/38. Dress/MVI_3988.MOV,88,Clothes__38. Dress__MVI_3988.npy,skipped,,,,
Clothes,38. Dress,MVI_3989,/Users/yamini/Desktop/projects/ISL PROJECT/include_videos/Clothes/38. Dress/MVI_3989.MOV,Clothes/38. Dress/MVI_3989.MOV,62,Clothes__38. Dress__MVI_3989.npy,skipped,,,,
Clothes,38. Dress,MVI_4198,/Users/yamini/Desktop/projects/ISL PROJECT/include_videos/Clothes/38. Dress/MVI_4198.MOV,Clothes/38. Dress/MVI_4198.MOV,50,Clothes__38. Dress__MVI_4198.npy,skipped,,,,
Clothes,38. Dress,MVI_4868,/Users/yamini/Desktop/projects/ISL PROJECT/include_videos/Clothes/38. Dress/MVI_4868.MOV,Clothes/38. Dress/MVI_4868.MOV,55,Clothes__38. Dress__MVI_4868.npy,skipped,,,,
Clothes,38. Dress,MVI_4869,/Users/yamini/Desktop/projects/ISL PROJECT/include_videos/Clothes/38. Dress/MVI_4869.MOV,Clothes/38. Dress/MVI_4869.MOV,61,Clothes__38. Dress__MVI_4869.npy,skipped,,,,
Clothes,38. Dress,MVI_4870,/Users/yamini/Desktop/projects/ISL PROJECT/include_videos/Clothes/38. Dress/MVI_4870.MOV,Clothes/38. Dress/MVI_4870.MOV,53,Clothes__38. Dress__MVI_4870.npy,skipped,,,,
Clothes,38. Dress,MVI_5009,/Users/yamini/Desktop/projects/ISL PROJECT/include_videos/Clothes/38. Dress/MVI_5009.MOV,Clothes/38. Dress/MVI_5009.MOV,49,Clothes__38. Dress__MVI_5009.npy,skipped,,,,
Clothes,38. Dress,MVI_5010,/Users/yamini/Desktop/projects/ISL PROJECT/include_videos/Clothes/38. Dress/MVI_5010.MOV,Clothes/38. Dress/MVI_5010.MOV,51,Clothes__38. Dress__MVI_5010.npy,skipped,,,,
Clothes,38. Dress,MVI_5011,/Users/yamini/Desktop/projects/ISL PROJECT/include_videos/Clothes/38. Dress/MVI_5011.MOV,Clothes/38. Dress/MVI_5011.MOV,51,Clothes__38. Dress__MVI_5011.npy,skipped,,,,
Clothes,38. Dress,MVI_5157,/Users/yamini/Desktop/projects/ISL PROJECT/include_videos/Clothes/38. Dress/MVI_5157.MOV,Clothes/38. Dress/MVI_5157.MOV,66,Clothes__38. Dress__MVI_5157.npy,skipped,,,,
Clothes,38. Dress,MVI_5158,/Users/yamini/Desktop/projects/ISL PROJECT/include_videos/Clothes/38. Dress/MVI_5158.MOV,Clothes/38. Dress/MVI_5158.MOV,56,Clothes__38. Dress__MVI_5158.npy,skipped,,,,
Clothes,38. Dress,MVI_5159,/Users/yamini/Desktop/projects/ISL PROJECT/include_videos/Clothes/38. Dress/MVI_5159.MOV,Clothes/38. Dress/MVI_5159.MOV,51,Clothes__38. Dress__MVI_5159.npy,skipped,,,,
Clothes,38. Dress,MVI_8601,/Users/yamini/Desktop/projects/ISL PROJECT/include_videos/Clothes/38. Dress/MVI_8601.MOV,Clothes/38. Dress/MVI_8601.MOV,54,Clothes__38. Dress__MVI_8601.npy,skipped,,,,
Clothes,39. Suit,MVI_3697,/Users/yamini/Desktop/projects/ISL PROJECT/include_videos/Clothes/39. Suit/MVI_3697.MOV,Clothes/39. Suit/MVI_3697.MOV,70,Clothes__39. Suit__MVI_3697.npy,skipped,,,,
Clothes,39. Suit,MVI_3698,/Users/yamini/Desktop/projects/ISL PROJECT/include_videos/Clothes/39. Suit/MVI_3698.MOV,Clothes/39. Suit/MVI_3698.MOV,80,Clothes__39. Suit__MVI_3698.npy,skipped,,,,
Clothes,39. Suit,MVI_3841,/Users/yamini/Desktop/projects/ISL PROJECT/include_videos/Clothes/39. Suit/MVI_3841.MOV,Clothes/39. Suit/MVI_3841.MOV,81,Clothes__39. Suit__MVI_3841.npy,skipped,,,,
Clothes,39. Suit,MVI_3842,/Users/yamini/Desktop/projects/ISL PROJECT/include_videos/Clothes/39. Suit/MVI_3842.MOV,Clothes/39. Suit/MVI_3842.MOV,71,Clothes__39. Suit__MVI_3842.npy,skipped,,,,
Clothes,39. Suit,MVI_3843,/Users/yamini/Desktop/projects/ISL PROJECT/include_videos/Clothes/39. Suit/MVI_3843.MOV,Clothes/39. Suit/MVI_3843.MOV,71,Clothes__39. Suit__MVI_3843.npy,skipped,,,,
Clothes,39. Suit,MVI_3990,/Users/yamini/Desktop/projects/ISL PROJECT/include_videos/Clothes/39. Suit/MVI_3990.MOV,Clothes/39. Suit/MVI_3990.MOV,81,Clothes__39. Suit__MVI_3990.npy,skipped,,,,
Clothes,39. Suit,MVI_3991,/Users/yamini/Desktop/projects/ISL PROJECT/include_videos/Clothes/39. Suit/MVI_3991.MOV,Clothes/39. Suit/MVI_3991.MOV,84,Clothes__39. Suit__MVI_3991.npy,skipped,,,,
Clothes,39. Suit,MVI_3992,/Users/yamini/Desktop/projects/ISL PROJECT/include_videos/Clothes/39. Suit/MVI_3992.MOV,Clothes/39. Suit/MVI_3992.MOV,73,Clothes__39. Suit__MVI_3992.npy,skipped,,,,
Clothes,39. Suit,MVI_4199,/Users/yamini/Desktop/projects/ISL PROJECT/include_videos/Clothes/39. Suit/MVI_4199.MOV,Clothes/39. Suit/MVI_4199.MOV,62,Clothes__39. Suit__MVI_4199.npy,skipped,,,,
Clothes,39. Suit,MVI_4871,/Users/yamini/Desktop/projects/ISL PROJECT/include_videos/Clothes/39. Suit/MVI_4871.MOV,Clothes/39. Suit/MVI_4871.MOV,72,Clothes__39. Suit__MVI_4871.npy,skipped,,,,
Clothes,39. Suit,MVI_4872,/Users/yamini/Desktop/projects/ISL PROJECT/include_videos/Clothes/39. Suit/MVI_4872.MOV,Clothes/39. Suit/MVI_4872.MOV,82,Clothes__39. Suit__MVI_4872.npy,skipped,,,,
Clothes,39. Suit,MVI_4873,/Users/yamini/Desktop/projects/ISL PROJECT/include_videos/Clothes/39. Suit/MVI_4873.MOV,Clothes/39. Suit/MVI_4873.MOV,81,Clothes__39. Suit__MVI_4873.npy,skipped,,,,
Clothes,39. Suit,MVI_5012,/Users/yamini/Desktop/projects/ISL PROJECT/include_videos/Clothes/39. Suit/MVI_5012.MOV,Clothes/39. Suit/MVI_5012.MOV,58,Clothes__39. Suit__MVI_5012.npy,skipped,,,,
Clothes,39. Suit,MVI_5013,/Users/yamini/Desktop/projects/ISL PROJECT/include_videos/Clothes/39. Suit/MVI_5013.MOV,Clothes/39. Suit/MVI_5013.MOV,55,Clothes__39. Suit__MVI_5013.npy,skipped,,,,
Clothes,39. Suit,MVI_5014,/Users/yamini/Desktop/projects/ISL PROJECT/include_videos/Clothes/39. Suit/MVI_5014.MOV,Clothes/39. Suit/MVI_5014.MOV,53,Clothes__39. Suit__MVI_5014.npy,skipped,,,,
Clothes,39. Suit,MVI_5160,/Users/yamini/Desktop/projects/ISL PROJECT/include_videos/Clothes/39. Suit/MVI_5160.MOV,Clothes/39. Suit/MVI_5160.MOV,98,Clothes__39. Suit__MVI_5160.npy,skipped,,,,
Clothes,39. Suit,MVI_5161,/Users/yamini/Desktop/projects/ISL PROJECT/include_videos/Clothes/39. Suit/MVI_5161.MOV,Clothes/39. Suit/MVI_5161.MOV,61,Clothes__39. Suit__MVI_5161.npy,skipped,,,,
Clothes,39. Suit,MVI_5162,/Users/yamini/Desktop/projects/ISL PROJECT/include_videos/Clothes/39. Suit/MVI_5162.MOV,Clothes/39. Suit/MVI_5162.MOV,60,Clothes__39. Suit__MVI_5162.npy,skipped,,,,
Clothes,39. Suit,MVI_8602,/Users/yamini/Desktop/projects/ISL PROJECT/include_videos/Clothes/39. Suit/MVI_8602.MOV,Clothes/39. Suit/MVI_8602.MOV,61,Clothes__39. Suit__MVI_8602.npy,skipped,,,,
Clothes,40. Skirt,MVI_3699,/Users/yamini/Desktop/projects/ISL PROJECT/include_videos/Clothes/40. Skirt/MVI_3699.MOV,Clothes/40. Skirt/MVI_3699.MOV,69,Clothes__40. Skirt__MVI_3699.npy,skipped,,,,
Clothes,40. Skirt,MVI_3700,/Users/yamini/Desktop/projects/ISL PROJECT/include_videos/Clothes/40. Skirt/MVI_3700.MOV,Clothes/40. Skirt/MVI_3700.MOV,75,Clothes__40. Skirt__MVI_3700.npy,skipped,,,,
Clothes,40. Skirt,MVI_3844,/Users/yamini/Desktop/projects/ISL PROJECT/include_videos/Clothes/40. Skirt/MVI_3844.MOV,Clothes/40. Skirt/MVI_3844.MOV,60,Clothes__40. Skirt__MVI_3844.npy,skipped,,,,
Clothes,40. Skirt,MVI_3845,/Users/yamini/Desktop/projects/ISL PROJECT/include_videos/Clothes/40. Skirt/MVI_3845.MOV,Clothes/40. Skirt/MVI_3845.MOV,57,Clothes__40. Skirt__MVI_3845.npy,skipped,,,,
Clothes,40. Skirt,MVI_3846,/Users/yamini/Desktop/projects/ISL PROJECT/include_videos/Clothes/40. Skirt/MVI_3846.MOV,Clothes/40. Skirt/MVI_3846.MOV,51,Clothes__40. Skirt__MVI_3846.npy,skipped,,,,
Clothes,40. Skirt,MVI_3996,/Users/yamini/Desktop/projects/ISL PROJECT/include_videos/Clothes/40. Skirt/MVI_3996.MOV,Clothes/40. Skirt/MVI_3996.MOV,60,Clothes__40. Skirt__MVI_3996.npy,skipped,,,,
Clothes,40. Skirt,MVI_3997,/Users/yamini/Desktop/projects/ISL PROJECT/include_videos/Clothes/40. Skirt/MVI_3997.MOV,Clothes/40. Skirt/MVI_3997.MOV,66,Clothes__40. Skirt__MVI_3997.npy,skipped,,,,
Clothes,40. Skirt,MVI_3998,/Users/yamini/Desktop/projects/ISL PROJECT/include_videos/Clothes/40. Skirt/MVI_3998.MOV,Clothes/40. Skirt/MVI_3998.MOV,64,Clothes__40. Skirt__MVI_3998.npy,skipped,,,,
Clothes,40. Skirt,MVI_4200,/Users/yamini/Desktop/projects/ISL PROJECT/include_videos/Clothes/40. Skirt/MVI_4200.MOV,Clothes/40. Skirt/MVI_4200.MOV,45,Clothes__40. Skirt__MVI_4200.npy,skipped,,,,
Clothes,40. Skirt,MVI_4874,/Users/yamini/Desktop/projects/ISL PROJECT/include_videos/Clothes/40. Skirt/MVI_4874.MOV,Clothes/40. Skirt/MVI_4874.MOV,65,Clothes__40. Skirt__MVI_4874.npy,skipped,,,,
Clothes,40. Skirt,MVI_4875,/Users/yamini/Desktop/projects/ISL PROJECT/include_videos/Clothes/40. Skirt/MVI_4875.MOV,Clothes/40. Skirt/MVI_4875.MOV,58,Clothes__40. Skirt__MVI_4875.npy,skipped,,,,
Clothes,40. Skirt,MVI_4876,/Users/yamini/Desktop/projects/ISL PROJECT/include_videos/Clothes/40. Skirt/MVI_4876.MOV,Clothes/40. Skirt/MVI_4876.MOV,61,Clothes__40. Skirt__MVI_4876.npy,skipped,,,,
Clothes,40. Skirt,MVI_5015,/Users/yamini/Desktop/projects/ISL PROJECT/include_videos/Clothes/40. Skirt/MVI_5015.MOV,Clothes/40. Skirt/MVI_5015.MOV,66,Clothes__40. Skirt__MVI_5015.npy,skipped,,,,
Clothes,40. Skirt,MVI_5016,/Users/yamini/Desktop/projects/ISL PROJECT/include_videos/Clothes/40. Skirt/MVI_5016.MOV,Clothes/40. Skirt/MVI_5016.MOV,46,Clothes__40. Skirt__MVI_5016.npy,skipped,,,,
Clothes,40. Skirt,MVI_5017,/Users/yamini/Desktop/projects/ISL PROJECT/include_videos/Clothes/40. Skirt/MVI_5017.MOV,Clothes/40. Skirt/MVI_5017.MOV,48,Clothes__40. Skirt__MVI_5017.npy,skipped,,,,
Clothes,40. Skirt,MVI_5163,/Users/yamini/Desktop/projects/ISL PROJECT/include_videos/Clothes/40. Skirt/MVI_5163.MOV,Clothes/40. Skirt/MVI_5163.MOV,54,Clothes__40. Skirt__MVI_5163.npy,skipped,,,,
Clothes,40. Skirt,MVI_5164,/Users/yamini/Desktop/projects/ISL PROJECT/include_videos/Clothes/40. Skirt/MVI_5164.MOV,Clothes/40. Skirt/MVI_5164.MOV,47,Clothes__40. Skirt__MVI_5164.npy,skipped,,,,
Clothes,40. Skirt,MVI_5165,/Users/yamini/Desktop/projects/ISL PROJECT/include_videos/Clothes/40. Skirt/MVI_5165.MOV,Clothes/40. Skirt/MVI_5165.MOV,51,Clothes__40. Skirt__MVI_5165.npy,skipped,,,,
Clothes,40. Skirt,MVI_8604,/Users/yamini/Desktop/projects/ISL PROJECT/include_videos/Clothes/40. Skirt/MVI_8604.MOV,Clothes/40. Skirt/MVI_8604.MOV,70,Clothes__40. Skirt__MVI_8604.npy,skipped,,,,
Clothes,41. Shirt,MVI_3701,/Users/yamini/Desktop/projects/ISL PROJECT/include_videos/Clothes/41. Shirt/MVI_3701.MOV,Clothes/41. Shirt/MVI_3701.MOV,112,Clothes__41. Shirt__MVI_3701.npy,skipped,,,,
Clothes,41. Shirt,MVI_3702,/Users/yamini/Desktop/projects/ISL PROJECT/include_videos/Clothes/41. Shirt/MVI_3702.MOV,Clothes/41. Shirt/MVI_3702.MOV,83,Clothes__41. Shirt__MVI_3702.npy,skipped,,,,
Clothes,41. Shirt,MVI_3703,/Users/yamini/Desktop/projects/ISL PROJECT/include_videos/Clothes/41. Shirt/MVI_3703.MOV,Clothes/41. Shirt/MVI_3703.MOV,72,Clothes__41. Shirt__MVI_3703.npy,skipped,,,,
Clothes,41. Shirt,MVI_3847,/Users/yamini/Desktop/projects/ISL PROJECT/include_videos/Clothes/41. Shirt/MVI_3847.MOV,Clothes/41. Shirt/MVI_3847.MOV,111,Clothes__41. Shirt__MVI_3847.npy,skipped,,,,
Clothes,41. Shirt,MVI_3848,/Users/yamini/Desktop/projects/ISL PROJECT/include_videos/Clothes/41. Shirt/MVI_3848.MOV,Clothes/41. Shirt/MVI_3848.MOV,115,Clothes__41. Shirt__MVI_3848.npy,skipped,,,,
Clothes,41. Shirt,MVI_3849,/Users/yamini/Desktop/projects/ISL PROJECT/include_videos/Clothes/41. Shirt/MVI_3849.MOV,Clothes/41. Shirt/MVI_3849.MOV,105,Clothes__41. Shirt__MVI_3849.npy,skipped,,,,
Clothes,41. Shirt,MVI_3999,/Users/yamini/Desktop/projects/ISL PROJECT/include_videos/Clothes/41. Shirt/MVI_3999.MOV,Clothes/41. Shirt/MVI_3999.MOV,73,Clothes__41. Shirt__MVI_3999.npy,skipped,,,,
Clothes,41. Shirt,MVI_4000,/Users/yamini/Desktop/projects/ISL PROJECT/include_videos/Clothes/41. Shirt/MVI_4000.MOV,Clothes/41. Shirt/MVI_4000.MOV,65,Clothes__41. Shirt__MVI_4000.npy,skipped,,,,
Clothes,41. Shirt,MVI_4001,/Users/yamini/Desktop/projects/ISL PROJECT/include_videos/Clothes/41. Shirt/MVI_4001.MOV,Clothes/41. Shirt/MVI_4001.MOV,71,Clothes__41. Shirt__MVI_4001.npy,skipped,,,,
Clothes,41. Shirt,MVI_4201,/Users/yamini/Desktop/projects/ISL PROJECT/include_videos/Clothes/41. Shirt/MVI_4201.MOV,Clothes/41. Shirt/MVI_4201.MOV,69,Clothes__41. Shirt__MVI_4201.npy,skipped,,,,
Clothes,41. Shirt,MVI_4877,/Users/yamini/Desktop/projects/ISL PROJECT/include_videos/Clothes/41. Shirt/MVI_4877.MOV,Clothes/41. Shirt/MVI_4877.MOV,89,Clothes__41. Shirt__MVI_4877.npy,skipped,,,,
Clothes,41. Shirt,MVI_4879,/Users/yamini/Desktop/projects/ISL PROJECT/include_videos/Clothes/41. Shirt/MVI_4879.MOV,Clothes/41. Shirt/MVI_4879.MOV,77,Clothes__41. Shirt__MVI_4879.npy,skipped,,,,
Clothes,41. Shirt,MVI_4880,/Users/yamini/Desktop/projects/ISL PROJECT/include_videos/Clothes/41. Shirt/MVI_4880.MOV,Clothes/41. Shirt/MVI_4880.MOV,73,Clothes__41. Shirt__MVI_4880.npy,skipped,,,,
Clothes,41. Shirt,MVI_5018,/Users/yamini/Desktop/projects/ISL PROJECT/include_videos/Clothes/41. Shirt/MVI_5018.MOV,Clothes/41. Shirt/MVI_5018.MOV,71,Clothes__41. Shirt__MVI_5018.npy,skipped,,,,
Clothes,41. Shirt,MVI_5019,/Users/yamini/Desktop/projects/ISL PROJECT/include_videos/Clothes/41. Shirt/MVI_5019.MOV,Clothes/41. Shirt/MVI_5019.MOV,64,Clothes__41. Shirt__MVI_5019.npy,skipped,,,,
Clothes,41. Shirt,MVI_5020,/Users/yamini/Desktop/projects/ISL PROJECT/include_videos/Clothes/41. Shirt/MVI_5020.MOV,Clothes/41. Shirt/MVI_5020.MOV,70,Clothes__41. Shirt__MVI_5020.npy,skipped,,,,
Clothes,41. Shirt,MVI_5166,/Users/yamini/Desktop/projects/ISL PROJECT/include_videos/Clothes/41. Shirt/MVI_5166.MOV,Clothes/41. Shirt/MVI_5166.MOV,71,Clothes__41. Shirt__MVI_5166.npy,skipped,,,,
Clothes,41. Shirt,MVI_5167,/Users/yamini/Desktop/projects/ISL PROJECT/include_videos/Clothes/41. Shirt/MVI_5167.MOV,Clothes/41. Shirt/MVI_5167.MOV,70,Clothes__41. Shirt__MVI_5167.npy,skipped,,,,
Clothes,41. Shirt,MVI_5168,/Users/yamini/Desktop/projects/ISL PROJECT/include_videos/Clothes/41. Shirt/MVI_5168.MOV,Clothes/41. Shirt/MVI_5168.MOV,75,Clothes__41. Shirt__MVI_5168.npy,skipped,,,,
Clothes,41. Shirt,MVI_8605,/Users/yamini/Desktop/projects/ISL PROJECT/include_videos/Clothes/41. Shirt/MVI_8605.MOV,Clothes/41. Shirt/MVI_8605.MOV,86,Clothes__41. Shirt__MVI_8605.npy,skipped,,,,
Clothes,42. T-Shirt,MVI_3704,/Users/yamini/Desktop/projects/ISL PROJECT/include_videos/Clothes/42. T-Shirt/MVI_3704.MOV,Clothes/42. T-Shirt/MVI_3704.MOV,84,Clothes__42. T-Shirt__MVI_3704.npy,skipped,,,,
Clothes,42. T-Shirt,MVI_3705,/Users/yamini/Desktop/projects/ISL PROJECT/include_videos/Clothes/42. T-Shirt/MVI_3705.MOV,Clothes/42. T-Shirt/MVI_3705.MOV,70,Clothes__42. T-Shirt__MVI_3705.npy,skipped,,,,
Clothes,42. T-Shirt,MVI_3706,/Users/yamini/Desktop/projects/ISL PROJECT/include_videos/Clothes/42. T-Shirt/MVI_3706.MOV,Clothes/42. T-Shirt/MVI_3706.MOV,74,Clothes__42. T-Shirt__MVI_3706.npy,skipped,,,,
Clothes,42. T-Shirt,MVI_3850,/Users/yamini/Desktop/projects/ISL PROJECT/include_videos/Clothes/42. T-Shirt/MVI_3850.MOV,Clothes/42. T-Shirt/MVI_3850.MOV,106,Clothes__42. T-Shirt__MVI_3850.npy,skipped,,,,
Clothes,42. T-Shirt,MVI_3851,/Users/yamini/Desktop/projects/ISL PROJECT/include_videos/Clothes/42. T-Shirt/MVI_3851.MOV,Clothes/42. T-Shirt/MVI_3851.MOV,88,Clothes__42. T-Shirt__MVI_3851.npy,skipped,,,,
Clothes,42. T-Shirt,MVI_3852,/Users/yamini/Desktop/projects/ISL PROJECT/include_videos/Clothes/42. T-Shirt/MVI_3852.MOV,Clothes/42. T-Shirt/MVI_3852.MOV,92,Clothes__42. T-Shirt__MVI_3852.npy,skipped,,,,
Clothes,42. T-Shirt,MVI_4002,/Users/yamini/Desktop/projects/ISL PROJECT/include_videos/Clothes/42. T-Shirt/MVI_4002.MOV,Clothes/42. T-Shirt/MVI_4002.MOV,92,Clothes__42. T-Shirt__MVI_4002.npy,skipped,,,,
Clothes,42. T-Shirt,MVI_4003,/Users/yamini/Desktop/projects/ISL PROJECT/include_videos/Clothes/42. T-Shirt/MVI_4003.MOV,Clothes/42. T-Shirt/MVI_4003.MOV,85,Clothes__42. T-Shirt__MVI_4003.npy,skipped,,,,
Clothes,42. T-Shirt,MVI_4004,/Users/yamini/Desktop/projects/ISL PROJECT/include_videos/Clothes/42. T-Shirt/MVI_4004.MOV,Clothes/42. T-Shirt/MVI_4004.MOV,81,Clothes__42. T-Shirt__MVI_4004.npy,skipped,,,,
Clothes,42. T-Shirt,MVI_4202,/Users/yamini/Desktop/projects/ISL PROJECT/include_videos/Clothes/42. T-Shirt/MVI_4202.MOV,Clothes/42. T-Shirt/MVI_4202.MOV,61,Clothes__42. T-Shirt__MVI_4202.npy,skipped,,,,
Clothes,42. T-Shirt,MVI_4881,/Users/yamini/Desktop/projects/ISL PROJECT/include_videos/Clothes/42. T-Shirt/MVI_4881.MOV,Clothes/42. T-Shirt/MVI_4881.MOV,77,Clothes__42. T-Shirt__MVI_4881.npy,skipped,,,,
Clothes,42. T-Shirt,MVI_4882,/Users/yamini/Desktop/projects/ISL PROJECT/include_videos/Clothes/42. T-Shirt/MVI_4882.MOV,Clothes/42. T-Shirt/MVI_4882.MOV,78,Clothes__42. T-Shirt__MVI_4882.npy,skipped,,,,
Clothes,42. T-Shirt,MVI_4883,/Users/yamini/Desktop/projects/ISL PROJECT/include_videos/Clothes/42. T-Shirt/MVI_4883.MOV,Clothes/42. T-Shirt/MVI_4883.MOV,70,Clothes__42. T-Shirt__MVI_4883.npy,skipped,,,,
Clothes,42. T-Shirt,MVI_5021,/Users/yamini/Desktop/projects/ISL PROJECT/include_videos/Clothes/42. T-Shirt/MVI_5021.MOV,Clothes/42. T-Shirt/MVI_5021.MOV,64,Clothes__42. T-Shirt__MVI_5021.npy,skipped,,,,
Clothes,42. T-Shirt,MVI_5022,/Users/yamini/Desktop/projects/ISL PROJECT/include_videos/Clothes/42. T-Shirt/MVI_5022.MOV,Clothes/42. T-Shirt/MVI_5022.MOV,76,Clothes__42. T-Shirt__MVI_5022.npy,skipped,,,,
Clothes,42. T-Shirt,MVI_5023,/Users/yamini/Desktop/projects/ISL PROJECT/include_videos/Clothes/42. T-Shirt/MVI_5023.MOV,Clothes/42. T-Shirt/MVI_5023.MOV,79,Clothes__42. T-Shirt__MVI_5023.npy,skipped,,,,
Clothes,42. T-Shirt,MVI_5169,/Users/yamini/Desktop/projects/ISL PROJECT/include_videos/Clothes/42. T-Shirt/MVI_5169.MOV,Clothes/42. T-Shirt/MVI_5169.MOV,60,Clothes__42. T-Shirt__MVI_5169.npy,skipped,,,,
Clothes,42. T-Shirt,MVI_5170,/Users/yamini/Desktop/projects/ISL PROJECT/include_videos/Clothes/42. T-Shirt/MVI_5170.MOV,Clothes/42. T-Shirt/MVI_5170.MOV,66,Clothes__42. T-Shirt__MVI_5170.npy,skipped,,,,
Clothes,42. T-Shirt,MVI_5171,/Users/yamini/Desktop/projects/ISL PROJECT/include_videos/Clothes/42. T-Shirt/MVI_5171.MOV,Clothes/42. T-Shirt/MVI_5171.MOV,65,Clothes__42. T-Shirt__MVI_5171.npy,skipped,,,,
Clothes,42. T-Shirt,MVI_8606,/Users/yamini/Desktop/projects/ISL PROJECT/include_videos/Clothes/42. T-Shirt/MVI_8606.MOV,Clothes/42. T-Shirt/MVI_8606.MOV,76,Clothes__42. T-Shirt__MVI_8606.npy,skipped,,,,
Clothes,43. Pant,MVI_3707,/Users/yamini/Desktop/projects/ISL PROJECT/include_videos/Clothes/43. Pant/MVI_3707.MOV,Clothes/43. Pant/MVI_3707.MOV,77,Clothes__43. Pant__MVI_3707.npy,skipped,,,,
Clothes,43. Pant,MVI_3708,/Users/yamini/Desktop/projects/ISL PROJECT/include_videos/Clothes/43. Pant/MVI_3708.MOV,Clothes/43. Pant/MVI_3708.MOV,63,Clothes__43. Pant__MVI_3708.npy,skipped,,,,
Clothes,43. Pant,MVI_3709,/Users/yamini/Desktop/projects/ISL PROJECT/include_videos/Clothes/43. Pant/MVI_3709.MOV,Clothes/43. Pant/MVI_3709.MOV,59,Clothes__43. Pant__MVI_3709.npy,skipped,,,,
Clothes,43. Pant,MVI_3853,/Users/yamini/Desktop/projects/ISL PROJECT/include_videos/Clothes/43. Pant/MVI_3853.MOV,Clothes/43. Pant/MVI_3853.MOV,74,Clothes__43. Pant__MVI_3853.npy,skipped,,,,
Clothes,43. Pant,MVI_3854,/Users/yamini/Desktop/projects/ISL PROJECT/include_videos/Clothes/43. Pant/MVI_3854.MOV,Clothes/43. Pant/MVI_3854.MOV,80,Clothes__43. Pant__MVI_3854.npy,skipped,,,,
Clothes,43. Pant,MVI_3855,/Users/yamini/Desktop/projects/ISL PROJECT/include_videos/Clothes/43. Pant/MVI_3855.MOV,Clothes/43. Pant/MVI_3855.MOV,67,Clothes__43. Pant__MVI_3855.npy,skipped,,,,
Clothes,43. Pant,MVI_4005,/Users/yamini/Desktop/projects/ISL PROJECT/include_videos/Clothes/43. Pant/MVI_4005.MOV,Clothes/43. Pant/MVI_4005.MOV,61,Clothes__43. Pant__MVI_4005.npy,skipped,,,,
Clothes,43. Pant,MVI_4006,/Users/yamini/Desktop/projects/ISL PROJECT/include_videos/Clothes/43. Pant/MVI_4006.MOV,Clothes/43. Pant/MVI_4006.MOV,66,Clothes__43. Pant__MVI_4006.npy,skipped,,,,
Clothes,43. Pant,MVI_4007,/Users/yamini/Desktop/projects/ISL PROJECT/include_videos/Clothes/43. Pant/MVI_4007.MOV,Clothes/43. Pant/MVI_4007.MOV,65,Clothes__43. Pant__MVI_4007.npy,skipped,,,,
Clothes,43. Pant,MVI_4203,/Users/yamini/Desktop/projects/ISL PROJECT/include_videos/Clothes/43. Pant/MVI_4203.MOV,Clothes/43. Pant/MVI_4203.MOV,43,Clothes__43. Pant__MVI_4203.npy,skipped,,,,
Clothes,43. Pant,MVI_4884,/Users/yamini/Desktop/projects/ISL PROJECT/include_videos/Clothes/43. Pant/MVI_4884.MOV,Clothes/43. Pant/MVI_4884.MOV,52,Clothes__43. Pant__MVI_4884.npy,skipped,,,,
Clothes,43. Pant,MVI_4885,/Users/yamini/Desktop/projects/ISL PROJECT/include_videos/Clothes/43. Pant/MVI_4885.MOV,Clothes/43. Pant/MVI_4885.MOV,65,Clothes__43. Pant__MVI_4885.npy,skipped,,,,
Clothes,43. Pant,MVI_4886,/Users/yamini/Desktop/projects/ISL PROJECT/include_videos/Clothes/43. Pant/MVI_4886.MOV,Clothes/43. Pant/MVI_4886.MOV,48,Clothes__43. Pant__MVI_4886.npy,skipped,,,,
Clothes,43. Pant,MVI_5024,/Users/yamini/Desktop/projects/ISL PROJECT/include_videos/Clothes/43. Pant/MVI_5024.MOV,Clothes/43. Pant/MVI_5024.MOV,47,Clothes__43. Pant__MVI_5024.npy,skipped,,,,
Clothes,43. Pant,MVI_5025,/Users/yamini/Desktop/projects/ISL PROJECT/include_videos/Clothes/43. Pant/MVI_5025.MOV,Clothes/43. Pant/MVI_5025.MOV,53,Clothes__43. Pant__MVI_5025.npy,skipped,,,,
Clothes,43. Pant,MVI_5026,/Users/yamini/Desktop/projects/ISL PROJECT/include_videos/Clothes/43. Pant/MVI_5026.MOV,Clothes/43. Pant/MVI_5026.MOV,51,Clothes__43. Pant__MVI_5026.npy,skipped,,,,
Clothes,43. Pant,MVI_5172,/Users/yamini/Desktop/projects/ISL PROJECT/include_videos/Clothes/43. Pant/MVI_5172.MOV,Clothes/43. Pant/MVI_5172.MOV,53,Clothes__43. Pant__MVI_5172.npy,skipped,,,,
Clothes,43. Pant,MVI_5173,/Users/yamini/Desktop/projects/ISL PROJECT/include_videos/Clothes/43. Pant/MVI_5173.MOV,Clothes/43. Pant/MVI_5173.MOV,43,Clothes__43. Pant__MVI_5173.npy,skipped,,,,
Clothes,43. Pant,MVI_5174,/Users/yamini/Desktop/projects/ISL PROJECT/include_videos/Clothes/43. Pant/MVI_5174.MOV,Clothes/43. Pant/MVI_5174.MOV,39,Clothes__43. Pant__MVI_5174.npy,skipped,,,,
Clothes,43. Pant,MVI_8607,/Users/yamini/Desktop/projects/ISL PROJECT/include_videos/Clothes/43. Pant/MVI_8607.MOV,Clothes/43. Pant/MVI_8607.MOV,55,Clothes__43. Pant__MVI_8607.npy,skipped,,,,
Clothes,44. Shoes,MVI_3710,/Users/yamini/Desktop/projects/ISL PROJECT/include_videos/Clothes/44. Shoes/MVI_3710.MOV,Clothes/44. Shoes/MVI_3710.MOV,65,Clothes__44. Shoes__MVI_3710.npy,skipped,,,,
Clothes,44. Shoes,MVI_3711,/Users/yamini/Desktop/projects/ISL PROJECT/include_videos/Clothes/44. Shoes/MVI_3711.MOV,Clothes/44. Shoes/MVI_3711.MOV,69,Clothes__44. Shoes__MVI_3711.npy,skipped,,,,
Clothes,44. Shoes,MVI_3712,/Users/yamini/Desktop/projects/ISL PROJECT/include_videos/Clothes/44. Shoes/MVI_3712.MOV,Clothes/44. Shoes/MVI_3712.MOV,70,Clothes__44. Shoes__MVI_3712.npy,skipped,,,,
Clothes,44. Shoes,MVI_3856,/Users/yamini/Desktop/projects/ISL PROJECT/include_videos/Clothes/44. Shoes/MVI_3856.MOV,Clothes/44. Shoes/MVI_3856.MOV,83,Clothes__44. Shoes__MVI_3856.npy,skipped,,,,
Clothes,44. Shoes,MVI_3857,/Users/yamini/Desktop/projects/ISL PROJECT/include_videos/Clothes/44. Shoes/MVI_3857.MOV,Clothes/44. Shoes/MVI_3857.MOV,93,Clothes__44. Shoes__MVI_3857.npy,skipped,,,,
Clothes,44. Shoes,MVI_3858,/Users/yamini/Desktop/projects/ISL PROJECT/include_videos/Clothes/44. Shoes/MVI_3858.MOV,Clothes/44. Shoes/MVI_3858.MOV,92,Clothes__44. Shoes__MVI_3858.npy,skipped,,,,
Clothes,44. Shoes,MVI_4008,/Users/yamini/Desktop/projects/ISL PROJECT/include_videos/Clothes/44. Shoes/MVI_4008.MOV,Clothes/44. Shoes/MVI_4008.MOV,76,Clothes__44. Shoes__MVI_4008.npy,skipped,,,,
Clothes,44. Shoes,MVI_4009,/Users/yamini/Desktop/projects/ISL PROJECT/include_videos/Clothes/44. Shoes/MVI_4009.MOV,Clothes/44. Shoes/MVI_4009.MOV,69,Clothes__44. Shoes__MVI_4009.npy,skipped,,,,
Clothes,44. Shoes,MVI_4010,/Users/yamini/Desktop/projects/ISL PROJECT/include_videos/Clothes/44. Shoes/MVI_4010.MOV,Clothes/44. Shoes/MVI_4010.MOV,75,Clothes__44. Shoes__MVI_4010.npy,skipped,,,,
Clothes,44. Shoes,MVI_4204,/Users/yamini/Desktop/projects/ISL PROJECT/include_videos/Clothes/44. Shoes/MVI_4204.MOV,Clothes/44. Shoes/MVI_4204.MOV,57,Clothes__44. Shoes__MVI_4204.npy,skipped,,,,
Clothes,44. Shoes,MVI_4887,/Users/yamini/Desktop/projects/ISL PROJECT/include_videos/Clothes/44. Shoes/MVI_4887.MOV,Clothes/44. Shoes/MVI_4887.MOV,83,Clothes__44. Shoes__MVI_4887.npy,skipped,,,,
Clothes,44. Shoes,MVI_4888,/Users/yamini/Desktop/projects/ISL PROJECT/include_videos/Clothes/44. Shoes/MVI_4888.MOV,Clothes/44. Shoes/MVI_4888.MOV,80,Clothes__44. Shoes__MVI_4888.npy,skipped,,,,
Clothes,44. Shoes,MVI_4889,/Users/yamini/Desktop/projects/ISL PROJECT/include_videos/Clothes/44. Shoes/MVI_4889.MOV,Clothes/44. Shoes/MVI_4889.MOV,74,Clothes__44. Shoes__MVI_4889.npy,skipped,,,,
Clothes,44. Shoes,MVI_5028,/Users/yamini/Desktop/projects/ISL PROJECT/include_videos/Clothes/44. Shoes/MVI_5028.MOV,Clothes/44. Shoes/MVI_5028.MOV,64,Clothes__44. Shoes__MVI_5028.npy,skipped,,,,
Clothes,44. Shoes,MVI_5029,/Users/yamini/Desktop/projects/ISL PROJECT/include_videos/Clothes/44. Shoes/MVI_5029.MOV,Clothes/44. Shoes/MVI_5029.MOV,69,Clothes__44. Shoes__MVI_5029.npy,skipped,,,,
Clothes,44. Shoes,MVI_5030,/Users/yamini/Desktop/projects/ISL PROJECT/include_videos/Clothes/44. Shoes/MVI_5030.MOV,Clothes/44. Shoes/MVI_5030.MOV,72,Clothes__44. Shoes__MVI_5030.npy,skipped,,,,
Clothes,44. Shoes,MVI_5175,/Users/yamini/Desktop/projects/ISL PROJECT/include_videos/Clothes/44. Shoes/MVI_5175.MOV,Clothes/44. Shoes/MVI_5175.MOV,60,Clothes__44. Shoes__MVI_5175.npy,skipped,,,,
Clothes,44. Shoes,MVI_5176,/Users/yamini/Desktop/projects/ISL PROJECT/include_videos/Clothes/44. Shoes/MVI_5176.MOV,Clothes/44. Shoes/MVI_5176.MOV,62,Clothes__44. Shoes__MVI_5176.npy,skipped,,,,
Clothes,44. Shoes,MVI_5177,/Users/yamini/Desktop/projects/ISL PROJECT/include_videos/Clothes/44. Shoes/MVI_5177.MOV,Clothes/44. Shoes/MVI_5177.MOV,60,Clothes__44. Shoes__MVI_5177.npy,skipped,,,,
Clothes,44. Shoes,MVI_8608,/Users/yamini/Desktop/projects/ISL PROJECT/include_videos/Clothes/44. Shoes/MVI_8608.MOV,Clothes/44. Shoes/MVI_8608.MOV,62,Clothes__44. Shoes__MVI_8608.npy,skipped,,,,
Clothes,45. Pocket,MVI_3713,/Users/yamini/Desktop/projects/ISL PROJECT/include_videos/Clothes/45. Pocket/MVI_3713.MOV,Clothes/45. Pocket/MVI_3713.MOV,67,Clothes__45. Pocket__MVI_3713.npy,skipped,,,,
Clothes,45. Pocket,MVI_3714,/Users/yamini/Desktop/projects/ISL PROJECT/include_videos/Clothes/45. Pocket/MVI_3714.MOV,Clothes/45. Pocket/MVI_3714.MOV,55,Clothes__45. Pocket__MVI_3714.npy,skipped,,,,
Clothes,45. Pocket,MVI_3715,/Users/yamini/Desktop/projects/ISL PROJECT/include_videos/Clothes/45. Pocket/MVI_3715.MOV,Clothes/45. Pocket/MVI_3715.MOV,60,Clothes__45. Pocket__MVI_3715.npy,skipped,,,,
Clothes,45. Pocket,MVI_3859,/Users/yamini/Desktop/projects/ISL PROJECT/include_videos/Clothes/45. Pocket/MVI_3859.MOV,Clothes/45. Pocket/MVI_3859.MOV,87,Clothes__45. Pocket__MVI_3859.npy,skipped,,,,
Clothes,45. Pocket,MVI_3861,/Users/yamini/Desktop/projects/ISL PROJECT/include_videos/Clothes/45. Pocket/MVI_3861.MOV,Clothes/45. Pocket/MVI_3861.MOV,62,Clothes__45. Pocket__MVI_3861.npy,skipped,,,,
Clothes,45. Pocket,MVI_3862,/Users/yamini/Desktop/projects/ISL PROJECT/include_videos/Clothes/45. Pocket/MVI_3862.MOV,Clothes/45. Pocket/MVI_3862.MOV,44,Clothes__45. Pocket__MVI_3862.npy,skipped,,,,
Clothes,45. Pocket,MVI_4011,/Users/yamini/Desktop/projects/ISL PROJECT/include_videos/Clothes/45. Pocket/MVI_4011.MOV,Clothes/45. Pocket/MVI_4011.MOV,66,Clothes__45. Pocket__MVI_4011.npy,skipped,,,,
Clothes,45. Pocket,MVI_4012,/Users/yamini/Desktop/projects/ISL PROJECT/include_videos/Clothes/45. Pocket/MVI_4012.MOV,Clothes/45. Pocket/MVI_4012.MOV,82,Clothes__45. Pocket__MVI_4012.npy,skipped,,,,
Clothes,45. Pocket,MVI_4013,/Users/yamini/Desktop/projects/ISL PROJECT/include_videos/Clothes/45. Pocket/MVI_4013.MOV,Clothes/45. Pocket/MVI_4013.MOV,60,Clothes__45. Pocket__MVI_4013.npy,skipped,,,,
Clothes,45. Pocket,MVI_4205,/Users/yamini/Desktop/projects/ISL PROJECT/include_videos/Clothes/45. Pocket/MVI_4205.MOV,Clothes/45. Pocket/MVI_4205.MOV,52,Clothes__45. Pocket__MVI_4205.npy,skipped,,,,
Clothes,45. Pocket,MVI_4890,/Users/yamini/Desktop/projects/ISL PROJECT/include_videos/Clothes/45. Pocket/MVI_4890.MOV,Clothes/45. Pocket/MVI_4890.MOV,61,Clothes__45. Pocket__MVI_4890.npy,skipped,,,,
Clothes,45. Pocket,MVI_4891,/Users/yamini/Desktop/projects/ISL PROJECT/include_videos/Clothes/45. Pocket/MVI_4891.MOV,Clothes/45. Pocket/MVI_4891.MOV,70,Clothes__45. Pocket__MVI_4891.npy,skipped,,,,
Clothes,45. Pocket,MVI_4892,/Users/yamini/Desktop/projects/ISL PROJECT/include_videos/Clothes/45. Pocket/MVI_4892.MOV,Clothes/45. Pocket/MVI_4892.MOV,57,Clothes__45. Pocket__MVI_4892.npy,skipped,,,,
Clothes,45. Pocket,MVI_5031,/Users/yamini/Desktop/projects/ISL PROJECT/include_videos/Clothes/45. Pocket/MVI_5031.MOV,Clothes/45. Pocket/MVI_5031.MOV,58,Clothes__45. Pocket__MVI_5031.npy,skipped,,,,
Clothes,45. Pocket,MVI_5032,/Users/yamini/Desktop/projects/ISL PROJECT/include_videos/Clothes/45. Pocket/MVI_5032.MOV,Clothes/45. Pocket/MVI_5032.MOV,61,Clothes__45. Pocket__MVI_5032.npy,skipped,,,,
Clothes,45. Pocket,MVI_5033,/Users/yamini/Desktop/projects/ISL PROJECT/include_videos/Clothes/45. Pocket/MVI_5033.MOV,Clothes/45. Pocket/MVI_5033.MOV,54,Clothes__45. Pocket__MVI_5033.npy,skipped,,,,
Clothes,45. Pocket,MVI_5178,/Users/yamini/Desktop/projects/ISL PROJECT/include_videos/Clothes/45. Pocket/MVI_5178.MOV,Clothes/45. Pocket/MVI_5178.MOV,53,Clothes__45. Pocket__MVI_5178.npy,skipped,,,,
Clothes,45. Pocket,MVI_5179,/Users/yamini/Desktop/projects/ISL PROJECT/include_videos/Clothes/45. Pocket/MVI_5179.MOV,Clothes/45. Pocket/MVI_5179.MOV,50,Clothes__45. Pocket__MVI_5179.npy,skipped,,,,
Clothes,45. Pocket,MVI_5180,/Users/yamini/Desktop/projects/ISL PROJECT/include_videos/Clothes/45. Pocket/MVI_5180.MOV,Clothes/45. Pocket/MVI_5180.MOV,53,Clothes__45. Pocket__MVI_5180.npy,skipped,,,,
Clothes,45. Pocket,MVI_8610,/Users/yamini/Desktop/projects/ISL PROJECT/include_videos/Clothes/45. Pocket/MVI_8610.MOV,Clothes/45. Pocket/MVI_8610.MOV,70,Clothes__45. Pocket__MVI_8610.npy,skipped,,,,
Clothes,46. Clothing,MVI_3716,/Users/yamini/Desktop/projects/ISL PROJECT/include_videos/Clothes/46. Clothing/MVI_3716.MOV,Clothes/46. Clothing/MVI_3716.MOV,61,Clothes__46. Clothing__MVI_3716.npy,skipped,,,,
Clothes,46. Clothing,MVI_3717,/Users/yamini/Desktop/projects/ISL PROJECT/include_videos/Clothes/46. Clothing/MVI_3717.MOV,Clothes/46. Clothing/MVI_3717.MOV,61,Clothes__46. Clothing__MVI_3717.npy,skipped,,,,
Clothes,46. Clothing,MVI_3718,/Users/yamini/Desktop/projects/ISL PROJECT/include_videos/Clothes/46. Clothing/MVI_3718.MOV,Clothes/46. Clothing/MVI_3718.MOV,53,Clothes__46. Clothing__MVI_3718.npy,skipped,,,,
Clothes,46. Clothing,MVI_3863,/Users/yamini/Desktop/projects/ISL PROJECT/include_videos/Clothes/46. Clothing/MVI_3863.MOV,Clothes/46. Clothing/MVI_3863.MOV,83,Clothes__46. Clothing__MVI_3863.npy,skipped,,,,
Clothes,46. Clothing,MVI_3864,/Users/yamini/Desktop/projects/ISL PROJECT/include_videos/Clothes/46. Clothing/MVI_3864.MOV,Clothes/46. Clothing/MVI_3864.MOV,75,Clothes__46. Clothing__MVI_3864.npy,skipped,,,,
Clothes,46. Clothing,MVI_3865,/Users/yamini/Desktop/projects/ISL PROJECT/include_videos/Clothes/46. Clothing/MVI_3865.MOV,Clothes/46. Clothing/MVI_3865.MOV,74,Clothes__46. Clothing__MVI_3865.npy,skipped,,,,
Clothes,46. Clothing,MVI_4014,/Users/yamini/Desktop/projects/ISL PROJECT/include_videos/Clothes/46. Clothing/MVI_4014.MOV,Clothes/46. Clothing/MVI_4014.MOV,61,Clothes__46. Clothing__MVI_4014.npy,skipped,,,,
Clothes,46. Clothing,MVI_4015,/Users/yamini/Desktop/projects/ISL PROJECT/include_videos/Clothes/46. Clothing/MVI_4015.MOV,Clothes/46. Clothing/MVI_4015.MOV,62,Clothes__46. Clothing__MVI_4015.npy,skipped,,,,
Clothes,46. Clothing,MVI_4016,/Users/yamini/Desktop/projects/ISL PROJECT/include_videos/Clothes/46. Clothing/MVI_4016.MOV,Clothes/46. Clothing/MVI_4016.MOV,61,Clothes__46. Clothing__MVI_4016.npy,skipped,,,,
Clothes,46. Clothing,MVI_4206,/Users/yamini/Desktop/projects/ISL PROJECT/include_videos/Clothes/46. Clothing/MVI_4206.MOV,Clothes/46. Clothing/MVI_4206.MOV,50,Clothes__46. Clothing__MVI_4206.npy,skipped,,,,
Clothes,46. Clothing,MVI_4894,/Users/yamini/Desktop/projects/ISL PROJECT/include_videos/Clothes/46. Clothing/MVI_4894.MOV,Clothes/46. Clothing/MVI_4894.MOV,59,Clothes__46. Clothing__MVI_4894.npy,skipped,,,,
Clothes,46. Clothing,MVI_4895,/Users/yamini/Desktop/projects/ISL PROJECT/include_videos/Clothes/46. Clothing/MVI_4895.MOV,Clothes/46. Clothing/MVI_4895.MOV,58,Clothes__46. Clothing__MVI_4895.npy,skipped,,,,
Clothes,46. Clothing,MVI_4896,/Users/yamini/Desktop/projects/ISL PROJECT/include_videos/Clothes/46. Clothing/MVI_4896.MOV,Clothes/46. Clothing/MVI_4896.MOV,50,Clothes__46. Clothing__MVI_4896.npy,skipped,,,,
Clothes,46. Clothing,MVI_5034,/Users/yamini/Desktop/projects/ISL PROJECT/include_videos/Clothes/46. Clothing/MVI_5034.MOV,Clothes/46. Clothing/MVI_5034.MOV,49,Clothes__46. Clothing__MVI_5034.npy,skipped,,,,
Clothes,46. Clothing,MVI_5035,/Users/yamini/Desktop/projects/ISL PROJECT/include_videos/Clothes/46. Clothing/MVI_5035.MOV,Clothes/46. Clothing/MVI_5035.MOV,44,Clothes__46. Clothing__MVI_5035.npy,skipped,,,,
Clothes,46. Clothing,MVI_5036,/Users/yamini/Desktop/projects/ISL PROJECT/include_videos/Clothes/46. Clothing/MVI_5036.MOV,Clothes/46. Clothing/MVI_5036.MOV,49,Clothes__46. Clothing__MVI_5036.npy,skipped,,,,
Clothes,46. Clothing,MVI_5181,/Users/yamini/Desktop/projects/ISL PROJECT/include_videos/Clothes/46. Clothing/MVI_5181.MOV,Clothes/46. Clothing/MVI_5181.MOV,58,Clothes__46. Clothing__MVI_5181.npy,skipped,,,,
Clothes,46. Clothing,MVI_5182,/Users/yamini/Desktop/projects/ISL PROJECT/include_videos/Clothes/46. Clothing/MVI_5182.MOV,Clothes/46. Clothing/MVI_5182.MOV,57,Clothes__46. Clothing__MVI_5182.npy,skipped,,,,
Clothes,46. Clothing,MVI_5183,/Users/yamini/Desktop/projects/ISL PROJECT/include_videos/Clothes/46. Clothing/MVI_5183.MOV,Clothes/46. Clothing/MVI_5183.MOV,54,Clothes__46. Clothing__MVI_5183.npy,skipped,,,,
Clothes,46. Clothing,MVI_8611,/Users/yamini/Desktop/projects/ISL PROJECT/include_videos/Clothes/46. Clothing/MVI_8611.MOV,Clothes/46. Clothing/MVI_8611.MOV,67,Clothes__46. Clothing__MVI_8611.npy,skipped,,,,
Colours,47. Red,MVI_3719,/Users/yamini/Desktop/projects/ISL PROJECT/include_videos/Colours/47. Red/MVI_3719.MOV,Colours/47. Red/MVI_3719.MOV,58,Colours__47. Red__MVI_3719.npy,skipped,,,,
Colours,47. Red,MVI_3720,/Users/yamini/Desktop/projects/ISL PROJECT/include_videos/Colours/47. Red/MVI_3720.MOV,Colours/47. Red/MVI_3720.MOV,62,Colours__47. Red__MVI_3720.npy,skipped,,,,
Colours,47. Red,MVI_3721,/Users/yamini/Desktop/projects/ISL PROJECT/include_videos/Colours/47. Red/MVI_3721.MOV,Colours/47. Red/MVI_3721.MOV,54,Colours__47. Red__MVI_3721.npy,skipped,,,,
Colours,47. Red,MVI_3866,/Users/yamini/Desktop/projects/ISL PROJECT/include_videos/Colours/47. Red/MVI_3866.MOV,Colours/47. Red/MVI_3866.MOV,75,Colours__47. Red__MVI_3866.npy,skipped,,,,
Colours,47. Red,MVI_3867,/Users/yamini/Desktop/projects/ISL PROJECT/include_videos/Colours/47. Red/MVI_3867.MOV,Colours/47. Red/MVI_3867.MOV,66,Colours__47. Red__MVI_3867.npy,skipped,,,,
Colours,47. Red,MVI_3868,/Users/yamini/Desktop/projects/ISL PROJECT/include_videos/Colours/47. Red/MVI_3868.MOV,Colours/47. Red/MVI_3868.MOV,70,Colours__47. Red__MVI_3868.npy,skipped,,,,
Colours,47. Red,MVI_4017,/Users/yamini/Desktop/projects/ISL PROJECT/include_videos/Colours/47. Red/MVI_4017.MOV,Colours/47. Red/MVI_4017.MOV,61,Colours__47. Red__MVI_4017.npy,skipped,,,,
Colours,47. Red,MVI_4018,/Users/yamini/Desktop/projects/ISL PROJECT/include_videos/Colours/47. Red/MVI_4018.MOV,Colours/47. Red/MVI_4018.MOV,66,Colours__47. Red__MVI_4018.npy,skipped,,,,
Colours,47. Red,MVI_4019,/Users/yamini/Desktop/projects/ISL PROJECT/include_videos/Colours/47. Red/MVI_4019.MOV,Colours/47. Red/MVI_4019.MOV,64,Colours__47. Red__MVI_4019.npy,skipped,,,,
Colours,47. Red,MVI_4207,/Users/yamini/Desktop/projects/ISL PROJECT/include_videos/Colours/47. Red/MVI_4207.MOV,Colours/47. Red/MVI_4207.MOV,44,Colours__47. Red__MVI_4207.npy,skipped,,,,
Colours,47. Red,MVI_4897,/Users/yamini/Desktop/projects/ISL PROJECT/include_videos/Colours/47. Red/MVI_4897.MOV,Colours/47. Red/MVI_4897.MOV,55,Colours__47. Red__MVI_4897.npy,skipped,,,,
Colours,47. Red,MVI_4898,/Users/yamini/Desktop/projects/ISL PROJECT/include_videos/Colours/47. Red/MVI_4898.MOV,Colours/47. Red/MVI_4898.MOV,60,Colours__47. Red__MVI_4898.npy,skipped,,,,
Colours,47. Red,MVI_4899,/Users/yamini/Desktop/projects/ISL PROJECT/include_videos/Colours/47. Red/MVI_4899.MOV,Colours/47. Red/MVI_4899.MOV,58,Colours__47. Red__MVI_4899.npy,skipped,,,,
Colours,47. Red,MVI_5037,/Users/yamini/Desktop/projects/ISL PROJECT/include_videos/Colours/47. Red/MVI_5037.MOV,Colours/47. Red/MVI_5037.MOV,52,Colours__47. Red__MVI_5037.npy,skipped,,,,
Colours,47. Red,MVI_5038,/Users/yamini/Desktop/projects/ISL PROJECT/include_videos/Colours/47. Red/MVI_5038.MOV,Colours/47. Red/MVI_5038.MOV,59,Colours__47. Red__MVI_5038.npy,skipped,,,,
Colours,47. Red,MVI_5039,/Users/yamini/Desktop/projects/ISL PROJECT/include_videos/Colours/47. Red/MVI_5039.MOV,Colours/47. Red/MVI_5039.MOV,59,Colours__47. Red__MVI_5039.npy,skipped,,,,
Colours,47. Red,MVI_5184,/Users/yamini/Desktop/projects/ISL PROJECT/include_videos/Colours/47. Red/MVI_5184.MOV,Colours/47. Red/MVI_5184.MOV,50,Colours__47. Red__MVI_5184.npy,skipped,,,,
Colours,47. Red,MVI_5185,/Users/yamini/Desktop/projects/ISL PROJECT/include_videos/Colours/47. Red/MVI_5185.MOV,Colours/47. Red/MVI_5185.MOV,49,Colours__47. Red__MVI_5185.npy,skipped,,,,
Colours,47. Red,MVI_5186,/Users/yamini/Desktop/projects/ISL PROJECT/include_videos/Colours/47. Red/MVI_5186.MOV,Colours/47. Red/MVI_5186.MOV,49,Colours__47. Red__MVI_5186.npy,skipped,,,,
Colours,47. Red,MVI_8612,/Users/yamini/Desktop/projects/ISL PROJECT/include_videos/Colours/47. Red/MVI_8612.MOV,Colours/47. Red/MVI_8612.MOV,73,Colours__47. Red__MVI_8612.npy,skipped,,,,
Colours,48. Green,MVI_3722,/Users/yamini/Desktop/projects/ISL PROJECT/include_videos/Colours/48. Green/MVI_3722.MOV,Colours/48. Green/MVI_3722.MOV,53,Colours__48. Green__MVI_3722.npy,skipped,,,,
Colours,48. Green,MVI_3723,/Users/yamini/Desktop/projects/ISL PROJECT/include_videos/Colours/48. Green/MVI_3723.MOV,Colours/48. Green/MVI_3723.MOV,59,Colours__48. Green__MVI_3723.npy,skipped,,,,
Colours,48. Green,MVI_3724,/Users/yamini/Desktop/projects/ISL PROJECT/include_videos/Colours/48. Green/MVI_3724.MOV,Colours/48. Green/MVI_3724.MOV,47,Colours__48. Green__MVI_3724.npy,skipped,,,,
Colours,48. Green,MVI_3869,/Users/yamini/Desktop/projects/ISL PROJECT/include_videos/Colours/48. Green/MVI_3869.MOV,Colours/48. Green/MVI_3869.MOV,90,Colours__48. Green__MVI_3869.npy,skipped,,,,
Colours,48. Green,MVI_3870,/Users/yamini/Desktop/projects/ISL PROJECT/include_videos/Colours/48. Green/MVI_3870.MOV,Colours/48. Green/MVI_3870.MOV,82,Colours__48. Green__MVI_3870.npy,skipped,,,,
Colours,48. Green,MVI_3871,/Users/yamini/Desktop/projects/ISL PROJECT/include_videos/Colours/48. Green/MVI_3871.MOV,Colours/48. Green/MVI_3871.MOV,91,Colours__48. Green__MVI_3871.npy,skipped,,,,
Colours,48. Green,MVI_4020,/Users/yamini/Desktop/projects/ISL PROJECT/include_videos/Colours/48. Green/MVI_4020.MOV,Colours/48. Green/MVI_4020.MOV,90,Colours__48. Green__MVI_4020.npy,skipped,,,,
Colours,48. Green,MVI_4021,/Users/yamini/Desktop/projects/ISL PROJECT/include_videos/Colours/48. Green/MVI_4021.MOV,Colours/48. Green/MVI_4021.MOV,65,Colours__48. Green__MVI_4021.npy,skipped,,,,
Colours,48. Green,MVI_4022,/Users/yamini/Desktop/projects/ISL PROJECT/include_videos/Colours/48. Green/MVI_4022.MOV,Colours/48. Green/MVI_4022.MOV,56,Colours__48. Green__MVI_4022.npy,skipped,,,,
Colours,48. Green,MVI_4208,/Users/yamini/Desktop/projects/ISL PROJECT/include_videos/Colours/48. Green/MVI_4208.MOV,Colours/48. Green/MVI_4208.MOV,49,Colours__48. Green__MVI_4208.npy,skipped,,,,
Colours,48. Green,MVI_4900,/Users/yamini/Desktop/projects/ISL PROJECT/include_videos/Colours/48. Green/MVI_4900.MOV,Colours/48. Green/MVI_4900.MOV,55,Colours__48. Green__MVI_4900.npy,skipped,,,,
Colours,48. Green,MVI_4901,/Users/yamini/Desktop/projects/ISL PROJECT/include_videos/Colours/48. Green/MVI_4901.MOV,Colours/48. Green/MVI_4901.MOV,52,Colours__48. Green__MVI_4901.npy,skipped,,,,
Colours,48. Green,MVI_4902,/Users/yamini/Desktop/projects/ISL PROJECT/include_videos/Colours/48. Green/MVI_4902.MOV,Colours/48. Green/MVI_4902.MOV,50,Colours__48. Green__MVI_4902.npy,skipped,,,,
Colours,48. Green,MVI_5040,/Users/yamini/Desktop/projects/ISL PROJECT/include_videos/Colours/48. Green/MVI_5040.MOV,Colours/48. Green/MVI_5040.MOV,47,Colours__48. Green__MVI_5040.npy,skipped,,,,
Colours,48. Green,MVI_5041,/Users/yamini/Desktop/projects/ISL PROJECT/include_videos/Colours/48. Green/MVI_5041.MOV,Colours/48. Green/MVI_5041.MOV,45,Colours__48. Green__MVI_5041.npy,skipped,,,,
Colours,48. Green,MVI_5042,/Users/yamini/Desktop/projects/ISL PROJECT/include_videos/Colours/48. Green/MVI_5042.MOV,Colours/48. Green/MVI_5042.MOV,50,Colours__48. Green__MVI_5042.npy,skipped,,,,
Colours,48. Green,MVI_5187,/Users/yamini/Desktop/projects/ISL PROJECT/include_videos/Colours/48. Green/MVI_5187.MOV,Colours/48. Green/MVI_5187.MOV,61,Colours__48. Green__MVI_5187.npy,skipped,,,,
Colours,48. Green,MVI_5188,/Users/yamini/Desktop/projects/ISL PROJECT/include_videos/Colours/48. Green/MVI_5188.MOV,Colours/48. Green/MVI_5188.MOV,62,Colours__48. Green__MVI_5188.npy,skipped,,,,
Colours,48. Green,MVI_5189,/Users/yamini/Desktop/projects/ISL PROJECT/include_videos/Colours/48. Green/MVI_5189.MOV,Colours/48. Green/MVI_5189.MOV,68,Colours__48. Green__MVI_5189.npy,skipped,,,,
Colours,48. Green,MVI_8613,/Users/yamini/Desktop/projects/ISL PROJECT/include_videos/Colours/48. Green/MVI_8613.MOV,Colours/48. Green/MVI_8613.MOV,67,Colours__48. Green__MVI_8613.npy,skipped,,,,
Colours,49. Blue,MVI_3725,/Users/yamini/Desktop/projects/ISL PROJECT/include_videos/Colours/49. Blue/MVI_3725.MOV,Colours/49. Blue/MVI_3725.MOV,58,Colours__49. Blue__MVI_3725.npy,skipped,,,,
Colours,49. Blue,MVI_3726,/Users/yamini/Desktop/projects/ISL PROJECT/include_videos/Colours/49. Blue/MVI_3726.MOV,Colours/49. Blue/MVI_3726.MOV,57,Colours__49. Blue__MVI_3726.npy,skipped,,,,
Colours,49. Blue,MVI_3727,/Users/yamini/Desktop/projects/ISL PROJECT/include_videos/Colours/49. Blue/MVI_3727.MOV,Colours/49. Blue/MVI_3727.MOV,57,Colours__49. Blue__MVI_3727.npy,skipped,,,,
Colours,49. Blue,MVI_3872,/Users/yamini/Desktop/projects/ISL PROJECT/include_videos/Colours/49. Blue/MVI_3872.MOV,Colours/49. Blue/MVI_3872.MOV,83,Colours__49. Blue__MVI_3872.npy,skipped,,,,
Colours,49. Blue,MVI_3873,/Users/yamini/Desktop/projects/ISL PROJECT/include_videos/Colours/49. Blue/MVI_3873.MOV,Colours/49. Blue/MVI_3873.MOV,101,Colours__49. Blue__MVI_3873.npy,skipped,,,,
Colours,49. Blue,MVI_3874,/Users/yamini/Desktop/projects/ISL PROJECT/include_videos/Colours/49. Blue/MVI_3874.MOV,Colours/49. Blue/MVI_3874.MOV,74,Colours__49. Blue__MVI_3874.npy,skipped,,,,
Colours,49. Blue,MVI_4024,/Users/yamini/Desktop/projects/ISL PROJECT/include_videos/Colours/49. Blue/MVI_4024.MOV,Colours/49. Blue/MVI_4024.MOV,56,Colours__49. Blue__MVI_4024.npy,skipped,,,,
Colours,49. Blue,MVI_4025,/Users/yamini/Desktop/projects/ISL PROJECT/include_videos/Colours/49. Blue/MVI_4025.MOV,Colours/49. Blue/MVI_4025.MOV,52,Colours__49. Blue__MVI_4025.npy,skipped,,,,
Colours,49. Blue,MVI_4026,/Users/yamini/Desktop/projects/ISL PROJECT/include_videos/Colours/49. Blue/MVI_4026.MOV,Colours/49. Blue/MVI_4026.MOV,56,Colours__49. Blue__MVI_4026.npy,skipped,,,,
Colours,49. Blue,MVI_4209,/Users/yamini/Desktop/projects/ISL PROJECT/include_videos/Colours/49. Blue/MVI_4209.MOV,Colours/49. Blue/MVI_4209.MOV,49,Colours__49. Blue__MVI_4209.npy,skipped,,,,
Colours,49. Blue,MVI_4903,/Users/yamini/Desktop/projects/ISL PROJECT/include_videos/Colours/49. Blue/MVI_4903.MOV,Colours/49. Blue/MVI_4903.MOV,48,Colours__49. Blue__MVI_4903.npy,skipped,,,,
Colours,49. Blue,MVI_4904,/Users/yamini/Desktop/projects/ISL PROJECT/include_videos/Colours/49. Blue/MVI_4904.MOV,Colours/49. Blue/MVI_4904.MOV,53,Colours__49. Blue__MVI_4904.npy,skipped,,,,
Colours,49. Blue,MVI_4905,/Users/yamini/Desktop/projects/ISL PROJECT/include_videos/Colours/49. Blue/MVI_4905.MOV,Colours/49. Blue/MVI_4905.MOV,51,Colours__49. Blue__MVI_4905.npy,skipped,,,,
Colours,49. Blue,MVI_5043,/Users/yamini/Desktop/projects/ISL PROJECT/include_videos/Colours/49. Blue/MVI_5043.MOV,Colours/49. Blue/MVI_5043.MOV,48,Colours__49. Blue__MVI_5043.npy,skipped,,,,
Colours,49. Blue,MVI_5044,/Users/yamini/Desktop/projects/ISL PROJECT/include_videos/Colours/49. Blue/MVI_5044.MOV,Colours/49. Blue/MVI_5044.MOV,37,Colours__49. Blue__MVI_5044.npy,skipped,,,,
Colours,49. Blue,MVI_5045,/Users/yamini/Desktop/projects/ISL PROJECT/include_videos/Colours/49. Blue/MVI_5045.MOV,Colours/49. Blue/MVI_5045.MOV,36,Colours__49. Blue__MVI_5045.npy,skipped,,,,
Colours,49. Blue,MVI_5190,/Users/yamini/Desktop/projects/ISL PROJECT/include_videos/Colours/49. Blue/MVI_5190.MOV,Colours/49. Blue/MVI_5190.MOV,62,Colours__49. Blue__MVI_5190.npy,skipped,,,,
Colours,49. Blue,MVI_5191,/Users/yamini/Desktop/projects/ISL PROJECT/include_videos/Colours/49. Blue/MVI_5191.MOV,Colours/49. Blue/MVI_5191.MOV,63,Colours__49. Blue__MVI_5191.npy,skipped,,,,
Colours,49. Blue,MVI_5192,/Users/yamini/Desktop/projects/ISL PROJECT/include_videos/Colours/49. Blue/MVI_5192.MOV,Colours/49. Blue/MVI_5192.MOV,51,Colours__49. Blue__MVI_5192.npy,skipped,,,,
Colours,49. Blue,MVI_8614,/Users/yamini/Desktop/projects/ISL PROJECT/include_videos/Colours/49. Blue/MVI_8614.MOV,Colours/49. Blue/MVI_8614.MOV,66,Colours__49. Blue__MVI_8614.npy,skipped,,,,
Colours,50. Yellow,MVI_3728,/Users/yamini/Desktop/projects/ISL PROJECT/include_videos/Colours/50. Yellow/MVI_3728.MOV,Colours/50. Yellow/MVI_3728.MOV,54,Colours__50. Yellow__MVI_3728.npy,skipped,,,,
Colours,50. Yellow,MVI_3729,/Users/yamini/Desktop/projects/ISL PROJECT/include_videos/Colours/50. Yellow/MVI_3729.MOV,Colours/50. Yellow/MVI_3729.MOV,65,Colours__50. Yellow__MVI_3729.npy,skipped,,,,
Colours,50. Yellow,MVI_3730,/Users/yamini/Desktop/projects/ISL PROJECT/include_videos/Colours/50. Yellow/MVI_3730.MOV,Colours/50. Yellow/MVI_3730.MOV,48,Colours__50. Yellow__MVI_3730.npy,skipped,,,,
Colours,50. Yellow,MVI_3875,/Users/yamini/Desktop/projects/ISL PROJECT/include_videos/Colours/50. Yellow/MVI_3875.MOV,Colours/50. Yellow/MVI_3875.MOV,79,Colours__50. Yellow__MVI_3875.npy,skipped,,,,
Colours,50. Yellow,MVI_3876,/Users/yamini/Desktop/projects/ISL PROJECT/include_videos/Colours/50. Yellow/MVI_3876.MOV,Colours/50. Yellow/MVI_3876.MOV,82,Colours__50. Yellow__MVI_3876.npy,skipped,,,,
Colours,50. Yellow,MVI_3877,/Users/yamini/Desktop/projects/ISL PROJECT/include_videos/Colours/50. Yellow/MVI_3877.MOV,Colours/50. Yellow/MVI_3877.MOV,83,Colours__50. Yellow__MVI_3877.npy,skipped,,,,
Colours,50. Yellow,MVI_4027,/Users/yamini/Desktop/projects/ISL PROJECT/include_videos/Colours/50. Yellow/MVI_4027.MOV,Colours/50. Yellow/MVI_4027.MOV,59,Colours__50. Yellow__MVI_4027.npy,skipped,,,,
Colours,50. Yellow,MVI_4028,/Users/yamini/Desktop/projects/ISL PROJECT/include_videos/Colours/50. Yellow/MVI_4028.MOV,Colours/50. Yellow/MVI_4028.MOV,62,Colours__50. Yellow__MVI_4028.npy,skipped,,,,
Colours,50. Yellow,MVI_4029,/Users/yamini/Desktop/projects/ISL PROJECT/include_videos/Colours/50. Yellow/MVI_4029.MOV,Colours/50. Yellow/MVI_4029.MOV,67,Colours__50. Yellow__MVI_4029.npy,skipped,,,,
Colours,50. Yellow,MVI_4211,/Users/yamini/Desktop/projects/ISL PROJECT/include_videos/Colours/50. Yellow/MVI_4211.MOV,Colours/50. Yellow/MVI_4211.MOV,65,Colours__50. Yellow__MVI_4211.npy,skipped,,,,
Colours,50. Yellow,MVI_4906,/Users/yamini/Desktop/projects/ISL PROJECT/include_videos/Colours/50. Yellow/MVI_4906.MOV,Colours/50. Yellow/MVI_4906.MOV,45,Colours__50. Yellow__MVI_4906.npy,skipped,,,,
Colours,50. Yellow,MVI_4907,/Users/yamini/Desktop/projects/ISL PROJECT/include_videos/Colours/50. Yellow/MVI_4907.MOV,Colours/50. Yellow/MVI_4907.MOV,65,Colours__50. Yellow__MVI_4907.npy,skipped,,,,
Colours,50. Yellow,MVI_4908,/Users/yamini/Desktop/projects/ISL PROJECT/include_videos/Colours/50. Yellow/MVI_4908.MOV,Colours/50. Yellow/MVI_4908.MOV,50,Colours__50. Yellow__MVI_4908.npy,skipped,,,,
Colours,50. Yellow,MVI_5046,/Users/yamini/Desktop/projects/ISL PROJECT/include_videos/Colours/50. Yellow/MVI_5046.MOV,Colours/50. Yellow/MVI_5046.MOV,52,Colours__50. Yellow__MVI_5046.npy,skipped,,,,
Colours,50. Yellow,MVI_5047,/Users/yamini/Desktop/projects/ISL PROJECT/include_videos/Colours/50. Yellow/MVI_5047.MOV,Colours/50. Yellow/MVI_5047.MOV,53,Colours__50. Yellow__MVI_5047.npy,skipped,,,,
Colours,50. Yellow,MVI_5048,/Users/yamini/Desktop/projects/ISL PROJECT/include_videos/Colours/50. Yellow/MVI_5048.MOV,Colours/50. Yellow/MVI_5048.MOV,44,Colours__50. Yellow__MVI_5048.npy,skipped,,,,
Colours,50. Yellow,MVI_5193,/Users/yamini/Desktop/projects/ISL PROJECT/include_videos/Colours/50. Yellow/MVI_5193.MOV,Colours/50. Yellow/MVI_5193.MOV,51,Colours__50. Yellow__MVI_5193.npy,skipped,,,,
Colours,50. Yellow,MVI_5194,/Users/yamini/Desktop/projects/ISL PROJECT/include_videos/Colours/50. Yellow/MVI_5194.MOV,Colours/50. Yellow/MVI_5194.MOV,45,Colours__50. Yellow__MVI_5194.npy,skipped,,,,
Colours,50. Yellow,MVI_5195,/Users/yamini/Desktop/projects/ISL PROJECT/include_videos/Colours/50. Yellow/MVI_5195.MOV,Colours/50. Yellow/MVI_5195.MOV,43,Colours__50. Yellow__MVI_5195.npy,skipped,,,,
Colours,50. Yellow,MVI_8615,/Users/yamini/Desktop/projects/ISL PROJECT/include_videos/Colours/50. Yellow/MVI_8615.MOV,Colours/50. Yellow/MVI_8615.MOV,64,Colours__50. Yellow__MVI_8615.npy,skipped,,,,
Colours,51. Brown,MVI_3731,/Users/yamini/Desktop/projects/ISL PROJECT/include_videos/Colours/51. Brown/MVI_3731.MOV,Colours/51. Brown/MVI_3731.MOV,53,Colours__51. Brown__MVI_3731.npy,skipped,,,,
Colours,51. Brown,MVI_3732,/Users/yamini/Desktop/projects/ISL PROJECT/include_videos/Colours/51. Brown/MVI_3732.MOV,Colours/51. Brown/MVI_3732.MOV,42,Colours__51. Brown__MVI_3732.npy,skipped,,,,
Colours,51. Brown,MVI_3733,/Users/yamini/Desktop/projects/ISL PROJECT/include_videos/Colours/51. Brown/MVI_3733.MOV,Colours/51. Brown/MVI_3733.MOV,53,Colours__51. Brown__MVI_3733.npy,skipped,,,,
Colours,51. Brown,MVI_3878,/Users/yamini/Desktop/projects/ISL PROJECT/include_videos/Colours/51. Brown/MVI_3878.MOV,Colours/51. Brown/MVI_3878.MOV,89,Colours__51. Brown__MVI_3878.npy,skipped,,,,
Colours,51. Brown,MVI_3879,/Users/yamini/Desktop/projects/ISL PROJECT/include_videos/Colours/51. Brown/MVI_3879.MOV,Colours/51. Brown/MVI_3879.MOV,78,Colours__51. Brown__MVI_3879.npy,skipped,,,,
Colours,51. Brown,MVI_3880,/Users/yamini/Desktop/projects/ISL PROJECT/include_videos/Colours/51. Brown/MVI_3880.MOV,Colours/51. Brown/MVI_3880.MOV,80,Colours__51. Brown__MVI_3880.npy,skipped,,,,
Colours,51. Brown,MVI_4030,/Users/yamini/Desktop/projects/ISL PROJECT/include_videos/Colours/51. Brown/MVI_4030.MOV,Colours/51. Brown/MVI_4030.MOV,63,Colours__51. Brown__MVI_4030.npy,skipped,,,,
Colours,51. Brown,MVI_4031,/Users/yamini/Desktop/projects/ISL PROJECT/include_videos/Colours/51. Brown/MVI_4031.MOV,Colours/51. Brown/MVI_4031.MOV,59,Colours__51. Brown__MVI_4031.npy,skipped,,,,
Colours,51. Brown,MVI_4032,/Users/yamini/Desktop/projects/ISL PROJECT/include_videos/Colours/51. Brown/MVI_4032.MOV,Colours/51. Brown/MVI_4032.MOV,53,Colours__51. Brown__MVI_4032.npy,skipped,,,,
Colours,51. Brown,MVI_4212,/Users/yamini/Desktop/projects/ISL PROJECT/include_videos/Colours/51. Brown/MVI_4212.MOV,Colours/51. Brown/MVI_4212.MOV,61,Colours__51. Brown__MVI_4212.npy,skipped,,,,
Colours,51. Brown,MVI_4909,/Users/yamini/Desktop/projects/ISL PROJECT/include_videos/Colours/51. Brown/MVI_4909.MOV,Colours/51. Brown/MVI_4909.MOV,57,Colours__51. Brown__MVI_4909.npy,skipped,,,,
Colours,51. Brown,MVI_4910,/Users/yamini/Desktop/projects/ISL PROJECT/include_videos/Colours/51. Brown/MVI_4910.MOV,Colours/51. Brown/MVI_4910.MOV,53,Colours__51. Brown__MVI_4910.npy,skipped,,,,
Colours,51. Brown,MVI_4911,/Users/yamini/Desktop/projects/ISL PROJECT/include_videos/Colours/51. Brown/MVI_4911.MOV,Colours/51. Brown/MVI_4911.MOV,60,Colours__51. Brown__MVI_4911.npy,skipped,,,,
Colours,51. Brown,MVI_5049,/Users/yamini/Desktop/projects/ISL PROJECT/include_videos/Colours/51. Brown/MVI_5049.MOV,Colours/51. Brown/MVI_5049.MOV,53,Colours__51. Brown__MVI_5049.npy,skipped,,,,
Colours,51. Brown,MVI_5050,/Users/yamini/Desktop/projects/ISL PROJECT/include_videos/Colours/51. Brown/MVI_5050.MOV,Colours/51. Brown/MVI_5050.MOV,45,Colours__51. Brown__MVI_5050.npy,skipped,,,,
Colours,51. Brown,MVI_5051,/Users/yamini/Desktop/projects/ISL PROJECT/include_videos/Colours/51. Brown/MVI_5051.MOV,Colours/51. Brown/MVI_5051.MOV,52,Colours__51. Brown__MVI_5051.npy,skipped,,,,
Colours,51. Brown,MVI_5196,/Users/yamini/Desktop/projects/ISL PROJECT/include_videos/Colours/51. Brown/MVI_5196.MOV,Colours/51. Brown/MVI_5196.MOV,62,Colours__51. Brown__MVI_5196.npy,skipped,,,,
Colours,51. Brown,MVI_5197,/Users/yamini/Desktop/projects/ISL PROJECT/include_videos/Colours/51. Brown/MVI_5197.MOV,Colours/51. Brown/MVI_5197.MOV,59,Colours__51. Brown__MVI_5197.npy,skipped,,,,
Colours,51. Brown,MVI_5198,/Users/yamini/Desktop/projects/ISL PROJECT/include_videos/Colours/51. Brown/MVI_5198.MOV,Colours/51. Brown/MVI_5198.MOV,53,Colours__51. Brown__MVI_5198.npy,skipped,,,,
Colours,51. Brown,MVI_5199,/Users/yamini/Desktop/projects/ISL PROJECT/include_videos/Colours/51. Brown/MVI_5199.MOV,Colours/51. Brown/MVI_5199.MOV,62,Colours__51. Brown__MVI_5199.npy,skipped,,,,
Colours,51. Brown,MVI_8616,/Users/yamini/Desktop/projects/ISL PROJECT/include_videos/Colours/51. Brown/MVI_8616.MOV,Colours/51. Brown/MVI_8616.MOV,63,Colours__51. Brown__MVI_8616.npy,skipped,,,,
Colours,52. Pink,MVI_3734,/Users/yamini/Desktop/projects/ISL PROJECT/include_videos/Colours/52. Pink/MVI_3734.MOV,Colours/52. Pink/MVI_3734.MOV,53,Colours__52. Pink__MVI_3734.npy,skipped,,,,
Colours,52. Pink,MVI_3735,/Users/yamini/Desktop/projects/ISL PROJECT/include_videos/Colours/52. Pink/MVI_3735.MOV,Colours/52. Pink/MVI_3735.MOV,50,Colours__52. Pink__MVI_3735.npy,skipped,,,,
Colours,52. Pink,MVI_3736,/Users/yamini/Desktop/projects/ISL PROJECT/include_videos/Colours/52. Pink/MVI_3736.MOV,Colours/52. Pink/MVI_3736.MOV,59,Colours__52. Pink__MVI_3736.npy,skipped,,,,
Colours,52. Pink,MVI_3881,/Users/yamini/Desktop/projects/ISL PROJECT/include_videos/Colours/52. Pink/MVI_3881.MOV,Colours/52. Pink/MVI_3881.MOV,70,Colours__52. Pink__MVI_3881.npy,skipped,,,,
Colours,52. Pink,MVI_3882,/Users/yamini/Desktop/projects/ISL PROJECT/include_videos/Colours/52. Pink/MVI_3882.MOV,Colours/52. Pink/MVI_3882.MOV,74,Colours__52. Pink__MVI_3882.npy,skipped,,,,
Colours,52. Pink,MVI_3883,/Users/yamini/Desktop/projects/ISL PROJECT/include_videos/Colours/52. Pink/MVI_3883.MOV,Colours/52. Pink/MVI_3883.MOV,67,Colours__52. Pink__MVI_3883.npy,skipped,,,,
Colours,52. Pink,MVI_4033,/Users/yamini/Desktop/projects/ISL PROJECT/include_videos/Colours/52. Pink/MVI_4033.MOV,Colours/52. Pink/MVI_4033.MOV,53,Colours__52. Pink__MVI_4033.npy,skipped,,,,
Colours,52. Pink,MVI_4034,/Users/yamini/Desktop/projects/ISL PROJECT/include_videos/Colours/52. Pink/MVI_4034.MOV,Colours/52. Pink/MVI_4034.MOV,52,Colours__52. Pink__MVI_4034.npy,skipped,,,,
Colours,52. Pink,MVI_4035,/Users/yamini/Desktop/projects/ISL PROJECT/include_videos/Colours/52. Pink/MVI_4035.MOV,Colours/52. Pink/MVI_4035.MOV,54,Colours__52. Pink__MVI_4035.npy,skipped,,,,
Colours,52. Pink,MVI_4213,/Users/yamini/Desktop/projects/ISL PROJECT/include_videos/Colours/52. Pink/MVI_4213.MOV,Colours/52. Pink/MVI_4213.MOV,55,Colours__52. Pink__MVI_4213.npy,skipped,,,,
Colours,52. Pink,MVI_4912,/Users/yamini/Desktop/projects/ISL PROJECT/include_videos/Colours/52. Pink/MVI_4912.MOV,Colours/52. Pink/MVI_4912.MOV,54,Colours__52. Pink__MVI_4912.npy,skipped,,,,
Colours,52. Pink,MVI_4913,/Users/yamini/Desktop/projects/ISL PROJECT/include_videos/Colours/52. Pink/MVI_4913.MOV,Colours/52. Pink/MVI_4913.MOV,51,Colours__52. Pink__MVI_4913.npy,skipped,,,,
Colours,52. Pink,MVI_4914,/Users/yamini/Desktop/projects/ISL PROJECT/include_videos/Colours/52. Pink/MVI_4914.MOV,Colours/52. Pink/MVI_4914.MOV,57,Colours__52. Pink__MVI_4914.npy,skipped,,,,
Colours,52. Pink,MVI_5052,/Users/yamini/Desktop/projects/ISL PROJECT/include_videos/Colours/52. Pink/MVI_5052.MOV,Colours/52. Pink/MVI_5052.MOV,63,Colours__52. Pink__MVI_5052.npy,skipped,,,,
Colours,52. Pink,MVI_5053,/Users/yamini/Desktop/projects/ISL PROJECT/include_videos/Colours/52. Pink/MVI_5053.MOV,Colours/52. Pink/MVI_5053.MOV,53,Colours__52. Pink__MVI_5053.npy,skipped,,,,
Colours,52. Pink,MVI_5054,/Users/yamini/Desktop/projects/ISL PROJECT/include_videos/Colours/52. Pink/MVI_5054.MOV,Colours/52. Pink/MVI_5054.MOV,54,Colours__52. Pink__MVI_5054.npy,skipped,,,,
Colours,52. Pink,MVI_5200,/Users/yamini/Desktop/projects/ISL PROJECT/include_videos/Colours/52. Pink/MVI_5200.MOV,Colours/52. Pink/MVI_5200.MOV,68,Colours__52. Pink__MVI_5200.npy,skipped,,,,
Colours,52. Pink,MVI_5201,/Users/yamini/Desktop/projects/ISL PROJECT/include_videos/Colours/52. Pink/MVI_5201.MOV,Colours/52. Pink/MVI_5201.MOV,59,Colours__52. Pink__MVI_5201.npy,skipped,,,,
Colours,52. Pink,MVI_5202,/Users/yamini/Desktop/projects/ISL PROJECT/include_videos/Colours/52. Pink/MVI_5202.MOV,Colours/52. Pink/MVI_5202.MOV,57,Colours__52. Pink__MVI_5202.npy,skipped,,,,
Colours,52. Pink,MVI_8617,/Users/yamini/Desktop/projects/ISL PROJECT/include_videos/Colours/52. Pink/MVI_8617.MOV,Colours/52. Pink/MVI_8617.MOV,64,Colours__52. Pink__MVI_8617.npy,skipped,,,,
Colours,53. Orange,MVI_3737,/Users/yamini/Desktop/projects/ISL PROJECT/include_videos/Colours/53. Orange/MVI_3737.MOV,Colours/53. Orange/MVI_3737.MOV,43,Colours__53. Orange__MVI_3737.npy,skipped,,,,
Colours,53. Orange,MVI_3738,/Users/yamini/Desktop/projects/ISL PROJECT/include_videos/Colours/53. Orange/MVI_3738.MOV,Colours/53. Orange/MVI_3738.MOV,41,Colours__53. Orange__MVI_3738.npy,skipped,,,,
Colours,53. Orange,MVI_3739,/Users/yamini/Desktop/projects/ISL PROJECT/include_videos/Colours/53. Orange/MVI_3739.MOV,Colours/53. Orange/MVI_3739.MOV,42,Colours__53. Orange__MVI_3739.npy,skipped,,,,
Colours,53. Orange,MVI_3884,/Users/yamini/Desktop/projects/ISL PROJECT/include_videos/Colours/53. Orange/MVI_3884.MOV,Colours/53. Orange/MVI_3884.MOV,92,Colours__53. Orange__MVI_3884.npy,skipped,,,,
Colours,53. Orange,MVI_3885,/Users/yamini/Desktop/projects/ISL PROJECT/include_videos/Colours/53. Orange/MVI_3885.MOV,Colours/53. Orange/MVI_3885.MOV,98,Colours__53. Orange__MVI_3885.npy,skipped,,,,
Colours,53. Orange,MVI_3886,/Users/yamini/Desktop/projects/ISL PROJECT/include_videos/Colours/53. Orange/MVI_3886.MOV,Colours/53. Orange/MVI_3886.MOV,87,Colours__53. Orange__MVI_3886.npy,skipped,,,,
Colours,53. Orange,MVI_4036,/Users/yamini/Desktop/projects/ISL PROJECT/include_videos/Colours/53. Orange/MVI_4036.MOV,Colours/53. Orange/MVI_4036.MOV,57,Colours__53. Orange__MVI_4036.npy,skipped,,,,
Colours,53. Orange,MVI_4037,/Users/yamini/Desktop/projects/ISL PROJECT/include_videos/Colours/53. Orange/MVI_4037.MOV,Colours/53. Orange/MVI_4037.MOV,58,Colours__53. Orange__MVI_4037.npy,skipped,,,,
Colours,53. Orange,MVI_4038,/Users/yamini/Desktop/projects/ISL PROJECT/include_videos/Colours/53. Orange/MVI_4038.MOV,Colours/53. Orange/MVI_4038.MOV,51,Colours__53. Orange__MVI_4038.npy,skipped,,,,
Colours,53. Orange,MVI_4214,/Users/yamini/Desktop/projects/ISL PROJECT/include_videos/Colours/53. Orange/MVI_4214.MOV,Colours/53. Orange/MVI_4214.MOV,52,Colours__53. Orange__MVI_4214.npy,skipped,,,,
Colours,53. Orange,MVI_4915,/Users/yamini/Desktop/projects/ISL PROJECT/include_videos/Colours/53. Orange/MVI_4915.MOV,Colours/53. Orange/MVI_4915.MOV,47,Colours__53. Orange__MVI_4915.npy,skipped,,,,
Colours,53. Orange,MVI_4916,/Users/yamini/Desktop/projects/ISL PROJECT/include_videos/Colours/53. Orange/MVI_4916.MOV,Colours/53. Orange/MVI_4916.MOV,57,Colours__53. Orange__MVI_4916.npy,skipped,,,,
Colours,53. Orange,MVI_4917,/Users/yamini/Desktop/projects/ISL PROJECT/include_videos/Colours/53. Orange/MVI_4917.MOV,Colours/53. Orange/MVI_4917.MOV,40,Colours__53. Orange__MVI_4917.npy,skipped,,,,
Colours,53. Orange,MVI_5055,/Users/yamini/Desktop/projects/ISL PROJECT/include_videos/Colours/53. Orange/MVI_5055.MOV,Colours/53. Orange/MVI_5055.MOV,54,Colours__53. Orange__MVI_5055.npy,skipped,,,,
Colours,53. Orange,MVI_5056,/Users/yamini/Desktop/projects/ISL PROJECT/include_videos/Colours/53. Orange/MVI_5056.MOV,Colours/53. Orange/MVI_5056.MOV,56,Colours__53. Orange__MVI_5056.npy,skipped,,,,
Colours,53. Orange,MVI_5057,/Users/yamini/Desktop/projects/ISL PROJECT/include_videos/Colours/53. Orange/MVI_5057.MOV,Colours/53. Orange/MVI_5057.MOV,52,Colours__53. Orange__MVI_5057.npy,skipped,,,,
Colours,53. Orange,MVI_5203,/Users/yamini/Desktop/projects/ISL PROJECT/include_videos/Colours/53. Orange/MVI_5203.MOV,Colours/53. Orange/MVI_5203.MOV,54,Colours__53. Orange__MVI_5203.npy,skipped,,,,
Colours,53. Orange,MVI_5204,/Users/yamini/Desktop/projects/ISL PROJECT/include_videos/Colours/53. Orange/MVI_5204.MOV,Colours/53. Orange/MVI_5204.MOV,55,Colours__53. Orange__MVI_5204.npy,skipped,,,,
Colours,53. Orange,MVI_5205,/Users/yamini/Desktop/projects/ISL PROJECT/include_videos/Colours/53. Orange/MVI_5205.MOV,Colours/53. Orange/MVI_5205.MOV,57,Colours__53. Orange__MVI_5205.npy,skipped,,,,
Colours,53. Orange,MVI_8618,/Users/yamini/Desktop/projects/ISL PROJECT/include_videos/Colours/53. Orange/MVI_8618.MOV,Colours/53. Orange/MVI_8618.MOV,73,Colours__53. Orange__MVI_8618.npy,skipped,,,,
Colours,54. Black,MVI_3740,/Users/yamini/Desktop/projects/ISL PROJECT/include_videos/Colours/54. Black/MVI_3740.MOV,Colours/54. Black/MVI_3740.MOV,44,Colours__54. Black__MVI_3740.npy,skipped,,,,
Colours,54. Black,MVI_3741,/Users/yamini/Desktop/projects/ISL PROJECT/include_videos/Colours/54. Black/MVI_3741.MOV,Colours/54. Black/MVI_3741.MOV,52,Colours__54. Black__MVI_3741.npy,skipped,,,,
Colours,54. Black,MVI_3742,/Users/yamini/Desktop/projects/ISL PROJECT/include_videos/Colours/54. Black/MVI_3742.MOV,Colours/54. Black/MVI_3742.MOV,46,Colours__54. Black__MVI_3742.npy,skipped,,,,
Colours,54. Black,MVI_3887,/Users/yamini/Desktop/projects/ISL PROJECT/include_videos/Colours/54. Black/MVI_3887.MOV,Colours/54. Black/MVI_3887.MOV,69,Colours__54. Black__MVI_3887.npy,skipped,,,,
Colours,54. Black,MVI_3888,/Users/yamini/Desktop/projects/ISL PROJECT/include_videos/Colours/54. Black/MVI_3888.MOV,Colours/54. Black/MVI_3888.MOV,72,Colours__54. Black__MVI_3888.npy,skipped,,,,
Colours,54. Black,MVI_3889,/Users/yamini/Desktop/projects/ISL PROJECT/include_videos/Colours/54. Black/MVI_3889.MOV,Colours/54. Black/MVI_3889.MOV,58,Colours__54. Black__MVI_3889.npy,skipped,,,,
Colours,54. Black,MVI_4039,/Users/yamini/Desktop/projects/ISL PROJECT/include_videos/Colours/54. Black/MVI_4039.MOV,Colours/54. Black/MVI_4039.MOV,48,Colours__54. Black__MVI_4039.npy,skipped,,,,
Colours,54. Black,MVI_4040,/Users/yamini/Desktop/projects/ISL PROJECT/include_videos/Colours/54. Black/MVI_4040.MOV,Colours/54. Black/MVI_4040.MOV,46,Colours__54. Black__MVI_4040.npy,skipped,,,,
Colours,54. Black,MVI_4041,/Users/yamini/Desktop/projects/ISL PROJECT/include_videos/Colours/54. Black/MVI_4041.MOV,Colours/54. Black/MVI_4041.MOV,53,Colours__54. Black__MVI_4041.npy,skipped,,,,
Colours,54. Black,MVI_4215,/Users/yamini/Desktop/projects/ISL PROJECT/include_videos/Colours/54. Black/MVI_4215.MOV,Colours/54. Black/MVI_4215.MOV,49,Colours__54. Black__MVI_4215.npy,skipped,,,,
Colours,54. Black,MVI_4918,/Users/yamini/Desktop/projects/ISL PROJECT/include_videos/Colours/54. Black/MVI_4918.MOV,Colours/54. Black/MVI_4918.MOV,43,Colours__54. Black__MVI_4918.npy,skipped,,,,
Colours,54. Black,MVI_4919,/Users/yamini/Desktop/projects/ISL PROJECT/include_videos/Colours/54. Black/MVI_4919.MOV,Colours/54. Black/MVI_4919.MOV,54,Colours__54. Black__MVI_4919.npy,skipped,,,,
Colours,54. Black,MVI_4920,/Users/yamini/Desktop/projects/ISL PROJECT/include_videos/Colours/54. Black/MVI_4920.MOV,Colours/54. Black/MVI_4920.MOV,54,Colours__54. Black__MVI_4920.npy,skipped,,,,
Colours,54. Black,MVI_5058,/Users/yamini/Desktop/projects/ISL PROJECT/include_videos/Colours/54. Black/MVI_5058.MOV,Colours/54. Black/MVI_5058.MOV,47,Colours__54. Black__MVI_5058.npy,skipped,,,,
Colours,54. Black,MVI_5059,/Users/yamini/Desktop/projects/ISL PROJECT/include_videos/Colours/54. Black/MVI_5059.MOV,Colours/54. Black/MVI_5059.MOV,49,Colours__54. Black__MVI_5059.npy,skipped,,,,
Colours,54. Black,MVI_5060,/Users/yamini/Desktop/projects/ISL PROJECT/include_videos/Colours/54. Black/MVI_5060.MOV,Colours/54. Black/MVI_5060.MOV,41,Colours__54. Black__MVI_5060.npy,skipped,,,,
Colours,54. Black,MVI_5206,/Users/yamini/Desktop/projects/ISL PROJECT/include_videos/Colours/54. Black/MVI_5206.MOV,Colours/54. Black/MVI_5206.MOV,52,Colours__54. Black__MVI_5206.npy,skipped,,,,
Colours,54. Black,MVI_5207,/Users/yamini/Desktop/projects/ISL PROJECT/include_videos/Colours/54. Black/MVI_5207.MOV,Colours/54. Black/MVI_5207.MOV,54,Colours__54. Black__MVI_5207.npy,skipped,,,,
Colours,54. Black,MVI_5208,/Users/yamini/Desktop/projects/ISL PROJECT/include_videos/Colours/54. Black/MVI_5208.MOV,Colours/54. Black/MVI_5208.MOV,54,Colours__54. Black__MVI_5208.npy,skipped,,,,
Colours,54. Black,MVI_8619,/Users/yamini/Desktop/projects/ISL PROJECT/include_videos/Colours/54. Black/MVI_8619.MOV,Colours/54. Black/MVI_8619.MOV,65,Colours__54. Black__MVI_8619.npy,skipped,,,,
Colours,55. White,MVI_3743,/Users/yamini/Desktop/projects/ISL PROJECT/include_videos/Colours/55. White/MVI_3743.MOV,Colours/55. White/MVI_3743.MOV,51,Colours__55. White__MVI_3743.npy,skipped,,,,
Colours,55. White,MVI_3744,/Users/yamini/Desktop/projects/ISL PROJECT/include_videos/Colours/55. White/MVI_3744.MOV,Colours/55. White/MVI_3744.MOV,45,Colours__55. White__MVI_3744.npy,skipped,,,,
Colours,55. White,MVI_3745,/Users/yamini/Desktop/projects/ISL PROJECT/include_videos/Colours/55. White/MVI_3745.MOV,Colours/55. White/MVI_3745.MOV,45,Colours__55. White__MVI_3745.npy,skipped,,,,
Colours,55. White,MVI_3890,/Users/yamini/Desktop/projects/ISL PROJECT/include_videos/Colours/55. White/MVI_3890.MOV,Colours/55. White/MVI_3890.MOV,80,Colours__55. White__MVI_3890.npy,skipped,,,,
Colours,55. White,MVI_3891,/Users/yamini/Desktop/projects/ISL PROJECT/include_videos/Colours/55. White/MVI_3891.MOV,Colours/55. White/MVI_3891.MOV,85,Colours__55. White__MVI_3891.npy,skipped,,,,
Colours,55. White,MVI_3892,/Users/yamini/Desktop/projects/ISL PROJECT/include_videos/Colours/55. White/MVI_3892.MOV,Colours/55. White/MVI_3892.MOV,69,Colours__55. White__MVI_3892.npy,skipped,,,,
Colours,55. White,MVI_4042,/Users/yamini/Desktop/projects/ISL PROJECT/include_videos/Colours/55. White/MVI_4042.MOV,Colours/55. White/MVI_4042.MOV,57,Colours__55. White__MVI_4042.npy,skipped,,,,
Colours,55. White,MVI_4043,/Users/yamini/Desktop/projects/ISL PROJECT/include_videos/Colours/55. White/MVI_4043.MOV,Colours/55. White/MVI_4043.MOV,57,Colours__55. White__MVI_4043.npy,skipped,,,,
Colours,55. White,MVI_4044,/Users/yamini/Desktop/projects/ISL PROJECT/include_videos/Colours/55. White/MVI_4044.MOV,Colours/55. White/MVI_4044.MOV,55,Colours__55. White__MVI_4044.npy,skipped,,,,
Colours,55. White,MVI_4216,/Users/yamini/Desktop/projects/ISL PROJECT/include_videos/Colours/55. White/MVI_4216.MOV,Colours/55. White/MVI_4216.MOV,43,Colours__55. White__MVI_4216.npy,skipped,,,,
Colours,55. White,MVI_4921,/Users/yamini/Desktop/projects/ISL PROJECT/include_videos/Colours/55. White/MVI_4921.MOV,Colours/55. White/MVI_4921.MOV,49,Colours__55. White__MVI_4921.npy,skipped,,,,
Colours,55. White,MVI_4922,/Users/yamini/Desktop/projects/ISL PROJECT/include_videos/Colours/55. White/MVI_4922.MOV,Colours/55. White/MVI_4922.MOV,52,Colours__55. White__MVI_4922.npy,skipped,,,,
Colours,55. White,MVI_4923,/Users/yamini/Desktop/projects/ISL PROJECT/include_videos/Colours/55. White/MVI_4923.MOV,Colours/55. White/MVI_4923.MOV,43,Colours__55. White__MVI_4923.npy,skipped,,,,
Colours,55. White,MVI_5061,/Users/yamini/Desktop/projects/ISL PROJECT/include_videos/Colours/55. White/MVI_5061.MOV,Colours/55. White/MVI_5061.MOV,44,Colours__55. White__MVI_5061.npy,skipped,,,,
Colours,55. White,MVI_5062,/Users/yamini/Desktop/projects/ISL PROJECT/include_videos/Colours/55. White/MVI_5062.MOV,Colours/55. White/MVI_5062.MOV,47,Colours__55. White__MVI_5062.npy,skipped,,,,
Colours,55. White,MVI_5063,/Users/yamini/Desktop/projects/ISL PROJECT/include_videos/Colours/55. White/MVI_5063.MOV,Colours/55. White/MVI_5063.MOV,51,Colours__55. White__MVI_5063.npy,skipped,,,,
Colours,55. White,MVI_5209,/Users/yamini/Desktop/projects/ISL PROJECT/include_videos/Colours/55. White/MVI_5209.MOV,Colours/55. White/MVI_5209.MOV,48,Colours__55. White__MVI_5209.npy,skipped,,,,
Colours,55. White,MVI_5210,/Users/yamini/Desktop/projects/ISL PROJECT/include_videos/Colours/55. White/MVI_5210.MOV,Colours/55. White/MVI_5210.MOV,61,Colours__55. White__MVI_5210.npy,skipped,,,,
Colours,55. White,MVI_5211,/Users/yamini/Desktop/projects/ISL PROJECT/include_videos/Colours/55. White/MVI_5211.MOV,Colours/55. White/MVI_5211.MOV,56,Colours__55. White__MVI_5211.npy,skipped,,,,
Colours,55. White,MVI_8620,/Users/yamini/Desktop/projects/ISL PROJECT/include_videos/Colours/55. White/MVI_8620.MOV,Colours/55. White/MVI_8620.MOV,61,Colours__55. White__MVI_8620.npy,skipped,,,,
Colours,56. Grey,MVI_3746,/Users/yamini/Desktop/projects/ISL PROJECT/include_videos/Colours/56. Grey/MVI_3746.MOV,Colours/56. Grey/MVI_3746.MOV,62,Colours__56. Grey__MVI_3746.npy,skipped,,,,
Colours,56. Grey,MVI_3747,/Users/yamini/Desktop/projects/ISL PROJECT/include_videos/Colours/56. Grey/MVI_3747.MOV,Colours/56. Grey/MVI_3747.MOV,60,Colours__56. Grey__MVI_3747.npy,skipped,,,,
Colours,56. Grey,MVI_3748,/Users/yamini/Desktop/projects/ISL PROJECT/include_videos/Colours/56. Grey/MVI_3748.MOV,Colours/56. Grey/MVI_3748.MOV,59,Colours__56. Grey__MVI_3748.npy,skipped,,,,
Colours,56. Grey,MVI_3749,/Users/yamini/Desktop/projects/ISL PROJECT/include_videos/Colours/56. Grey/MVI_3749.MOV,Colours/56. Grey/MVI_3749.MOV,64,Colours__56. Grey__MVI_3749.npy,skipped,,,,
Colours,56. Grey,MVI_3894,/Users/yamini/Desktop/projects/ISL PROJECT/include_videos/Colours/56. Grey/MVI_3894.MOV,Colours/56. Grey/MVI_3894.MOV,82,Colours__56. Grey__MVI_3894.npy,skipped,,,,
Colours,56. Grey,MVI_3895,/Users/yamini/Desktop/projects/ISL PROJECT/include_videos/Colours/56. Grey/MVI_3895.MOV,Colours/56. Grey/MVI_3895.MOV,74,Colours__56. Grey__MVI_3895.npy,skipped,,,,
Colours,56. Grey,MVI_3896,/Users/yamini/Desktop/projects/ISL PROJECT/include_videos/Colours/56. Grey/MVI_3896.MOV,Colours/56. Grey/MVI_3896.MOV,73,Colours__56. Grey__MVI_3896.npy,skipped,,,,
Colours,56. Grey,MVI_4045,/Users/yamini/Desktop/projects/ISL PROJECT/include_videos/Colours/56. Grey/MVI_4045.MOV,Colours/56. Grey/MVI_4045.MOV,53,Colours__56. Grey__MVI_4045.npy,skipped,,,,
Colours,56. Grey,MVI_4046,/Users/yamini/Desktop/projects/ISL PROJECT/include_videos/Colours/56. Grey/MVI_4046.MOV,Colours/56. Grey/MVI_4046.MOV,61,Colours__56. Grey__MVI_4046.npy,skipped,,,,
Colours,56. Grey,MVI_4047,/Users/yamini/Desktop/projects/ISL PROJECT/include_videos/Colours/56. Grey/MVI_4047.MOV,Colours/56. Grey/MVI_4047.MOV,60,Colours__56. Grey__MVI_4047.npy,skipped,,,,
Colours,56. Grey,MVI_4217,/Users/yamini/Desktop/projects/ISL PROJECT/include_videos/Colours/56. Grey/MVI_4217.MOV,Colours/56. Grey/MVI_4217.MOV,63,Colours__56. Grey__MVI_4217.npy,skipped,,,,
Colours,56. Grey,MVI_4924,/Users/yamini/Desktop/projects/ISL PROJECT/include_videos/Colours/56. Grey/MVI_4924.MOV,Colours/56. Grey/MVI_4924.MOV,53,Colours__56. Grey__MVI_4924.npy,skipped,,,,
Colours,56. Grey,MVI_4926,/Users/yamini/Desktop/projects/ISL PROJECT/include_videos/Colours/56. Grey/MVI_4926.MOV,Colours/56. Grey/MVI_4926.MOV,63,Colours__56. Grey__MVI_4926.npy,skipped,,,,
Colours,56. Grey,MVI_4927,/Users/yamini/Desktop/projects/ISL PROJECT/include_videos/Colours/56. Grey/MVI_4927.MOV,Colours/56. Grey/MVI_4927.MOV,65,Colours__56. Grey__MVI_4927.npy,skipped,,,,
Colours,56. Grey,MVI_5064,/Users/yamini/Desktop/projects/ISL PROJECT/include_videos/Colours/56. Grey/MVI_5064.MOV,Colours/56. Grey/MVI_5064.MOV,59,Colours__56. Grey__MVI_5064.npy,skipped,,,,
Colours,56. Grey,MVI_5065,/Users/yamini/Desktop/projects/ISL PROJECT/include_videos/Colours/56. Grey/MVI_5065.MOV,Colours/56. Grey/MVI_5065.MOV,59,Colours__56. Grey__MVI_5065.npy,skipped,,,,
Colours,56. Grey,MVI_5066,/Users/yamini/Desktop/projects/ISL PROJECT/include_videos/Colours/56. Grey/MVI_5066.MOV,Colours/56. Grey/MVI_5066.MOV,59,Colours__56. Grey__MVI_5066.npy,skipped,,,,
Colours,56. Grey,MVI_5212,/Users/yamini/Desktop/projects/ISL PROJECT/include_videos/Colours/56. Grey/MVI_5212.MOV,Colours/56. Grey/MVI_5212.MOV,59,Colours__56. Grey__MVI_5212.npy,skipped,,,,
Colours,56. Grey,MVI_5213,/Users/yamini/Desktop/projects/ISL PROJECT/include_videos/Colours/56. Grey/MVI_5213.MOV,Colours/56. Grey/MVI_5213.MOV,59,Colours__56. Grey__MVI_5213.npy,skipped,,,,
Colours,56. Grey,MVI_5214,/Users/yamini/Desktop/projects/ISL PROJECT/include_videos/Colours/56. Grey/MVI_5214.MOV,Colours/56. Grey/MVI_5214.MOV,66,Colours__56. Grey__MVI_5214.npy,skipped,,,,
Colours,56. Grey,MVI_8621,/Users/yamini/Desktop/projects/ISL PROJECT/include_videos/Colours/56. Grey/MVI_8621.MOV,Colours/56. Grey/MVI_8621.MOV,74,Colours__56. Grey__MVI_8621.npy,skipped,,,,
Colours,57. Colour,MVI_3750,/Users/yamini/Desktop/projects/ISL PROJECT/include_videos/Colours/57. Colour/MVI_3750.MOV,Colours/57. Colour/MVI_3750.MOV,59,Colours__57. Colour__MVI_3750.npy,skipped,,,,
Colours,57. Colour,MVI_3751,/Users/yamini/Desktop/projects/ISL PROJECT/include_videos/Colours/57. Colour/MVI_3751.MOV,Colours/57. Colour/MVI_3751.MOV,33,Colours__57. Colour__MVI_3751.npy,skipped,,,,
Colours,57. Colour,MVI_3752,/Users/yamini/Desktop/projects/ISL PROJECT/include_videos/Colours/57. Colour/MVI_3752.MOV,Colours/57. Colour/MVI_3752.MOV,46,Colours__57. Colour__MVI_3752.npy,skipped,,,,
Colours,57. Colour,MVI_3897,/Users/yamini/Desktop/projects/ISL PROJECT/include_videos/Colours/57. Colour/MVI_3897.MOV,Colours/57. Colour/MVI_3897.MOV,82,Colours__57. Colour__MVI_3897.npy,skipped,,,,
Colours,57. Colour,MVI_3898,/Users/yamini/Desktop/projects/ISL PROJECT/include_videos/Colours/57. Colour/MVI_3898.MOV,Colours/57. Colour/MVI_3898.MOV,60,Colours__57. Colour__MVI_3898.npy,skipped,,,,
Colours,57. Colour,MVI_3899,/Users/yamini/Desktop/projects/ISL PROJECT/include_videos/Colours/57. Colour/MVI_3899.MOV,Colours/57. Colour/MVI_3899.MOV,73,Colours__57. Colour__MVI_3899.npy,skipped,,,,
Colours,57. Colour,MVI_4048,/Users/yamini/Desktop/projects/ISL PROJECT/include_videos/Colours/57. Colour/MVI_4048.MOV,Colours/57. Colour/MVI_4048.MOV,54,Colours__57. Colour__MVI_4048.npy,skipped,,,,
Colours,57. Colour,MVI_4049,/Users/yamini/Desktop/projects/ISL PROJECT/include_videos/Colours/57. Colour/MVI_4049.MOV,Colours/57. Colour/MVI_4049.MOV,57,Colours__57. Colour__MVI_4049.npy,skipped,,,,
Colours,57. Colour,MVI_4050,/Users/yamini/Desktop/projects/ISL PROJECT/include_videos/Colours/57. Colour/MVI_4050.MOV,Colours/57. Colour/MVI_4050.MOV,56,Colours__57. Colour__MVI_4050.npy,skipped,,,,
Colours,57. Colour,MVI_4218,/Users/yamini/Desktop/projects/ISL PROJECT/include_videos/Colours/57. Colour/MVI_4218.MOV,Colours/57. Colour/MVI_4218.MOV,59,Colours__57. Colour__MVI_4218.npy,skipped,,,,
Colours,57. Colour,MVI_4928,/Users/yamini/Desktop/projects/ISL PROJECT/include_videos/Colours/57. Colour/MVI_4928.MOV,Colours/57. Colour/MVI_4928.MOV,55,Colours__57. Colour__MVI_4928.npy,skipped,,,,
Colours,57. Colour,MVI_4929,/Users/yamini/Desktop/projects/ISL PROJECT/include_videos/Colours/57. Colour/MVI_4929.MOV,Colours/57. Colour/MVI_4929.MOV,50,Colours__57. Colour__MVI_4929.npy,skipped,,,,
Colours,57. Colour,MVI_4930,/Users/yamini/Desktop/projects/ISL PROJECT/include_videos/Colours/57. Colour/MVI_4930.MOV,Colours/57. Colour/MVI_4930.MOV,52,Colours__57. Colour__MVI_4930.npy,skipped,,,,
Colours,57. Colour,MVI_5068,/Users/yamini/Desktop/projects/ISL PROJECT/include_videos/Colours/57. Colour/MVI_5068.MOV,Colours/57. Colour/MVI_5068.MOV,44,Colours__57. Colour__MVI_5068.npy,skipped,,,,
Colours,57. Colour,MVI_5069,/Users/yamini/Desktop/projects/ISL PROJECT/include_videos/Colours/57. Colour/MVI_5069.MOV,Colours/57. Colour/MVI_5069.MOV,46,Colours__57. Colour__MVI_5069.npy,skipped,,,,
Colours,57. Colour,MVI_5070,/Users/yamini/Desktop/projects/ISL PROJECT/include_videos/Colours/57. Colour/MVI_5070.MOV,Colours/57. Colour/MVI_5070.MOV,54,Colours__57. Colour__MVI_5070.npy,skipped,,,,
Colours,57. Colour,MVI_5215,/Users/yamini/Desktop/projects/ISL PROJECT/include_videos/Colours/57. Colour/MVI_5215.MOV,Colours/57. Colour/MVI_5215.MOV,49,Colours__57. Colour__MVI_5215.npy,skipped,,,,
Colours,57. Colour,MVI_5216,/Users/yamini/Desktop/projects/ISL PROJECT/include_videos/Colours/57. Colour/MVI_5216.MOV,Colours/57. Colour/MVI_5216.MOV,54,Colours__57. Colour__MVI_5216.npy,skipped,,,,
Colours,57. Colour,MVI_5217,/Users/yamini/Desktop/projects/ISL PROJECT/include_videos/Colours/57. Colour/MVI_5217.MOV,Colours/57. Colour/MVI_5217.MOV,42,Colours__57. Colour__MVI_5217.npy,skipped,,,,
Colours,57. Colour,MVI_8622,/Users/yamini/Desktop/projects/ISL PROJECT/include_videos/Colours/57. Colour/MVI_8622.MOV,Colours/57. Colour/MVI_8622.MOV,58,Colours__57. Colour__MVI_8622.npy,skipped,,,,
Days_and_Time,66. Sunday,MVI_4586,/Users/yamini/Desktop/projects/ISL PROJECT/include_videos/Days_and_Time/66. Sunday/MVI_4586.MOV,Days_and_Time/66. Sunday/MVI_4586.MOV,71,Days_and_Time__66. Sunday__MVI_4586.npy,skipped,,,,
Days_and_Time,66. Sunday,MVI_4588,/Users/yamini/Desktop/projects/ISL PROJECT/include_videos/Days_and_Time/66. Sunday/MVI_4588.MOV,Days_and_Time/66. Sunday/MVI_4588.MOV,69,Days_and_Time__66. Sunday__MVI_4588.npy,skipped,,,,
Days_and_Time,66. Sunday,MVI_4589,/Users/yamini/Desktop/projects/ISL PROJECT/include_videos/Days_and_Time/66. Sunday/MVI_4589.MOV,Days_and_Time/66. Sunday/MVI_4589.MOV,60,Days_and_Time__66. Sunday__MVI_4589.npy,skipped,,,,
Days_and_Time,66. Sunday,MVI_4590,/Users/yamini/Desktop/projects/ISL PROJECT/include_videos/Days_and_Time/66. Sunday/MVI_4590.MOV,Days_and_Time/66. Sunday/MVI_4590.MOV,57,Days_and_Time__66. Sunday__MVI_4590.npy,skipped,,,,
Days_and_Time,66. Sunday,MVI_5005,/Users/yamini/Desktop/projects/ISL PROJECT/include_videos/Days_and_Time/66. Sunday/MVI_5005.MOV,Days_and_Time/66. Sunday/MVI_5005.MOV,52,Days_and_Time__66. Sunday__MVI_5005.npy,skipped,,,,
Days_and_Time,66. Sunday,MVI_5006,/Users/yamini/Desktop/projects/ISL PROJECT/include_videos/Days_and_Time/66. Sunday/MVI_5006.MOV,Days_and_Time/66. Sunday/MVI_5006.MOV,50,Days_and_Time__66. Sunday__MVI_5006.npy,skipped,,,,
Days_and_Time,66. Sunday,MVI_5008,/Users/yamini/Desktop/projects/ISL PROJECT/include_videos/Days_and_Time/66. Sunday/MVI_5008.MOV,Days_and_Time/66. Sunday/MVI_5008.MOV,47,Days_and_Time__66. Sunday__MVI_5008.npy,skipped,,,,
Days_and_Time,66. Sunday,MVI_5442,/Users/yamini/Desktop/projects/ISL PROJECT/include_videos/Days_and_Time/66. Sunday/MVI_5442.MOV,Days_and_Time/66. Sunday/MVI_5442.MOV,51,Days_and_Time__66. Sunday__MVI_5442.npy,skipped,,,,
Days_and_Time,66. Sunday,MVI_5443,/Users/yamini/Desktop/projects/ISL PROJECT/include_videos/Days_and_Time/66. Sunday/MVI_5443.MOV,Days_and_Time/66. Sunday/MVI_5443.MOV,57,Days_and_Time__66. Sunday__MVI_5443.npy,skipped,,,,
Days_and_Time,66. Sunday,MVI_5444,/Users/yamini/Desktop/projects/ISL PROJECT/include_videos/Days_and_Time/66. Sunday/MVI_5444.MOV,Days_and_Time/66. Sunday/MVI_5444.MOV,61,Days_and_Time__66. Sunday__MVI_5444.npy,skipped,,,,
Days_and_Time,66. Sunday,MVI_5445,/Users/yamini/Desktop/projects/ISL PROJECT/include_videos/Days_and_Time/66. Sunday/MVI_5445.MOV,Days_and_Time/66. Sunday/MVI_5445.MOV,57,Days_and_Time__66. Sunday__MVI_5445.npy,skipped,,,,
Days_and_Time,66. Sunday,MVI_9139,/Users/yamini/Desktop/projects/ISL PROJECT/include_videos/Days_and_Time/66. Sunday/MVI_9139.MOV,Days_and_Time/66. Sunday/MVI_9139.MOV,78,Days_and_Time__66. Sunday__MVI_9139.npy,skipped,,,,
Days_and_Time,66. Sunday,MVI_9140,/Users/yamini/Desktop/projects/ISL PROJECT/include_videos/Days_and_Time/66. Sunday/MVI_9140.MOV,Days_and_Time/66. Sunday/MVI_9140.MOV,75,Days_and_Time__66. Sunday__MVI_9140.npy,skipped,,,,
Days_and_Time,66. Sunday,MVI_9141,/Users/yamini/Desktop/projects/ISL PROJECT/include_videos/Days_and_Time/66. Sunday/MVI_9141.MOV,Days_and_Time/66. Sunday/MVI_9141.MOV,71,Days_and_Time__66. Sunday__MVI_9141.npy,skipped,,,,
Days_and_Time,67. Monday,MVI_4591,/Users/yamini/Desktop/projects/ISL PROJECT/include_videos/Days_and_Time/67. Monday/MVI_4591.MOV,Days_and_Time/67. Monday/MVI_4591.MOV,57,Days_and_Time__67. Monday__MVI_4591.npy,skipped,,,,
Days_and_Time,67. Monday,MVI_4592,/Users/yamini/Desktop/projects/ISL PROJECT/include_videos/Days_and_Time/67. Monday/MVI_4592.MOV,Days_and_Time/67. Monday/MVI_4592.MOV,54,Days_and_Time__67. Monday__MVI_4592.npy,skipped,,,,
Days_and_Time,67. Monday,MVI_4593,/Users/yamini/Desktop/projects/ISL PROJECT/include_videos/Days_and_Time/67. Monday/MVI_4593.MOV,Days_and_Time/67. Monday/MVI_4593.MOV,60,Days_and_Time__67. Monday__MVI_4593.npy,skipped,,,,
Days_and_Time,67. Monday,MVI_4594,/Users/yamini/Desktop/projects/ISL PROJECT/include_videos/Days_and_Time/67. Monday/MVI_4594.MOV,Days_and_Time/67. Monday/MVI_4594.MOV,59,Days_and_Time__67. Monday__MVI_4594.npy,skipped,,,,
Days_and_Time,67. Monday,MVI_5009,/Users/yamini/Desktop/projects/ISL PROJECT/include_videos/Days_and_Time/67. Monday/MVI_5009.MOV,Days_and_Time/67. Monday/MVI_5009.MOV,47,Days_and_Time__67. Monday__MVI_5009.npy,skipped,,,,
Days_and_Time,67. Monday,MVI_5010,/Users/yamini/Desktop/projects/ISL PROJECT/include_videos/Days_and_Time/67. Monday/MVI_5010.MOV,Days_and_Time/67. Monday/MVI_5010.MOV,47,Days_and_Time__67. Monday__MVI_5010.npy,skipped,,,,
Days_and_Time,67. Monday,MVI_5011,/Users/yamini/Desktop/projects/ISL PROJECT/include_videos/Days_and_Time/67. Monday/MVI_5011.MOV,Days_and_Time/67. Monday/MVI_5011.MOV,54,Days_and_Time__67. Monday__MVI_5011.npy,skipped,,,,
Days_and_Time,67. Monday,MVI_5446,/Users/yamini/Desktop/projects/ISL PROJECT/include_videos/Days_and_Time/67. Monday/MVI_5446.MOV,Days_and_Time/67. Monday/MVI_5446.MOV,52,Days_and_Time__67. Monday__MVI_5446.npy,skipped,,,,
Days_and_Time,67. Monday,MVI_5447,/Users/yamini/Desktop/projects/ISL PROJECT/include_videos/Days_and_Time/67. Monday/MVI_5447.MOV,Days_and_Time/67. Monday/MVI_5447.MOV,53,Days_and_Time__67. Monday__MVI_5447.npy,skipped,,,,
Days_and_Time,67. Monday,MVI_5448,/Users/yamini/Desktop/projects/ISL PROJECT/include_videos/Days_and_Time/67. Monday/MVI_5448.MOV,Days_and_Time/67. Monday/MVI_5448.MOV,54,Days_and_Time__67. Monday__MVI_5448.npy,skipped,,,,
Days_and_Time,67. Monday,MVI_5449,/Users/yamini/Desktop/projects/ISL PROJECT/include_videos/Days_and_Time/67. Monday/MVI_5449.MOV,Days_and_Time/67. Monday/MVI_5449.MOV,51,Days_and_Time__67. Monday__MVI_5449.npy,skipped,,,,
Days_and_Time,67. Monday,MVI_9142,/Users/yamini/Desktop/projects/ISL PROJECT/include_videos/Days_and_Time/67. Monday/MVI_9142.MOV,Days_and_Time/67. Monday/MVI_9142.MOV,63,Days_and_Time__67. Monday__MVI_9142.npy,skipped,,,,
Days_and_Time,67. Monday,MVI_9143,/Users/yamini/Desktop/projects/ISL PROJECT/include_videos/Days_and_Time/67. Monday/MVI_9143.MOV,Days_and_Time/67. Monday/MVI_9143.MOV,70,Days_and_Time__67. Monday__MVI_9143.npy,skipped,,,,
Days_and_Time,67. Monday,MVI_9144,/Users/yamini/Desktop/projects/ISL PROJECT/include_videos/Days_and_Time/67. Monday/MVI_9144.MOV,Days_and_Time/67. Monday/MVI_9144.MOV,58,Days_and_Time__67. Monday__MVI_9144.npy,skipped,,,,
Days_and_Time,68. Tuesday,MVI_4595,/Users/yamini/Desktop/projects/ISL PROJECT/include_videos/Days_and_Time/68. Tuesday/MVI_4595.MOV,Days_and_Time/68. Tuesday/MVI_4595.MOV,59,Days_and_Time__68. Tuesday__MVI_4595.npy,skipped,,,,
Days_and_Time,68. Tuesday,MVI_4596,/Users/yamini/Desktop/projects/ISL PROJECT/include_videos/Days_and_Time/68. Tuesday/MVI_4596.MOV,Days_and_Time/68. Tuesday/MVI_4596.MOV,55,Days_and_Time__68. Tuesday__MVI_4596.npy,skipped,,,,
Days_and_Time,68. Tuesday,MVI_4597,/Users/yamini/Desktop/projects/ISL PROJECT/include_videos/Days_and_Time/68. Tuesday/MVI_4597.MOV,Days_and_Time/68. Tuesday/MVI_4597.MOV,62,Days_and_Time__68. Tuesday__MVI_4597.npy,skipped,,,,
Days_and_Time,68. Tuesday,MVI_4598,/Users/yamini/Desktop/projects/ISL PROJECT/include_videos/Days_and_Time/68. Tuesday/MVI_4598.MOV,Days_and_Time/68. Tuesday/MVI_4598.MOV,70,Days_and_Time__68. Tuesday__MVI_4598.npy,skipped,,,,
Days_and_Time,68. Tuesday,MVI_5012,/Users/yamini/Desktop/projects/ISL PROJECT/include_videos/Days_and_Time/68. Tuesday/MVI_5012.MOV,Days_and_Time/68. Tuesday/MVI_5012.MOV,50,Days_and_Time__68. Tuesday__MVI_5012.npy,skipped,,,,
Days_and_Time,68. Tuesday,MVI_5013,/Users/yamini/Desktop/projects/ISL PROJECT/include_videos/Days_and_Time/68. Tuesday/MVI_5013.MOV,Days_and_Time/68. Tuesday/MVI_5013.MOV,52,Days_and_Time__68. Tuesday__MVI_5013.npy,skipped,,,,
Days_and_Time,68. Tuesday,MVI_5014,/Users/yamini/Desktop/projects/ISL PROJECT/include_videos/Days_and_Time/68. Tuesday/MVI_5014.MOV,Days_and_Time/68. Tuesday/MVI_5014.MOV,54,Days_and_Time__68. Tuesday__MVI_5014.npy,skipped,,,,
Days_and_Time,68. Tuesday,MVI_5450,/Users/yamini/Desktop/projects/ISL PROJECT/include_videos/Days_and_Time/68. Tuesday/MVI_5450.MOV,Days_and_Time/68. Tuesday/MVI_5450.MOV,51,Days_and_Time__68. Tuesday__MVI_5450.npy,skipped,,,,
Days_and_Time,68. Tuesday,MVI_5451,/Users/yamini/Desktop/projects/ISL PROJECT/include_videos/Days_and_Time/68. Tuesday/MVI_5451.MOV,Days_and_Time/68. Tuesday/MVI_5451.MOV,51,Days_and_Time__68. Tuesday__MVI_5451.npy,skipped,,,,
Days_and_Time,68. Tuesday,MVI_5452,/Users/yamini/Desktop/projects/ISL PROJECT/include_videos/Days_and_Time/68. Tuesday/MVI_5452.MOV,Days_and_Time/68. Tuesday/MVI_5452.MOV,49,Days_and_Time__68. Tuesday__MVI_5452.npy,skipped,,,,
Days_and_Time,68. Tuesday,MVI_5453,/Users/yamini/Desktop/projects/ISL PROJECT/include_videos/Days_and_Time/68. Tuesday/MVI_5453.MOV,Days_and_Time/68. Tuesday/MVI_5453.MOV,56,Days_and_Time__68. Tuesday__MVI_5453.npy,skipped,,,,
Days_and_Time,68. Tuesday,MVI_9145,/Users/yamini/Desktop/projects/ISL PROJECT/include_videos/Days_and_Time/68. Tuesday/MVI_9145.MOV,Days_and_Time/68. Tuesday/MVI_9145.MOV,67,Days_and_Time__68. Tuesday__MVI_9145.npy,skipped,,,,
Days_and_Time,68. Tuesday,MVI_9146,/Users/yamini/Desktop/projects/ISL PROJECT/include_videos/Days_and_Time/68. Tuesday/MVI_9146.MOV,Days_and_Time/68. Tuesday/MVI_9146.MOV,62,Days_and_Time__68. Tuesday__MVI_9146.npy,skipped,,,,
Days_and_Time,68. Tuesday,MVI_9147,/Users/yamini/Desktop/projects/ISL PROJECT/include_videos/Days_and_Time/68. Tuesday/MVI_9147.MOV,Days_and_Time/68. Tuesday/MVI_9147.MOV,61,Days_and_Time__68. Tuesday__MVI_9147.npy,skipped,,,,
Days_and_Time,69. Wednesday,MVI_4599,/Users/yamini/Desktop/projects/ISL PROJECT/include_videos/Days_and_Time/69. Wednesday/MVI_4599.MOV,Days_and_Time/69. Wednesday/MVI_4599.MOV,50,Days_and_Time__69. Wednesday__MVI_4599.npy,skipped,,,,
Days_and_Time,69. Wednesday,MVI_4600,/Users/yamini/Desktop/projects/ISL PROJECT/include_videos/Days_and_Time/69. Wednesday/MVI_4600.MOV,Days_and_Time/69. Wednesday/MVI_4600.MOV,54,Days_and_Time__69. Wednesday__MVI_4600.npy,skipped,,,,
Days_and_Time,69. Wednesday,MVI_4601,/Users/yamini/Desktop/projects/ISL PROJECT/include_videos/Days_and_Time/69. Wednesday/MVI_4601.MOV,Days_and_Time/69. Wednesday/MVI_4601.MOV,56,Days_and_Time__69. Wednesday__MVI_4601.npy,skipped,,,,
Days_and_Time,69. Wednesday,MVI_4602,/Users/yamini/Desktop/projects/ISL PROJECT/include_videos/Days_and_Time/69. Wednesday/MVI_4602.MOV,Days_and_Time/69. Wednesday/MVI_4602.MOV,49,Days_and_Time__69. Wednesday__MVI_4602.npy,skipped,,,,
Days_and_Time,69. Wednesday,MVI_5016,/Users/yamini/Desktop/projects/ISL PROJECT/include_videos/Days_and_Time/69. Wednesday/MVI_5016.MOV,Days_and_Time/69. Wednesday/MVI_5016.MOV,51,Days_and_Time__69. Wednesday__MVI_5016.npy,skipped,,,,
Days_and_Time,69. Wednesday,MVI_5017,/Users/yamini/Desktop/projects/ISL PROJECT/include_videos/Days_and_Time/69. Wednesday/MVI_5017.MOV,Days_and_Time/69. Wednesday/MVI_5017.MOV,51,Days_and_Time__69. Wednesday__MVI_5017.npy,skipped,,,,
Days_and_Time,69. Wednesday,MVI_5018,/Users/yamini/Desktop/projects/ISL PROJECT/include_videos/Days_and_Time/69. Wednesday/MVI_5018.MOV,Days_and_Time/69. Wednesday/MVI_5018.MOV,51,Days_and_Time__69. Wednesday__MVI_5018.npy,skipped,,,,
Days_and_Time,69. Wednesday,MVI_5454,/Users/yamini/Desktop/projects/ISL PROJECT/include_videos/Days_and_Time/69. Wednesday/MVI_5454.MOV,Days_and_Time/69. Wednesday/MVI_5454.MOV,56,Days_and_Time__69. Wednesday__MVI_5454.npy,skipped,,,,
Days_and_Time,69. Wednesday,MVI_5455,/Users/yamini/Desktop/projects/ISL PROJECT/include_videos/Days_and_Time/69. Wednesday/MVI_5455.MOV,Days_and_Time/69. Wednesday/MVI_5455.MOV,54,Days_and_Time__69. Wednesday__MVI_5455.npy,skipped,,,,
Days_and_Time,69. Wednesday,MVI_5456,/Users/yamini/Desktop/projects/ISL PROJECT/include_videos/Days_and_Time/69. Wednesday/MVI_5456.MOV,Days_and_Time/69. Wednesday/MVI_5456.MOV,54,Days_and_Time__69. Wednesday__MVI_5456.npy,skipped,,,,
Days_and_Time,69. Wednesday,MVI_5457,/Users/yamini/Desktop/projects/ISL PROJECT/include_videos/Days_and_Time/69. Wednesday/MVI_5457.MOV,Days_and_Time/69. Wednesday/MVI_5457.MOV,46,Days_and_Time__69. Wednesday__MVI_5457.npy,skipped,,,,
Days_and_Time,69. Wednesday,MVI_9148,/Users/yamini/Desktop/projects/ISL PROJECT/include_videos/Days_and_Time/69. Wednesday/MVI_9148.MOV,Days_and_Time/69. Wednesday/MVI_9148.MOV,61,Days_and_Time__69. Wednesday__MVI_9148.npy,skipped,,,,
Days_and_Time,69. Wednesday,MVI_9149,/Users/yamini/Desktop/projects/ISL PROJECT/include_videos/Days_and_Time/69. Wednesday/MVI_9149.MOV,Days_and_Time/69. Wednesday/MVI_9149.MOV,61,Days_and_Time__69. Wednesday__MVI_9149.npy,skipped,,,,
Days_and_Time,69. Wednesday,MVI_9150,/Users/yamini/Desktop/projects/ISL PROJECT/include_videos/Days_and_Time/69. Wednesday/MVI_9150.MOV,Days_and_Time/69. Wednesday/MVI_9150.MOV,58,Days_and_Time__69. Wednesday__MVI_9150.npy,skipped,,,,
Days_and_Time,70. Thursday,MVI_4603,/Users/yamini/Desktop/projects/ISL PROJECT/include_videos/Days_and_Time/70. Thursday/MVI_4603.MOV,Days_and_Time/70. Thursday/MVI_4603.MOV,62,Days_and_Time__70. Thursday__MVI_4603.npy,skipped,,,,
Days_and_Time,70. Thursday,MVI_4604,/Users/yamini/Desktop/projects/ISL PROJECT/include_videos/Days_and_Time/70. Thursday/MVI_4604.MOV,Days_and_Time/70. Thursday/MVI_4604.MOV,62,Days_and_Time__70. Thursday__MVI_4604.npy,skipped,,,,
Days_and_Time,70. Thursday,MVI_4605,/Users/yamini/Desktop/projects/ISL PROJECT/include_videos/Days_and_Time/70. Thursday/MVI_4605.MOV,Days_and_Time/70. Thursday/MVI_4605.MOV,58,Days_and_Time__70. Thursday__MVI_4605.npy,skipped,,,,
Days_and_Time,70. Thursday,MVI_4606,/Users/yamini/Desktop/projects/ISL PROJECT/include_videos/Days_and_Time/70. Thursday/MVI_4606.MOV,Days_and_Time/70. Thursday/MVI_4606.MOV,68,Days_and_Time__70. Thursday__MVI_4606.npy,skipped,,,,
Days_and_Time,70. Thursday,MVI_5019,/Users/yamini/Desktop/projects/ISL PROJECT/include_videos/Days_and_Time/70. Thursday/MVI_5019.MOV,Days_and_Time/70. Thursday/MVI_5019.MOV,53,Days_and_Time__70. Thursday__MVI_5019.npy,skipped,,,,
Days_and_Time,70. Thursday,MVI_5020,/Users/yamini/Desktop/projects/ISL PROJECT/include_videos/Days_and_Time/70. Thursday/MVI_5020.MOV,Days_and_Time/70. Thursday/MVI_5020.MOV,50,Days_and_Time__70. Thursday__MVI_5020.npy,skipped,,,,
Days_and_Time,70. Thursday,MVI_5021,/Users/yamini/Desktop/projects/ISL PROJECT/include_videos/Days_and_Time/70. Thursday/MVI_5021.MOV,Days_and_Time/70. Thursday/MVI_5021.MOV,56,Days_and_Time__70. Thursday__MVI_5021.npy,skipped,,,,
Days_and_Time,70. Thursday,MVI_5458,/Users/yamini/Desktop/projects/ISL PROJECT/include_videos/Days_and_Time/70. Thursday/MVI_5458.MOV,Days_and_Time/70. Thursday/MVI_5458.MOV,53,Days_and_Time__70. Thursday__MVI_5458.npy,skipped,,,,
Days_and_Time,70. Thursday,MVI_5459,/Users/yamini/Desktop/projects/ISL PROJECT/include_videos/Days_and_Time/70. Thursday/MVI_5459.MOV,Days_and_Time/70. Thursday/MVI_5459.MOV,49,Days_and_Time__70. Thursday__MVI_5459.npy,skipped,,,,
Days_and_Time,70. Thursday,MVI_5460,/Users/yamini/Desktop/projects/ISL PROJECT/include_videos/Days_and_Time/70. Thursday/MVI_5460.MOV,Days_and_Time/70. Thursday/MVI_5460.MOV,48,Days_and_Time__70. Thursday__MVI_5460.npy,skipped,,,,
Days_and_Time,70. Thursday,MVI_5461,/Users/yamini/Desktop/projects/ISL PROJECT/include_videos/Days_and_Time/70. Thursday/MVI_5461.MOV,Days_and_Time/70. Thursday/MVI_5461.MOV,52,Days_and_Time__70. Thursday__MVI_5461.npy,skipped,,,,
Days_and_Time,70. Thursday,MVI_9151,/Users/yamini/Desktop/projects/ISL PROJECT/include_videos/Days_and_Time/70. Thursday/MVI_9151.MOV,Days_and_Time/70. Thursday/MVI_9151.MOV,66,Days_and_Time__70. Thursday__MVI_9151.npy,skipped,,,,
Days_and_Time,70. Thursday,MVI_9152,/Users/yamini/Desktop/projects/ISL PROJECT/include_videos/Days_and_Time/70. Thursday/MVI_9152.MOV,Days_and_Time/70. Thursday/MVI_9152.MOV,63,Days_and_Time__70. Thursday__MVI_9152.npy,skipped,,,,
Days_and_Time,70. Thursday,MVI_9153,/Users/yamini/Desktop/projects/ISL PROJECT/include_videos/Days_and_Time/70. Thursday/MVI_9153.MOV,Days_and_Time/70. Thursday/MVI_9153.MOV,60,Days_and_Time__70. Thursday__MVI_9153.npy,skipped,,,,
Days_and_Time,71. Friday,MVI_4607,/Users/yamini/Desktop/projects/ISL PROJECT/include_videos/Days_and_Time/71. Friday/MVI_4607.MOV,Days_and_Time/71. Friday/MVI_4607.MOV,56,Days_and_Time__71. Friday__MVI_4607.npy,skipped,,,,
Days_and_Time,71. Friday,MVI_4608,/Users/yamini/Desktop/projects/ISL PROJECT/include_videos/Days_and_Time/71. Friday/MVI_4608.MOV,Days_and_Time/71. Friday/MVI_4608.MOV,61,Days_and_Time__71. Friday__MVI_4608.npy,skipped,,,,
Days_and_Time,71. Friday,MVI_4609,/Users/yamini/Desktop/projects/ISL PROJECT/include_videos/Days_and_Time/71. Friday/MVI_4609.MOV,Days_and_Time/71. Friday/MVI_4609.MOV,57,Days_and_Time__71. Friday__MVI_4609.npy,skipped,,,,
Days_and_Time,71. Friday,MVI_4610,/Users/yamini/Desktop/projects/ISL PROJECT/include_videos/Days_and_Time/71. Friday/MVI_4610.MOV,Days_and_Time/71. Friday/MVI_4610.MOV,55,Days_and_Time__71. Friday__MVI_4610.npy,skipped,,,,
Days_and_Time,71. Friday,MVI_5022,/Users/yamini/Desktop/projects/ISL PROJECT/include_videos/Days_and_Time/71. Friday/MVI_5022.MOV,Days_and_Time/71. Friday/MVI_5022.MOV,47,Days_and_Time__71. Friday__MVI_5022.npy,skipped,,,,
Days_and_Time,71. Friday,MVI_5023,/Users/yamini/Desktop/projects/ISL PROJECT/include_videos/Days_and_Time/71. Friday/MVI_5023.MOV,Days_and_Time/71. Friday/MVI_5023.MOV,48,Days_and_Time__71. Friday__MVI_5023.npy,skipped,,,,
Days_and_Time,71. Friday,MVI_5026,/Users/yamini/Desktop/projects/ISL PROJECT/include_videos/Days_and_Time/71. Friday/MVI_5026.MOV,Days_and_Time/71. Friday/MVI_5026.MOV,49,Days_and_Time__71. Friday__MVI_5026.npy,skipped,,,,
Days_and_Time,71. Friday,MVI_5462,/Users/yamini/Desktop/projects/ISL PROJECT/include_videos/Days_and_Time/71. Friday/MVI_5462.MOV,Days_and_Time/71. Friday/MVI_5462.MOV,46,Days_and_Time__71. Friday__MVI_5462.npy,skipped,,,,
Days_and_Time,71. Friday,MVI_5463,/Users/yamini/Desktop/projects/ISL PROJECT/include_videos/Days_and_Time/71. Friday/MVI_5463.MOV,Days_and_Time/71. Friday/MVI_5463.MOV,54,Days_and_Time__71. Friday__MVI_5463.npy,skipped,,,,
Days_and_Time,71. Friday,MVI_5464,/Users/yamini/Desktop/projects/ISL PROJECT/include_videos/Days_and_Time/71. Friday/MVI_5464.MOV,Days_and_Time/71. Friday/MVI_5464.MOV,52,Days_and_Time__71. Friday__MVI_5464.npy,skipped,,,,
Days_and_Time,71. Friday,MVI_5465,/Users/yamini/Desktop/projects/ISL PROJECT/include_videos/Days_and_Time/71. Friday/MVI_5465.MOV,Days_and_Time/71. Friday/MVI_5465.MOV,54,Days_and_Time__71. Friday__MVI_5465.npy,skipped,,,,
Days_and_Time,71. Friday,MVI_9154,/Users/yamini/Desktop/projects/ISL PROJECT/include_videos/Days_and_Time/71. Friday/MVI_9154.MOV,Days_and_Time/71. Friday/MVI_9154.MOV,78,Days_and_Time__71. Friday__MVI_9154.npy,skipped,,,,
Days_and_Time,71. Friday,MVI_9155,/Users/yamini/Desktop/projects/ISL PROJECT/include_videos/Days_and_Time/71. Friday/MVI_9155.MOV,Days_and_Time/71. Friday/MVI_9155.MOV,63,Days_and_Time__71. Friday__MVI_9155.npy,skipped,,,,
Days_and_Time,71. Friday,MVI_9156,/Users/yamini/Desktop/projects/ISL PROJECT/include_videos/Days_and_Time/71. Friday/MVI_9156.MOV,Days_and_Time/71. Friday/MVI_9156.MOV,65,Days_and_Time__71. Friday__MVI_9156.npy,skipped,,,,
Days_and_Time,72. Saturday,MVI_4611,/Users/yamini/Desktop/projects/ISL PROJECT/include_videos/Days_and_Time/72. Saturday/MVI_4611.MOV,Days_and_Time/72. Saturday/MVI_4611.MOV,61,Days_and_Time__72. Saturday__MVI_4611.npy,skipped,,,,
Days_and_Time,72. Saturday,MVI_4612,/Users/yamini/Desktop/projects/ISL PROJECT/include_videos/Days_and_Time/72. Saturday/MVI_4612.MOV,Days_and_Time/72. Saturday/MVI_4612.MOV,58,Days_and_Time__72. Saturday__MVI_4612.npy,skipped,,,,
Days_and_Time,72. Saturday,MVI_4613,/Users/yamini/Desktop/projects/ISL PROJECT/include_videos/Days_and_Time/72. Saturday/MVI_4613.MOV,Days_and_Time/72. Saturday/MVI_4613.MOV,55,Days_and_Time__72. Saturday__MVI_4613.npy,skipped,,,,
Days_and_Time,72. Saturday,MVI_4614,/Users/yamini/Desktop/projects/ISL PROJECT/include_videos/Days_and_Time/72. Saturday/MVI_4614.MOV,Days_and_Time/72. Saturday/MVI_4614.MOV,60,Days_and_Time__72. Saturday__MVI_4614.npy,skipped,,,,
Days_and_Time,72. Saturday,MVI_5027,/Users/yamini/Desktop/projects/ISL PROJECT/include_videos/Days_and_Time/72. Saturday/MVI_5027.MOV,Days_and_Time/72. Saturday/MVI_5027.MOV,44,Days_and_Time__72. Saturday__MVI_5027.npy,skipped,,,,
Days_and_Time,72. Saturday,MVI_5028,/Users/yamini/Desktop/projects/ISL PROJECT/include_videos/Days_and_Time/72. Saturday/MVI_5028.MOV,Days_and_Time/72. Saturday/MVI_5028.MOV,49,Days_and_Time__72. Saturday__MVI_5028.npy,skipped,,,,
Days_and_Time,72. Saturday,MVI_5030,/Users/yamini/Desktop/projects/ISL PROJECT/include_videos/Days_and_Time/72. Saturday/MVI_5030.MOV,Days_and_Time/72. Saturday/MVI_5030.MOV,47,Days_and_Time__72. Saturday__MVI_5030.npy,skipped,,,,
Days_and_Time,72. Saturday,MVI_5466,/Users/yamini/Desktop/projects/ISL PROJECT/include_videos/Days_and_Time/72. Saturday/MVI_5466.MOV,Days_and_Time/72. Saturday/MVI_5466.MOV,57,Days_and_Time__72. Saturday__MVI_5466.npy,skipped,,,,
Days_and_Time,72. Saturday,MVI_5467,/Users/yamini/Desktop/projects/ISL PROJECT/include_videos/Days_and_Time/72. Saturday/MVI_5467.MOV,Days_and_Time/72. Saturday/MVI_5467.MOV,50,Days_and_Time__72. Saturday__MVI_5467.npy,skipped,,,,
Days_and_Time,72. Saturday,MVI_5468,/Users/yamini/Desktop/projects/ISL PROJECT/include_videos/Days_and_Time/72. Saturday/MVI_5468.MOV,Days_and_Time/72. Saturday/MVI_5468.MOV,53,Days_and_Time__72. Saturday__MVI_5468.npy,skipped,,,,
Days_and_Time,72. Saturday,MVI_5469,/Users/yamini/Desktop/projects/ISL PROJECT/include_videos/Days_and_Time/72. Saturday/MVI_5469.MOV,Days_and_Time/72. Saturday/MVI_5469.MOV,52,Days_and_Time__72. Saturday__MVI_5469.npy,skipped,,,,
Days_and_Time,72. Saturday,MVI_9157,/Users/yamini/Desktop/projects/ISL PROJECT/include_videos/Days_and_Time/72. Saturday/MVI_9157.MOV,Days_and_Time/72. Saturday/MVI_9157.MOV,63,Days_and_Time__72. Saturday__MVI_9157.npy,skipped,,,,
Days_and_Time,72. Saturday,MVI_9158,/Users/yamini/Desktop/projects/ISL PROJECT/include_videos/Days_and_Time/72. Saturday/MVI_9158.MOV,Days_and_Time/72. Saturday/MVI_9158.MOV,67,Days_and_Time__72. Saturday__MVI_9158.npy,skipped,,,,
Days_and_Time,72. Saturday,MVI_9159,/Users/yamini/Desktop/projects/ISL PROJECT/include_videos/Days_and_Time/72. Saturday/MVI_9159.MOV,Days_and_Time/72. Saturday/MVI_9159.MOV,68,Days_and_Time__72. Saturday__MVI_9159.npy,skipped,,,,
Days_and_Time,73. Today,MVI_4615,/Users/yamini/Desktop/projects/ISL PROJECT/include_videos/Days_and_Time/73. Today/MVI_4615.MOV,Days_and_Time/73. Today/MVI_4615.MOV,62,Days_and_Time__73. Today__MVI_4615.npy,skipped,,,,
Days_and_Time,73. Today,MVI_4616,/Users/yamini/Desktop/projects/ISL PROJECT/include_videos/Days_and_Time/73. Today/MVI_4616.MOV,Days_and_Time/73. Today/MVI_4616.MOV,54,Days_and_Time__73. Today__MVI_4616.npy,skipped,,,,
Days_and_Time,73. Today,MVI_4617,/Users/yamini/Desktop/projects/ISL PROJECT/include_videos/Days_and_Time/73. Today/MVI_4617.MOV,Days_and_Time/73. Today/MVI_4617.MOV,48,Days_and_Time__73. Today__MVI_4617.npy,skipped,,,,
Days_and_Time,73. Today,MVI_4618,/Users/yamini/Desktop/projects/ISL PROJECT/include_videos/Days_and_Time/73. Today/MVI_4618.MOV,Days_and_Time/73. Today/MVI_4618.MOV,45,Days_and_Time__73. Today__MVI_4618.npy,skipped,,,,
Days_and_Time,73. Today,MVI_5031,/Users/yamini/Desktop/projects/ISL PROJECT/include_videos/Days_and_Time/73. Today/MVI_5031.MOV,Days_and_Time/73. Today/MVI_5031.MOV,47,Days_and_Time__73. Today__MVI_5031.npy,skipped,,,,
Days_and_Time,73. Today,MVI_5032,/Users/yamini/Desktop/projects/ISL PROJECT/include_videos/Days_and_Time/73. Today/MVI_5032.MOV,Days_and_Time/73. Today/MVI_5032.MOV,41,Days_and_Time__73. Today__MVI_5032.npy,skipped,,,,
Days_and_Time,73. Today,MVI_5033,/Users/yamini/Desktop/projects/ISL PROJECT/include_videos/Days_and_Time/73. Today/MVI_5033.MOV,Days_and_Time/73. Today/MVI_5033.MOV,46,Days_and_Time__73. Today__MVI_5033.npy,skipped,,,,
Days_and_Time,73. Today,MVI_5470,/Users/yamini/Desktop/projects/ISL PROJECT/include_videos/Days_and_Time/73. Today/MVI_5470.MOV,Days_and_Time/73. Today/MVI_5470.MOV,44,Days_and_Time__73. Today__MVI_5470.npy,skipped,,,,
Days_and_Time,73. Today,MVI_5471,/Users/yamini/Desktop/projects/ISL PROJECT/include_videos/Days_and_Time/73. Today/MVI_5471.MOV,Days_and_Time/73. Today/MVI_5471.MOV,48,Days_and_Time__73. Today__MVI_5471.npy,skipped,,,,
Days_and_Time,73. Today,MVI_5472,/Users/yamini/Desktop/projects/ISL PROJECT/include_videos/Days_and_Time/73. Today/MVI_5472.MOV,Days_and_Time/73. Today/MVI_5472.MOV,52,Days_and_Time__73. Today__MVI_5472.npy,skipped,,,,
Days_and_Time,73. Today,MVI_5473,/Users/yamini/Desktop/projects/ISL PROJECT/include_videos/Days_and_Time/73. Today/MVI_5473.MOV,Days_and_Time/73. Today/MVI_5473.MOV,41,Days_and_Time__73. Today__MVI_5473.npy,skipped,,,,
Days_and_Time,73. Today,MVI_9160,/Users/yamini/Desktop/projects/ISL PROJECT/include_videos/Days_and_Time/73. Today/MVI_9160.MOV,Days_and_Time/73. Today/MVI_9160.MOV,69,Days_and_Time__73. Today__MVI_9160.npy,skipped,,,,
Days_and_Time,73. Today,MVI_9161,/Users/yamini/Desktop/projects/ISL PROJECT/include_videos/Days_and_Time/73. Today/MVI_9161.MOV,Days_and_Time/73. Today/MVI_9161.MOV,68,Days_and_Time__73. Today__MVI_9161.npy,skipped,,,,
Days_and_Time,73. Today,MVI_9162,/Users/yamini/Desktop/projects/ISL PROJECT/include_videos/Days_and_Time/73. Today/MVI_9162.MOV,Days_and_Time/73. Today/MVI_9162.MOV,60,Days_and_Time__73. Today__MVI_9162.npy,skipped,,,,
Days_and_Time,74. Tomorrow,MVI_4619,/Users/yamini/Desktop/projects/ISL PROJECT/include_videos/Days_and_Time/74. Tomorrow/MVI_4619.MOV,Days_and_Time/74. Tomorrow/MVI_4619.MOV,54,Days_and_Time__74. Tomorrow__MVI_4619.npy,skipped,,,,
Days_and_Time,74. Tomorrow,MVI_4620,/Users/yamini/Desktop/projects/ISL PROJECT/include_videos/Days_and_Time/74. Tomorrow/MVI_4620.MOV,Days_and_Time/74. Tomorrow/MVI_4620.MOV,56,Days_and_Time__74. Tomorrow__MVI_4620.npy,skipped,,,,
Days_and_Time,74. Tomorrow,MVI_4621,/Users/yamini/Desktop/projects/ISL PROJECT/include_videos/Days_and_Time/74. Tomorrow/MVI_4621.MOV,Days_and_Time/74. Tomorrow/MVI_4621.MOV,49,Days_and_Time__74. Tomorrow__MVI_4621.npy,skipped,,,,
Days_and_Time,74. Tomorrow,MVI_4622,/Users/yamini/Desktop/projects/ISL PROJECT/include_videos/Days_and_Time/74. Tomorrow/MVI_4622.MOV,Days_and_Time/74. Tomorrow/MVI_4622.MOV,55,Days_and_Time__74. Tomorrow__MVI_4622.npy,skipped,,,,
Days_and_Time,74. Tomorrow,MVI_5034,/Users/yamini/Desktop/projects/ISL PROJECT/include_videos/Days_and_Time/74. Tomorrow/MVI_5034.MOV,Days_and_Time/74. Tomorrow/MVI_5034.MOV,40,Days_and_Time__74. Tomorrow__MVI_5034.npy,skipped,,,,
Days_and_Time,74. Tomorrow,MVI_5035,/Users/yamini/Desktop/projects/ISL PROJECT/include_videos/Days_and_Time/74. Tomorrow/MVI_5035.MOV,Days_and_Time/74. Tomorrow/MVI_5035.MOV,48,Days_and_Time__74. Tomorrow__MVI_5035.npy,skipped,,,,
Days_and_Time,74. Tomorrow,MVI_5036,/Users/yamini/Desktop/projects/ISL PROJECT/include_videos/Days_and_Time/74. Tomorrow/MVI_5036.MOV,Days_and_Time/74. Tomorrow/MVI_5036.MOV,45,Days_and_Time__74. Tomorrow__MVI_5036.npy,skipped,,,,
Days_and_Time,74. Tomorrow,MVI_5474,/Users/yamini/Desktop/projects/ISL PROJECT/include_videos/Days_and_Time/74. Tomorrow/MVI_5474.MOV,Days_and_Time/74. Tomorrow/MVI_5474.MOV,43,Days_and_Time__74. Tomorrow__MVI_5474.npy,skipped,,,,
Days_and_Time,74. Tomorrow,MVI_5475,/Users/yamini/Desktop/projects/ISL PROJECT/include_videos/Days_and_Time/74. Tomorrow/MVI_5475.MOV,Days_and_Time/74. Tomorrow/MVI_5475.MOV,42,Days_and_Time__74. Tomorrow__MVI_5475.npy,skipped,,,,
Days_and_Time,74. Tomorrow,MVI_5476,/Users/yamini/Desktop/projects/ISL PROJECT/include_videos/Days_and_Time/74. Tomorrow/MVI_5476.MOV,Days_and_Time/74. Tomorrow/MVI_5476.MOV,45,Days_and_Time__74. Tomorrow__MVI_5476.npy,skipped,,,,
Days_and_Time,74. Tomorrow,MVI_5477,/Users/yamini/Desktop/projects/ISL PROJECT/include_videos/Days_and_Time/74. Tomorrow/MVI_5477.MOV,Days_and_Time/74. Tomorrow/MVI_5477.MOV,41,Days_and_Time__74. Tomorrow__MVI_5477.npy,skipped,,,,
Days_and_Time,74. Tomorrow,MVI_9163,/Users/yamini/Desktop/projects/ISL PROJECT/include_videos/Days_and_Time/74. Tomorrow/MVI_9163.MOV,Days_and_Time/74. Tomorrow/MVI_9163.MOV,99,Days_and_Time__74. Tomorrow__MVI_9163.npy,skipped,,,,
Days_and_Time,74. Tomorrow,MVI_9164,/Users/yamini/Desktop/projects/ISL PROJECT/include_videos/Days_and_Time/74. Tomorrow/MVI_9164.MOV,Days_and_Time/74. Tomorrow/MVI_9164.MOV,62,Days_and_Time__74. Tomorrow__MVI_9164.npy,skipped,,,,
Days_and_Time,74. Tomorrow,MVI_9165,/Users/yamini/Desktop/projects/ISL PROJECT/include_videos/Days_and_Time/74. Tomorrow/MVI_9165.MOV,Days_and_Time/74. Tomorrow/MVI_9165.MOV,80,Days_and_Time__74. Tomorrow__MVI_9165.npy,skipped,,,,
Days_and_Time,75. Yesterday,MVI_4623,/Users/yamini/Desktop/projects/ISL PROJECT/include_videos/Days_and_Time/75. Yesterday/MVI_4623.MOV,Days_and_Time/75. Yesterday/MVI_4623.MOV,50,Days_and_Time__75. Yesterday__MVI_4623.npy,skipped,,,,
Days_and_Time,75. Yesterday,MVI_4624,/Users/yamini/Desktop/projects/ISL PROJECT/include_videos/Days_and_Time/75. Yesterday/MVI_4624.MOV,Days_and_Time/75. Yesterday/MVI_4624.MOV,47,Days_and_Time__75. Yesterday__MVI_4624.npy,skipped,,,,
Days_and_Time,75. Yesterday,MVI_4625,/Users/yamini/Desktop/projects/ISL PROJECT/include_videos/Days_and_Time/75. Yesterday/MVI_4625.MOV,Days_and_Time/75. Yesterday/MVI_4625.MOV,51,Days_and_Time__75. Yesterday__MVI_4625.npy,skipped,,,,
Days_and_Time,75. Yesterday,MVI_4626,/Users/yamini/Desktop/projects/ISL PROJECT/include_videos/Days_and_Time/75. Yesterday/MVI_4626.MOV,Days_and_Time/75. Yesterday/MVI_4626.MOV,45,Days_and_Time__75. Yesterday__MVI_4626.npy,skipped,,,,
Days_and_Time,75. Yesterday,MVI_5037,/Users/yamini/Desktop/projects/ISL PROJECT/include_videos/Days_and_Time/75. Yesterday/MVI_5037.MOV,Days_and_Time/75. Yesterday/MVI_5037.MOV,51,Days_and_Time__75. Yesterday__MVI_5037.npy,skipped,,,,
Days_and_Time,75. Yesterday,MVI_5038,/Users/yamini/Desktop/projects/ISL PROJECT/include_videos/Days_and_Time/75. Yesterday/MVI_5038.MOV,Days_and_Time/75. Yesterday/MVI_5038.MOV,51,Days_and_Time__75. Yesterday__MVI_5038.npy,skipped,,,,
Days_and_Time,75. Yesterday,MVI_5040,/Users/yamini/Desktop/projects/ISL PROJECT/include_videos/Days_and_Time/75. Yesterday/MVI_5040.MOV,Days_and_Time/75. Yesterday/MVI_5040.MOV,46,Days_and_Time__75. Yesterday__MVI_5040.npy,skipped,,,,
Days_and_Time,75. Yesterday,MVI_5478,/Users/yamini/Desktop/projects/ISL PROJECT/include_videos/Days_and_Time/75. Yesterday/MVI_5478.MOV,Days_and_Time/75. Yesterday/MVI_5478.MOV,40,Days_and_Time__75. Yesterday__MVI_5478.npy,skipped,,,,
Days_and_Time,75. Yesterday,MVI_5479,/Users/yamini/Desktop/projects/ISL PROJECT/include_videos/Days_and_Time/75. Yesterday/MVI_5479.MOV,Days_and_Time/75. Yesterday/MVI_5479.MOV,43,Days_and_Time__75. Yesterday__MVI_5479.npy,skipped,,,,
Days_and_Time,75. Yesterday,MVI_5480,/Users/yamini/Desktop/projects/ISL PROJECT/include_videos/Days_and_Time/75. Yesterday/MVI_5480.MOV,Days_and_Time/75. Yesterday/MVI_5480.MOV,42,Days_and_Time__75. Yesterday__MVI_5480.npy,skipped,,,,
Days_and_Time,75. Yesterday,MVI_5481,/Users/yamini/Desktop/projects/ISL PROJECT/include_videos/Days_and_Time/75. Yesterday/MVI_5481.MOV,Days_and_Time/75. Yesterday/MVI_5481.MOV,44,Days_and_Time__75. Yesterday__MVI_5481.npy,skipped,,,,
Days_and_Time,75. Yesterday,MVI_9166,/Users/yamini/Desktop/projects/ISL PROJECT/include_videos/Days_and_Time/75. Yesterday/MVI_9166.MOV,Days_and_Time/75. Yesterday/MVI_9166.MOV,60,Days_and_Time__75. Yesterday__MVI_9166.npy,skipped,,,,
Days_and_Time,75. Yesterday,MVI_9167,/Users/yamini/Desktop/projects/ISL PROJECT/include_videos/Days_and_Time/75. Yesterday/MVI_9167.MOV,Days_and_Time/75. Yesterday/MVI_9167.MOV,68,Days_and_Time__75. Yesterday__MVI_9167.npy,skipped,,,,
Days_and_Time,75. Yesterday,MVI_9168,/Users/yamini/Desktop/projects/ISL PROJECT/include_videos/Days_and_Time/75. Yesterday/MVI_9168.MOV,Days_and_Time/75. Yesterday/MVI_9168.MOV,70,Days_and_Time__75. Yesterday__MVI_9168.npy,skipped,,,,
Days_and_Time,76. Week,MVI_4627,/Users/yamini/Desktop/projects/ISL PROJECT/include_videos/Days_and_Time/76. Week/MVI_4627.MOV,Days_and_Time/76. Week/MVI_4627.MOV,71,Days_and_Time__76. Week__MVI_4627.npy,skipped,,,,
Days_and_Time,76. Week,MVI_4628,/Users/yamini/Desktop/projects/ISL PROJECT/include_videos/Days_and_Time/76. Week/MVI_4628.MOV,Days_and_Time/76. Week/MVI_4628.MOV,69,Days_and_Time__76. Week__MVI_4628.npy,skipped,,,,
Days_and_Time,76. Week,MVI_4629,/Users/yamini/Desktop/projects/ISL PROJECT/include_videos/Days_and_Time/76. Week/MVI_4629.MOV,Days_and_Time/76. Week/MVI_4629.MOV,58,Days_and_Time__76. Week__MVI_4629.npy,skipped,,,,
Days_and_Time,76. Week,MVI_4630,/Users/yamini/Desktop/projects/ISL PROJECT/include_videos/Days_and_Time/76. Week/MVI_4630.MOV,Days_and_Time/76. Week/MVI_4630.MOV,56,Days_and_Time__76. Week__MVI_4630.npy,skipped,,,,
Days_and_Time,76. Week,MVI_5041,/Users/yamini/Desktop/projects/ISL PROJECT/include_videos/Days_and_Time/76. Week/MVI_5041.MOV,Days_and_Time/76. Week/MVI_5041.MOV,53,Days_and_Time__76. Week__MVI_5041.npy,skipped,,,,
Days_and_Time,76. Week,MVI_5042,/Users/yamini/Desktop/projects/ISL PROJECT/include_videos/Days_and_Time/76. Week/MVI_5042.MOV,Days_and_Time/76. Week/MVI_5042.MOV,50,Days_and_Time__76. Week__MVI_5042.npy,skipped,,,,
Days_and_Time,76. Week,MVI_5043,/Users/yamini/Desktop/projects/ISL PROJECT/include_videos/Days_and_Time/76. Week/MVI_5043.MOV,Days_and_Time/76. Week/MVI_5043.MOV,49,Days_and_Time__76. Week__MVI_5043.npy,skipped,,,,
Days_and_Time,76. Week,MVI_5482,/Users/yamini/Desktop/projects/ISL PROJECT/include_videos/Days_and_Time/76. Week/MVI_5482.MOV,Days_and_Time/76. Week/MVI_5482.MOV,46,Days_and_Time__76. Week__MVI_5482.npy,skipped,,,,
Days_and_Time,76. Week,MVI_5484,/Users/yamini/Desktop/projects/ISL PROJECT/include_videos/Days_and_Time/76. Week/MVI_5484.MOV,Days_and_Time/76. Week/MVI_5484.MOV,39,Days_and_Time__76. Week__MVI_5484.npy,skipped,,,,
Days_and_Time,76. Week,MVI_5485,/Users/yamini/Desktop/projects/ISL PROJECT/include_videos/Days_and_Time/76. Week/MVI_5485.MOV,Days_and_Time/76. Week/MVI_5485.MOV,47,Days_and_Time__76. Week__MVI_5485.npy,skipped,,,,
Days_and_Time,76. Week,MVI_5486,/Users/yamini/Desktop/projects/ISL PROJECT/include_videos/Days_and_Time/76. Week/MVI_5486.MOV,Days_and_Time/76. Week/MVI_5486.MOV,42,Days_and_Time__76. Week__MVI_5486.npy,skipped,,,,
Days_and_Time,76. Week,MVI_9169,/Users/yamini/Desktop/projects/ISL PROJECT/include_videos/Days_and_Time/76. Week/MVI_9169.MOV,Days_and_Time/76. Week/MVI_9169.MOV,71,Days_and_Time__76. Week__MVI_9169.npy,skipped,,,,
Days_and_Time,76. Week,MVI_9170,/Users/yamini/Desktop/projects/ISL PROJECT/include_videos/Days_and_Time/76. Week/MVI_9170.MOV,Days_and_Time/76. Week/MVI_9170.MOV,64,Days_and_Time__76. Week__MVI_9170.npy,skipped,,,,
Days_and_Time,76. Week,MVI_9171,/Users/yamini/Desktop/projects/ISL PROJECT/include_videos/Days_and_Time/76. Week/MVI_9171.MOV,Days_and_Time/76. Week/MVI_9171.MOV,69,Days_and_Time__76. Week__MVI_9171.npy,skipped,,,,
Days_and_Time,77. Month,MVI_4631,/Users/yamini/Desktop/projects/ISL PROJECT/include_videos/Days_and_Time/77. Month/MVI_4631.MOV,Days_and_Time/77. Month/MVI_4631.MOV,56,Days_and_Time__77. Month__MVI_4631.npy,skipped,,,,
Days_and_Time,77. Month,MVI_4632,/Users/yamini/Desktop/projects/ISL PROJECT/include_videos/Days_and_Time/77. Month/MVI_4632.MOV,Days_and_Time/77. Month/MVI_4632.MOV,57,Days_and_Time__77. Month__MVI_4632.npy,skipped,,,,
Days_and_Time,77. Month,MVI_4633,/Users/yamini/Desktop/projects/ISL PROJECT/include_videos/Days_and_Time/77. Month/MVI_4633.MOV,Days_and_Time/77. Month/MVI_4633.MOV,52,Days_and_Time__77. Month__MVI_4633.npy,skipped,,,,
Days_and_Time,77. Month,MVI_4634,/Users/yamini/Desktop/projects/ISL PROJECT/include_videos/Days_and_Time/77. Month/MVI_4634.MOV,Days_and_Time/77. Month/MVI_4634.MOV,51,Days_and_Time__77. Month__MVI_4634.npy,skipped,,,,
Days_and_Time,77. Month,MVI_5044,/Users/yamini/Desktop/projects/ISL PROJECT/include_videos/Days_and_Time/77. Month/MVI_5044.MOV,Days_and_Time/77. Month/MVI_5044.MOV,50,Days_and_Time__77. Month__MVI_5044.npy,skipped,,,,
Days_and_Time,77. Month,MVI_5045,/Users/yamini/Desktop/projects/ISL PROJECT/include_videos/Days_and_Time/77. Month/MVI_5045.MOV,Days_and_Time/77. Month/MVI_5045.MOV,49,Days_and_Time__77. Month__MVI_5045.npy,skipped,,,,
Days_and_Time,77. Month,MVI_5046,/Users/yamini/Desktop/projects/ISL PROJECT/include_videos/Days_and_Time/77. Month/MVI_5046.MOV,Days_and_Time/77. Month/MVI_5046.MOV,40,Days_and_Time__77. Month__MVI_5046.npy,skipped,,,,
Days_and_Time,77. Month,MVI_5487,/Users/yamini/Desktop/projects/ISL PROJECT/include_videos/Days_and_Time/77. Month/MVI_5487.MOV,Days_and_Time/77. Month/MVI_5487.MOV,39,Days_and_Time__77. Month__MVI_5487.npy,skipped,,,,
Days_and_Time,77. Month,MVI_5488,/Users/yamini/Desktop/projects/ISL PROJECT/include_videos/Days_and_Time/77. Month/MVI_5488.MOV,Days_and_Time/77. Month/MVI_5488.MOV,43,Days_and_Time__77. Month__MVI_5488.npy,skipped,,,,
Days_and_Time,77. Month,MVI_5489,/Users/yamini/Desktop/projects/ISL PROJECT/include_videos/Days_and_Time/77. Month/MVI_5489.MOV,Days_and_Time/77. Month/MVI_5489.MOV,44,Days_and_Time__77. Month__MVI_5489.npy,skipped,,,,
Days_and_Time,77. Month,MVI_5490,/Users/yamini/Desktop/projects/ISL PROJECT/include_videos/Days_and_Time/77. Month/MVI_5490.MOV,Days_and_Time/77. Month/MVI_5490.MOV,44,Days_and_Time__77. Month__MVI_5490.npy,skipped,,,,
Days_and_Time,77. Month,MVI_9172,/Users/yamini/Desktop/projects/ISL PROJECT/include_videos/Days_and_Time/77. Month/MVI_9172.MOV,Days_and_Time/77. Month/MVI_9172.MOV,58,Days_and_Time__77. Month__MVI_9172.npy,skipped,,,,
Days_and_Time,77. Month,MVI_9173,/Users/yamini/Desktop/projects/ISL PROJECT/include_videos/Days_and_Time/77. Month/MVI_9173.MOV,Days_and_Time/77. Month/MVI_9173.MOV,55,Days_and_Time__77. Month__MVI_9173.npy,skipped,,,,
Days_and_Time,77. Month,MVI_9174,/Users/yamini/Desktop/projects/ISL PROJECT/include_videos/Days_and_Time/77. Month/MVI_9174.MOV,Days_and_Time/77. Month/MVI_9174.MOV,64,Days_and_Time__77. Month__MVI_9174.npy,skipped,,,,
Days_and_Time,78. Year,MVI_4635,/Users/yamini/Desktop/projects/ISL PROJECT/include_videos/Days_and_Time/78. Year/MVI_4635.MOV,Days_and_Time/78. Year/MVI_4635.MOV,56,Days_and_Time__78. Year__MVI_4635.npy,skipped,,,,
Days_and_Time,78. Year,MVI_4636,/Users/yamini/Desktop/projects/ISL PROJECT/include_videos/Days_and_Time/78. Year/MVI_4636.MOV,Days_and_Time/78. Year/MVI_4636.MOV,53,Days_and_Time__78. Year__MVI_4636.npy,skipped,,,,
Days_and_Time,78. Year,MVI_4637,/Users/yamini/Desktop/projects/ISL PROJECT/include_videos/Days_and_Time/78. Year/MVI_4637.MOV,Days_and_Time/78. Year/MVI_4637.MOV,50,Days_and_Time__78. Year__MVI_4637.npy,skipped,,,,
Days_and_Time,78. Year,MVI_4638,/Users/yamini/Desktop/projects/ISL PROJECT/include_videos/Days_and_Time/78. Year/MVI_4638.MOV,Days_and_Time/78. Year/MVI_4638.MOV,51,Days_and_Time__78. Year__MVI_4638.npy,skipped,,,,
Days_and_Time,78. Year,MVI_5047,/Users/yamini/Desktop/projects/ISL PROJECT/include_videos/Days_and_Time/78. Year/MVI_5047.MOV,Days_and_Time/78. Year/MVI_5047.MOV,46,Days_and_Time__78. Year__MVI_5047.npy,skipped,,,,
Days_and_Time,78. Year,MVI_5048,/Users/yamini/Desktop/projects/ISL PROJECT/include_videos/Days_and_Time/78. Year/MVI_5048.MOV,Days_and_Time/78. Year/MVI_5048.MOV,37,Days_and_Time__78. Year__MVI_5048.npy,skipped,,,,
Days_and_Time,78. Year,MVI_5049,/Users/yamini/Desktop/projects/ISL PROJECT/include_videos/Days_and_Time/78. Year/MVI_5049.MOV,Days_and_Time/78. Year/MVI_5049.MOV,51,Days_and_Time__78. Year__MVI_5049.npy,skipped,,,,
Days_and_Time,78. Year,MVI_5491,/Users/yamini/Desktop/projects/ISL PROJECT/include_videos/Days_and_Time/78. Year/MVI_5491.MOV,Days_and_Time/78. Year/MVI_5491.MOV,46,Days_and_Time__78. Year__MVI_5491.npy,skipped,,,,
Days_and_Time,78. Year,MVI_5492,/Users/yamini/Desktop/projects/ISL PROJECT/include_videos/Days_and_Time/78. Year/MVI_5492.MOV,Days_and_Time/78. Year/MVI_5492.MOV,43,Days_and_Time__78. Year__MVI_5492.npy,skipped,,,,
Days_and_Time,78. Year,MVI_5493,/Users/yamini/Desktop/projects/ISL PROJECT/include_videos/Days_and_Time/78. Year/MVI_5493.MOV,Days_and_Time/78. Year/MVI_5493.MOV,39,Days_and_Time__78. Year__MVI_5493.npy,skipped,,,,
Days_and_Time,78. Year,MVI_5494,/Users/yamini/Desktop/projects/ISL PROJECT/include_videos/Days_and_Time/78. Year/MVI_5494.MOV,Days_and_Time/78. Year/MVI_5494.MOV,46,Days_and_Time__78. Year__MVI_5494.npy,skipped,,,,
Days_and_Time,78. Year,MVI_9175,/Users/yamini/Desktop/projects/ISL PROJECT/include_videos/Days_and_Time/78. Year/MVI_9175.MOV,Days_and_Time/78. Year/MVI_9175.MOV,60,Days_and_Time__78. Year__MVI_9175.npy,skipped,,,,
Days_and_Time,78. Year,MVI_9176,/Users/yamini/Desktop/projects/ISL PROJECT/include_videos/Days_and_Time/78. Year/MVI_9176.MOV,Days_and_Time/78. Year/MVI_9176.MOV,61,Days_and_Time__78. Year__MVI_9176.npy,skipped,,,,
Days_and_Time,78. Year,MVI_9177,/Users/yamini/Desktop/projects/ISL PROJECT/include_videos/Days_and_Time/78. Year/MVI_9177.MOV,Days_and_Time/78. Year/MVI_9177.MOV,57,Days_and_Time__78. Year__MVI_9177.npy,skipped,,,,
Days_and_Time,78. Year,MVI_9178,/Users/yamini/Desktop/projects/ISL PROJECT/include_videos/Days_and_Time/78. Year/MVI_9178.MOV,Days_and_Time/78. Year/MVI_9178.MOV,69,Days_and_Time__78. Year__MVI_9178.npy,skipped,,,,
Days_and_Time,79. Hour,MVI_4639,/Users/yamini/Desktop/projects/ISL PROJECT/include_videos/Days_and_Time/79. Hour/MVI_4639.MOV,Days_and_Time/79. Hour/MVI_4639.MOV,65,Days_and_Time__79. Hour__MVI_4639.npy,skipped,,,,
Days_and_Time,79. Hour,MVI_4640,/Users/yamini/Desktop/projects/ISL PROJECT/include_videos/Days_and_Time/79. Hour/MVI_4640.MOV,Days_and_Time/79. Hour/MVI_4640.MOV,58,Days_and_Time__79. Hour__MVI_4640.npy,skipped,,,,
Days_and_Time,79. Hour,MVI_4641,/Users/yamini/Desktop/projects/ISL PROJECT/include_videos/Days_and_Time/79. Hour/MVI_4641.MOV,Days_and_Time/79. Hour/MVI_4641.MOV,54,Days_and_Time__79. Hour__MVI_4641.npy,skipped,,,,
Days_and_Time,79. Hour,MVI_4642,/Users/yamini/Desktop/projects/ISL PROJECT/include_videos/Days_and_Time/79. Hour/MVI_4642.MOV,Days_and_Time/79. Hour/MVI_4642.MOV,67,Days_and_Time__79. Hour__MVI_4642.npy,skipped,,,,
Days_and_Time,79. Hour,MVI_5050,/Users/yamini/Desktop/projects/ISL PROJECT/include_videos/Days_and_Time/79. Hour/MVI_5050.MOV,Days_and_Time/79. Hour/MVI_5050.MOV,49,Days_and_Time__79. Hour__MVI_5050.npy,skipped,,,,
Days_and_Time,79. Hour,MVI_5051,/Users/yamini/Desktop/projects/ISL PROJECT/include_videos/Days_and_Time/79. Hour/MVI_5051.MOV,Days_and_Time/79. Hour/MVI_5051.MOV,51,Days_and_Time__79. Hour__MVI_5051.npy,skipped,,,,
Days_and_Time,79. Hour,MVI_5052,/Users/yamini/Desktop/projects/ISL PROJECT/include_videos/Days_and_Time/79. Hour/MVI_5052.MOV,Days_and_Time/79. Hour/MVI_5052.MOV,52,Days_and_Time__79. Hour__MVI_5052.npy,skipped,,,,
Days_and_Time,79. Hour,MVI_5495,/Users/yamini/Desktop/projects/ISL PROJECT/include_videos/Days_and_Time/79. Hour/MVI_5495.MOV,Days_and_Time/79. Hour/MVI_5495.MOV,45,Days_and_Time__79. Hour__MVI_5495.npy,skipped,,,,
Days_and_Time,79. Hour,MVI_5496,/Users/yamini/Desktop/projects/ISL PROJECT/include_videos/Days_and_Time/79. Hour/MVI_5496.MOV,Days_and_Time/79. Hour/MVI_5496.MOV,52,Days_and_Time__79. Hour__MVI_5496.npy,skipped,,,,
Days_and_Time,79. Hour,MVI_5497,/Users/yamini/Desktop/projects/ISL PROJECT/include_videos/Days_and_Time/79. Hour/MVI_5497.MOV,Days_and_Time/79. Hour/MVI_5497.MOV,51,Days_and_Time__79. Hour__MVI_5497.npy,skipped,,,,
Days_and_Time,79. Hour,MVI_5498,/Users/yamini/Desktop/projects/ISL PROJECT/include_videos/Days_and_Time/79. Hour/MVI_5498.MOV,Days_and_Time/79. Hour/MVI_5498.MOV,47,Days_and_Time__79. Hour__MVI_5498.npy,skipped,,,,
Days_and_Time,79. Hour,MVI_9179,/Users/yamini/Desktop/projects/ISL PROJECT/include_videos/Days_and_Time/79. Hour/MVI_9179.MOV,Days_and_Time/79. Hour/MVI_9179.MOV,66,Days_and_Time__79. Hour__MVI_9179.npy,skipped,,,,
Days_and_Time,79. Hour,MVI_9180,/Users/yamini/Desktop/projects/ISL PROJECT/include_videos/Days_and_Time/79. Hour/MVI_9180.MOV,Days_and_Time/79. Hour/MVI_9180.MOV,67,Days_and_Time__79. Hour__MVI_9180.npy,skipped,,,,
Days_and_Time,79. Hour,MVI_9181,/Users/yamini/Desktop/projects/ISL PROJECT/include_videos/Days_and_Time/79. Hour/MVI_9181.MOV,Days_and_Time/79. Hour/MVI_9181.MOV,61,Days_and_Time__79. Hour__MVI_9181.npy,skipped,,,,
Days_and_Time,80. Minute,MVI_4643,/Users/yamini/Desktop/projects/ISL PROJECT/include_videos/Days_and_Time/80. Minute/MVI_4643.MOV,Days_and_Time/80. Minute/MVI_4643.MOV,56,Days_and_Time__80. Minute__MVI_4643.npy,skipped,,,,
Days_and_Time,80. Minute,MVI_4644,/Users/yamini/Desktop/projects/ISL PROJECT/include_videos/Days_and_Time/80. Minute/MVI_4644.MOV,Days_and_Time/80. Minute/MVI_4644.MOV,57,Days_and_Time__80. Minute__MVI_4644.npy,skipped,,,,
Days_and_Time,80. Minute,MVI_4645,/Users/yamini/Desktop/projects/ISL PROJECT/include_videos/Days_and_Time/80. Minute/MVI_4645.MOV,Days_and_Time/80. Minute/MVI_4645.MOV,63,Days_and_Time__80. Minute__MVI_4645.npy,skipped,,,,
Days_and_Time,80. Minute,MVI_4646,/Users/yamini/Desktop/projects/ISL PROJECT/include_videos/Days_and_Time/80. Minute/MVI_4646.MOV,Days_and_Time/80. Minute/MVI_4646.MOV,61,Days_and_Time__80. Minute__MVI_4646.npy,skipped,,,,
Days_and_Time,80. Minute,MVI_5053,/Users/yamini/Desktop/projects/ISL PROJECT/include_videos/Days_and_Time/80. Minute/MVI_5053.MOV,Days_and_Time/80. Minute/MVI_5053.MOV,49,Days_and_Time__80. Minute__MVI_5053.npy,skipped,,,,
Days_and_Time,80. Minute,MVI_5054,/Users/yamini/Desktop/projects/ISL PROJECT/include_videos/Days_and_Time/80. Minute/MVI_5054.MOV,Days_and_Time/80. Minute/MVI_5054.MOV,49,Days_and_Time__80. Minute__MVI_5054.npy,skipped,,,,
Days_and_Time,80. Minute,MVI_5055,/Users/yamini/Desktop/projects/ISL PROJECT/include_videos/Days_and_Time/80. Minute/MVI_5055.MOV,Days_and_Time/80. Minute/MVI_5055.MOV,48,Days_and_Time__80. Minute__MVI_5055.npy,skipped,,,,
Days_and_Time,80. Minute,MVI_5499,/Users/yamini/Desktop/projects/ISL PROJECT/include_videos/Days_and_Time/80. Minute/MVI_5499.MOV,Days_and_Time/80. Minute/MVI_5499.MOV,40,Days_and_Time__80. Minute__MVI_5499.npy,skipped,,,,
Days_and_Time,80. Minute,MVI_5500,/Users/yamini/Desktop/projects/ISL PROJECT/include_videos/Days_and_Time/80. Minute/MVI_5500.MOV,Days_and_Time/80. Minute/MVI_5500.MOV,36,Days_and_Time__80. Minute__MVI_5500.npy,skipped,,,,
Days_and_Time,80. Minute,MVI_5501,/Users/yamini/Desktop/projects/ISL PROJECT/include_videos/Days_and_Time/80. Minute/MVI_5501.MOV,Days_and_Time/80. Minute/MVI_5501.MOV,36,Days_and_Time__80. Minute__MVI_5501.npy,skipped,,,,
Days_and_Time,80. Minute,MVI_5502,/Users/yamini/Desktop/projects/ISL PROJECT/include_videos/Days_and_Time/80. Minute/MVI_5502.MOV,Days_and_Time/80. Minute/MVI_5502.MOV,37,Days_and_Time__80. Minute__MVI_5502.npy,skipped,,,,
Days_and_Time,80. Minute,MVI_9182,/Users/yamini/Desktop/projects/ISL PROJECT/include_videos/Days_and_Time/80. Minute/MVI_9182.MOV,Days_and_Time/80. Minute/MVI_9182.MOV,68,Days_and_Time__80. Minute__MVI_9182.npy,skipped,,,,
Days_and_Time,80. Minute,MVI_9183,/Users/yamini/Desktop/projects/ISL PROJECT/include_videos/Days_and_Time/80. Minute/MVI_9183.MOV,Days_and_Time/80. Minute/MVI_9183.MOV,65,Days_and_Time__80. Minute__MVI_9183.npy,skipped,,,,
Days_and_Time,80. Minute,MVI_9184,/Users/yamini/Desktop/projects/ISL PROJECT/include_videos/Days_and_Time/80. Minute/MVI_9184.MOV,Days_and_Time/80. Minute/MVI_9184.MOV,61,Days_and_Time__80. Minute__MVI_9184.npy,skipped,,,,
Days_and_Time,81. Second,MVI_5056,/Users/yamini/Desktop/projects/ISL PROJECT/include_videos/Days_and_Time/81. Second/MVI_5056.MOV,Days_and_Time/81. Second/MVI_5056.MOV,48,Days_and_Time__81. Second__MVI_5056.npy,skipped,,,,
Days_and_Time,81. Second,MVI_5057,/Users/yamini/Desktop/projects/ISL PROJECT/include_videos/Days_and_Time/81. Second/MVI_5057.MOV,Days_and_Time/81. Second/MVI_5057.MOV,40,Days_and_Time__81. Second__MVI_5057.npy,skipped,,,,
Days_and_Time,81. Second,MVI_5058,/Users/yamini/Desktop/projects/ISL PROJECT/include_videos/Days_and_Time/81. Second/MVI_5058.MOV,Days_and_Time/81. Second/MVI_5058.MOV,50,Days_and_Time__81. Second__MVI_5058.npy,skipped,,,,
Days_and_Time,81. Second,MVI_9185,/Users/yamini/Desktop/projects/ISL PROJECT/include_videos/Days_and_Time/81. Second/MVI_9185.MOV,Days_and_Time/81. Second/MVI_9185.MOV,72,Days_and_Time__81. Second__MVI_9185.npy,skipped,,,,
Days_and_Time,81. Second,MVI_9186,/Users/yamini/Desktop/projects/ISL PROJECT/include_videos/Days_and_Time/81. Second/MVI_9186.MOV,Days_and_Time/81. Second/MVI_9186.MOV,75,Days_and_Time__81. Second__MVI_9186.npy,skipped,,,,
Days_and_Time,81. Second,MVI_9187,/Users/yamini/Desktop/projects/ISL PROJECT/include_videos/Days_and_Time/81. Second/MVI_9187.MOV,Days_and_Time/81. Second/MVI_9187.MOV,81,Days_and_Time__81. Second__MVI_9187.npy,skipped,,,,
Days_and_Time,81. Second,MVI_9208,/Users/yamini/Desktop/projects/ISL PROJECT/include_videos/Days_and_Time/81. Second/MVI_9208.MOV,Days_and_Time/81. Second/MVI_9208.MOV,79,Days_and_Time__81. Second__MVI_9208.npy,skipped,,,,
Days_and_Time,81. Second,MVI_9209,/Users/yamini/Desktop/projects/ISL PROJECT/include_videos/Days_and_Time/81. Second/MVI_9209.MOV,Days_and_Time/81. Second/MVI_9209.MOV,80,Days_and_Time__81. Second__MVI_9209.npy,skipped,,,,
Days_and_Time,81. Second,MVI_9210,/Users/yamini/Desktop/projects/ISL PROJECT/include_videos/Days_and_Time/81. Second/MVI_9210.MOV,Days_and_Time/81. Second/MVI_9210.MOV,80,Days_and_Time__81. Second__MVI_9210.npy,skipped,,,,
Days_and_Time,81. Second,MVI_9211,/Users/yamini/Desktop/projects/ISL PROJECT/include_videos/Days_and_Time/81. Second/MVI_9211.MOV,Days_and_Time/81. Second/MVI_9211.MOV,75,Days_and_Time__81. Second__MVI_9211.npy,skipped,,,,
Days_and_Time,81. Second,MVI_9212,/Users/yamini/Desktop/projects/ISL PROJECT/include_videos/Days_and_Time/81. Second/MVI_9212.MOV,Days_and_Time/81. Second/MVI_9212.MOV,65,Days_and_Time__81. Second__MVI_9212.npy,skipped,,,,
Days_and_Time,81. Second,MVI_9213,/Users/yamini/Desktop/projects/ISL PROJECT/include_videos/Days_and_Time/81. Second/MVI_9213.MOV,Days_and_Time/81. Second/MVI_9213.MOV,72,Days_and_Time__81. Second__MVI_9213.npy,skipped,,,,
Days_and_Time,81. Second,MVI_9214,/Users/yamini/Desktop/projects/ISL PROJECT/include_videos/Days_and_Time/81. Second/MVI_9214.MOV,Days_and_Time/81. Second/MVI_9214.MOV,66,Days_and_Time__81. Second__MVI_9214.npy,skipped,,,,
Days_and_Time,81. Second,MVI_9215,/Users/yamini/Desktop/projects/ISL PROJECT/include_videos/Days_and_Time/81. Second/MVI_9215.MOV,Days_and_Time/81. Second/MVI_9215.MOV,67,Days_and_Time__81. Second__MVI_9215.npy,skipped,,,,
Days_and_Time,81. Second,MVI_9216,/Users/yamini/Desktop/projects/ISL PROJECT/include_videos/Days_and_Time/81. Second/MVI_9216.MOV,Days_and_Time/81. Second/MVI_9216.MOV,65,Days_and_Time__81. Second__MVI_9216.npy,skipped,,,,
Days_and_Time,82. Morning,MVI_4651,/Users/yamini/Desktop/projects/ISL PROJECT/include_videos/Days_and_Time/82. Morning/MVI_4651.MOV,Days_and_Time/82. Morning/MVI_4651.MOV,53,Days_and_Time__82. Morning__MVI_4651.npy,skipped,,,,
Days_and_Time,82. Morning,MVI_4652,/Users/yamini/Desktop/projects/ISL PROJECT/include_videos/Days_and_Time/82. Morning/MVI_4652.MOV,Days_and_Time/82. Morning/MVI_4652.MOV,57,Days_and_Time__82. Morning__MVI_4652.npy,skipped,,,,
Days_and_Time,82. Morning,MVI_4653,/Users/yamini/Desktop/projects/ISL PROJECT/include_videos/Days_and_Time/82. Morning/MVI_4653.MOV,Days_and_Time/82. Morning/MVI_4653.MOV,54,Days_and_Time__82. Morning__MVI_4653.npy,skipped,,,,
Days_and_Time,82. Morning,MVI_4654,/Users/yamini/Desktop/projects/ISL PROJECT/include_videos/Days_and_Time/82. Morning/MVI_4654.MOV,Days_and_Time/82. Morning/MVI_4654.MOV,46,Days_and_Time__82. Morning__MVI_4654.npy,skipped,,,,
Days_and_Time,82. Morning,MVI_5060,/Users/yamini/Desktop/projects/ISL PROJECT/include_videos/Days_and_Time/82. Morning/MVI_5060.MOV,Days_and_Time/82. Morning/MVI_5060.MOV,43,Days_and_Time__82. Morning__MVI_5060.npy,skipped,,,,
Days_and_Time,82. Morning,MVI_5061,/Users/yamini/Desktop/projects/ISL PROJECT/include_videos/Days_and_Time/82. Morning/MVI_5061.MOV,Days_and_Time/82. Morning/MVI_5061.MOV,43,Days_and_Time__82. Morning__MVI_5061.npy,skipped,,,,
Days_and_Time,82. Morning,MVI_5062,/Users/yamini/Desktop/projects/ISL PROJECT/include_videos/Days_and_Time/82. Morning/MVI_5062.MOV,Days_and_Time/82. Morning/MVI_5062.MOV,44,Days_and_Time__82. Morning__MVI_5062.npy,skipped,,,,
Days_and_Time,82. Morning,MVI_5507,/Users/yamini/Desktop/projects/ISL PROJECT/include_videos/Days_and_Time/82. Morning/MVI_5507.MOV,Days_and_Time/82. Morning/MVI_5507.MOV,39,Days_and_Time__82. Morning__MVI_5507.npy,skipped,,,,
Days_and_Time,82. Morning,MVI_5508,/Users/yamini/Desktop/projects/ISL PROJECT/include_videos/Days_and_Time/82. Morning/MVI_5508.MOV,Days_and_Time/82. Morning/MVI_5508.MOV,42,Days_and_Time__82. Morning__MVI_5508.npy,skipped,,,,
Days_and_Time,82. Morning,MVI_5509,/Users/yamini/Desktop/projects/ISL PROJECT/include_videos/Days_and_Time/82. Morning/MVI_5509.MOV,Days_and_Time/82. Morning/MVI_5509.MOV,40,Days_and_Time__82. Morning__MVI_5509.npy,skipped,,,,
Days_and_Time,82. Morning,MVI_5510,/Users/yamini/Desktop/projects/ISL PROJECT/include_videos/Days_and_Time/82. Morning/MVI_5510.MOV,Days_and_Time/82. Morning/MVI_5510.MOV,41,Days_and_Time__82. Morning__MVI_5510.npy,skipped,,,,
Days_and_Time,82. Morning,MVI_9188,/Users/yamini/Desktop/projects/ISL PROJECT/include_videos/Days_and_Time/82. Morning/MVI_9188.MOV,Days_and_Time/82. Morning/MVI_9188.MOV,59,Days_and_Time__82. Morning__MVI_9188.npy,skipped,,,,
Days_and_Time,82. Morning,MVI_9189,/Users/yamini/Desktop/projects/ISL PROJECT/include_videos/Days_and_Time/82. Morning/MVI_9189.MOV,Days_and_Time/82. Morning/MVI_9189.MOV,63,Days_and_Time__82. Morning__MVI_9189.npy,skipped,,,,
Days_and_Time,82. Morning,MVI_9190,/Users/yamini/Desktop/projects/ISL PROJECT/include_videos/Days_and_Time/82. Morning/MVI_9190.MOV,Days_and_Time/82. Morning/MVI_9190.MOV,70,Days_and_Time__82. Morning__MVI_9190.npy,skipped,,,,
Days_and_Time,83. Afternoon,MVI_4655,/Users/yamini/Desktop/projects/ISL PROJECT/include_videos/Days_and_Time/83. Afternoon/MVI_4655.MOV,Days_and_Time/83. Afternoon/MVI_4655.MOV,46,Days_and_Time__83. Afternoon__MVI_4655.npy,skipped,,,,
Days_and_Time,83. Afternoon,MVI_4656,/Users/yamini/Desktop/projects/ISL PROJECT/include_videos/Days_and_Time/83. Afternoon/MVI_4656.MOV,Days_and_Time/83. Afternoon/MVI_4656.MOV,47,Days_and_Time__83. Afternoon__MVI_4656.npy,skipped,,,,
Days_and_Time,83. Afternoon,MVI_4657,/Users/yamini/Desktop/projects/ISL PROJECT/include_videos/Days_and_Time/83. Afternoon/MVI_4657.MOV,Days_and_Time/83. Afternoon/MVI_4657.MOV,51,Days_and_Time__83. Afternoon__MVI_4657.npy,skipped,,,,
Days_and_Time,83. Afternoon,MVI_4658,/Users/yamini/Desktop/projects/ISL PROJECT/include_videos/Days_and_Time/83. Afternoon/MVI_4658.MOV,Days_and_Time/83. Afternoon/MVI_4658.MOV,48,Days_and_Time__83. Afternoon__MVI_4658.npy,skipped,,,,
Days_and_Time,83. Afternoon,MVI_5063,/Users/yamini/Desktop/projects/ISL PROJECT/include_videos/Days_and_Time/83. Afternoon/MVI_5063.MOV,Days_and_Time/83. Afternoon/MVI_5063.MOV,52,Days_and_Time__83. Afternoon__MVI_5063.npy,skipped,,,,
Days_and_Time,83. Afternoon,MVI_5064,/Users/yamini/Desktop/projects/ISL PROJECT/include_videos/Days_and_Time/83. Afternoon/MVI_5064.MOV,Days_and_Time/83. Afternoon/MVI_5064.MOV,48,Days_and_Time__83. Afternoon__MVI_5064.npy,skipped,,,,
Days_and_Time,83. Afternoon,MVI_5065,/Users/yamini/Desktop/projects/ISL PROJECT/include_videos/Days_and_Time/83. Afternoon/MVI_5065.MOV,Days_and_Time/83. Afternoon/MVI_5065.MOV,50,Days_and_Time__83. Afternoon__MVI_5065.npy,skipped,,,,
Days_and_Time,83. Afternoon,MVI_5511,/Users/yamini/Desktop/projects/ISL PROJECT/include_videos/Days_and_Time/83. Afternoon/MVI_5511.MOV,Days_and_Time/83. Afternoon/MVI_5511.MOV,40,Days_and_Time__83. Afternoon__MVI_5511.npy,skipped,,,,
Days_and_Time,83. Afternoon,MVI_5512,/Users/yamini/Desktop/projects/ISL PROJECT/include_videos/Days_and_Time/83. Afternoon/MVI_5512.MOV,Days_and_Time/83. Afternoon/MVI_5512.MOV,42,Days_and_Time__83. Afternoon__MVI_5512.npy,skipped,,,,
Days_and_Time,83. Afternoon,MVI_5513,/Users/yamini/Desktop/projects/ISL PROJECT/include_videos/Days_and_Time/83. Afternoon/MVI_5513.MOV,Days_and_Time/83. Afternoon/MVI_5513.MOV,38,Days_and_Time__83. Afternoon__MVI_5513.npy,skipped,,,,
Days_and_Time,83. Afternoon,MVI_5514,/Users/yamini/Desktop/projects/ISL PROJECT/include_videos/Days_and_Time/83. Afternoon/MVI_5514.MOV,Days_and_Time/83. Afternoon/MVI_5514.MOV,51,Days_and_Time__83. Afternoon__MVI_5514.npy,skipped,,,,
Days_and_Time,83. Afternoon,MVI_9191,/Users/yamini/Desktop/projects/ISL PROJECT/include_videos/Days_and_Time/83. Afternoon/MVI_9191.MOV,Days_and_Time/83. Afternoon/MVI_9191.MOV,54,Days_and_Time__83. Afternoon__MVI_9191.npy,skipped,,,,
Days_and_Time,83. Afternoon,MVI_9192,/Users/yamini/Desktop/projects/ISL PROJECT/include_videos/Days_and_Time/83. Afternoon/MVI_9192.MOV,Days_and_Time/83. Afternoon/MVI_9192.MOV,57,Days_and_Time__83. Afternoon__MVI_9192.npy,skipped,,,,
Days_and_Time,83. Afternoon,MVI_9193,/Users/yamini/Desktop/projects/ISL PROJECT/include_videos/Days_and_Time/83. Afternoon/MVI_9193.MOV,Days_and_Time/83. Afternoon/MVI_9193.MOV,62,Days_and_Time__83. Afternoon__MVI_9193.npy,skipped,,,,
Days_and_Time,84. Evening,MVI_4659,/Users/yamini/Desktop/projects/ISL PROJECT/include_videos/Days_and_Time/84. Evening/MVI_4659.MOV,Days_and_Time/84. Evening/MVI_4659.MOV,57,Days_and_Time__84. Evening__MVI_4659.npy,skipped,,,,
Days_and_Time,84. Evening,MVI_4660,/Users/yamini/Desktop/projects/ISL PROJECT/include_videos/Days_and_Time/84. Evening/MVI_4660.MOV,Days_and_Time/84. Evening/MVI_4660.MOV,48,Days_and_Time__84. Evening__MVI_4660.npy,skipped,,,,
Days_and_Time,84. Evening,MVI_4661,/Users/yamini/Desktop/projects/ISL PROJECT/include_videos/Days_and_Time/84. Evening/MVI_4661.MOV,Days_and_Time/84. Evening/MVI_4661.MOV,48,Days_and_Time__84. Evening__MVI_4661.npy,skipped,,,,
Days_and_Time,84. Evening,MVI_4662,/Users/yamini/Desktop/projects/ISL PROJECT/include_videos/Days_and_Time/84. Evening/MVI_4662.MOV,Days_and_Time/84. Evening/MVI_4662.MOV,58,Days_and_Time__84. Evening__MVI_4662.npy,skipped,,,,
Days_and_Time,84. Evening,MVI_5070,/Users/yamini/Desktop/projects/ISL PROJECT/include_videos/Days_and_Time/84. Evening/MVI_5070.MOV,Days_and_Time/84. Evening/MVI_5070.MOV,42,Days_and_Time__84. Evening__MVI_5070.npy,skipped,,,,
Days_and_Time,84. Evening,MVI_5071,/Users/yamini/Desktop/projects/ISL PROJECT/include_videos/Days_and_Time/84. Evening/MVI_5071.MOV,Days_and_Time/84. Evening/MVI_5071.MOV,42,Days_and_Time__84. Evening__MVI_5071.npy,skipped,,,,
Days_and_Time,84. Evening,MVI_5072,/Users/yamini/Desktop/projects/ISL PROJECT/include_videos/Days_and_Time/84. Evening/MVI_5072.MOV,Days_and_Time/84. Evening/MVI_5072.MOV,41,Days_and_Time__84. Evening__MVI_5072.npy,skipped,,,,
Days_and_Time,84. Evening,MVI_5515,/Users/yamini/Desktop/projects/ISL PROJECT/include_videos/Days_and_Time/84. Evening/MVI_5515.MOV,Days_and_Time/84. Evening/MVI_5515.MOV,37,Days_and_Time__84. Evening__MVI_5515.npy,skipped,,,,
Days_and_Time,84. Evening,MVI_5517,/Users/yamini/Desktop/projects/ISL PROJECT/include_videos/Days_and_Time/84. Evening/MVI_5517.MOV,Days_and_Time/84. Evening/MVI_5517.MOV,41,Days_and_Time__84. Evening__MVI_5517.npy,skipped,,,,
Days_and_Time,84. Evening,MVI_5518,/Users/yamini/Desktop/projects/ISL PROJECT/include_videos/Days_and_Time/84. Evening/MVI_5518.MOV,Days_and_Time/84. Evening/MVI_5518.MOV,34,Days_and_Time__84. Evening__MVI_5518.npy,skipped,,,,
Days_and_Time,84. Evening,MVI_5519,/Users/yamini/Desktop/projects/ISL PROJECT/include_videos/Days_and_Time/84. Evening/MVI_5519.MOV,Days_and_Time/84. Evening/MVI_5519.MOV,39,Days_and_Time__84. Evening__MVI_5519.npy,skipped,,,,
Days_and_Time,84. Evening,MVI_9194,/Users/yamini/Desktop/projects/ISL PROJECT/include_videos/Days_and_Time/84. Evening/MVI_9194.MOV,Days_and_Time/84. Evening/MVI_9194.MOV,67,Days_and_Time__84. Evening__MVI_9194.npy,skipped,,,,
Days_and_Time,84. Evening,MVI_9195,/Users/yamini/Desktop/projects/ISL PROJECT/include_videos/Days_and_Time/84. Evening/MVI_9195.MOV,Days_and_Time/84. Evening/MVI_9195.MOV,63,Days_and_Time__84. Evening__MVI_9195.npy,skipped,,,,
Days_and_Time,84. Evening,MVI_9196,/Users/yamini/Desktop/projects/ISL PROJECT/include_videos/Days_and_Time/84. Evening/MVI_9196.MOV,Days_and_Time/84. Evening/MVI_9196.MOV,58,Days_and_Time__84. Evening__MVI_9196.npy,skipped,,,,
Days_and_Time,85. Night,MVI_4663,/Users/yamini/Desktop/projects/ISL PROJECT/include_videos/Days_and_Time/85. Night/MVI_4663.MOV,Days_and_Time/85. Night/MVI_4663.MOV,54,Days_and_Time__85. Night__MVI_4663.npy,skipped,,,,
Days_and_Time,85. Night,MVI_4664,/Users/yamini/Desktop/projects/ISL PROJECT/include_videos/Days_and_Time/85. Night/MVI_4664.MOV,Days_and_Time/85. Night/MVI_4664.MOV,55,Days_and_Time__85. Night__MVI_4664.npy,skipped,,,,
Days_and_Time,85. Night,MVI_4665,/Users/yamini/Desktop/projects/ISL PROJECT/include_videos/Days_and_Time/85. Night/MVI_4665.MOV,Days_and_Time/85. Night/MVI_4665.MOV,55,Days_and_Time__85. Night__MVI_4665.npy,skipped,,,,
Days_and_Time,85. Night,MVI_4666,/Users/yamini/Desktop/projects/ISL PROJECT/include_videos/Days_and_Time/85. Night/MVI_4666.MOV,Days_and_Time/85. Night/MVI_4666.MOV,52,Days_and_Time__85. Night__MVI_4666.npy,skipped,,,,
Days_and_Time,85. Night,MVI_5073,/Users/yamini/Desktop/projects/ISL PROJECT/include_videos/Days_and_Time/85. Night/MVI_5073.MOV,Days_and_Time/85. Night/MVI_5073.MOV,44,Days_and_Time__85. Night__MVI_5073.npy,skipped,,,,
Days_and_Time,85. Night,MVI_5074,/Users/yamini/Desktop/projects/ISL PROJECT/include_videos/Days_and_Time/85. Night/MVI_5074.MOV,Days_and_Time/85. Night/MVI_5074.MOV,40,Days_and_Time__85. Night__MVI_5074.npy,skipped,,,,
Days_and_Time,85. Night,MVI_5076,/Users/yamini/Desktop/projects/ISL PROJECT/include_videos/Days_and_Time/85. Night/MVI_5076.MOV,Days_and_Time/85. Night/MVI_5076.MOV,43,Days_and_Time__85. Night__MVI_5076.npy,skipped,,,,
Days_and_Time,85. Night,MVI_5520,/Users/yamini/Desktop/projects/ISL PROJECT/include_videos/Days_and_Time/85. Night/MVI_5520.MOV,Days_and_Time/85. Night/MVI_5520.MOV,38,Days_and_Time__85. Night__MVI_5520.npy,skipped,,,,
Days_and_Time,85. Night,MVI_5521,/Users/yamini/Desktop/projects/ISL PROJECT/include_videos/Days_and_Time/85. Night/MVI_5521.MOV,Days_and_Time/85. Night/MVI_5521.MOV,35,Days_and_Time__85. Night__MVI_5521.npy,skipped,,,,
Days_and_Time,85. Night,MVI_5522,/Users/yamini/Desktop/projects/ISL PROJECT/include_videos/Days_and_Time/85. Night/MVI_5522.MOV,Days_and_Time/85. Night/MVI_5522.MOV,37,Days_and_Time__85. Night__MVI_5522.npy,skipped,,,,
Days_and_Time,85. Night,MVI_5523,/Users/yamini/Desktop/projects/ISL PROJECT/include_videos/Days_and_Time/85. Night/MVI_5523.MOV,Days_and_Time/85. Night/MVI_5523.MOV,43,Days_and_Time__85. Night__MVI_5523.npy,skipped,,,,
Days_and_Time,85. Night,MVI_9197,/Users/yamini/Desktop/projects/ISL PROJECT/include_videos/Days_and_Time/85. Night/MVI_9197.MOV,Days_and_Time/85. Night/MVI_9197.MOV,61,Days_and_Time__85. Night__MVI_9197.npy,skipped,,,,
Days_and_Time,85. Night,MVI_9198,/Users/yamini/Desktop/projects/ISL PROJECT/include_videos/Days_and_Time/85. Night/MVI_9198.MOV,Days_and_Time/85. Night/MVI_9198.MOV,65,Days_and_Time__85. Night__MVI_9198.npy,skipped,,,,
Days_and_Time,85. Night,MVI_9199,/Users/yamini/Desktop/projects/ISL PROJECT/include_videos/Days_and_Time/85. Night/MVI_9199.MOV,Days_and_Time/85. Night/MVI_9199.MOV,61,Days_and_Time__85. Night__MVI_9199.npy,skipped,,,,
Days_and_Time,85. Night,MVI_9200,/Users/yamini/Desktop/projects/ISL PROJECT/include_videos/Days_and_Time/85. Night/MVI_9200.MOV,Days_and_Time/85. Night/MVI_9200.MOV,63,Days_and_Time__85. Night__MVI_9200.npy,skipped,,,,
Days_and_Time,86. Time,MVI_4667,/Users/yamini/Desktop/projects/ISL PROJECT/include_videos/Days_and_Time/86. Time/MVI_4667.MOV,Days_and_Time/86. Time/MVI_4667.MOV,58,Days_and_Time__86. Time__MVI_4667.npy,skipped,,,,
Days_and_Time,86. Time,MVI_4668,/Users/yamini/Desktop/projects/ISL PROJECT/include_videos/Days_and_Time/86. Time/MVI_4668.MOV,Days_and_Time/86. Time/MVI_4668.MOV,59,Days_and_Time__86. Time__MVI_4668.npy,skipped,,,,
Days_and_Time,86. Time,MVI_4669,/Users/yamini/Desktop/projects/ISL PROJECT/include_videos/Days_and_Time/86. Time/MVI_4669.MOV,Days_and_Time/86. Time/MVI_4669.MOV,73,Days_and_Time__86. Time__MVI_4669.npy,skipped,,,,
Days_and_Time,86. Time,MVI_4670,/Users/yamini/Desktop/projects/ISL PROJECT/include_videos/Days_and_Time/86. Time/MVI_4670.MOV,Days_and_Time/86. Time/MVI_4670.MOV,66,Days_and_Time__86. Time__MVI_4670.npy,skipped,,,,
Days_and_Time,86. Time,MVI_5077,/Users/yamini/Desktop/projects/ISL PROJECT/include_videos/Days_and_Time/86. Time/MVI_5077.MOV,Days_and_Time/86. Time/MVI_5077.MOV,45,Days_and_Time__86. Time__MVI_5077.npy,skipped,,,,
Days_and_Time,86. Time,MVI_5078,/Users/yamini/Desktop/projects/ISL PROJECT/include_videos/Days_and_Time/86. Time/MVI_5078.MOV,Days_and_Time/86. Time/MVI_5078.MOV,44,Days_and_Time__86. Time__MVI_5078.npy,skipped,,,,
Days_and_Time,86. Time,MVI_5079,/Users/yamini/Desktop/projects/ISL PROJECT/include_videos/Days_and_Time/86. Time/MVI_5079.MOV,Days_and_Time/86. Time/MVI_5079.MOV,42,Days_and_Time__86. Time__MVI_5079.npy,skipped,,,,
Days_and_Time,86. Time,MVI_5524,/Users/yamini/Desktop/projects/ISL PROJECT/include_videos/Days_and_Time/86. Time/MVI_5524.MOV,Days_and_Time/86. Time/MVI_5524.MOV,38,Days_and_Time__86. Time__MVI_5524.npy,skipped,,,,
Days_and_Time,86. Time,MVI_5525,/Users/yamini/Desktop/projects/ISL PROJECT/include_videos/Days_and_Time/86. Time/MVI_5525.MOV,Days_and_Time/86. Time/MVI_5525.MOV,42,Days_and_Time__86. Time__MVI_5525.npy,skipped,,,,
Days_and_Time,86. Time,MVI_5526,/Users/yamini/Desktop/projects/ISL PROJECT/include_videos/Days_and_Time/86. Time/MVI_5526.MOV,Days_and_Time/86. Time/MVI_5526.MOV,43,Days_and_Time__86. Time__MVI_5526.npy,skipped,,,,
Days_and_Time,86. Time,MVI_5527,/Users/yamini/Desktop/projects/ISL PROJECT/include_videos/Days_and_Time/86. Time/MVI_5527.MOV,Days_and_Time/86. Time/MVI_5527.MOV,41,Days_and_Time__86. Time__MVI_5527.npy,skipped,,,,
Days_and_Time,86. Time,MVI_9201,/Users/yamini/Desktop/projects/ISL PROJECT/include_videos/Days_and_Time/86. Time/MVI_9201.MOV,Days_and_Time/86. Time/MVI_9201.MOV,64,Days_and_Time__86. Time__MVI_9201.npy,skipped,,,,
Days_and_Time,86. Time,MVI_9202,/Users/yamini/Desktop/projects/ISL PROJECT/include_videos/Days_and_Time/86. Time/MVI_9202.MOV,Days_and_Time/86. Time/MVI_9202.MOV,58,Days_and_Time__86. Time__MVI_9202.npy,skipped,,,,
Days_and_Time,86. Time,MVI_9203,/Users/yamini/Desktop/projects/ISL PROJECT/include_videos/Days_and_Time/86. Time/MVI_9203.MOV,Days_and_Time/86. Time/MVI_9203.MOV,57,Days_and_Time__86. Time__MVI_9203.npy,skipped,,,,
Days_and_Time,86. Time,MVI_9204,/Users/yamini/Desktop/projects/ISL PROJECT/include_videos/Days_and_Time/86. Time/MVI_9204.MOV,Days_and_Time/86. Time/MVI_9204.MOV,57,Days_and_Time__86. Time__MVI_9204.npy,skipped,,,,
Electronics,51. Clock,MVI_4524,/Users/yamini/Desktop/projects/ISL PROJECT/include_videos/Electronics/51. Clock/MVI_4524.MOV,Electronics/51. Clock/MVI_4524.MOV,79,Electronics__51. Clock__MVI_4524.npy,skipped,,,,
Electronics,51. Clock,MVI_4525,/Users/yamini/Desktop/projects/ISL PROJECT/include_videos/Electronics/51. Clock/MVI_4525.MOV,Electronics/51. Clock/MVI_4525.MOV,102,Electronics__51. Clock__MVI_4525.npy,skipped,,,,
Electronics,51. Clock,MVI_4526,/Users/yamini/Desktop/projects/ISL PROJECT/include_videos/Electronics/51. Clock/MVI_4526.MOV,Electronics/51. Clock/MVI_4526.MOV,85,Electronics__51. Clock__MVI_4526.npy,skipped,,,,
Electronics,51. Clock,MVI_4527,/Users/yamini/Desktop/projects/ISL PROJECT/include_videos/Electronics/51. Clock/MVI_4527.MOV,Electronics/51. Clock/MVI_4527.MOV,90,Electronics__51. Clock__MVI_4527.npy,skipped,,,,
Electronics,51. Clock,MVI_4959,/Users/yamini/Desktop/projects/ISL PROJECT/include_videos/Electronics/51. Clock/MVI_4959.MOV,Electronics/51. Clock/MVI_4959.MOV,58,Electronics__51. Clock__MVI_4959.npy,skipped,,,,
Electronics,51. Clock,MVI_4960,/Users/yamini/Desktop/projects/ISL PROJECT/include_videos/Electronics/51. Clock/MVI_4960.MOV,Electronics/51. Clock/MVI_4960.MOV,57,Electronics__51. Clock__MVI_4960.npy,skipped,,,,
Electronics,51. Clock,MVI_5379,/Users/yamini/Desktop/projects/ISL PROJECT/include_videos/Electronics/51. Clock/MVI_5379.MOV,Electronics/51. Clock/MVI_5379.MOV,57,Electronics__51. Clock__MVI_5379.npy,skipped,,,,
Electronics,51. Clock,MVI_5380,/Users/yamini/Desktop/projects/ISL PROJECT/include_videos/Electronics/51. Clock/MVI_5380.MOV,Electronics/51. Clock/MVI_5380.MOV,63,Electronics__51. Clock__MVI_5380.npy,skipped,,,,
Electronics,51. Clock,MVI_5381,/Users/yamini/Desktop/projects/ISL PROJECT/include_videos/Electronics/51. Clock/MVI_5381.MOV,Electronics/51. Clock/MVI_5381.MOV,59,Electronics__51. Clock__MVI_5381.npy,skipped,,,,
Electronics,51. Clock,MVI_5382,/Users/yamini/Desktop/projects/ISL PROJECT/include_videos/Electronics/51. Clock/MVI_5382.MOV,Electronics/51. Clock/MVI_5382.MOV,74,Electronics__51. Clock__MVI_5382.npy,skipped,,,,
Electronics,51. Clock,MVI_9091,/Users/yamini/Desktop/projects/ISL PROJECT/include_videos/Electronics/51. Clock/MVI_9091.MOV,Electronics/51. Clock/MVI_9091.MOV,81,Electronics__51. Clock__MVI_9091.npy,skipped,,,,
Electronics,51. Clock,MVI_9092,/Users/yamini/Desktop/projects/ISL PROJECT/include_videos/Electronics/51. Clock/MVI_9092.MOV,Electronics/51. Clock/MVI_9092.MOV,82,Electronics__51. Clock__MVI_9092.npy,skipped,,,,
Electronics,51. Clock,MVI_9093,/Users/yamini/Desktop/projects/ISL PROJECT/include_videos/Electronics/51. Clock/MVI_9093.MOV,Electronics/51. Clock/MVI_9093.MOV,84,Electronics__51. Clock__MVI_9093.npy,skipped,,,,
Electronics,52. Lamp,MVI_4528,/Users/yamini/Desktop/projects/ISL PROJECT/include_videos/Electronics/52. Lamp/MVI_4528.MOV,Electronics/52. Lamp/MVI_4528.MOV,78,Electronics__52. Lamp__MVI_4528.npy,skipped,,,,
Electronics,52. Lamp,MVI_4529,/Users/yamini/Desktop/projects/ISL PROJECT/include_videos/Electronics/52. Lamp/MVI_4529.MOV,Electronics/52. Lamp/MVI_4529.MOV,50,Electronics__52. Lamp__MVI_4529.npy,skipped,,,,
Electronics,52. Lamp,MVI_4530,/Users/yamini/Desktop/projects/ISL PROJECT/include_videos/Electronics/52. Lamp/MVI_4530.MOV,Electronics/52. Lamp/MVI_4530.MOV,55,Electronics__52. Lamp__MVI_4530.npy,skipped,,,,
Electronics,52. Lamp,MVI_4531,/Users/yamini/Desktop/projects/ISL PROJECT/include_videos/Electronics/52. Lamp/MVI_4531.MOV,Electronics/52. Lamp/MVI_4531.MOV,93,Electronics__52. Lamp__MVI_4531.npy,skipped,,,,
Electronics,52. Lamp,MVI_4961,/Users/yamini/Desktop/projects/ISL PROJECT/include_videos/Electronics/52. Lamp/MVI_4961.MOV,Electronics/52. Lamp/MVI_4961.MOV,59,Electronics__52. Lamp__MVI_4961.npy,skipped,,,,
Electronics,52. Lamp,MVI_4962,/Users/yamini/Desktop/projects/ISL PROJECT/include_videos/Electronics/52. Lamp/MVI_4962.MOV,Electronics/52. Lamp/MVI_4962.MOV,60,Electronics__52. Lamp__MVI_4962.npy,skipped,,,,
Electronics,52. Lamp,MVI_4963,/Users/yamini/Desktop/projects/ISL PROJECT/include_videos/Electronics/52. Lamp/MVI_4963.MOV,Electronics/52. Lamp/MVI_4963.MOV,54,Electronics__52. Lamp__MVI_4963.npy,skipped,,,,
Electronics,52. Lamp,MVI_5383,/Users/yamini/Desktop/projects/ISL PROJECT/include_videos/Electronics/52. Lamp/MVI_5383.MOV,Electronics/52. Lamp/MVI_5383.MOV,52,Electronics__52. Lamp__MVI_5383.npy,skipped,,,,
Electronics,52. Lamp,MVI_5384,/Users/yamini/Desktop/projects/ISL PROJECT/include_videos/Electronics/52. Lamp/MVI_5384.MOV,Electronics/52. Lamp/MVI_5384.MOV,54,Electronics__52. Lamp__MVI_5384.npy,skipped,,,,
Electronics,52. Lamp,MVI_5385,/Users/yamini/Desktop/projects/ISL PROJECT/include_videos/Electronics/52. Lamp/MVI_5385.MOV,Electronics/52. Lamp/MVI_5385.MOV,53,Electronics__52. Lamp__MVI_5385.npy,skipped,,,,
Electronics,52. Lamp,MVI_5386,/Users/yamini/Desktop/projects/ISL PROJECT/include_videos/Electronics/52. Lamp/MVI_5386.MOV,Electronics/52. Lamp/MVI_5386.MOV,57,Electronics__52. Lamp__MVI_5386.npy,skipped,,,,
Electronics,52. Lamp,MVI_9094,/Users/yamini/Desktop/projects/ISL PROJECT/include_videos/Electronics/52. Lamp/MVI_9094.MOV,Electronics/52. Lamp/MVI_9094.MOV,62,Electronics__52. Lamp__MVI_9094.npy,skipped,,,,
Electronics,52. Lamp,MVI_9095,/Users/yamini/Desktop/projects/ISL PROJECT/include_videos/Electronics/52. Lamp/MVI_9095.MOV,Electronics/52. Lamp/MVI_9095.MOV,76,Electronics__52. Lamp__MVI_9095.npy,skipped,,,,
Electronics,52. Lamp,MVI_9096,/Users/yamini/Desktop/projects/ISL PROJECT/include_videos/Electronics/52. Lamp/MVI_9096.MOV,Electronics/52. Lamp/MVI_9096.MOV,73,Electronics__52. Lamp__MVI_9096.npy,skipped,,,,
Electronics,53. Fan,MVI_4532,/Users/yamini/Desktop/projects/ISL PROJECT/include_videos/Electronics/53. Fan/MVI_4532.MOV,Electronics/53. Fan/MVI_4532.MOV,78,Electronics__53. Fan__MVI_4532.npy,skipped,,,,
Electronics,53. Fan,MVI_4533,/Users/yamini/Desktop/projects/ISL PROJECT/include_videos/Electronics/53. Fan/MVI_4533.MOV,Electronics/53. Fan/MVI_4533.MOV,65,Electronics__53. Fan__MVI_4533.npy,skipped,,,,
Electronics,53. Fan,MVI_4534,/Users/yamini/Desktop/projects/ISL PROJECT/include_videos/Electronics/53. Fan/MVI_4534.MOV,Electronics/53. Fan/MVI_4534.MOV,59,Electronics__53. Fan__MVI_4534.npy,skipped,,,,
Electronics,53. Fan,MVI_4535,/Users/yamini/Desktop/projects/ISL PROJECT/include_videos/Electronics/53. Fan/MVI_4535.MOV,Electronics/53. Fan/MVI_4535.MOV,58,Electronics__53. Fan__MVI_4535.npy,skipped,,,,
Electronics,53. Fan,MVI_4536,/Users/yamini/Desktop/projects/ISL PROJECT/include_videos/Electronics/53. Fan/MVI_4536.MOV,Electronics/53. Fan/MVI_4536.MOV,64,Electronics__53. Fan__MVI_4536.npy,skipped,,,,
Electronics,53. Fan,MVI_4964,/Users/yamini/Desktop/projects/ISL PROJECT/include_videos/Electronics/53. Fan/MVI_4964.MOV,Electronics/53. Fan/MVI_4964.MOV,53,Electronics__53. Fan__MVI_4964.npy,skipped,,,,
Electronics,53. Fan,MVI_4965,/Users/yamini/Desktop/projects/ISL PROJECT/include_videos/Electronics/53. Fan/MVI_4965.MOV,Electronics/53. Fan/MVI_4965.MOV,56,Electronics__53. Fan__MVI_4965.npy,skipped,,,,
Electronics,53. Fan,MVI_4966,/Users/yamini/Desktop/projects/ISL PROJECT/include_videos/Electronics/53. Fan/MVI_4966.MOV,Electronics/53. Fan/MVI_4966.MOV,53,Electronics__53. Fan__MVI_4966.npy,skipped,,,,
Electronics,53. Fan,MVI_5387,/Users/yamini/Desktop/projects/ISL PROJECT/include_videos/Electronics/53. Fan/MVI_5387.MOV,Electronics/53. Fan/MVI_5387.MOV,56,Electronics__53. Fan__MVI_5387.npy,skipped,,,,
Electronics,53. Fan,MVI_5388,/Users/yamini/Desktop/projects/ISL PROJECT/include_videos/Electronics/53. Fan/MVI_5388.MOV,Electronics/53. Fan/MVI_5388.MOV,53,Electronics__53. Fan__MVI_5388.npy,skipped,,,,
Electronics,53. Fan,MVI_5389,/Users/yamini/Desktop/projects/ISL PROJECT/include_videos/Electronics/53. Fan/MVI_5389.MOV,Electronics/53. Fan/MVI_5389.MOV,55,Electronics__53. Fan__MVI_5389.npy,skipped,,,,
Electronics,53. Fan,MVI_5390,/Users/yamini/Desktop/projects/ISL PROJECT/include_videos/Electronics/53. Fan/MVI_5390.MOV,Electronics/53. Fan/MVI_5390.MOV,57,Electronics__53. Fan__MVI_5390.npy,skipped,,,,
Electronics,53. Fan,MVI_9097,/Users/yamini/Desktop/projects/ISL PROJECT/include_videos/Electronics/53. Fan/MVI_9097.MOV,Electronics/53. Fan/MVI_9097.MOV,78,Electronics__53. Fan__MVI_9097.npy,skipped,,,,
Electronics,53. Fan,MVI_9098,/Users/yamini/Desktop/projects/ISL PROJECT/include_videos/Electronics/53. Fan/MVI_9098.MOV,Electronics/53. Fan/MVI_9098.MOV,71,Electronics__53. Fan__MVI_9098.npy,skipped,,,,
Electronics,53. Fan,MVI_9099,/Users/yamini/Desktop/projects/ISL PROJECT/include_videos/Electronics/53. Fan/MVI_9099.MOV,Electronics/53. Fan/MVI_9099.MOV,87,Electronics__53. Fan__MVI_9099.npy,skipped,,,,
Electronics,54. Cell phone,MVI_4537,/Users/yamini/Desktop/projects/ISL PROJECT/include_videos/Electronics/54. Cell phone/MVI_4537.MOV,Electronics/54. Cell phone/MVI_4537.MOV,48,Electronics__54. Cell phone__MVI_4537.npy,skipped,,,,
Electronics,54. Cell phone,MVI_4538,/Users/yamini/Desktop/projects/ISL PROJECT/include_videos/Electronics/54. Cell phone/MVI_4538.MOV,Electronics/54. Cell phone/MVI_4538.MOV,47,Electronics__54. Cell phone__MVI_4538.npy,skipped,,,,
Electronics,54. Cell phone,MVI_4539,/Users/yamini/Desktop/projects/ISL PROJECT/include_videos/Electronics/54. Cell phone/MVI_4539.MOV,Electronics/54. Cell phone/MVI_4539.MOV,53,Electronics__54. Cell phone__MVI_4539.npy,skipped,,,,
Electronics,54. Cell phone,MVI_4540,/Users/yamini/Desktop/projects/ISL PROJECT/include_videos/Electronics/54. Cell phone/MVI_4540.MOV,Electronics/54. Cell phone/MVI_4540.MOV,45,Electronics__54. Cell phone__MVI_4540.npy,skipped,,,,
Electronics,54. Cell phone,MVI_4967,/Users/yamini/Desktop/projects/ISL PROJECT/include_videos/Electronics/54. Cell phone/MVI_4967.MOV,Electronics/54. Cell phone/MVI_4967.MOV,55,Electronics__54. Cell phone__MVI_4967.npy,skipped,,,,
Electronics,54. Cell phone,MVI_4968,/Users/yamini/Desktop/projects/ISL PROJECT/include_videos/Electronics/54. Cell phone/MVI_4968.MOV,Electronics/54. Cell phone/MVI_4968.MOV,59,Electronics__54. Cell phone__MVI_4968.npy,skipped,,,,
Electronics,54. Cell phone,MVI_4969,/Users/yamini/Desktop/projects/ISL PROJECT/include_videos/Electronics/54. Cell phone/MVI_4969.MOV,Electronics/54. Cell phone/MVI_4969.MOV,68,Electronics__54. Cell phone__MVI_4969.npy,skipped,,,,
Electronics,54. Cell phone,MVI_5391,/Users/yamini/Desktop/projects/ISL PROJECT/include_videos/Electronics/54. Cell phone/MVI_5391.MOV,Electronics/54. Cell phone/MVI_5391.MOV,46,Electronics__54. Cell phone__MVI_5391.npy,skipped,,,,
Electronics,54. Cell phone,MVI_5392,/Users/yamini/Desktop/projects/ISL PROJECT/include_videos/Electronics/54. Cell phone/MVI_5392.MOV,Electronics/54. Cell phone/MVI_5392.MOV,53,Electronics__54. Cell phone__MVI_5392.npy,skipped,,,,
Electronics,54. Cell phone,MVI_5393,/Users/yamini/Desktop/projects/ISL PROJECT/include_videos/Electronics/54. Cell phone/MVI_5393.MOV,Electronics/54. Cell phone/MVI_5393.MOV,53,Electronics__54. Cell phone__MVI_5393.npy,skipped,,,,
Electronics,54. Cell phone,MVI_5394,/Users/yamini/Desktop/projects/ISL PROJECT/include_videos/Electronics/54. Cell phone/MVI_5394.MOV,Electronics/54. Cell phone/MVI_5394.MOV,60,Electronics__54. Cell phone__MVI_5394.npy,skipped,,,,
Electronics,54. Cell phone,MVI_9100,/Users/yamini/Desktop/projects/ISL PROJECT/include_videos/Electronics/54. Cell phone/MVI_9100.MOV,Electronics/54. Cell phone/MVI_9100.MOV,73,Electronics__54. Cell phone__MVI_9100.npy,skipped,,,,
Electronics,54. Cell phone,MVI_9101,/Users/yamini/Desktop/projects/ISL PROJECT/include_videos/Electronics/54. Cell phone/MVI_9101.MOV,Electronics/54. Cell phone/MVI_9101.MOV,69,Electronics__54. Cell phone__MVI_9101.npy,skipped,,,,
Electronics,54. Cell phone,MVI_9102,/Users/yamini/Desktop/projects/ISL PROJECT/include_videos/Electronics/54. Cell phone/MVI_9102.MOV,Electronics/54. Cell phone/MVI_9102.MOV,62,Electronics__54. Cell phone__MVI_9102.npy,skipped,,,,
Electronics,55. Computer,MVI_4541,/Users/yamini/Desktop/projects/ISL PROJECT/include_videos/Electronics/55. Computer/MVI_4541.MOV,Electronics/55. Computer/MVI_4541.MOV,80,Electronics__55. Computer__MVI_4541.npy,skipped,,,,
Electronics,55. Computer,MVI_4542,/Users/yamini/Desktop/projects/ISL PROJECT/include_videos/Electronics/55. Computer/MVI_4542.MOV,Electronics/55. Computer/MVI_4542.MOV,79,Electronics__55. Computer__MVI_4542.npy,skipped,,,,
Electronics,55. Computer,MVI_4543,/Users/yamini/Desktop/projects/ISL PROJECT/include_videos/Electronics/55. Computer/MVI_4543.MOV,Electronics/55. Computer/MVI_4543.MOV,69,Electronics__55. Computer__MVI_4543.npy,skipped,,,,
Electronics,55. Computer,MVI_4544,/Users/yamini/Desktop/projects/ISL PROJECT/include_videos/Electronics/55. Computer/MVI_4544.MOV,Electronics/55. Computer/MVI_4544.MOV,78,Electronics__55. Computer__MVI_4544.npy,skipped,,,,
Electronics,55. Computer,MVI_4970,/Users/yamini/Desktop/projects/ISL PROJECT/include_videos/Electronics/55. Computer/MVI_4970.MOV,Electronics/55. Computer/MVI_4970.MOV,63,Electronics__55. Computer__MVI_4970.npy,skipped,,,,
Electronics,55. Computer,MVI_4971,/Users/yamini/Desktop/projects/ISL PROJECT/include_videos/Electronics/55. Computer/MVI_4971.MOV,Electronics/55. Computer/MVI_4971.MOV,55,Electronics__55. Computer__MVI_4971.npy,skipped,,,,
Electronics,55. Computer,MVI_4972,/Users/yamini/Desktop/projects/ISL PROJECT/include_videos/Electronics/55. Computer/MVI_4972.MOV,Electronics/55. Computer/MVI_4972.MOV,68,Electronics__55. Computer__MVI_4972.npy,skipped,,,,
Electronics,55. Computer,MVI_5395,/Users/yamini/Desktop/projects/ISL PROJECT/include_videos/Electronics/55. Computer/MVI_5395.MOV,Electronics/55. Computer/MVI_5395.MOV,65,Electronics__55. Computer__MVI_5395.npy,skipped,,,,
Electronics,55. Computer,MVI_5396,/Users/yamini/Desktop/projects/ISL PROJECT/include_videos/Electronics/55. Computer/MVI_5396.MOV,Electronics/55. Computer/MVI_5396.MOV,67,Electronics__55. Computer__MVI_5396.npy,skipped,,,,
Electronics,55. Computer,MVI_5397,/Users/yamini/Desktop/projects/ISL PROJECT/include_videos/Electronics/55. Computer/MVI_5397.MOV,Electronics/55. Computer/MVI_5397.MOV,69,Electronics__55. Computer__MVI_5397.npy,skipped,,,,
Electronics,55. Computer,MVI_5398,/Users/yamini/Desktop/projects/ISL PROJECT/include_videos/Electronics/55. Computer/MVI_5398.MOV,Electronics/55. Computer/MVI_5398.MOV,67,Electronics__55. Computer__MVI_5398.npy,skipped,,,,
Electronics,55. Computer,MVI_9103,/Users/yamini/Desktop/projects/ISL PROJECT/include_videos/Electronics/55. Computer/MVI_9103.MOV,Electronics/55. Computer/MVI_9103.MOV,86,Electronics__55. Computer__MVI_9103.npy,skipped,,,,
Electronics,55. Computer,MVI_9104,/Users/yamini/Desktop/projects/ISL PROJECT/include_videos/Electronics/55. Computer/MVI_9104.MOV,Electronics/55. Computer/MVI_9104.MOV,85,Electronics__55. Computer__MVI_9104.npy,skipped,,,,
Electronics,55. Computer,MVI_9105,/Users/yamini/Desktop/projects/ISL PROJECT/include_videos/Electronics/55. Computer/MVI_9105.MOV,Electronics/55. Computer/MVI_9105.MOV,97,Electronics__55. Computer__MVI_9105.npy,skipped,,,,
Electronics,56. Laptop,MVI_4545,/Users/yamini/Desktop/projects/ISL PROJECT/include_videos/Electronics/56. Laptop/MVI_4545.MOV,Electronics/56. Laptop/MVI_4545.MOV,64,Electronics__56. Laptop__MVI_4545.npy,skipped,,,,
Electronics,56. Laptop,MVI_4546,/Users/yamini/Desktop/projects/ISL PROJECT/include_videos/Electronics/56. Laptop/MVI_4546.MOV,Electronics/56. Laptop/MVI_4546.MOV,74,Electronics__56. Laptop__MVI_4546.npy,skipped,,,,
Electronics,56. Laptop,MVI_4547,/Users/yamini/Desktop/projects/ISL PROJECT/include_videos/Electronics/56. Laptop/MVI_4547.MOV,Electronics/56. Laptop/MVI_4547.MOV,75,Electronics__56. Laptop__MVI_4547.npy,skipped,,,,
Electronics,56. Laptop,MVI_4548,/Users/yamini/Desktop/projects/ISL PROJECT/include_videos/Electronics/56. Laptop/MVI_4548.MOV,Electronics/56. Laptop/MVI_4548.MOV,73,Electronics__56. Laptop__MVI_4548.npy,skipped,,,,
Electronics,56. Laptop,MVI_4973,/Users/yamini/Desktop/projects/ISL PROJECT/include_videos/Electronics/56. Laptop/MVI_4973.MOV,Electronics/56. Laptop/MVI_4973.MOV,62,Electronics__56. Laptop__MVI_4973.npy,skipped,,,,
Electronics,56. Laptop,MVI_4974,/Users/yamini/Desktop/projects/ISL PROJECT/include_videos/Electronics/56. Laptop/MVI_4974.MOV,Electronics/56. Laptop/MVI_4974.MOV,56,Electronics__56. Laptop__MVI_4974.npy,skipped,,,,
Electronics,56. Laptop,MVI_4975,/Users/yamini/Desktop/projects/ISL PROJECT/include_videos/Electronics/56. Laptop/MVI_4975.MOV,Electronics/56. Laptop/MVI_4975.MOV,52,Electronics__56. Laptop__MVI_4975.npy,skipped,,,,
Electronics,56. Laptop,MVI_5399,/Users/yamini/Desktop/projects/ISL PROJECT/include_videos/Electronics/56. Laptop/MVI_5399.MOV,Electronics/56. Laptop/MVI_5399.MOV,60,Electronics__56. Laptop__MVI_5399.npy,skipped,,,,
Electronics,56. Laptop,MVI_5400,/Users/yamini/Desktop/projects/ISL PROJECT/include_videos/Electronics/56. Laptop/MVI_5400.MOV,Electronics/56. Laptop/MVI_5400.MOV,55,Electronics__56. Laptop__MVI_5400.npy,skipped,,,,
Electronics,56. Laptop,MVI_5401,/Users/yamini/Desktop/projects/ISL PROJECT/include_videos/Electronics/56. Laptop/MVI_5401.MOV,Electronics/56. Laptop/MVI_5401.MOV,61,Electronics__56. Laptop__MVI_5401.npy,skipped,,,,
Electronics,56. Laptop,MVI_5402,/Users/yamini/Desktop/projects/ISL PROJECT/include_videos/Electronics/56. Laptop/MVI_5402.MOV,Electronics/56. Laptop/MVI_5402.MOV,61,Electronics__56. Laptop__MVI_5402.npy,skipped,,,,
Electronics,56. Laptop,MVI_9106,/Users/yamini/Desktop/projects/ISL PROJECT/include_videos/Electronics/56. Laptop/MVI_9106.MOV,Electronics/56. Laptop/MVI_9106.MOV,91,Electronics__56. Laptop__MVI_9106.npy,skipped,,,,
Electronics,56. Laptop,MVI_9107,/Users/yamini/Desktop/projects/ISL PROJECT/include_videos/Electronics/56. Laptop/MVI_9107.MOV,Electronics/56. Laptop/MVI_9107.MOV,80,Electronics__56. Laptop__MVI_9107.npy,skipped,,,,
Electronics,56. Laptop,MVI_9108,/Users/yamini/Desktop/projects/ISL PROJECT/include_videos/Electronics/56. Laptop/MVI_9108.MOV,Electronics/56. Laptop/MVI_9108.MOV,84,Electronics__56. Laptop__MVI_9108.npy,skipped,,,,
Electronics,57. Screen,MVI_4549,/Users/yamini/Desktop/projects/ISL PROJECT/include_videos/Electronics/57. Screen/MVI_4549.MOV,Electronics/57. Screen/MVI_4549.MOV,67,Electronics__57. Screen__MVI_4549.npy,skipped,,,,
Electronics,57. Screen,MVI_4550,/Users/yamini/Desktop/projects/ISL PROJECT/include_videos/Electronics/57. Screen/MVI_4550.MOV,Electronics/57. Screen/MVI_4550.MOV,71,Electronics__57. Screen__MVI_4550.npy,skipped,,,,
Electronics,57. Screen,MVI_4551,/Users/yamini/Desktop/projects/ISL PROJECT/include_videos/Electronics/57. Screen/MVI_4551.MOV,Electronics/57. Screen/MVI_4551.MOV,66,Electronics__57. Screen__MVI_4551.npy,skipped,,,,
Electronics,57. Screen,MVI_4552,/Users/yamini/Desktop/projects/ISL PROJECT/include_videos/Electronics/57. Screen/MVI_4552.MOV,Electronics/57. Screen/MVI_4552.MOV,67,Electronics__57. Screen__MVI_4552.npy,skipped,,,,
Electronics,57. Screen,MVI_4976,/Users/yamini/Desktop/projects/ISL PROJECT/include_videos/Electronics/57. Screen/MVI_4976.MOV,Electronics/57. Screen/MVI_4976.MOV,59,Electronics__57. Screen__MVI_4976.npy,skipped,,,,
Electronics,57. Screen,MVI_4977,/Users/yamini/Desktop/projects/ISL PROJECT/include_videos/Electronics/57. Screen/MVI_4977.MOV,Electronics/57. Screen/MVI_4977.MOV,61,Electronics__57. Screen__MVI_4977.npy,skipped,,,,
Electronics,57. Screen,MVI_4978,/Users/yamini/Desktop/projects/ISL PROJECT/include_videos/Electronics/57. Screen/MVI_4978.MOV,Electronics/57. Screen/MVI_4978.MOV,57,Electronics__57. Screen__MVI_4978.npy,skipped,,,,
Electronics,57. Screen,MVI_5403,/Users/yamini/Desktop/projects/ISL PROJECT/include_videos/Electronics/57. Screen/MVI_5403.MOV,Electronics/57. Screen/MVI_5403.MOV,63,Electronics__57. Screen__MVI_5403.npy,skipped,,,,
Electronics,57. Screen,MVI_5404,/Users/yamini/Desktop/projects/ISL PROJECT/include_videos/Electronics/57. Screen/MVI_5404.MOV,Electronics/57. Screen/MVI_5404.MOV,65,Electronics__57. Screen__MVI_5404.npy,skipped,,,,
Electronics,57. Screen,MVI_5405,/Users/yamini/Desktop/projects/ISL PROJECT/include_videos/Electronics/57. Screen/MVI_5405.MOV,Electronics/57. Screen/MVI_5405.MOV,62,Electronics__57. Screen__MVI_5405.npy,skipped,,,,
Electronics,57. Screen,MVI_5406,/Users/yamini/Desktop/projects/ISL PROJECT/include_videos/Electronics/57. Screen/MVI_5406.MOV,Electronics/57. Screen/MVI_5406.MOV,63,Electronics__57. Screen__MVI_5406.npy,skipped,,,,
Electronics,57. Screen,MVI_9110,/Users/yamini/Desktop/projects/ISL PROJECT/include_videos/Electronics/57. Screen/MVI_9110.MOV,Electronics/57. Screen/MVI_9110.MOV,68,Electronics__57. Screen__MVI_9110.npy,skipped,,,,
Electronics,57. Screen,MVI_9111,/Users/yamini/Desktop/projects/ISL PROJECT/include_videos/Electronics/57. Screen/MVI_9111.MOV,Electronics/57. Screen/MVI_9111.MOV,72,Electronics__57. Screen__MVI_9111.npy,skipped,,,,
Electronics,57. Screen,MVI_9112,/Users/yamini/Desktop/projects/ISL PROJECT/include_videos/Electronics/57. Screen/MVI_9112.MOV,Electronics/57. Screen/MVI_9112.MOV,63,Electronics__57. Screen__MVI_9112.npy,skipped,,,,
Electronics,58. Camera,MVI_4553,/Users/yamini/Desktop/projects/ISL PROJECT/include_videos/Electronics/58. Camera/MVI_4553.MOV,Electronics/58. Camera/MVI_4553.MOV,49,Electronics__58. Camera__MVI_4553.npy,skipped,,,,
Electronics,58. Camera,MVI_4554,/Users/yamini/Desktop/projects/ISL PROJECT/include_videos/Electronics/58. Camera/MVI_4554.MOV,Electronics/58. Camera/MVI_4554.MOV,49,Electronics__58. Camera__MVI_4554.npy,skipped,,,,
Electronics,58. Camera,MVI_4555,/Users/yamini/Desktop/projects/ISL PROJECT/include_videos/Electronics/58. Camera/MVI_4555.MOV,Electronics/58. Camera/MVI_4555.MOV,52,Electronics__58. Camera__MVI_4555.npy,skipped,,,,
Electronics,58. Camera,MVI_4556,/Users/yamini/Desktop/projects/ISL PROJECT/include_videos/Electronics/58. Camera/MVI_4556.MOV,Electronics/58. Camera/MVI_4556.MOV,47,Electronics__58. Camera__MVI_4556.npy,skipped,,,,
Electronics,58. Camera,MVI_4979,/Users/yamini/Desktop/projects/ISL PROJECT/include_videos/Electronics/58. Camera/MVI_4979.MOV,Electronics/58. Camera/MVI_4979.MOV,47,Electronics__58. Camera__MVI_4979.npy,skipped,,,,
Electronics,58. Camera,MVI_4980,/Users/yamini/Desktop/projects/ISL PROJECT/include_videos/Electronics/58. Camera/MVI_4980.MOV,Electronics/58. Camera/MVI_4980.MOV,47,Electronics__58. Camera__MVI_4980.npy,skipped,,,,
Electronics,58. Camera,MVI_4981,/Users/yamini/Desktop/projects/ISL PROJECT/include_videos/Electronics/58. Camera/MVI_4981.MOV,Electronics/58. Camera/MVI_4981.MOV,53,Electronics__58. Camera__MVI_4981.npy,skipped,,,,
Electronics,58. Camera,MVI_5407,/Users/yamini/Desktop/projects/ISL PROJECT/include_videos/Electronics/58. Camera/MVI_5407.MOV,Electronics/58. Camera/MVI_5407.MOV,51,Electronics__58. Camera__MVI_5407.npy,skipped,,,,
Electronics,58. Camera,MVI_5408,/Users/yamini/Desktop/projects/ISL PROJECT/include_videos/Electronics/58. Camera/MVI_5408.MOV,Electronics/58. Camera/MVI_5408.MOV,52,Electronics__58. Camera__MVI_5408.npy,skipped,,,,
Electronics,58. Camera,MVI_5409,/Users/yamini/Desktop/projects/ISL PROJECT/include_videos/Electronics/58. Camera/MVI_5409.MOV,Electronics/58. Camera/MVI_5409.MOV,61,Electronics__58. Camera__MVI_5409.npy,skipped,,,,
Electronics,58. Camera,MVI_5410,/Users/yamini/Desktop/projects/ISL PROJECT/include_videos/Electronics/58. Camera/MVI_5410.MOV,Electronics/58. Camera/MVI_5410.MOV,65,Electronics__58. Camera__MVI_5410.npy,skipped,,,,
Electronics,58. Camera,MVI_9113,/Users/yamini/Desktop/projects/ISL PROJECT/include_videos/Electronics/58. Camera/MVI_9113.MOV,Electronics/58. Camera/MVI_9113.MOV,67,Electronics__58. Camera__MVI_9113.npy,skipped,,,,
Electronics,58. Camera,MVI_9114,/Users/yamini/Desktop/projects/ISL PROJECT/include_videos/Electronics/58. Camera/MVI_9114.MOV,Electronics/58. Camera/MVI_9114.MOV,64,Electronics__58. Camera__MVI_9114.npy,skipped,,,,
Electronics,58. Camera,MVI_9115,/Users/yamini/Desktop/projects/ISL PROJECT/include_videos/Electronics/58. Camera/MVI_9115.MOV,Electronics/58. Camera/MVI_9115.MOV,57,Electronics__58. Camera__MVI_9115.npy,skipped,,,,
Electronics,59. Television,MVI_4557,/Users/yamini/Desktop/projects/ISL PROJECT/include_videos/Electronics/59. Television/MVI_4557.MOV,Electronics/59. Television/MVI_4557.MOV,58,Electronics__59. Television__MVI_4557.npy,skipped,,,,
Electronics,59. Television,MVI_4558,/Users/yamini/Desktop/projects/ISL PROJECT/include_videos/Electronics/59. Television/MVI_4558.MOV,Electronics/59. Television/MVI_4558.MOV,58,Electronics__59. Television__MVI_4558.npy,skipped,,,,
Electronics,59. Television,MVI_4559,/Users/yamini/Desktop/projects/ISL PROJECT/include_videos/Electronics/59. Television/MVI_4559.MOV,Electronics/59. Television/MVI_4559.MOV,47,Electronics__59. Television__MVI_4559.npy,skipped,,,,
Electronics,59. Television,MVI_4560,/Users/yamini/Desktop/projects/ISL PROJECT/include_videos/Electronics/59. Television/MVI_4560.MOV,Electronics/59. Television/MVI_4560.MOV,67,Electronics__59. Television__MVI_4560.npy,skipped,,,,
Electronics,59. Television,MVI_4982,/Users/yamini/Desktop/projects/ISL PROJECT/include_videos/Electronics/59. Television/MVI_4982.MOV,Electronics/59. Television/MVI_4982.MOV,52,Electronics__59. Television__MVI_4982.npy,skipped,,,,
Electronics,59. Television,MVI_4985,/Users/yamini/Desktop/projects/ISL PROJECT/include_videos/Electronics/59. Television/MVI_4985.MOV,Electronics/59. Television/MVI_4985.MOV,57,Electronics__59. Television__MVI_4985.npy,skipped,,,,
Electronics,59. Television,MVI_4986,/Users/yamini/Desktop/projects/ISL PROJECT/include_videos/Electronics/59. Television/MVI_4986.MOV,Electronics/59. Television/MVI_4986.MOV,49,Electronics__59. Television__MVI_4986.npy,skipped,,,,
Electronics,59. Television,MVI_5412,/Users/yamini/Desktop/projects/ISL PROJECT/include_videos/Electronics/59. Television/MVI_5412.MOV,Electronics/59. Television/MVI_5412.MOV,44,Electronics__59. Television__MVI_5412.npy,skipped,,,,
Electronics,59. Television,MVI_5413,/Users/yamini/Desktop/projects/ISL PROJECT/include_videos/Electronics/59. Television/MVI_5413.MOV,Electronics/59. Television/MVI_5413.MOV,55,Electronics__59. Television__MVI_5413.npy,skipped,,,,
Electronics,59. Television,MVI_5414,/Users/yamini/Desktop/projects/ISL PROJECT/include_videos/Electronics/59. Television/MVI_5414.MOV,Electronics/59. Television/MVI_5414.MOV,54,Electronics__59. Television__MVI_5414.npy,skipped,,,,
Electronics,59. Television,MVI_5415,/Users/yamini/Desktop/projects/ISL PROJECT/include_videos/Electronics/59. Television/MVI_5415.MOV,Electronics/59. Television/MVI_5415.MOV,51,Electronics__59. Television__MVI_5415.npy,skipped,,,,
Electronics,59. Television,MVI_9116,/Users/yamini/Desktop/projects/ISL PROJECT/include_videos/Electronics/59. Television/MVI_9116.MOV,Electronics/59. Television/MVI_9116.MOV,58,Electronics__59. Television__MVI_9116.npy,skipped,,,,
Electronics,59. Television,MVI_9117,/Users/yamini/Desktop/projects/ISL PROJECT/include_videos/Electronics/59. Television/MVI_9117.MOV,Electronics/59. Television/MVI_9117.MOV,60,Electronics__59. Television__MVI_9117.npy,skipped,,,,
Electronics,59. Television,MVI_9118,/Users/yamini/Desktop/projects/ISL PROJECT/include_videos/Electronics/59. Television/MVI_9118.MOV,Electronics/59. Television/MVI_9118.MOV,59,Electronics__59. Television__MVI_9118.npy,skipped,,,,
Electronics,60. Radio,MVI_4561,/Users/yamini/Desktop/projects/ISL PROJECT/include_videos/Electronics/60. Radio/MVI_4561.MOV,Electronics/60. Radio/MVI_4561.MOV,64,Electronics__60. Radio__MVI_4561.npy,skipped,,,,
Electronics,60. Radio,MVI_4562,/Users/yamini/Desktop/projects/ISL PROJECT/include_videos/Electronics/60. Radio/MVI_4562.MOV,Electronics/60. Radio/MVI_4562.MOV,52,Electronics__60. Radio__MVI_4562.npy,skipped,,,,
Electronics,60. Radio,MVI_4563,/Users/yamini/Desktop/projects/ISL PROJECT/include_videos/Electronics/60. Radio/MVI_4563.MOV,Electronics/60. Radio/MVI_4563.MOV,55,Electronics__60. Radio__MVI_4563.npy,skipped,,,,
Electronics,60. Radio,MVI_4564,/Users/yamini/Desktop/projects/ISL PROJECT/include_videos/Electronics/60. Radio/MVI_4564.MOV,Electronics/60. Radio/MVI_4564.MOV,59,Electronics__60. Radio__MVI_4564.npy,skipped,,,,
Electronics,60. Radio,MVI_4987,/Users/yamini/Desktop/projects/ISL PROJECT/include_videos/Electronics/60. Radio/MVI_4987.MOV,Electronics/60. Radio/MVI_4987.MOV,47,Electronics__60. Radio__MVI_4987.npy,skipped,,,,
Electronics,60. Radio,MVI_4988,/Users/yamini/Desktop/projects/ISL PROJECT/include_videos/Electronics/60. Radio/MVI_4988.MOV,Electronics/60. Radio/MVI_4988.MOV,46,Electronics__60. Radio__MVI_4988.npy,skipped,,,,
Electronics,60. Radio,MVI_4989,/Users/yamini/Desktop/projects/ISL PROJECT/include_videos/Electronics/60. Radio/MVI_4989.MOV,Electronics/60. Radio/MVI_4989.MOV,46,Electronics__60. Radio__MVI_4989.npy,skipped,,,,
Electronics,60. Radio,MVI_5416,/Users/yamini/Desktop/projects/ISL PROJECT/include_videos/Electronics/60. Radio/MVI_5416.MOV,Electronics/60. Radio/MVI_5416.MOV,53,Electronics__60. Radio__MVI_5416.npy,skipped,,,,
Electronics,60. Radio,MVI_5417,/Users/yamini/Desktop/projects/ISL PROJECT/include_videos/Electronics/60. Radio/MVI_5417.MOV,Electronics/60. Radio/MVI_5417.MOV,56,Electronics__60. Radio__MVI_5417.npy,skipped,,,,
Electronics,60. Radio,MVI_5418,/Users/yamini/Desktop/projects/ISL PROJECT/include_videos/Electronics/60. Radio/MVI_5418.MOV,Electronics/60. Radio/MVI_5418.MOV,52,Electronics__60. Radio__MVI_5418.npy,skipped,,,,
Electronics,60. Radio,MVI_5419,/Users/yamini/Desktop/projects/ISL PROJECT/include_videos/Electronics/60. Radio/MVI_5419.MOV,Electronics/60. Radio/MVI_5419.MOV,52,Electronics__60. Radio__MVI_5419.npy,skipped,,,,
Electronics,60. Radio,MVI_9119,/Users/yamini/Desktop/projects/ISL PROJECT/include_videos/Electronics/60. Radio/MVI_9119.MOV,Electronics/60. Radio/MVI_9119.MOV,58,Electronics__60. Radio__MVI_9119.npy,skipped,,,,
Electronics,60. Radio,MVI_9120,/Users/yamini/Desktop/projects/ISL PROJECT/include_videos/Electronics/60. Radio/MVI_9120.MOV,Electronics/60. Radio/MVI_9120.MOV,55,Electronics__60. Radio__MVI_9120.npy,skipped,,,,
Electronics,60. Radio,MVI_9121,/Users/yamini/Desktop/projects/ISL PROJECT/include_videos/Electronics/60. Radio/MVI_9121.MOV,Electronics/60. Radio/MVI_9121.MOV,56,Electronics__60. Radio__MVI_9121.npy,skipped,,,,
Greetings,48. Hello,MVI_0029,/Users/yamini/Desktop/projects/ISL PROJECT/include_videos/Greetings/48. Hello/MVI_0029.MOV,Greetings/48. Hello/MVI_0029.MOV,63,Greetings__48. Hello__MVI_0029.npy,skipped,,,,
Greetings,48. Hello,MVI_0030,/Users/yamini/Desktop/projects/ISL PROJECT/include_videos/Greetings/48. Hello/MVI_0030.MOV,Greetings/48. Hello/MVI_0030.MOV,74,Greetings__48. Hello__MVI_0030.npy,skipped,,,,
Greetings,48. Hello,MVI_0031,/Users/yamini/Desktop/projects/ISL PROJECT/include_videos/Greetings/48. Hello/MVI_0031.MOV,Greetings/48. Hello/MVI_0031.MOV,65,Greetings__48. Hello__MVI_0031.npy,skipped,,,,
Greetings,48. Hello,MVI_0032,/Users/yamini/Desktop/projects/ISL PROJECT/include_videos/Greetings/48. Hello/MVI_0032.MOV,Greetings/48. Hello/MVI_0032.MOV,61,Greetings__48. Hello__MVI_0032.npy,skipped,,,,
Greetings,48. Hello,MVI_0037,/Users/yamini/Desktop/projects/ISL PROJECT/include_videos/Greetings/48. Hello/MVI_0037.MOV,Greetings/48. Hello/MVI_0037.MOV,49,Greetings__48. Hello__MVI_0037.npy,skipped,,,,
Greetings,48. Hello,MVI_0038,/Users/yamini/Desktop/projects/ISL PROJECT/include_videos/Greetings/48. Hello/MVI_0038.MOV,Greetings/48. Hello/MVI_0038.MOV,56,Greetings__48. Hello__MVI_0038.npy,skipped,,,,
Greetings,48. Hello,MVI_0039,/Users/yamini/Desktop/projects/ISL PROJECT/include_videos/Greetings/48. Hello/MVI_0039.MOV,Greetings/48. Hello/MVI_0039.MOV,52,Greetings__48. Hello__MVI_0039.npy,skipped,,,,
Greetings,48. Hello,MVI_0089,/Users/yamini/Desktop/projects/ISL PROJECT/include_videos/Greetings/48. Hello/MVI_0089.MOV,Greetings/48. Hello/MVI_0089.MOV,68,Greetings__48. Hello__MVI_0089.npy,skipped,,,,
Greetings,48. Hello,MVI_0090,/Users/yamini/Desktop/projects/ISL PROJECT/include_videos/Greetings/48. Hello/MVI_0090.MOV,Greetings/48. Hello/MVI_0090.MOV,69,Greetings__48. Hello__MVI_0090.npy,skipped,,,,
Greetings,48. Hello,MVI_0091,/Users/yamini/Desktop/projects/ISL PROJECT/include_videos/Greetings/48. Hello/MVI_0091.MOV,Greetings/48. Hello/MVI_0091.MOV,80,Greetings__48. Hello__MVI_0091.npy,skipped,,,,
Greetings,48. Hello,MVI_9914,/Users/yamini/Desktop/projects/ISL PROJECT/include_videos/Greetings/48. Hello/MVI_9914.MOV,Greetings/48. Hello/MVI_9914.MOV,53,Greetings__48. Hello__MVI_9914.npy,skipped,,,,
Greetings,48. Hello,MVI_9915,/Users/yamini/Desktop/projects/ISL PROJECT/include_videos/Greetings/48. Hello/MVI_9915.MOV,Greetings/48. Hello/MVI_9915.MOV,52,Greetings__48. Hello__MVI_9915.npy,skipped,,,,
Greetings,48. Hello,MVI_9916,/Users/yamini/Desktop/projects/ISL PROJECT/include_videos/Greetings/48. Hello/MVI_9916.MOV,Greetings/48. Hello/MVI_9916.MOV,50,Greetings__48. Hello__MVI_9916.npy,skipped,,,,
Greetings,48. Hello,MVI_9917,/Users/yamini/Desktop/projects/ISL PROJECT/include_videos/Greetings/48. Hello/MVI_9917.MOV,Greetings/48. Hello/MVI_9917.MOV,49,Greetings__48. Hello__MVI_9917.npy,skipped,,,,
Greetings,48. Hello,MVI_9954,/Users/yamini/Desktop/projects/ISL PROJECT/include_videos/Greetings/48. Hello/MVI_9954.MOV,Greetings/48. Hello/MVI_9954.MOV,69,Greetings__48. Hello__MVI_9954.npy,skipped,,,,
Greetings,48. Hello,MVI_9955,/Users/yamini/Desktop/projects/ISL PROJECT/include_videos/Greetings/48. Hello/MVI_9955.MOV,Greetings/48. Hello/MVI_9955.MOV,84,Greetings__48. Hello__MVI_9955.npy,skipped,,,,
Greetings,48. Hello,MVI_9956,/Users/yamini/Desktop/projects/ISL PROJECT/include_videos/Greetings/48. Hello/MVI_9956.MOV,Greetings/48. Hello/MVI_9956.MOV,76,Greetings__48. Hello__MVI_9956.npy,skipped,,,,
Greetings,48. Hello,MVI_9957,/Users/yamini/Desktop/projects/ISL PROJECT/include_videos/Greetings/48. Hello/MVI_9957.MOV,Greetings/48. Hello/MVI_9957.MOV,79,Greetings__48. Hello__MVI_9957.npy,skipped,,,,
Greetings,48. Hello,MVI_9982,/Users/yamini/Desktop/projects/ISL PROJECT/include_videos/Greetings/48. Hello/MVI_9982.MOV,Greetings/48. Hello/MVI_9982.MOV,51,Greetings__48. Hello__MVI_9982.npy,skipped,,,,
Greetings,48. Hello,MVI_9983,/Users/yamini/Desktop/projects/ISL PROJECT/include_videos/Greetings/48. Hello/MVI_9983.MOV,Greetings/48. Hello/MVI_9983.MOV,53,Greetings__48. Hello__MVI_9983.npy,skipped,,,,
Greetings,48. Hello,MVI_9984,/Users/yamini/Desktop/projects/ISL PROJECT/include_videos/Greetings/48. Hello/MVI_9984.MOV,Greetings/48. Hello/MVI_9984.MOV,47,Greetings__48. Hello__MVI_9984.npy,skipped,,,,
Greetings,49. How are you,MVI_0033,/Users/yamini/Desktop/projects/ISL PROJECT/include_videos/Greetings/49. How are you/MVI_0033.MOV,Greetings/49. How are you/MVI_0033.MOV,81,Greetings__49. How are you__MVI_0033.npy,skipped,,,,
Greetings,49. How are you,MVI_0034,/Users/yamini/Desktop/projects/ISL PROJECT/include_videos/Greetings/49. How are you/MVI_0034.MOV,Greetings/49. How are you/MVI_0034.MOV,92,Greetings__49. How are you__MVI_0034.npy,skipped,,,,
Greetings,49. How are you,MVI_0035,/Users/yamini/Desktop/projects/ISL PROJECT/include_videos/Greetings/49. How are you/MVI_0035.MOV,Greetings/49. How are you/MVI_0035.MOV,96,Greetings__49. How are you__MVI_0035.npy,skipped,,,,
Greetings,49. How are you,MVI_0036,/Users/yamini/Desktop/projects/ISL PROJECT/include_videos/Greetings/49. How are you/MVI_0036.MOV,Greetings/49. How are you/MVI_0036.MOV,95,Greetings__49. How are you__MVI_0036.npy,skipped,,,,
Greetings,49. How are you,MVI_0040,/Users/yamini/Desktop/projects/ISL PROJECT/include_videos/Greetings/49. How are you/MVI_0040.MOV,Greetings/49. How are you/MVI_0040.MOV,60,Greetings__49. How are you__MVI_0040.npy,skipped,,,,
Greetings,49. How are you,MVI_0041,/Users/yamini/Desktop/projects/ISL PROJECT/include_videos/Greetings/49. How are you/MVI_0041.MOV,Greetings/49. How are you/MVI_0041.MOV,71,Greetings__49. How are you__MVI_0041.npy,skipped,,,,
Greetings,49. How are you,MVI_0042,/Users/yamini/Desktop/projects/ISL PROJECT/include_videos/Greetings/49. How are you/MVI_0042.MOV,Greetings/49. How are you/MVI_0042.MOV,66,Greetings__49. How are you__MVI_0042.npy,skipped,,,,
Greetings,49. How are you,MVI_0092,/Users/yamini/Desktop/projects/ISL PROJECT/include_videos/Greetings/49. How are you/MVI_0092.MOV,Greetings/49. How are you/MVI_0092.MOV,83,Greetings__49. How are you__MVI_0092.npy,skipped,,,,
Greetings,49. How are you,MVI_0093,/Users/yamini/Desktop/projects/ISL PROJECT/include_videos/Greetings/49. How are you/MVI_0093.MOV,Greetings/49. How are you/MVI_0093.MOV,100,Greetings__49. How are you__MVI_0093.npy,skipped,,,,
Greetings,49. How are you,MVI_0094,/Users/yamini/Desktop/projects/ISL PROJECT/include_videos/Greetings/49. How are you/MVI_0094.MOV,Greetings/49. How are you/MVI_0094.MOV,95,Greetings__49. How are you__MVI_0094.npy,skipped,,,,
Greetings,49. How are you,MVI_9918,/Users/yamini/Desktop/projects/ISL PROJECT/include_videos/Greetings/49. How are you/MVI_9918.MOV,Greetings/49. How are you/MVI_9918.MOV,68,Greetings__49. How are you__MVI_9918.npy,skipped,,,,
Greetings,49. How are you,MVI_9919,/Users/yamini/Desktop/projects/ISL PROJECT/include_videos/Greetings/49. How are you/MVI_9919.MOV,Greetings/49. How are you/MVI_9919.MOV,71,Greetings__49. How are you__MVI_9919.npy,skipped,,,,
Greetings,49. How are you,MVI_9920,/Users/yamini/Desktop/projects/ISL PROJECT/include_videos/Greetings/49. How are you/MVI_9920.MOV,Greetings/49. How are you/MVI_9920.MOV,70,Greetings__49. How are you__MVI_9920.npy,skipped,,,,
Greetings,49. How are you,MVI_9921,/Users/yamini/Desktop/projects/ISL PROJECT/include_videos/Greetings/49. How are you/MVI_9921.MOV,Greetings/49. How are you/MVI_9921.MOV,65,Greetings__49. How are you__MVI_9921.npy,skipped,,,,
Greetings,49. How are you,MVI_9959,/Users/yamini/Desktop/projects/ISL PROJECT/include_videos/Greetings/49. How are you/MVI_9959.MOV,Greetings/49. How are you/MVI_9959.MOV,89,Greetings__49. How are you__MVI_9959.npy,skipped,,,,
Greetings,49. How are you,MVI_9960,/Users/yamini/Desktop/projects/ISL PROJECT/include_videos/Greetings/49. How are you/MVI_9960.MOV,Greetings/49. How are you/MVI_9960.MOV,86,Greetings__49. How are you__MVI_9960.npy,skipped,,,,
Greetings,49. How are you,MVI_9961,/Users/yamini/Desktop/projects/ISL PROJECT/include_videos/Greetings/49. How are you/MVI_9961.MOV,Greetings/49. How are you/MVI_9961.MOV,92,Greetings__49. How are you__MVI_9961.npy,skipped,,,,
Greetings,49. How are you,MVI_9962,/Users/yamini/Desktop/projects/ISL PROJECT/include_videos/Greetings/49. How are you/MVI_9962.MOV,Greetings/49. How are you/MVI_9962.MOV,94,Greetings__49. How are you__MVI_9962.npy,skipped,,,,
Greetings,49. How are you,MVI_9985,/Users/yamini/Desktop/projects/ISL PROJECT/include_videos/Greetings/49. How are you/MVI_9985.MOV,Greetings/49. How are you/MVI_9985.MOV,67,Greetings__49. How are you__MVI_9985.npy,skipped,,,,
Greetings,49. How are you,MVI_9986,/Users/yamini/Desktop/projects/ISL PROJECT/include_videos/Greetings/49. How are you/MVI_9986.MOV,Greetings/49. How are you/MVI_9986.MOV,67,Greetings__49. How are you__MVI_9986.npy,skipped,,,,
Greetings,49. How are you,MVI_9987,/Users/yamini/Desktop/projects/ISL PROJECT/include_videos/Greetings/49. How are you/MVI_9987.MOV,Greetings/49. How are you/MVI_9987.MOV,68,Greetings__49. How are you__MVI_9987.npy,skipped,,,,
Greetings,50. Alright,MVI_0037,/Users/yamini/Desktop/projects/ISL PROJECT/include_videos/Greetings/50. Alright/MVI_0037.MOV,Greetings/50. Alright/MVI_0037.MOV,73,Greetings__50. Alright__MVI_0037.npy,skipped,,,,
Greetings,50. Alright,MVI_0038,/Users/yamini/Desktop/projects/ISL PROJECT/include_videos/Greetings/50. Alright/MVI_0038.MOV,Greetings/50. Alright/MVI_0038.MOV,84,Greetings__50. Alright__MVI_0038.npy,skipped,,,,
Greetings,50. Alright,MVI_0039,/Users/yamini/Desktop/projects/ISL PROJECT/include_videos/Greetings/50. Alright/MVI_0039.MOV,Greetings/50. Alright/MVI_0039.MOV,79,Greetings__50. Alright__MVI_0039.npy,skipped,,,,
Greetings,50. Alright,MVI_0040,/Users/yamini/Desktop/projects/ISL PROJECT/include_videos/Greetings/50. Alright/MVI_0040.MOV,Greetings/50. Alright/MVI_0040.MOV,80,Greetings__50. Alright__MVI_0040.npy,skipped,,,,
Greetings,50. Alright,MVI_0043,/Users/yamini/Desktop/projects/ISL PROJECT/include_videos/Greetings/50. Alright/MVI_0043.MOV,Greetings/50. Alright/MVI_0043.MOV,56,Greetings__50. Alright__MVI_0043.npy,skipped,,,,
Greetings,50. Alright,MVI_0044,/Users/yamini/Desktop/projects/ISL PROJECT/include_videos/Greetings/50. Alright/MVI_0044.MOV,Greetings/50. Alright/MVI_0044.MOV,58,Greetings__50. Alright__MVI_0044.npy,skipped,,,,
Greetings,50. Alright,MVI_0045,/Users/yamini/Desktop/projects/ISL PROJECT/include_videos/Greetings/50. Alright/MVI_0045.MOV,Greetings/50. Alright/MVI_0045.MOV,63,Greetings__50. Alright__MVI_0045.npy,skipped,,,,
Greetings,50. Alright,MVI_0095,/Users/yamini/Desktop/projects/ISL PROJECT/include_videos/Greetings/50. Alright/MVI_0095.MOV,Greetings/50. Alright/MVI_0095.MOV,63,Greetings__50. Alright__MVI_0095.npy,skipped,,,,
Greetings,50. Alright,MVI_0096,/Users/yamini/Desktop/projects/ISL PROJECT/include_videos/Greetings/50. Alright/MVI_0096.MOV,Greetings/50. Alright/MVI_0096.MOV,82,Greetings__50. Alright__MVI_0096.npy,skipped,,,,
Greetings,50. Alright,MVI_0097,/Users/yamini/Desktop/projects/ISL PROJECT/include_videos/Greetings/50. Alright/MVI_0097.MOV,Greetings/50. Alright/MVI_0097.MOV,87,Greetings__50. Alright__MVI_0097.npy,skipped,,,,
Greetings,50. Alright,MVI_9923,/Users/yamini/Desktop/projects/ISL PROJECT/include_videos/Greetings/50. Alright/MVI_9923.MOV,Greetings/50. Alright/MVI_9923.MOV,54,Greetings__50. Alright__MVI_9923.npy,skipped,,,,
Greetings,50. Alright,MVI_9924,/Users/yamini/Desktop/projects/ISL PROJECT/include_videos/Greetings/50. Alright/MVI_9924.MOV,Greetings/50. Alright/MVI_9924.MOV,55,Greetings__50. Alright__MVI_9924.npy,skipped,,,,
Greetings,50. Alright,MVI_9925,/Users/yamini/Desktop/projects/ISL PROJECT/include_videos/Greetings/50. Alright/MVI_9925.MOV,Greetings/50. Alright/MVI_9925.MOV,53,Greetings__50. Alright__MVI_9925.npy,skipped,,,,
Greetings,50. Alright,MVI_9926,/Users/yamini/Desktop/projects/ISL PROJECT/include_videos/Greetings/50. Alright/MVI_9926.MOV,Greetings/50. Alright/MVI_9926.MOV,51,Greetings__50. Alright__MVI_9926.npy,skipped,,,,
Greetings,50. Alright,MVI_9963,/Users/yamini/Desktop/projects/ISL PROJECT/include_videos/Greetings/50. Alright/MVI_9963.MOV,Greetings/50. Alright/MVI_9963.MOV,76,Greetings__50. Alright__MVI_9963.npy,skipped,,,,
Greetings,50. Alright,MVI_9964,/Users/yamini/Desktop/projects/ISL PROJECT/include_videos/Greetings/50. Alright/MVI_9964.MOV,Greetings/50. Alright/MVI_9964.MOV,86,Greetings__50. Alright__MVI_9964.npy,skipped,,,,
Greetings,50. Alright,MVI_9965,/Users/yamini/Desktop/projects/ISL PROJECT/include_videos/Greetings/50. Alright/MVI_9965.MOV,Greetings/50. Alright/MVI_9965.MOV,78,Greetings__50. Alright__MVI_9965.npy,skipped,,,,
Greetings,50. Alright,MVI_9966,/Users/yamini/Desktop/projects/ISL PROJECT/include_videos/Greetings/50. Alright/MVI_9966.MOV,Greetings/50. Alright/MVI_9966.MOV,72,Greetings__50. Alright__MVI_9966.npy,skipped,,,,
Greetings,50. Alright,MVI_9988,/Users/yamini/Desktop/projects/ISL PROJECT/include_videos/Greetings/50. Alright/MVI_9988.MOV,Greetings/50. Alright/MVI_9988.MOV,53,Greetings__50. Alright__MVI_9988.npy,skipped,,,,
Greetings,50. Alright,MVI_9989,/Users/yamini/Desktop/projects/ISL PROJECT/include_videos/Greetings/50. Alright/MVI_9989.MOV,Greetings/50. Alright/MVI_9989.MOV,60,Greetings__50. Alright__MVI_9989.npy,skipped,,,,
Greetings,50. Alright,MVI_9990,/Users/yamini/Desktop/projects/ISL PROJECT/include_videos/Greetings/50. Alright/MVI_9990.MOV,Greetings/50. Alright/MVI_9990.MOV,54,Greetings__50. Alright__MVI_9990.npy,skipped,,,,
Greetings,51. Good Morning,MVI_0042,/Users/yamini/Desktop/projects/ISL PROJECT/include_videos/Greetings/51. Good Morning/MVI_0042.MOV,Greetings/51. Good Morning/MVI_0042.MOV,85,Greetings__51. Good Morning__MVI_0042.npy,skipped,,,,
Greetings,51. Good Morning,MVI_0043,/Users/yamini/Desktop/projects/ISL PROJECT/include_videos/Greetings/51. Good Morning/MVI_0043.MOV,Greetings/51. Good Morning/MVI_0043.MOV,83,Greetings__51. Good Morning__MVI_0043.npy,skipped,,,,
Greetings,51. Good Morning,MVI_0044,/Users/yamini/Desktop/projects/ISL PROJECT/include_videos/Greetings/51. Good Morning/MVI_0044.MOV,Greetings/51. Good Morning/MVI_0044.MOV,85,Greetings__51. Good Morning__MVI_0044.npy,skipped,,,,
Greetings,51. Good Morning,MVI_0045,/Users/yamini/Desktop/projects/ISL PROJECT/include_videos/Greetings/51. Good Morning/MVI_0045.MOV,Greetings/51. Good Morning/MVI_0045.MOV,90,Greetings__51. Good Morning__MVI_0045.npy,skipped,,,,
Greetings,51. Good Morning,MVI_0046,/Users/yamini/Desktop/projects/ISL PROJECT/include_videos/Greetings/51. Good Morning/MVI_0046.MOV,Greetings/51. Good Morning/MVI_0046.MOV,62,Greetings__51. Good Morning__MVI_0046.npy,skipped,,,,
Greetings,51. Good Morning,MVI_0047,/Users/yamini/Desktop/projects/ISL PROJECT/include_videos/Greetings/51. Good Morning/MVI_0047.MOV,Greetings/51. Good Morning/MVI_0047.MOV,59,Greetings__51. Good Morning__MVI_0047.npy,skipped,,,,
Greetings,51. Good Morning,MVI_0048,/Users/yamini/Desktop/projects/ISL PROJECT/include_videos/Greetings/51. Good Morning/MVI_0048.MOV,Greetings/51. Good Morning/MVI_0048.MOV,41,Greetings__51. Good Morning__MVI_0048.npy,skipped,,,,
Greetings,51. Good Morning,MVI_0098,/Users/yamini/Desktop/projects/ISL PROJECT/include_videos/Greetings/51. Good Morning/MVI_0098.MOV,Greetings/51. Good Morning/MVI_0098.MOV,66,Greetings__51. Good Morning__MVI_0098.npy,skipped,,,,
Greetings,51. Good Morning,MVI_0099,/Users/yamini/Desktop/projects/ISL PROJECT/include_videos/Greetings/51. Good Morning/MVI_0099.MOV,Greetings/51. Good Morning/MVI_0099.MOV,66,Greetings__51. Good Morning__MVI_0099.npy,skipped,,,,
Greetings,51. Good Morning,MVI_0100,/Users/yamini/Desktop/projects/ISL PROJECT/include_videos/Greetings/51. Good Morning/MVI_0100.MOV,Greetings/51. Good Morning/MVI_0100.MOV,63,Greetings__51. Good Morning__MVI_0100.npy,skipped,,,,
Greetings,51. Good Morning,MVI_9932,/Users/yamini/Desktop/projects/ISL PROJECT/include_videos/Greetings/51. Good Morning/MVI_9932.MOV,Greetings/51. Good Morning/MVI_9932.MOV,56,Greetings__51. Good Morning__MVI_9932.npy,skipped,,,,
Greetings,51. Good Morning,MVI_9933,/Users/yamini/Desktop/projects/ISL PROJECT/include_videos/Greetings/51. Good Morning/MVI_9933.MOV,Greetings/51. Good Morning/MVI_9933.MOV,53,Greetings__51. Good Morning__MVI_9933.npy,skipped,,,,
Greetings,51. Good Morning,MVI_9934,/Users/yamini/Desktop/projects/ISL PROJECT/include_videos/Greetings/51. Good Morning/MVI_9934.MOV,Greetings/51. Good Morning/MVI_9934.MOV,56,Greetings__51. Good Morning__MVI_9934.npy,skipped,,,,
Greetings,51. Good Morning,MVI_9935,/Users/yamini/Desktop/projects/ISL PROJECT/include_videos/Greetings/51. Good Morning/MVI_9935.MOV,Greetings/51. Good Morning/MVI_9935.MOV,48,Greetings__51. Good Morning__MVI_9935.npy,skipped,,,,
Greetings,51. Good Morning,MVI_9968,/Users/yamini/Desktop/projects/ISL PROJECT/include_videos/Greetings/51. Good Morning/MVI_9968.MOV,Greetings/51. Good Morning/MVI_9968.MOV,70,Greetings__51. Good Morning__MVI_9968.npy,skipped,,,,
Greetings,51. Good Morning,MVI_9969,/Users/yamini/Desktop/projects/ISL PROJECT/include_videos/Greetings/51. Good Morning/MVI_9969.MOV,Greetings/51. Good Morning/MVI_9969.MOV,80,Greetings__51. Good Morning__MVI_9969.npy,skipped,,,,
Greetings,51. Good Morning,MVI_9970,/Users/yamini/Desktop/projects/ISL PROJECT/include_videos/Greetings/51. Good Morning/MVI_9970.MOV,Greetings/51. Good Morning/MVI_9970.MOV,82,Greetings__51. Good Morning__MVI_9970.npy,skipped,,,,
Greetings,51. Good Morning,MVI_9971,/Users/yamini/Desktop/projects/ISL PROJECT/include_videos/Greetings/51. Good Morning/MVI_9971.MOV,Greetings/51. Good Morning/MVI_9971.MOV,75,Greetings__51. Good Morning__MVI_9971.npy,skipped,,,,
Greetings,51. Good Morning,MVI_9991,/Users/yamini/Desktop/projects/ISL PROJECT/include_videos/Greetings/51. Good Morning/MVI_9991.MOV,Greetings/51. Good Morning/MVI_9991.MOV,58,Greetings__51. Good Morning__MVI_9991.npy,skipped,,,,
Greetings,51. Good Morning,MVI_9992,/Users/yamini/Desktop/projects/ISL PROJECT/include_videos/Greetings/51. Good Morning/MVI_9992.MOV,Greetings/51. Good Morning/MVI_9992.MOV,58,Greetings__51. Good Morning__MVI_9992.npy,skipped,,,,
Greetings,51. Good Morning,MVI_9993,/Users/yamini/Desktop/projects/ISL PROJECT/include_videos/Greetings/51. Good Morning/MVI_9993.MOV,Greetings/51. Good Morning/MVI_9993.MOV,64,Greetings__51. Good Morning__MVI_9993.npy,skipped,,,,
Greetings,52. Good afternoon,MVI_0046,/Users/yamini/Desktop/projects/ISL PROJECT/include_videos/Greetings/52. Good afternoon/MVI_0046.MOV,Greetings/52. Good afternoon/MVI_0046.MOV,91,Greetings__52. Good afternoon__MVI_0046.npy,skipped,,,,
Greetings,52. Good afternoon,MVI_0047,/Users/yamini/Desktop/projects/ISL PROJECT/include_videos/Greetings/52. Good afternoon/MVI_0047.MOV,Greetings/52. Good afternoon/MVI_0047.MOV,87,Greetings__52. Good afternoon__MVI_0047.npy,skipped,,,,
Greetings,52. Good afternoon,MVI_0048,/Users/yamini/Desktop/projects/ISL PROJECT/include_videos/Greetings/52. Good afternoon/MVI_0048.MOV,Greetings/52. Good afternoon/MVI_0048.MOV,87,Greetings__52. Good afternoon__MVI_0048.npy,skipped,,,,
Greetings,52. Good afternoon,MVI_0049,/Users/yamini/Desktop/projects/ISL PROJECT/include_videos/Greetings/52. Good afternoon/MVI_0049.MOV,Greetings/52. Good afternoon/MVI_0049.MOV,55,Greetings__52. Good afternoon__MVI_0049.npy,skipped,,,,
Greetings,52. Good afternoon,MVI_0050,/Users/yamini/Desktop/projects/ISL PROJECT/include_videos/Greetings/52. Good afternoon/MVI_0050.MOV,Greetings/52. Good afternoon/MVI_0050.MOV,57,Greetings__52. Good afternoon__MVI_0050.npy,skipped,,,,
Greetings,52. Good afternoon,MVI_0050_ (1),/Users/yamini/Desktop/projects/ISL PROJECT/include_videos/Greetings/52. Good afternoon/MVI_0050_ (1).MOV,Greetings/52. Good afternoon/MVI_0050_ (1).MOV,87,Greetings__52. Good afternoon__MVI_0050_ (1).npy,skipped,,,,
Greetings,52. Good afternoon,MVI_0050_ (2),/Users/yamini/Desktop/projects/ISL PROJECT/include_videos/Greetings/52. Good afternoon/MVI_0050_ (2).MOV,Greetings/52. Good afternoon/MVI_0050_ (2).MOV,90,Greetings__52. Good afternoon__MVI_0050_ (2).npy,skipped,,,,
Greetings,52. Good afternoon,MVI_0051,/Users/yamini/Desktop/projects/ISL PROJECT/include_videos/Greetings/52. Good afternoon/MVI_0051.MOV,Greetings/52. Good afternoon/MVI_0051.MOV,56,Greetings__52. Good afternoon__MVI_0051.npy,skipped,,,,
Greetings,52. Good afternoon,MVI_0101,/Users/yamini/Desktop/projects/ISL PROJECT/include_videos/Greetings/52. Good afternoon/MVI_0101.MOV,Greetings/52. Good afternoon/MVI_0101.MOV,69,Greetings__52. Good afternoon__MVI_0101.npy,skipped,,,,
Greetings,52. Good afternoon,MVI_0102,/Users/yamini/Desktop/projects/ISL PROJECT/include_videos/Greetings/52. Good afternoon/MVI_0102.MOV,Greetings/52. Good afternoon/MVI_0102.MOV,74,Greetings__52. Good afternoon__MVI_0102.npy,skipped,,,,
Greetings,52. Good afternoon,MVI_0103,/Users/yamini/Desktop/projects/ISL PROJECT/include_videos/Greetings/52. Good afternoon/MVI_0103.MOV,Greetings/52. Good afternoon/MVI_0103.MOV,73,Greetings__52. Good afternoon__MVI_0103.npy,skipped,,,,
Greetings,52. Good afternoon,MVI_9936,/Users/yamini/Desktop/projects/ISL PROJECT/include_videos/Greetings/52. Good afternoon/MVI_9936.MOV,Greetings/52. Good afternoon/MVI_9936.MOV,67,Greetings__52. Good afternoon__MVI_9936.npy,skipped,,,,
Greetings,52. Good afternoon,MVI_9937,/Users/yamini/Desktop/projects/ISL PROJECT/include_videos/Greetings/52. Good afternoon/MVI_9937.MOV,Greetings/52. Good afternoon/MVI_9937.MOV,55,Greetings__52. Good afternoon__MVI_9937.npy,skipped,,,,
Greetings,52. Good afternoon,MVI_9938,/Users/yamini/Desktop/projects/ISL PROJECT/include_videos/Greetings/52. Good afternoon/MVI_9938.MOV,Greetings/52. Good afternoon/MVI_9938.MOV,51,Greetings__52. Good afternoon__MVI_9938.npy,skipped,,,,
Greetings,52. Good afternoon,MVI_9939,/Users/yamini/Desktop/projects/ISL PROJECT/include_videos/Greetings/52. Good afternoon/MVI_9939.MOV,Greetings/52. Good afternoon/MVI_9939.MOV,47,Greetings__52. Good afternoon__MVI_9939.npy,skipped,,,,
Greetings,52. Good afternoon,MVI_9972,/Users/yamini/Desktop/projects/ISL PROJECT/include_videos/Greetings/52. Good afternoon/MVI_9972.MOV,Greetings/52. Good afternoon/MVI_9972.MOV,63,Greetings__52. Good afternoon__MVI_9972.npy,skipped,,,,
Greetings,52. Good afternoon,MVI_9973,/Users/yamini/Desktop/projects/ISL PROJECT/include_videos/Greetings/52. Good afternoon/MVI_9973.MOV,Greetings/52. Good afternoon/MVI_9973.MOV,63,Greetings__52. Good afternoon__MVI_9973.npy,skipped,,,,
Greetings,52. Good afternoon,MVI_9974,/Users/yamini/Desktop/projects/ISL PROJECT/include_videos/Greetings/52. Good afternoon/MVI_9974.MOV,Greetings/52. Good afternoon/MVI_9974.MOV,75,Greetings__52. Good afternoon__MVI_9974.npy,skipped,,,,
Greetings,52. Good afternoon,MVI_9975,/Users/yamini/Desktop/projects/ISL PROJECT/include_videos/Greetings/52. Good afternoon/MVI_9975.MOV,Greetings/52. Good afternoon/MVI_9975.MOV,60,Greetings__52. Good afternoon__MVI_9975.npy,skipped,,,,
Greetings,52. Good afternoon,MVI_9994,/Users/yamini/Desktop/projects/ISL PROJECT/include_videos/Greetings/52. Good afternoon/MVI_9994.MOV,Greetings/52. Good afternoon/MVI_9994.MOV,55,Greetings__52. Good afternoon__MVI_9994.npy,skipped,,,,
Greetings,52. Good afternoon,MVI_9995,/Users/yamini/Desktop/projects/ISL PROJECT/include_videos/Greetings/52. Good afternoon/MVI_9995.MOV,Greetings/52. Good afternoon/MVI_9995.MOV,63,Greetings__52. Good afternoon__MVI_9995.npy,skipped,,,,
Greetings,52. Good afternoon,MVI_9996,/Users/yamini/Desktop/projects/ISL PROJECT/include_videos/Greetings/52. Good afternoon/MVI_9996.MOV,Greetings/52. Good afternoon/MVI_9996.MOV,60,Greetings__52. Good afternoon__MVI_9996.npy,skipped,,,,
Greetings,53. Good evening,MVI_0001,/Users/yamini/Desktop/projects/ISL PROJECT/include_videos/Greetings/53. Good evening/MVI_0001.MOV,Greetings/53. Good evening/MVI_0001.MOV,55,Greetings__53. Good evening__MVI_0001.npy,skipped,,,,
Greetings,53. Good evening,MVI_0052,/Users/yamini/Desktop/projects/ISL PROJECT/include_videos/Greetings/53. Good evening/MVI_0052.MOV,Greetings/53. Good evening/MVI_0052.MOV,53,Greetings__53. Good evening__MVI_0052.npy,skipped,,,,
Greetings,53. Good evening,MVI_0053,/Users/yamini/Desktop/projects/ISL PROJECT/include_videos/Greetings/53. Good evening/MVI_0053.MOV,Greetings/53. Good evening/MVI_0053.MOV,64,Greetings__53. Good evening__MVI_0053.npy,skipped,,,,
Greetings,53. Good evening,MVI_0054,/Users/yamini/Desktop/projects/ISL PROJECT/include_videos/Greetings/53. Good evening/MVI_0054.MOV,Greetings/53. Good evening/MVI_0054.MOV,63,Greetings__53. Good evening__MVI_0054.npy,skipped,,,,
Greetings,53. Good evening,MVI_0055,/Users/yamini/Desktop/projects/ISL PROJECT/include_videos/Greetings/53. Good evening/MVI_0055.MOV,Greetings/53. Good evening/MVI_0055.MOV,85,Greetings__53. Good evening__MVI_0055.npy,skipped,,,,
Greetings,53. Good evening,MVI_005_4 (1),/Users/yamini/Desktop/projects/ISL PROJECT/include_videos/Greetings/53. Good evening/MVI_005_4 (1).MOV,Greetings/53. Good evening/MVI_005_4 (1).MOV,84,Greetings__53. Good evening__MVI_005_4 (1).npy,skipped,,,,
Greetings,53. Good evening,MVI_005_4 (2),/Users/yamini/Desktop/projects/ISL PROJECT/include_videos/Greetings/53. Good evening/MVI_005_4 (2).MOV,Greetings/53. Good evening/MVI_005_4 (2).MOV,89,Greetings__53. Good evening__MVI_005_4 (2).npy,skipped,,,,
Greetings,53. Good evening,MVI_005_4 (3),/Users/yamini/Desktop/projects/ISL PROJECT/include_videos/Greetings/53. Good evening/MVI_005_4 (3).MOV,Greetings/53. Good evening/MVI_005_4 (3).MOV,95,Greetings__53. Good evening__MVI_005_4 (3).npy,skipped,,,,
Greetings,53. Good evening,MVI_0105,/Users/yamini/Desktop/projects/ISL PROJECT/include_videos/Greetings/53. Good evening/MVI_0105.MOV,Greetings/53. Good evening/MVI_0105.MOV,71,Greetings__53. Good evening__MVI_0105.npy,skipped,,,,
Greetings,53. Good evening,MVI_0106,/Users/yamini/Desktop/projects/ISL PROJECT/include_videos/Greetings/53. Good evening/MVI_0106.MOV,Greetings/53. Good evening/MVI_0106.MOV,75,Greetings__53. Good evening__MVI_0106.npy,skipped,,,,
Greetings,53. Good evening,MVI_0107,/Users/yamini/Desktop/projects/ISL PROJECT/include_videos/Greetings/53. Good evening/MVI_0107.MOV,Greetings/53. Good evening/MVI_0107.MOV,74,Greetings__53. Good evening__MVI_0107.npy,skipped,,,,
Greetings,53. Good evening,MVI_9940,/Users/yamini/Desktop/projects/ISL PROJECT/include_videos/Greetings/53. Good evening/MVI_9940.MOV,Greetings/53. Good evening/MVI_9940.MOV,57,Greetings__53. Good evening__MVI_9940.npy,skipped,,,,
Greetings,53. Good evening,MVI_9941,/Users/yamini/Desktop/projects/ISL PROJECT/include_videos/Greetings/53. Good evening/MVI_9941.MOV,Greetings/53. Good evening/MVI_9941.MOV,60,Greetings__53. Good evening__MVI_9941.npy,skipped,,,,
Greetings,53. Good evening,MVI_9942,/Users/yamini/Desktop/projects/ISL PROJECT/include_videos/Greetings/53. Good evening/MVI_9942.MOV,Greetings/53. Good evening/MVI_9942.MOV,58,Greetings__53. Good evening__MVI_9942.npy,skipped,,,,
Greetings,53. Good evening,MVI_9943,/Users/yamini/Desktop/projects/ISL PROJECT/include_videos/Greetings/53. Good evening/MVI_9943.MOV,Greetings/53. Good evening/MVI_9943.MOV,67,Greetings__53. Good evening__MVI_9943.npy,skipped,,,,
Greetings,53. Good evening,MVI_9976,/Users/yamini/Desktop/projects/ISL PROJECT/include_videos/Greetings/53. Good evening/MVI_9976.MOV,Greetings/53. Good evening/MVI_9976.MOV,79,Greetings__53. Good evening__MVI_9976.npy,skipped,,,,
Greetings,53. Good evening,MVI_9977,/Users/yamini/Desktop/projects/ISL PROJECT/include_videos/Greetings/53. Good evening/MVI_9977.MOV,Greetings/53. Good evening/MVI_9977.MOV,82,Greetings__53. Good evening__MVI_9977.npy,skipped,,,,
Greetings,53. Good evening,MVI_9978,/Users/yamini/Desktop/projects/ISL PROJECT/include_videos/Greetings/53. Good evening/MVI_9978.MOV,Greetings/53. Good evening/MVI_9978.MOV,79,Greetings__53. Good evening__MVI_9978.npy,skipped,,,,
Greetings,53. Good evening,MVI_9979,/Users/yamini/Desktop/projects/ISL PROJECT/include_videos/Greetings/53. Good evening/MVI_9979.MOV,Greetings/53. Good evening/MVI_9979.MOV,74,Greetings__53. Good evening__MVI_9979.npy,skipped,,,,
Greetings,53. Good evening,MVI_9998,/Users/yamini/Desktop/projects/ISL PROJECT/include_videos/Greetings/53. Good evening/MVI_9998.MOV,Greetings/53. Good evening/MVI_9998.MOV,54,Greetings__53. Good evening__MVI_9998.npy,skipped,,,,
Greetings,53. Good evening,MVI_9999,/Users/yamini/Desktop/projects/ISL PROJECT/include_videos/Greetings/53. Good evening/MVI_9999.MOV,Greetings/53. Good evening/MVI_9999.MOV,56,Greetings__53. Good evening__MVI_9999.npy,skipped,,,,
Greetings,54. Good night,MVI_0002,/Users/yamini/Desktop/projects/ISL PROJECT/include_videos/Greetings/54. Good night/MVI_0002.MOV,Greetings/54. Good night/MVI_0002.MOV,56,Greetings__54. Good night__MVI_0002.npy,skipped,,,,
Greetings,54. Good night,MVI_0003,/Users/yamini/Desktop/projects/ISL PROJECT/include_videos/Greetings/54. Good night/MVI_0003.MOV,Greetings/54. Good night/MVI_0003.MOV,60,Greetings__54. Good night__MVI_0003.npy,skipped,,,,
Greetings,54. Good night,MVI_0004,/Users/yamini/Desktop/projects/ISL PROJECT/include_videos/Greetings/54. Good night/MVI_0004.MOV,Greetings/54. Good night/MVI_0004.MOV,60,Greetings__54. Good night__MVI_0004.npy,skipped,,,,
Greetings,54. Good night,MVI_0055,/Users/yamini/Desktop/projects/ISL PROJECT/include_videos/Greetings/54. Good night/MVI_0055.MOV,Greetings/54. Good night/MVI_0055.MOV,56,Greetings__54. Good night__MVI_0055.npy,skipped,,,,
Greetings,54. Good night,MVI_0056,/Users/yamini/Desktop/projects/ISL PROJECT/include_videos/Greetings/54. Good night/MVI_0056.MOV,Greetings/54. Good night/MVI_0056.MOV,62,Greetings__54. Good night__MVI_0056.npy,skipped,,,,
Greetings,54. Good night,MVI_0057,/Users/yamini/Desktop/projects/ISL PROJECT/include_videos/Greetings/54. Good night/MVI_0057.MOV,Greetings/54. Good night/MVI_0057.MOV,60,Greetings__54. Good night__MVI_0057.npy,skipped,,,,
Greetings,54. Good night,MVI_0057_,/Users/yamini/Desktop/projects/ISL PROJECT/include_videos/Greetings/54. Good night/MVI_0057_.MOV,Greetings/54. Good night/MVI_0057_.MOV,91,Greetings__54. Good night__MVI_0057_.npy,skipped,,,,
Greetings,54. Good night,MVI_0058,/Users/yamini/Desktop/projects/ISL PROJECT/include_videos/Greetings/54. Good night/MVI_0058.MOV,Greetings/54. Good night/MVI_0058.MOV,91,Greetings__54. Good night__MVI_0058.npy,skipped,,,,
Greetings,54. Good night,MVI_0059,/Users/yamini/Desktop/projects/ISL PROJECT/include_videos/Greetings/54. Good night/MVI_0059.MOV,Greetings/54. Good night/MVI_0059.MOV,93,Greetings__54. Good night__MVI_0059.npy,skipped,,,,
Greetings,54. Good night,MVI_005_6,/Users/yamini/Desktop/projects/ISL PROJECT/include_videos/Greetings/54. Good night/MVI_005_6.MOV,Greetings/54. Good night/MVI_005_6.MOV,82,Greetings__54. Good night__MVI_005_6.npy,skipped,,,,
Greetings,54. Good night,MVI_0108,/Users/yamini/Desktop/projects/ISL PROJECT/include_videos/Greetings/54. Good night/MVI_0108.MOV,Greetings/54. Good night/MVI_0108.MOV,72,Greetings__54. Good night__MVI_0108.npy,skipped,,,,
Greetings,54. Good night,MVI_0109,/Users/yamini/Desktop/projects/ISL PROJECT/include_videos/Greetings/54. Good night/MVI_0109.MOV,Greetings/54. Good night/MVI_0109.MOV,80,Greetings__54. Good night__MVI_0109.npy,skipped,,,,
Greetings,54. Good night,MVI_0110,/Users/yamini/Desktop/projects/ISL PROJECT/include_videos/Greetings/54. Good night/MVI_0110.MOV,Greetings/54. Good night/MVI_0110.MOV,77,Greetings__54. Good night__MVI_0110.npy,skipped,,,,
Greetings,54. Good night,MVI_9944,/Users/yamini/Desktop/projects/ISL PROJECT/include_videos/Greetings/54. Good night/MVI_9944.MOV,Greetings/54. Good night/MVI_9944.MOV,55,Greetings__54. Good night__MVI_9944.npy,skipped,,,,
Greetings,54. Good night,MVI_9945,/Users/yamini/Desktop/projects/ISL PROJECT/include_videos/Greetings/54. Good night/MVI_9945.MOV,Greetings/54. Good night/MVI_9945.MOV,58,Greetings__54. Good night__MVI_9945.npy,skipped,,,,
Greetings,54. Good night,MVI_9946,/Users/yamini/Desktop/projects/ISL PROJECT/include_videos/Greetings/54. Good night/MVI_9946.MOV,Greetings/54. Good night/MVI_9946.MOV,56,Greetings__54. Good night__MVI_9946.npy,skipped,,,,
Greetings,54. Good night,MVI_9947,/Users/yamini/Desktop/projects/ISL PROJECT/include_videos/Greetings/54. Good night/MVI_9947.MOV,Greetings/54. Good night/MVI_9947.MOV,59,Greetings__54. Good night__MVI_9947.npy,skipped,,,,
Greetings,54. Good night,MVI_9980,/Users/yamini/Desktop/projects/ISL PROJECT/include_videos/Greetings/54. Good night/MVI_9980.MOV,Greetings/54. Good night/MVI_9980.MOV,84,Greetings__54. Good night__MVI_9980.npy,skipped,,,,
Greetings,54. Good night,MVI_9981,/Users/yamini/Desktop/projects/ISL PROJECT/include_videos/Greetings/54. Good night/MVI_9981.MOV,Greetings/54. Good night/MVI_9981.MOV,67,Greetings__54. Good night__MVI_9981.npy,skipped,,,,
Greetings,54. Good night,MVI_9982,/Users/yamini/Desktop/projects/ISL PROJECT/include_videos/Greetings/54. Good night/MVI_9982.MOV,Greetings/54. Good night/MVI_9982.MOV,84,Greetings__54. Good night__MVI_9982.npy,skipped,,,,
Greetings,54. Good night,MVI_9983,/Users/yamini/Desktop/projects/ISL PROJECT/include_videos/Greetings/54. Good night/MVI_9983.MOV,Greetings/54. Good night/MVI_9983.MOV,67,Greetings__54. Good night__MVI_9983.npy,skipped,,,,
Greetings,55. Thank you,MVI_0006,/Users/yamini/Desktop/projects/ISL PROJECT/include_videos/Greetings/55. Thank you/MVI_0006.MOV,Greetings/55. Thank you/MVI_0006.MOV,53,Greetings__55. Thank you__MVI_0006.npy,skipped,,,,
Greetings,55. Thank you,MVI_0007,/Users/yamini/Desktop/projects/ISL PROJECT/include_videos/Greetings/55. Thank you/MVI_0007.MOV,Greetings/55. Thank you/MVI_0007.MOV,56,Greetings__55. Thank you__MVI_0007.npy,skipped,,,,
Greetings,55. Thank you,MVI_0008,/Users/yamini/Desktop/projects/ISL PROJECT/include_videos/Greetings/55. Thank you/MVI_0008.MOV,Greetings/55. Thank you/MVI_0008.MOV,57,Greetings__55. Thank you__MVI_0008.npy,skipped,,,,
Greetings,55. Thank you,MVI_0058,/Users/yamini/Desktop/projects/ISL PROJECT/include_videos/Greetings/55. Thank you/MVI_0058.MOV,Greetings/55. Thank you/MVI_0058.MOV,60,Greetings__55. Thank you__MVI_0058.npy,skipped,,,,
Greetings,55. Thank you,MVI_0059,/Users/yamini/Desktop/projects/ISL PROJECT/include_videos/Greetings/55. Thank you/MVI_0059.MOV,Greetings/55. Thank you/MVI_0059.MOV,56,Greetings__55. Thank you__MVI_0059.npy,skipped,,,,
Greetings,55. Thank you,MVI_0060,/Users/yamini/Desktop/projects/ISL PROJECT/include_videos/Greetings/55. Thank you/MVI_0060.MOV,Greetings/55. Thank you/MVI_0060.MOV,56,Greetings__55. Thank you__MVI_0060.npy,skipped,,,,
Greetings,55. Thank you,MVI_0060_,/Users/yamini/Desktop/projects/ISL PROJECT/include_videos/Greetings/55. Thank you/MVI_0060_.MOV,Greetings/55. Thank you/MVI_0060_.MOV,81,Greetings__55. Thank you__MVI_0060_.npy,skipped,,,,
Greetings,55. Thank you,MVI_0061,/Users/yamini/Desktop/projects/ISL PROJECT/include_videos/Greetings/55. Thank you/MVI_0061.MOV,Greetings/55. Thank you/MVI_0061.MOV,82,Greetings__55. Thank you__MVI_0061.npy,skipped,,,,
Greetings,55. Thank you,MVI_0062,/Users/yamini/Desktop/projects/ISL PROJECT/include_videos/Greetings/55. Thank you/MVI_0062.MOV,Greetings/55. Thank you/MVI_0062.MOV,79,Greetings__55. Thank you__MVI_0062.npy,skipped,,,,
Greetings,55. Thank you,MVI_0063,/Users/yamini/Desktop/projects/ISL PROJECT/include_videos/Greetings/55. Thank you/MVI_0063.MOV,Greetings/55. Thank you/MVI_0063.MOV,86,Greetings__55. Thank you__MVI_0063.npy,skipped,,,,
Greetings,55. Thank you,MVI_0111,/Users/yamini/Desktop/projects/ISL PROJECT/include_videos/Greetings/55. Thank you/MVI_0111.MOV,Greetings/55. Thank you/MVI_0111.MOV,62,Greetings__55. Thank you__MVI_0111.npy,skipped,,,,
Greetings,55. Thank you,MVI_0112,/Users/yamini/Desktop/projects/ISL PROJECT/include_videos/Greetings/55. Thank you/MVI_0112.MOV,Greetings/55. Thank you/MVI_0112.MOV,75,Greetings__55. Thank you__MVI_0112.npy,skipped,,,,
Greetings,55. Thank you,MVI_0113,/Users/yamini/Desktop/projects/ISL PROJECT/include_videos/Greetings/55. Thank you/MVI_0113.MOV,Greetings/55. Thank you/MVI_0113.MOV,79,Greetings__55. Thank you__MVI_0113.npy,skipped,,,,
Greetings,55. Thank you,MVI_9948,/Users/yamini/Desktop/projects/ISL PROJECT/include_videos/Greetings/55. Thank you/MVI_9948.MOV,Greetings/55. Thank you/MVI_9948.MOV,53,Greetings__55. Thank you__MVI_9948.npy,skipped,,,,
Greetings,55. Thank you,MVI_9949,/Users/yamini/Desktop/projects/ISL PROJECT/include_videos/Greetings/55. Thank you/MVI_9949.MOV,Greetings/55. Thank you/MVI_9949.MOV,57,Greetings__55. Thank you__MVI_9949.npy,skipped,,,,
Greetings,55. Thank you,MVI_9950,/Users/yamini/Desktop/projects/ISL PROJECT/include_videos/Greetings/55. Thank you/MVI_9950.MOV,Greetings/55. Thank you/MVI_9950.MOV,52,Greetings__55. Thank you__MVI_9950.npy,skipped,,,,
Greetings,55. Thank you,MVI_9951,/Users/yamini/Desktop/projects/ISL PROJECT/include_videos/Greetings/55. Thank you/MVI_9951.MOV,Greetings/55. Thank you/MVI_9951.MOV,54,Greetings__55. Thank you__MVI_9951.npy,skipped,,,,
Greetings,55. Thank you,MVI_9984,/Users/yamini/Desktop/projects/ISL PROJECT/include_videos/Greetings/55. Thank you/MVI_9984.MOV,Greetings/55. Thank you/MVI_9984.MOV,61,Greetings__55. Thank you__MVI_9984.npy,skipped,,,,
Greetings,55. Thank you,MVI_9985,/Users/yamini/Desktop/projects/ISL PROJECT/include_videos/Greetings/55. Thank you/MVI_9985.MOV,Greetings/55. Thank you/MVI_9985.MOV,67,Greetings__55. Thank you__MVI_9985.npy,skipped,,,,
Greetings,55. Thank you,MVI_9986,/Users/yamini/Desktop/projects/ISL PROJECT/include_videos/Greetings/55. Thank you/MVI_9986.MOV,Greetings/55. Thank you/MVI_9986.MOV,56,Greetings__55. Thank you__MVI_9986.npy,skipped,,,,
Greetings,55. Thank you,MVI_9987,/Users/yamini/Desktop/projects/ISL PROJECT/include_videos/Greetings/55. Thank you/MVI_9987.MOV,Greetings/55. Thank you/MVI_9987.MOV,63,Greetings__55. Thank you__MVI_9987.npy,skipped,,,,
Greetings,56. Pleased,MVI_0009,/Users/yamini/Desktop/projects/ISL PROJECT/include_videos/Greetings/56. Pleased/MVI_0009.MOV,Greetings/56. Pleased/MVI_0009.MOV,56,Greetings__56. Pleased__MVI_0009.npy,skipped,,,,
Greetings,56. Pleased,MVI_0010,/Users/yamini/Desktop/projects/ISL PROJECT/include_videos/Greetings/56. Pleased/MVI_0010.MOV,Greetings/56. Pleased/MVI_0010.MOV,54,Greetings__56. Pleased__MVI_0010.npy,skipped,,,,
Greetings,56. Pleased,MVI_0011,/Users/yamini/Desktop/projects/ISL PROJECT/include_videos/Greetings/56. Pleased/MVI_0011.MOV,Greetings/56. Pleased/MVI_0011.MOV,53,Greetings__56. Pleased__MVI_0011.npy,skipped,,,,
Greetings,56. Pleased,MVI_0061,/Users/yamini/Desktop/projects/ISL PROJECT/include_videos/Greetings/56. Pleased/MVI_0061.MOV,Greetings/56. Pleased/MVI_0061.MOV,55,Greetings__56. Pleased__MVI_0061.npy,skipped,,,,
Greetings,56. Pleased,MVI_0062,/Users/yamini/Desktop/projects/ISL PROJECT/include_videos/Greetings/56. Pleased/MVI_0062.MOV,Greetings/56. Pleased/MVI_0062.MOV,51,Greetings__56. Pleased__MVI_0062.npy,skipped,,,,
Greetings,56. Pleased,MVI_0063,/Users/yamini/Desktop/projects/ISL PROJECT/include_videos/Greetings/56. Pleased/MVI_0063.MOV,Greetings/56. Pleased/MVI_0063.MOV,56,Greetings__56. Pleased__MVI_0063.npy,skipped,,,,
Greetings,56. Pleased,MVI_0065,/Users/yamini/Desktop/projects/ISL PROJECT/include_videos/Greetings/56. Pleased/MVI_0065.MOV,Greetings/56. Pleased/MVI_0065.MOV,81,Greetings__56. Pleased__MVI_0065.npy,skipped,,,,
Greetings,56. Pleased,MVI_0066,/Users/yamini/Desktop/projects/ISL PROJECT/include_videos/Greetings/56. Pleased/MVI_0066.MOV,Greetings/56. Pleased/MVI_0066.MOV,79,Greetings__56. Pleased__MVI_0066.npy,skipped,,,,
Greetings,56. Pleased,MVI_0067,/Users/yamini/Desktop/projects/ISL PROJECT/include_videos/Greetings/56. Pleased/MVI_0067.MOV,Greetings/56. Pleased/MVI_0067.MOV,76,Greetings__56. Pleased__MVI_0067.npy,skipped,,,,
Greetings,56. Pleased,MVI_0068,/Users/yamini/Desktop/projects/ISL PROJECT/include_videos/Greetings/56. Pleased/MVI_0068.MOV,Greetings/56. Pleased/MVI_0068.MOV,87,Greetings__56. Pleased__MVI_0068.npy,skipped,,,,
Greetings,56. Pleased,MVI_0114,/Users/yamini/Desktop/projects/ISL PROJECT/include_videos/Greetings/56. Pleased/MVI_0114.MOV,Greetings/56. Pleased/MVI_0114.MOV,62,Greetings__56. Pleased__MVI_0114.npy,skipped,,,,
Greetings,56. Pleased,MVI_0115,/Users/yamini/Desktop/projects/ISL PROJECT/include_videos/Greetings/56. Pleased/MVI_0115.MOV,Greetings/56. Pleased/MVI_0115.MOV,73,Greetings__56. Pleased__MVI_0115.npy,skipped,,,,
Greetings,56. Pleased,MVI_0116,/Users/yamini/Desktop/projects/ISL PROJECT/include_videos/Greetings/56. Pleased/MVI_0116.MOV,Greetings/56. Pleased/MVI_0116.MOV,65,Greetings__56. Pleased__MVI_0116.npy,skipped,,,,
Greetings,56. Pleased,MVI_9952,/Users/yamini/Desktop/projects/ISL PROJECT/include_videos/Greetings/56. Pleased/MVI_9952.MOV,Greetings/56. Pleased/MVI_9952.MOV,52,Greetings__56. Pleased__MVI_9952.npy,skipped,,,,
Greetings,56. Pleased,MVI_9953,/Users/yamini/Desktop/projects/ISL PROJECT/include_videos/Greetings/56. Pleased/MVI_9953.MOV,Greetings/56. Pleased/MVI_9953.MOV,48,Greetings__56. Pleased__MVI_9953.npy,skipped,,,,
Greetings,56. Pleased,MVI_9954,/Users/yamini/Desktop/projects/ISL PROJECT/include_videos/Greetings/56. Pleased/MVI_9954.MOV,Greetings/56. Pleased/MVI_9954.MOV,46,Greetings__56. Pleased__MVI_9954.npy,skipped,,,,
Greetings,56. Pleased,MVI_9955,/Users/yamini/Desktop/projects/ISL PROJECT/include_videos/Greetings/56. Pleased/MVI_9955.MOV,Greetings/56. Pleased/MVI_9955.MOV,44,Greetings__56. Pleased__MVI_9955.npy,skipped,,,,
Greetings,56. Pleased,MVI_9988,/Users/yamini/Desktop/projects/ISL PROJECT/include_videos/Greetings/56. Pleased/MVI_9988.MOV,Greetings/56. Pleased/MVI_9988.MOV,64,Greetings__56. Pleased__MVI_9988.npy,skipped,,,,
Greetings,56. Pleased,MVI_9989,/Users/yamini/Desktop/projects/ISL PROJECT/include_videos/Greetings/56. Pleased/MVI_9989.MOV,Greetings/56. Pleased/MVI_9989.MOV,78,Greetings__56. Pleased__MVI_9989.npy,skipped,,,,
Greetings,56. Pleased,MVI_9990,/Users/yamini/Desktop/projects/ISL PROJECT/include_videos/Greetings/56. Pleased/MVI_9990.MOV,Greetings/56. Pleased/MVI_9990.MOV,70,Greetings__56. Pleased__MVI_9990.npy,skipped,,,,
Greetings,56. Pleased,MVI_9991,/Users/yamini/Desktop/projects/ISL PROJECT/include_videos/Greetings/56. Pleased/MVI_9991.MOV,Greetings/56. Pleased/MVI_9991.MOV,67,Greetings__56. Pleased__MVI_9991.npy,skipped,,,,
Home,24. Table,MVI_4344,/Users/yamini/Desktop/projects/ISL PROJECT/include_videos/Home/24. Table/MVI_4344.MOV,Home/24. Table/MVI_4344.MOV,55,Home__24. Table__MVI_4344.npy,skipped,,,,
Home,24. Table,MVI_4345,/Users/yamini/Desktop/projects/ISL PROJECT/include_videos/Home/24. Table/MVI_4345.MOV,Home/24. Table/MVI_4345.MOV,50,Home__24. Table__MVI_4345.npy,skipped,,,,
Home,24. Table,MVI_4346,/Users/yamini/Desktop/projects/ISL PROJECT/include_videos/Home/24. Table/MVI_4346.MOV,Home/24. Table/MVI_4346.MOV,49,Home__24. Table__MVI_4346.npy,skipped,,,,
Home,24. Table,MVI_4347,/Users/yamini/Desktop/projects/ISL PROJECT/include_videos/Home/24. Table/MVI_4347.MOV,Home/24. Table/MVI_4347.MOV,47,Home__24. Table__MVI_4347.npy,skipped,,,,
Home,24. Table,MVI_4869,/Users/yamini/Desktop/projects/ISL PROJECT/include_videos/Home/24. Table/MVI_4869.MOV,Home/24. Table/MVI_4869.MOV,47,Home__24. Table__MVI_4869.npy,skipped,,,,
Home,24. Table,MVI_4870,/Users/yamini/Desktop/projects/ISL PROJECT/include_videos/Home/24. Table/MVI_4870.MOV,Home/24. Table/MVI_4870.MOV,55,Home__24. Table__MVI_4870.npy,skipped,,,,
Home,24. Table,MVI_4871,/Users/yamini/Desktop/projects/ISL PROJECT/include_videos/Home/24. Table/MVI_4871.MOV,Home/24. Table/MVI_4871.MOV,50,Home__24. Table__MVI_4871.npy,skipped,,,,
Home,24. Table,MVI_8750,/Users/yamini/Desktop/projects/ISL PROJECT/include_videos/Home/24. Table/MVI_8750.MOV,Home/24. Table/MVI_8750.MOV,69,Home__24. Table__MVI_8750.npy,skipped,,,,
Home,24. Table,MVI_8751,/Users/yamini/Desktop/projects/ISL PROJECT/include_videos/Home/24. Table/MVI_8751.MOV,Home/24. Table/MVI_8751.MOV,64,Home__24. Table__MVI_8751.npy,skipped,,,,
Home,24. Table,MVI_8752,/Users/yamini/Desktop/projects/ISL PROJECT/include_videos/Home/24. Table/MVI_8752.MOV,Home/24. Table/MVI_8752.MOV,64,Home__24. Table__MVI_8752.npy,skipped,,,,
Home,24. Table,MVI_8753,/Users/yamini/Desktop/projects/ISL PROJECT/include_videos/Home/24. Table/MVI_8753.MOV,Home/24. Table/MVI_8753.MOV,51,Home__24. Table__MVI_8753.npy,skipped,,,,
Home,24. Table,MVI_9001,/Users/yamini/Desktop/projects/ISL PROJECT/include_videos/Home/24. Table/MVI_9001.MOV,Home/24. Table/MVI_9001.MOV,63,Home__24. Table__MVI_9001.npy,skipped,,,,
Home,24. Table,MVI_9002,/Users/yamini/Desktop/projects/ISL PROJECT/include_videos/Home/24. Table/MVI_9002.MOV,Home/24. Table/MVI_9002.MOV,64,Home__24. Table__MVI_9002.npy,skipped,,,,
Home,24. Table,MVI_9003,/Users/yamini/Desktop/projects/ISL PROJECT/include_videos/Home/24. Table/MVI_9003.MOV,Home/24. Table/MVI_9003.MOV,64,Home__24. Table__MVI_9003.npy,skipped,,,,
Home,25. Chair,MVI_4348,/Users/yamini/Desktop/projects/ISL PROJECT/include_videos/Home/25. Chair/MVI_4348.MOV,Home/25. Chair/MVI_4348.MOV,52,Home__25. Chair__MVI_4348.npy,skipped,,,,
Home,25. Chair,MVI_4349,/Users/yamini/Desktop/projects/ISL PROJECT/include_videos/Home/25. Chair/MVI_4349.MOV,Home/25. Chair/MVI_4349.MOV,42,Home__25. Chair__MVI_4349.npy,skipped,,,,
Home,25. Chair,MVI_4350,/Users/yamini/Desktop/projects/ISL PROJECT/include_videos/Home/25. Chair/MVI_4350.MOV,Home/25. Chair/MVI_4350.MOV,49,Home__25. Chair__MVI_4350.npy,skipped,,,,
Home,25. Chair,MVI_4351,/Users/yamini/Desktop/projects/ISL PROJECT/include_videos/Home/25. Chair/MVI_4351.MOV,Home/25. Chair/MVI_4351.MOV,44,Home__25. Chair__MVI_4351.npy,skipped,,,,
Home,25. Chair,MVI_4872,/Users/yamini/Desktop/projects/ISL PROJECT/include_videos/Home/25. Chair/MVI_4872.MOV,Home/25. Chair/MVI_4872.MOV,52,Home__25. Chair__MVI_4872.npy,skipped,,,,
Home,25. Chair,MVI_4873,/Users/yamini/Desktop/projects/ISL PROJECT/include_videos/Home/25. Chair/MVI_4873.MOV,Home/25. Chair/MVI_4873.MOV,55,Home__25. Chair__MVI_4873.npy,skipped,,,,
Home,25. Chair,MVI_4874,/Users/yamini/Desktop/projects/ISL PROJECT/include_videos/Home/25. Chair/MVI_4874.MOV,Home/25. Chair/MVI_4874.MOV,51,Home__25. Chair__MVI_4874.npy,skipped,,,,
Home,25. Chair,MVI_8754,/Users/yamini/Desktop/projects/ISL PROJECT/include_videos/Home/25. Chair/MVI_8754.MOV,Home/25. Chair/MVI_8754.MOV,59,Home__25. Chair__MVI_8754.npy,skipped,,,,
Home,25. Chair,MVI_8755,/Users/yamini/Desktop/projects/ISL PROJECT/include_videos/Home/25. Chair/MVI_8755.MOV,Home/25. Chair/MVI_8755.MOV,66,Home__25. Chair__MVI_8755.npy,skipped,,,,
Home,25. Chair,MVI_8756,/Users/yamini/Desktop/projects/ISL PROJECT/include_videos/Home/25. Chair/MVI_8756.MOV,Home/25. Chair/MVI_8756.MOV,50,Home__25. Chair__MVI_8756.npy,skipped,,,,
Home,25. Chair,MVI_8757,/Users/yamini/Desktop/projects/ISL PROJECT/include_videos/Home/25. Chair/MVI_8757.MOV,Home/25. Chair/MVI_8757.MOV,60,Home__25. Chair__MVI_8757.npy,skipped,,,,
Home,25. Chair,MVI_9004,/Users/yamini/Desktop/projects/ISL PROJECT/include_videos/Home/25. Chair/MVI_9004.MOV,Home/25. Chair/MVI_9004.MOV,54,Home__25. Chair__MVI_9004.npy,skipped,,,,
Home,25. Chair,MVI_9005,/Users/yamini/Desktop/projects/ISL PROJECT/include_videos/Home/25. Chair/MVI_9005.MOV,Home/25. Chair/MVI_9005.MOV,47,Home__25. Chair__MVI_9005.npy,skipped,,,,
Home,25. Chair,MVI_9006,/Users/yamini/Desktop/projects/ISL PROJECT/include_videos/Home/25. Chair/MVI_9006.MOV,Home/25. Chair/MVI_9006.MOV,61,Home__25. Chair__MVI_9006.npy,skipped,,,,
Home,26. Bed,MVI_4352,/Users/yamini/Desktop/projects/ISL PROJECT/include_videos/Home/26. Bed/MVI_4352.MOV,Home/26. Bed/MVI_4352.MOV,55,Home__26. Bed__MVI_4352.npy,skipped,,,,
Home,26. Bed,MVI_4353,/Users/yamini/Desktop/projects/ISL PROJECT/include_videos/Home/26. Bed/MVI_4353.MOV,Home/26. Bed/MVI_4353.MOV,54,Home__26. Bed__MVI_4353.npy,skipped,,,,
Home,26. Bed,MVI_4354,/Users/yamini/Desktop/projects/ISL PROJECT/include_videos/Home/26. Bed/MVI_4354.MOV,Home/26. Bed/MVI_4354.MOV,58,Home__26. Bed__MVI_4354.npy,skipped,,,,
Home,26. Bed,MVI_4355,/Users/yamini/Desktop/projects/ISL PROJECT/include_videos/Home/26. Bed/MVI_4355.MOV,Home/26. Bed/MVI_4355.MOV,59,Home__26. Bed__MVI_4355.npy,skipped,,,,
Home,26. Bed,MVI_4875,/Users/yamini/Desktop/projects/ISL PROJECT/include_videos/Home/26. Bed/MVI_4875.MOV,Home/26. Bed/MVI_4875.MOV,58,Home__26. Bed__MVI_4875.npy,skipped,,,,
Home,26. Bed,MVI_4876,/Users/yamini/Desktop/projects/ISL PROJECT/include_videos/Home/26. Bed/MVI_4876.MOV,Home/26. Bed/MVI_4876.MOV,68,Home__26. Bed__MVI_4876.npy,skipped,,,,
Home,26. Bed,MVI_4877,/Users/yamini/Desktop/projects/ISL PROJECT/include_videos/Home/26. Bed/MVI_4877.MOV,Home/26. Bed/MVI_4877.MOV,70,Home__26. Bed__MVI_4877.npy,skipped,,,,
Home,26. Bed,MVI_8758,/Users/yamini/Desktop/projects/ISL PROJECT/include_videos/Home/26. Bed/MVI_8758.MOV,Home/26. Bed/MVI_8758.MOV,66,Home__26. Bed__MVI_8758.npy,skipped,,,,
Home,26. Bed,MVI_8759,/Users/yamini/Desktop/projects/ISL PROJECT/include_videos/Home/26. Bed/MVI_8759.MOV,Home/26. Bed/MVI_8759.MOV,64,Home__26. Bed__MVI_8759.npy,skipped,,,,
Home,26. Bed,MVI_8760,/Users/yamini/Desktop/projects/ISL PROJECT/include_videos/Home/26. Bed/MVI_8760.MOV,Home/26. Bed/MVI_8760.MOV,66,Home__26. Bed__MVI_8760.npy,skipped,,,,
Home,26. Bed,MVI_8761,/Users/yamini/Desktop/projects/ISL PROJECT/include_videos/Home/26. Bed/MVI_8761.MOV,Home/26. Bed/MVI_8761.MOV,64,Home__26. Bed__MVI_8761.npy,skipped,,,,
Home,26. Bed,MVI_9007,/Users/yamini/Desktop/projects/ISL PROJECT/include_videos/Home/26. Bed/MVI_9007.MOV,Home/26. Bed/MVI_9007.MOV,73,Home__26. Bed__MVI_9007.npy,skipped,,,,
Home,26. Bed,MVI_9008,/Users/yamini/Desktop/projects/ISL PROJECT/include_videos/Home/26. Bed/MVI_9008.MOV,Home/26. Bed/MVI_9008.MOV,82,Home__26. Bed__MVI_9008.npy,skipped,,,,
Home,26. Bed,MVI_9009,/Users/yamini/Desktop/projects/ISL PROJECT/include_videos/Home/26. Bed/MVI_9009.MOV,Home/26. Bed/MVI_9009.MOV,72,Home__26. Bed__MVI_9009.npy,skipped,,,,
Home,27. Dream,MVI_4357,/Users/yamini/Desktop/projects/ISL PROJECT/include_videos/Home/27. Dream/MVI_4357.MOV,Home/27. Dream/MVI_4357.MOV,72,Home__27. Dream__MVI_4357.npy,skipped,,,,
Home,27. Dream,MVI_4359,/Users/yamini/Desktop/projects/ISL PROJECT/include_videos/Home/27. Dream/MVI_4359.MOV,Home/27. Dream/MVI_4359.MOV,78,Home__27. Dream__MVI_4359.npy,skipped,,,,
Home,27. Dream,MVI_4360,/Users/yamini/Desktop/projects/ISL PROJECT/include_videos/Home/27. Dream/MVI_4360.MOV,Home/27. Dream/MVI_4360.MOV,74,Home__27. Dream__MVI_4360.npy,skipped,,,,
Home,27. Dream,MVI_4361,/Users/yamini/Desktop/projects/ISL PROJECT/include_videos/Home/27. Dream/MVI_4361.MOV,Home/27. Dream/MVI_4361.MOV,81,Home__27. Dream__MVI_4361.npy,skipped,,,,
Home,27. Dream,MVI_4878,/Users/yamini/Desktop/projects/ISL PROJECT/include_videos/Home/27. Dream/MVI_4878.MOV,Home/27. Dream/MVI_4878.MOV,65,Home__27. Dream__MVI_4878.npy,skipped,,,,
Home,27. Dream,MVI_4879,/Users/yamini/Desktop/projects/ISL PROJECT/include_videos/Home/27. Dream/MVI_4879.MOV,Home/27. Dream/MVI_4879.MOV,76,Home__27. Dream__MVI_4879.npy,skipped,,,,
Home,27. Dream,MVI_4880,/Users/yamini/Desktop/projects/ISL PROJECT/include_videos/Home/27. Dream/MVI_4880.MOV,Home/27. Dream/MVI_4880.MOV,71,Home__27. Dream__MVI_4880.npy,skipped,,,,
Home,27. Dream,MVI_8762,/Users/yamini/Desktop/projects/ISL PROJECT/include_videos/Home/27. Dream/MVI_8762.MOV,Home/27. Dream/MVI_8762.MOV,95,Home__27. Dream__MVI_8762.npy,skipped,,,,
Home,27. Dream,MVI_8763,/Users/yamini/Desktop/projects/ISL PROJECT/include_videos/Home/27. Dream/MVI_8763.MOV,Home/27. Dream/MVI_8763.MOV,92,Home__27. Dream__MVI_8763.npy,skipped,,,,
Home,27. Dream,MVI_8764,/Users/yamini/Desktop/projects/ISL PROJECT/include_videos/Home/27. Dream/MVI_8764.MOV,Home/27. Dream/MVI_8764.MOV,93,Home__27. Dream__MVI_8764.npy,skipped,,,,
Home,27. Dream,MVI_8765,/Users/yamini/Desktop/projects/ISL PROJECT/include_videos/Home/27. Dream/MVI_8765.MOV,Home/27. Dream/MVI_8765.MOV,107,Home__27. Dream__MVI_8765.npy,skipped,,,,
Home,27. Dream,MVI_9010,/Users/yamini/Desktop/projects/ISL PROJECT/include_videos/Home/27. Dream/MVI_9010.MOV,Home/27. Dream/MVI_9010.MOV,77,Home__27. Dream__MVI_9010.npy,skipped,,,,
Home,27. Dream,MVI_9011,/Users/yamini/Desktop/projects/ISL PROJECT/include_videos/Home/27. Dream/MVI_9011.MOV,Home/27. Dream/MVI_9011.MOV,81,Home__27. Dream__MVI_9011.npy,skipped,,,,
Home,27. Dream,MVI_9012,/Users/yamini/Desktop/projects/ISL PROJECT/include_videos/Home/27. Dream/MVI_9012.MOV,Home/27. Dream/MVI_9012.MOV,85,Home__27. Dream__MVI_9012.npy,skipped,,,,
Home,28. Window,MVI_4362,/Users/yamini/Desktop/projects/ISL PROJECT/include_videos/Home/28. Window/MVI_4362.MOV,Home/28. Window/MVI_4362.MOV,84,Home__28. Window__MVI_4362.npy,skipped,,,,
Home,28. Window,MVI_4363,/Users/yamini/Desktop/projects/ISL PROJECT/include_videos/Home/28. Window/MVI_4363.MOV,Home/28. Window/MVI_4363.MOV,70,Home__28. Window__MVI_4363.npy,skipped,,,,
Home,28. Window,MVI_4364,/Users/yamini/Desktop/projects/ISL PROJECT/include_videos/Home/28. Window/MVI_4364.MOV,Home/28. Window/MVI_4364.MOV,87,Home__28. Window__MVI_4364.npy,skipped,,,,
Home,28. Window,MVI_4365,/Users/yamini/Desktop/projects/ISL PROJECT/include_videos/Home/28. Window/MVI_4365.MOV,Home/28. Window/MVI_4365.MOV,81,Home__28. Window__MVI_4365.npy,skipped,,,,
Home,28. Window,MVI_4881,/Users/yamini/Desktop/projects/ISL PROJECT/include_videos/Home/28. Window/MVI_4881.MOV,Home/28. Window/MVI_4881.MOV,72,Home__28. Window__MVI_4881.npy,skipped,,,,
Home,28. Window,MVI_4882,/Users/yamini/Desktop/projects/ISL PROJECT/include_videos/Home/28. Window/MVI_4882.MOV,Home/28. Window/MVI_4882.MOV,67,Home__28. Window__MVI_4882.npy,skipped,,,,
Home,28. Window,MVI_4883,/Users/yamini/Desktop/projects/ISL PROJECT/include_videos/Home/28. Window/MVI_4883.MOV,Home/28. Window/MVI_4883.MOV,66,Home__28. Window__MVI_4883.npy,skipped,,,,
Home,28. Window,MVI_8766,/Users/yamini/Desktop/projects/ISL PROJECT/include_videos/Home/28. Window/MVI_8766.MOV,Home/28. Window/MVI_8766.MOV,100,Home__28. Window__MVI_8766.npy,skipped,,,,
Home,28. Window,MVI_8767,/Users/yamini/Desktop/projects/ISL PROJECT/include_videos/Home/28. Window/MVI_8767.MOV,Home/28. Window/MVI_8767.MOV,99,Home__28. Window__MVI_8767.npy,skipped,,,,
Home,28. Window,MVI_8768,/Users/yamini/Desktop/projects/ISL PROJECT/include_videos/Home/28. Window/MVI_8768.MOV,Home/28. Window/MVI_8768.MOV,104,Home__28. Window__MVI_8768.npy,skipped,,,,
Home,28. Window,MVI_8769,/Users/yamini/Desktop/projects/ISL PROJECT/include_videos/Home/28. Window/MVI_8769.MOV,Home/28. Window/MVI_8769.MOV,101,Home__28. Window__MVI_8769.npy,skipped,,,,
Home,28. Window,MVI_9013,/Users/yamini/Desktop/projects/ISL PROJECT/include_videos/Home/28. Window/MVI_9013.MOV,Home/28. Window/MVI_9013.MOV,72,Home__28. Window__MVI_9013.npy,skipped,,,,
Home,28. Window,MVI_9014,/Users/yamini/Desktop/projects/ISL PROJECT/include_videos/Home/28. Window/MVI_9014.MOV,Home/28. Window/MVI_9014.MOV,80,Home__28. Window__MVI_9014.npy,skipped,,,,
Home,28. Window,MVI_9015,/Users/yamini/Desktop/projects/ISL PROJECT/include_videos/Home/28. Window/MVI_9015.MOV,Home/28. Window/MVI_9015.MOV,85,Home__28. Window__MVI_9015.npy,skipped,,,,
Home,29. Door,MVI_4366,/Users/yamini/Desktop/projects/ISL PROJECT/include_videos/Home/29. Door/MVI_4366.MOV,Home/29. Door/MVI_4366.MOV,57,Home__29. Door__MVI_4366.npy,skipped,,,,
Home,29. Door,MVI_4367,/Users/yamini/Desktop/projects/ISL PROJECT/include_videos/Home/29. Door/MVI_4367.MOV,Home/29. Door/MVI_4367.MOV,51,Home__29. Door__MVI_4367.npy,skipped,,,,
Home,29. Door,MVI_4368,/Users/yamini/Desktop/projects/ISL PROJECT/include_videos/Home/29. Door/MVI_4368.MOV,Home/29. Door/MVI_4368.MOV,50,Home__29. Door__MVI_4368.npy,skipped,,,,
Home,29. Door,MVI_4369,/Users/yamini/Desktop/projects/ISL PROJECT/include_videos/Home/29. Door/MVI_4369.MOV,Home/29. Door/MVI_4369.MOV,57,Home__29. Door__MVI_4369.npy,skipped,,,,
Home,29. Door,MVI_4884,/Users/yamini/Desktop/projects/ISL PROJECT/include_videos/Home/29. Door/MVI_4884.MOV,Home/29. Door/MVI_4884.MOV,43,Home__29. Door__MVI_4884.npy,skipped,,,,
Home,29. Door,MVI_4885,/Users/yamini/Desktop/projects/ISL PROJECT/include_videos/Home/29. Door/MVI_4885.MOV,Home/29. Door/MVI_4885.MOV,49,Home__29. Door__MVI_4885.npy,skipped,,,,
Home,29. Door,MVI_4886,/Users/yamini/Desktop/projects/ISL PROJECT/include_videos/Home/29. Door/MVI_4886.MOV,Home/29. Door/MVI_4886.MOV,50,Home__29. Door__MVI_4886.npy,skipped,,,,
Home,29. Door,MVI_8770,/Users/yamini/Desktop/projects/ISL PROJECT/include_videos/Home/29. Door/MVI_8770.MOV,Home/29. Door/MVI_8770.MOV,76,Home__29. Door__MVI_8770.npy,skipped,,,,
Home,29. Door,MVI_8771,/Users/yamini/Desktop/projects/ISL PROJECT/include_videos/Home/29. Door/MVI_8771.MOV,Home/29. Door/MVI_8771.MOV,89,Home__29. Door__MVI_8771.npy,skipped,,,,
Home,29. Door,MVI_8772,/Users/yamini/Desktop/projects/ISL PROJECT/include_videos/Home/29. Door/MVI_8772.MOV,Home/29. Door/MVI_8772.MOV,74,Home__29. Door__MVI_8772.npy,skipped,,,,
Home,29. Door,MVI_8773,/Users/yamini/Desktop/projects/ISL PROJECT/include_videos/Home/29. Door/MVI_8773.MOV,Home/29. Door/MVI_8773.MOV,68,Home__29. Door__MVI_8773.npy,skipped,,,,
Home,29. Door,MVI_9016,/Users/yamini/Desktop/projects/ISL PROJECT/include_videos/Home/29. Door/MVI_9016.MOV,Home/29. Door/MVI_9016.MOV,69,Home__29. Door__MVI_9016.npy,skipped,,,,
Home,29. Door,MVI_9017,/Users/yamini/Desktop/projects/ISL PROJECT/include_videos/Home/29. Door/MVI_9017.MOV,Home/29. Door/MVI_9017.MOV,69,Home__29. Door__MVI_9017.npy,skipped,,,,
Home,29. Door,MVI_9018,/Users/yamini/Desktop/projects/ISL PROJECT/include_videos/Home/29. Door/MVI_9018.MOV,Home/29. Door/MVI_9018.MOV,75,Home__29. Door__MVI_9018.npy,skipped,,,,
Home,30. Bedroom,MVI_4370,/Users/yamini/Desktop/projects/ISL PROJECT/include_videos/Home/30. Bedroom/MVI_4370.MOV,Home/30. Bedroom/MVI_4370.MOV,83,Home__30. Bedroom__MVI_4370.npy,skipped,,,,
Home,30. Bedroom,MVI_4371,/Users/yamini/Desktop/projects/ISL PROJECT/include_videos/Home/30. Bedroom/MVI_4371.MOV,Home/30. Bedroom/MVI_4371.MOV,81,Home__30. Bedroom__MVI_4371.npy,skipped,,,,
Home,30. Bedroom,MVI_4372,/Users/yamini/Desktop/projects/ISL PROJECT/include_videos/Home/30. Bedroom/MVI_4372.MOV,Home/30. Bedroom/MVI_4372.MOV,94,Home__30. Bedroom__MVI_4372.npy,skipped,,,,
Home,30. Bedroom,MVI_4373,/Users/yamini/Desktop/projects/ISL PROJECT/include_videos/Home/30. Bedroom/MVI_4373.MOV,Home/30. Bedroom/MVI_4373.MOV,87,Home__30. Bedroom__MVI_4373.npy,skipped,,,,
Home,30. Bedroom,MVI_4887,/Users/yamini/Desktop/projects/ISL PROJECT/include_videos/Home/30. Bedroom/MVI_4887.MOV,Home/30. Bedroom/MVI_4887.MOV,72,Home__30. Bedroom__MVI_4887.npy,skipped,,,,
Home,30. Bedroom,MVI_4888,/Users/yamini/Desktop/projects/ISL PROJECT/include_videos/Home/30. Bedroom/MVI_4888.MOV,Home/30. Bedroom/MVI_4888.MOV,73,Home__30. Bedroom__MVI_4888.npy,skipped,,,,
Home,30. Bedroom,MVI_4896,/Users/yamini/Desktop/projects/ISL PROJECT/include_videos/Home/30. Bedroom/MVI_4896.MOV,Home/30. Bedroom/MVI_4896.MOV,64,Home__30. Bedroom__MVI_4896.npy,skipped,,,,
Home,30. Bedroom,MVI_8774,/Users/yamini/Desktop/projects/ISL PROJECT/include_videos/Home/30. Bedroom/MVI_8774.MOV,Home/30. Bedroom/MVI_8774.MOV,102,Home__30. Bedroom__MVI_8774.npy,skipped,,,,
Home,30. Bedroom,MVI_8775,/Users/yamini/Desktop/projects/ISL PROJECT/include_videos/Home/30. Bedroom/MVI_8775.MOV,Home/30. Bedroom/MVI_8775.MOV,108,Home__30. Bedroom__MVI_8775.npy,skipped,,,,
Home,30. Bedroom,MVI_8776,/Users/yamini/Desktop/projects/ISL PROJECT/include_videos/Home/30. Bedroom/MVI_8776.MOV,Home/30. Bedroom/MVI_8776.MOV,97,Home__30. Bedroom__MVI_8776.npy,skipped,,,,
Home,30. Bedroom,MVI_8777,/Users/yamini/Desktop/projects/ISL PROJECT/include_videos/Home/30. Bedroom/MVI_8777.MOV,Home/30. Bedroom/MVI_8777.MOV,102,Home__30. Bedroom__MVI_8777.npy,skipped,,,,
Home,30. Bedroom,MVI_9019,/Users/yamini/Desktop/projects/ISL PROJECT/include_videos/Home/30. Bedroom/MVI_9019.MOV,Home/30. Bedroom/MVI_9019.MOV,109,Home__30. Bedroom__MVI_9019.npy,skipped,,,,
Home,30. Bedroom,MVI_9020,/Users/yamini/Desktop/projects/ISL PROJECT/include_videos/Home/30. Bedroom/MVI_9020.MOV,Home/30. Bedroom/MVI_9020.MOV,108,Home__30. Bedroom__MVI_9020.npy,skipped,,,,
Home,30. Bedroom,MVI_9021,/Users/yamini/Desktop/projects/ISL PROJECT/include_videos/Home/30. Bedroom/MVI_9021.MOV,Home/30. Bedroom/MVI_9021.MOV,104,Home__30. Bedroom__MVI_9021.npy,skipped,,,,
Home,31. Kitchen,MVI_4374,/Users/yamini/Desktop/projects/ISL PROJECT/include_videos/Home/31. Kitchen/MVI_4374.MOV,Home/31. Kitchen/MVI_4374.MOV,62,Home__31. Kitchen__MVI_4374.npy,skipped,,,,
Home,31. Kitchen,MVI_4375,/Users/yamini/Desktop/projects/ISL PROJECT/include_videos/Home/31. Kitchen/MVI_4375.MOV,Home/31. Kitchen/MVI_4375.MOV,72,Home__31. Kitchen__MVI_4375.npy,skipped,,,,
Home,31. Kitchen,MVI_4376,/Users/yamini/Desktop/projects/ISL PROJECT/include_videos/Home/31. Kitchen/MVI_4376.MOV,Home/31. Kitchen/MVI_4376.MOV,68,Home__31. Kitchen__MVI_4376.npy,skipped,,,,
Home,31. Kitchen,MVI_4377,/Users/yamini/Desktop/projects/ISL PROJECT/include_videos/Home/31. Kitchen/MVI_4377.MOV,Home/31. Kitchen/MVI_4377.MOV,70,Home__31. Kitchen__MVI_4377.npy,skipped,,,,
Home,31. Kitchen,MVI_4897,/Users/yamini/Desktop/projects/ISL PROJECT/include_videos/Home/31. Kitchen/MVI_4897.MOV,Home/31. Kitchen/MVI_4897.MOV,61,Home__31. Kitchen__MVI_4897.npy,skipped,,,,
Home,31. Kitchen,MVI_4898,/Users/yamini/Desktop/projects/ISL PROJECT/include_videos/Home/31. Kitchen/MVI_4898.MOV,Home/31. Kitchen/MVI_4898.MOV,61,Home__31. Kitchen__MVI_4898.npy,skipped,,,,
Home,31. Kitchen,MVI_4899,/Users/yamini/Desktop/projects/ISL PROJECT/include_videos/Home/31. Kitchen/MVI_4899.MOV,Home/31. Kitchen/MVI_4899.MOV,69,Home__31. Kitchen__MVI_4899.npy,skipped,,,,
Home,31. Kitchen,MVI_8778,/Users/yamini/Desktop/projects/ISL PROJECT/include_videos/Home/31. Kitchen/MVI_8778.MOV,Home/31. Kitchen/MVI_8778.MOV,69,Home__31. Kitchen__MVI_8778.npy,skipped,,,,
Home,31. Kitchen,MVI_8779,/Users/yamini/Desktop/projects/ISL PROJECT/include_videos/Home/31. Kitchen/MVI_8779.MOV,Home/31. Kitchen/MVI_8779.MOV,71,Home__31. Kitchen__MVI_8779.npy,skipped,,,,
Home,31. Kitchen,MVI_8780,/Users/yamini/Desktop/projects/ISL PROJECT/include_videos/Home/31. Kitchen/MVI_8780.MOV,Home/31. Kitchen/MVI_8780.MOV,75,Home__31. Kitchen__MVI_8780.npy,skipped,,,,
Home,31. Kitchen,MVI_8781,/Users/yamini/Desktop/projects/ISL PROJECT/include_videos/Home/31. Kitchen/MVI_8781.MOV,Home/31. Kitchen/MVI_8781.MOV,82,Home__31. Kitchen__MVI_8781.npy,skipped,,,,
Home,31. Kitchen,MVI_9022,/Users/yamini/Desktop/projects/ISL PROJECT/include_videos/Home/31. Kitchen/MVI_9022.MOV,Home/31. Kitchen/MVI_9022.MOV,78,Home__31. Kitchen__MVI_9022.npy,skipped,,,,
Home,31. Kitchen,MVI_9023,/Users/yamini/Desktop/projects/ISL PROJECT/include_videos/Home/31. Kitchen/MVI_9023.MOV,Home/31. Kitchen/MVI_9023.MOV,82,Home__31. Kitchen__MVI_9023.npy,skipped,,,,
Home,31. Kitchen,MVI_9024,/Users/yamini/Desktop/projects/ISL PROJECT/include_videos/Home/31. Kitchen/MVI_9024.MOV,Home/31. Kitchen/MVI_9024.MOV,75,Home__31. Kitchen__MVI_9024.npy,skipped,,,,
Home,32. Bathroom,MVI_4378,/Users/yamini/Desktop/projects/ISL PROJECT/include_videos/Home/32. Bathroom/MVI_4378.MOV,Home/32. Bathroom/MVI_4378.MOV,60,Home__32. Bathroom__MVI_4378.npy,skipped,,,,
Home,32. Bathroom,MVI_4379,/Users/yamini/Desktop/projects/ISL PROJECT/include_videos/Home/32. Bathroom/MVI_4379.MOV,Home/32. Bathroom/MVI_4379.MOV,64,Home__32. Bathroom__MVI_4379.npy,skipped,,,,
Home,32. Bathroom,MVI_4380,/Users/yamini/Desktop/projects/ISL PROJECT/include_videos/Home/32. Bathroom/MVI_4380.MOV,Home/32. Bathroom/MVI_4380.MOV,57,Home__32. Bathroom__MVI_4380.npy,skipped,,,,
Home,32. Bathroom,MVI_4381,/Users/yamini/Desktop/projects/ISL PROJECT/include_videos/Home/32. Bathroom/MVI_4381.MOV,Home/32. Bathroom/MVI_4381.MOV,67,Home__32. Bathroom__MVI_4381.npy,skipped,,,,
Home,32. Bathroom,MVI_4900,/Users/yamini/Desktop/projects/ISL PROJECT/include_videos/Home/32. Bathroom/MVI_4900.MOV,Home/32. Bathroom/MVI_4900.MOV,64,Home__32. Bathroom__MVI_4900.npy,skipped,,,,
Home,32. Bathroom,MVI_4901,/Users/yamini/Desktop/projects/ISL PROJECT/include_videos/Home/32. Bathroom/MVI_4901.MOV,Home/32. Bathroom/MVI_4901.MOV,60,Home__32. Bathroom__MVI_4901.npy,skipped,,,,
Home,32. Bathroom,MVI_4902,/Users/yamini/Desktop/projects/ISL PROJECT/include_videos/Home/32. Bathroom/MVI_4902.MOV,Home/32. Bathroom/MVI_4902.MOV,52,Home__32. Bathroom__MVI_4902.npy,skipped,,,,
Home,32. Bathroom,MVI_8782,/Users/yamini/Desktop/projects/ISL PROJECT/include_videos/Home/32. Bathroom/MVI_8782.MOV,Home/32. Bathroom/MVI_8782.MOV,80,Home__32. Bathroom__MVI_8782.npy,skipped,,,,
Home,32. Bathroom,MVI_8783,/Users/yamini/Desktop/projects/ISL PROJECT/include_videos/Home/32. Bathroom/MVI_8783.MOV,Home/32. Bathroom/MVI_8783.MOV,76,Home__32. Bathroom__MVI_8783.npy,skipped,,,,
Home,32. Bathroom,MVI_8784,/Users/yamini/Desktop/projects/ISL PROJECT/include_videos/Home/32. Bathroom/MVI_8784.MOV,Home/32. Bathroom/MVI_8784.MOV,75,Home__32. Bathroom__MVI_8784.npy,skipped,,,,
Home,32. Bathroom,MVI_8785,/Users/yamini/Desktop/projects/ISL PROJECT/include_videos/Home/32. Bathroom/MVI_8785.MOV,Home/32. Bathroom/MVI_8785.MOV,82,Home__32. Bathroom__MVI_8785.npy,skipped,,,,
Home,32. Bathroom,MVI_9025,/Users/yamini/Desktop/projects/ISL PROJECT/include_videos/Home/32. Bathroom/MVI_9025.MOV,Home/32. Bathroom/MVI_9025.MOV,67,Home__32. Bathroom__MVI_9025.npy,skipped,,,,
Home,32. Bathroom,MVI_9026,/Users/yamini/Desktop/projects/ISL PROJECT/include_videos/Home/32. Bathroom/MVI_9026.MOV,Home/32. Bathroom/MVI_9026.MOV,71,Home__32. Bathroom__MVI_9026.npy,skipped,,,,
Home,32. Bathroom,MVI_9027,/Users/yamini/Desktop/projects/ISL PROJECT/include_videos/Home/32. Bathroom/MVI_9027.MOV,Home/32. Bathroom/MVI_9027.MOV,78,Home__32. Bathroom__MVI_9027.npy,skipped,,,,
Home,33. Pencil,MVI_4383,/Users/yamini/Desktop/projects/ISL PROJECT/include_videos/Home/33. Pencil/MVI_4383.MOV,Home/33. Pencil/MVI_4383.MOV,65,Home__33. Pencil__MVI_4383.npy,skipped,,,,
Home,33. Pencil,MVI_4384,/Users/yamini/Desktop/projects/ISL PROJECT/include_videos/Home/33. Pencil/MVI_4384.MOV,Home/33. Pencil/MVI_4384.MOV,54,Home__33. Pencil__MVI_4384.npy,skipped,,,,
Home,33. Pencil,MVI_4385,/Users/yamini/Desktop/projects/ISL PROJECT/include_videos/Home/33. Pencil/MVI_4385.MOV,Home/33. Pencil/MVI_4385.MOV,52,Home__33. Pencil__MVI_4385.npy,skipped,,,,
Home,33. Pencil,MVI_4386,/Users/yamini/Desktop/projects/ISL PROJECT/include_videos/Home/33. Pencil/MVI_4386.MOV,Home/33. Pencil/MVI_4386.MOV,53,Home__33. Pencil__MVI_4386.npy,skipped,,,,
Home,33. Pencil,MVI_4903,/Users/yamini/Desktop/projects/ISL PROJECT/include_videos/Home/33. Pencil/MVI_4903.MOV,Home/33. Pencil/MVI_4903.MOV,52,Home__33. Pencil__MVI_4903.npy,skipped,,,,
Home,33. Pencil,MVI_4904,/Users/yamini/Desktop/projects/ISL PROJECT/include_videos/Home/33. Pencil/MVI_4904.MOV,Home/33. Pencil/MVI_4904.MOV,53,Home__33. Pencil__MVI_4904.npy,skipped,,,,
Home,33. Pencil,MVI_4905,/Users/yamini/Desktop/projects/ISL PROJECT/include_videos/Home/33. Pencil/MVI_4905.MOV,Home/33. Pencil/MVI_4905.MOV,55,Home__33. Pencil__MVI_4905.npy,skipped,,,,
Home,33. Pencil,MVI_8786,/Users/yamini/Desktop/projects/ISL PROJECT/include_videos/Home/33. Pencil/MVI_8786.MOV,Home/33. Pencil/MVI_8786.MOV,66,Home__33. Pencil__MVI_8786.npy,skipped,,,,
Home,33. Pencil,MVI_8787,/Users/yamini/Desktop/projects/ISL PROJECT/include_videos/Home/33. Pencil/MVI_8787.MOV,Home/33. Pencil/MVI_8787.MOV,61,Home__33. Pencil__MVI_8787.npy,skipped,,,,
Home,33. Pencil,MVI_8788,/Users/yamini/Desktop/projects/ISL PROJECT/include_videos/Home/33. Pencil/MVI_8788.MOV,Home/33. Pencil/MVI_8788.MOV,59,Home__33. Pencil__MVI_8788.npy,skipped,,,,
Home,33. Pencil,MVI_8789,/Users/yamini/Desktop/projects/ISL PROJECT/include_videos/Home/33. Pencil/MVI_8789.MOV,Home/33. Pencil/MVI_8789.MOV,63,Home__33. Pencil__MVI_8789.npy,skipped,,,,
Home,33. Pencil,MVI_9029,/Users/yamini/Desktop/projects/ISL PROJECT/include_videos/Home/33. Pencil/MVI_9029.MOV,Home/33. Pencil/MVI_9029.MOV,63,Home__33. Pencil__MVI_9029.npy,skipped,,,,
Home,33. Pencil,MVI_9030,/Users/yamini/Desktop/projects/ISL PROJECT/include_videos/Home/33. Pencil/MVI_9030.MOV,Home/33. Pencil/MVI_9030.MOV,58,Home__33. Pencil__MVI_9030.npy,skipped,,,,
Home,33. Pencil,MVI_9031,/Users/yamini/Desktop/projects/ISL PROJECT/include_videos/Home/33. Pencil/MVI_9031.MOV,Home/33. Pencil/MVI_9031.MOV,65,Home__33. Pencil__MVI_9031.npy,skipped,,,,
Home,34. Pen,MVI_4387,/Users/yamini/Desktop/projects/ISL PROJECT/include_videos/Home/34. Pen/MVI_4387.MOV,Home/34. Pen/MVI_4387.MOV,64,Home__34. Pen__MVI_4387.npy,skipped,,,,
Home,34. Pen,MVI_4388,/Users/yamini/Desktop/projects/ISL PROJECT/include_videos/Home/34. Pen/MVI_4388.MOV,Home/34. Pen/MVI_4388.MOV,53,Home__34. Pen__MVI_4388.npy,skipped,,,,
Home,34. Pen,MVI_4389,/Users/yamini/Desktop/projects/ISL PROJECT/include_videos/Home/34. Pen/MVI_4389.MOV,Home/34. Pen/MVI_4389.MOV,55,Home__34. Pen__MVI_4389.npy,skipped,,,,
Home,34. Pen,MVI_4390,/Users/yamini/Desktop/projects/ISL PROJECT/include_videos/Home/34. Pen/MVI_4390.MOV,Home/34. Pen/MVI_4390.MOV,57,Home__34. Pen__MVI_4390.npy,skipped,,,,
Home,34. Pen,MVI_4906,/Users/yamini/Desktop/projects/ISL PROJECT/include_videos/Home/34. Pen/MVI_4906.MOV,Home/34. Pen/MVI_4906.MOV,52,Home__34. Pen__MVI_4906.npy,skipped,,,,
Home,34. Pen,MVI_4907,/Users/yamini/Desktop/projects/ISL PROJECT/include_videos/Home/34. Pen/MVI_4907.MOV,Home/34. Pen/MVI_4907.MOV,48,Home__34. Pen__MVI_4907.npy,skipped,,,,
Home,34. Pen,MVI_4908,/Users/yamini/Desktop/projects/ISL PROJECT/include_videos/Home/34. Pen/MVI_4908.MOV,Home/34. Pen/MVI_4908.MOV,58,Home__34. Pen__MVI_4908.npy,skipped,,,,
Home,34. Pen,MVI_8791,/Users/yamini/Desktop/projects/ISL PROJECT/include_videos/Home/34. Pen/MVI_8791.MOV,Home/34. Pen/MVI_8791.MOV,57,Home__34. Pen__MVI_8791.npy,skipped,,,,
Home,34. Pen,MVI_8793,/Users/yamini/Desktop/projects/ISL PROJECT/include_videos/Home/34. Pen/MVI_8793.MOV,Home/34. Pen/MVI_8793.MOV,69,Home__34. Pen__MVI_8793.npy,skipped,,,,
Home,34. Pen,MVI_8794,/Users/yamini/Desktop/projects/ISL PROJECT/include_videos/Home/34. Pen/MVI_8794.MOV,Home/34. Pen/MVI_8794.MOV,63,Home__34. Pen__MVI_8794.npy,skipped,,,,
Home,34. Pen,MVI_8795,/Users/yamini/Desktop/projects/ISL PROJECT/include_videos/Home/34. Pen/MVI_8795.MOV,Home/34. Pen/MVI_8795.MOV,62,Home__34. Pen__MVI_8795.npy,skipped,,,,
Home,34. Pen,MVI_9032,/Users/yamini/Desktop/projects/ISL PROJECT/include_videos/Home/34. Pen/MVI_9032.MOV,Home/34. Pen/MVI_9032.MOV,63,Home__34. Pen__MVI_9032.npy,skipped,,,,
Home,34. Pen,MVI_9033,/Users/yamini/Desktop/projects/ISL PROJECT/include_videos/Home/34. Pen/MVI_9033.MOV,Home/34. Pen/MVI_9033.MOV,68,Home__34. Pen__MVI_9033.npy,skipped,,,,
Home,34. Pen,MVI_9034,/Users/yamini/Desktop/projects/ISL PROJECT/include_videos/Home/34. Pen/MVI_9034.MOV,Home/34. Pen/MVI_9034.MOV,59,Home__34. Pen__MVI_9034.npy,skipped,,,,
Home,35. Photograph,MVI_4391,/Users/yamini/Desktop/projects/ISL PROJECT/include_videos/Home/35. Photograph/MVI_4391.MOV,Home/35. Photograph/MVI_4391.MOV,62,Home__35. Photograph__MVI_4391.npy,skipped,,,,
Home,35. Photograph,MVI_4392,/Users/yamini/Desktop/projects/ISL PROJECT/include_videos/Home/35. Photograph/MVI_4392.MOV,Home/35. Photograph/MVI_4392.MOV,61,Home__35. Photograph__MVI_4392.npy,skipped,,,,
Home,35. Photograph,MVI_4393,/Users/yamini/Desktop/projects/ISL PROJECT/include_videos/Home/35. Photograph/MVI_4393.MOV,Home/35. Photograph/MVI_4393.MOV,66,Home__35. Photograph__MVI_4393.npy,skipped,,,,
Home,35. Photograph,MVI_4394,/Users/yamini/Desktop/projects/ISL PROJECT/include_videos/Home/35. Photograph/MVI_4394.MOV,Home/35. Photograph/MVI_4394.MOV,60,Home__35. Photograph__MVI_4394.npy,skipped,,,,
Home,35. Photograph,MVI_4909,/Users/yamini/Desktop/projects/ISL PROJECT/include_videos/Home/35. Photograph/MVI_4909.MOV,Home/35. Photograph/MVI_4909.MOV,59,Home__35. Photograph__MVI_4909.npy,skipped,,,,
Home,35. Photograph,MVI_4910,/Users/yamini/Desktop/projects/ISL PROJECT/include_videos/Home/35. Photograph/MVI_4910.MOV,Home/35. Photograph/MVI_4910.MOV,58,Home__35. Photograph__MVI_4910.npy,skipped,,,,
Home,35. Photograph,MVI_4911,/Users/yamini/Desktop/projects/ISL PROJECT/include_videos/Home/35. Photograph/MVI_4911.MOV,Home/35. Photograph/MVI_4911.MOV,60,Home__35. Photograph__MVI_4911.npy,skipped,,,,
Home,35. Photograph,MVI_8796,/Users/yamini/Desktop/projects/ISL PROJECT/include_videos/Home/35. Photograph/MVI_8796.MOV,Home/35. Photograph/MVI_8796.MOV,75,Home__35. Photograph__MVI_8796.npy,skipped,,,,
Home,35. Photograph,MVI_8797,/Users/yamini/Desktop/projects/ISL PROJECT/include_videos/Home/35. Photograph/MVI_8797.MOV,Home/35. Photograph/MVI_8797.MOV,82,Home__35. Photograph__MVI_8797.npy,skipped,,,,
Home,35. Photograph,MVI_8798,/Users/yamini/Desktop/projects/ISL PROJECT/include_videos/Home/35. Photograph/MVI_8798.MOV,Home/35. Photograph/MVI_8798.MOV,69,Home__35. Photograph__MVI_8798.npy,skipped,,,,
Home,35. Photograph,MVI_8799,/Users/yamini/Desktop/projects/ISL PROJECT/include_videos/Home/35. Photograph/MVI_8799.MOV,Home/35. Photograph/MVI_8799.MOV,75,Home__35. Photograph__MVI_8799.npy,skipped,,,,
Home,35. Photograph,MVI_9035,/Users/yamini/Desktop/projects/ISL PROJECT/include_videos/Home/35. Photograph/MVI_9035.MOV,Home/35. Photograph/MVI_9035.MOV,65,Home__35. Photograph__MVI_9035.npy,skipped,,,,
Home,35. Photograph,MVI_9036,/Users/yamini/Desktop/projects/ISL PROJECT/include_videos/Home/35. Photograph/MVI_9036.MOV,Home/35. Photograph/MVI_9036.MOV,72,Home__35. Photograph__MVI_9036.npy,skipped,,,,
Home,35. Photograph,MVI_9037,/Users/yamini/Desktop/projects/ISL PROJECT/include_videos/Home/35. Photograph/MVI_9037.MOV,Home/35. Photograph/MVI_9037.MOV,73,Home__35. Photograph__MVI_9037.npy,skipped,,,,
Home,36. Soap,MVI_4395,/Users/yamini/Desktop/projects/ISL PROJECT/include_videos/Home/36. Soap/MVI_4395.MOV,Home/36. Soap/MVI_4395.MOV,51,Home__36. Soap__MVI_4395.npy,skipped,,,,
Home,36. Soap,MVI_4396,/Users/yamini/Desktop/projects/ISL PROJECT/include_videos/Home/36. Soap/MVI_4396.MOV,Home/36. Soap/MVI_4396.MOV,50,Home__36. Soap__MVI_4396.npy,skipped,,,,
Home,36. Soap,MVI_4397,/Users/yamini/Desktop/projects/ISL PROJECT/include_videos/Home/36. Soap/MVI_4397.MOV,Home/36. Soap/MVI_4397.MOV,54,Home__36. Soap__MVI_4397.npy,skipped,,,,
Home,36. Soap,MVI_4398,/Users/yamini/Desktop/projects/ISL PROJECT/include_videos/Home/36. Soap/MVI_4398.MOV,Home/36. Soap/MVI_4398.MOV,54,Home__36. Soap__MVI_4398.npy,skipped,,,,
Home,36. Soap,MVI_4912,/Users/yamini/Desktop/projects/ISL PROJECT/include_videos/Home/36. Soap/MVI_4912.MOV,Home/36. Soap/MVI_4912.MOV,55,Home__36. Soap__MVI_4912.npy,skipped,,,,
Home,36. Soap,MVI_4913,/Users/yamini/Desktop/projects/ISL PROJECT/include_videos/Home/36. Soap/MVI_4913.MOV,Home/36. Soap/MVI_4913.MOV,56,Home__36. Soap__MVI_4913.npy,skipped,,,,
Home,36. Soap,MVI_4914,/Users/yamini/Desktop/projects/ISL PROJECT/include_videos/Home/36. Soap/MVI_4914.MOV,Home/36. Soap/MVI_4914.MOV,46,Home__36. Soap__MVI_4914.npy,skipped,,,,
Home,36. Soap,MVI_8800,/Users/yamini/Desktop/projects/ISL PROJECT/include_videos/Home/36. Soap/MVI_8800.MOV,Home/36. Soap/MVI_8800.MOV,75,Home__36. Soap__MVI_8800.npy,skipped,,,,
Home,36. Soap,MVI_8801,/Users/yamini/Desktop/projects/ISL PROJECT/include_videos/Home/36. Soap/MVI_8801.MOV,Home/36. Soap/MVI_8801.MOV,62,Home__36. Soap__MVI_8801.npy,skipped,,,,
Home,36. Soap,MVI_8802,/Users/yamini/Desktop/projects/ISL PROJECT/include_videos/Home/36. Soap/MVI_8802.MOV,Home/36. Soap/MVI_8802.MOV,61,Home__36. Soap__MVI_8802.npy,skipped,,,,
Home,36. Soap,MVI_8803,/Users/yamini/Desktop/projects/ISL PROJECT/include_videos/Home/36. Soap/MVI_8803.MOV,Home/36. Soap/MVI_8803.MOV,72,Home__36. Soap__MVI_8803.npy,skipped,,,,
Home,36. Soap,MVI_9038,/Users/yamini/Desktop/projects/ISL PROJECT/include_videos/Home/36. Soap/MVI_9038.MOV,Home/36. Soap/MVI_9038.MOV,70,Home__36. Soap__MVI_9038.npy,skipped,,,,
Home,36. Soap,MVI_9039,/Users/yamini/Desktop/projects/ISL PROJECT/include_videos/Home/36. Soap/MVI_9039.MOV,Home/36. Soap/MVI_9039.MOV,72,Home__36. Soap__MVI_9039.npy,skipped,,,,
Home,36. Soap,MVI_9040,/Users/yamini/Desktop/projects/ISL PROJECT/include_videos/Home/36. Soap/MVI_9040.MOV,Home/36. Soap/MVI_9040.MOV,73,Home__36. Soap__MVI_9040.npy,skipped,,,,
Home,37. Book,MVI_4399,/Users/yamini/Desktop/projects/ISL PROJECT/include_videos/Home/37. Book/MVI_4399.MOV,Home/37. Book/MVI_4399.MOV,51,Home__37. Book__MVI_4399.npy,skipped,,,,
Home,37. Book,MVI_4400,/Users/yamini/Desktop/projects/ISL PROJECT/include_videos/Home/37. Book/MVI_4400.MOV,Home/37. Book/MVI_4400.MOV,67,Home__37. Book__MVI_4400.npy,skipped,,,,
Home,37. Book,MVI_4401,/Users/yamini/Desktop/projects/ISL PROJECT/include_videos/Home/37. Book/MVI_4401.MOV,Home/37. Book/MVI_4401.MOV,57,Home__37. Book__MVI_4401.npy,skipped,,,,
Home,37. Book,MVI_4402,/Users/yamini/Desktop/projects/ISL PROJECT/include_videos/Home/37. Book/MVI_4402.MOV,Home/37. Book/MVI_4402.MOV,62,Home__37. Book__MVI_4402.npy,skipped,,,,
Home,37. Book,MVI_4915,/Users/yamini/Desktop/projects/ISL PROJECT/include_videos/Home/37. Book/MVI_4915.MOV,Home/37. Book/MVI_4915.MOV,50,Home__37. Book__MVI_4915.npy,skipped,,,,
Home,37. Book,MVI_4916,/Users/yamini/Desktop/projects/ISL PROJECT/include_videos/Home/37. Book/MVI_4916.MOV,Home/37. Book/MVI_4916.MOV,51,Home__37. Book__MVI_4916.npy,skipped,,,,
Home,37. Book,MVI_4919,/Users/yamini/Desktop/projects/ISL PROJECT/include_videos/Home/37. Book/MVI_4919.MOV,Home/37. Book/MVI_4919.MOV,59,Home__37. Book__MVI_4919.npy,skipped,,,,
Home,37. Book,MVI_8804,/Users/yamini/Desktop/projects/ISL PROJECT/include_videos/Home/37. Book/MVI_8804.MOV,Home/37. Book/MVI_8804.MOV,68,Home__37. Book__MVI_8804.npy,skipped,,,,
Home,37. Book,MVI_8805,/Users/yamini/Desktop/projects/ISL PROJECT/include_videos/Home/37. Book/MVI_8805.MOV,Home/37. Book/MVI_8805.MOV,74,Home__37. Book__MVI_8805.npy,skipped,,,,
Home,37. Book,MVI_8806,/Users/yamini/Desktop/projects/ISL PROJECT/include_videos/Home/37. Book/MVI_8806.MOV,Home/37. Book/MVI_8806.MOV,70,Home__37. Book__MVI_8806.npy,skipped,,,,
Home,37. Book,MVI_8807,/Users/yamini/Desktop/projects/ISL PROJECT/include_videos/Home/37. Book/MVI_8807.MOV,Home/37. Book/MVI_8807.MOV,68,Home__37. Book__MVI_8807.npy,skipped,,,,
Home,37. Book,MVI_9041,/Users/yamini/Desktop/projects/ISL PROJECT/include_videos/Home/37. Book/MVI_9041.MOV,Home/37. Book/MVI_9041.MOV,65,Home__37. Book__MVI_9041.npy,skipped,,,,
Home,37. Book,MVI_9042,/Users/yamini/Desktop/projects/ISL PROJECT/include_videos/Home/37. Book/MVI_9042.MOV,Home/37. Book/MVI_9042.MOV,70,Home__37. Book__MVI_9042.npy,skipped,,,,
Home,37. Book,MVI_9043,/Users/yamini/Desktop/projects/ISL PROJECT/include_videos/Home/37. Book/MVI_9043.MOV,Home/37. Book/MVI_9043.MOV,67,Home__37. Book__MVI_9043.npy,skipped,,,,
Home,38. Page,MVI_4403,/Users/yamini/Desktop/projects/ISL PROJECT/include_videos/Home/38. Page/MVI_4403.MOV,Home/38. Page/MVI_4403.MOV,80,Home__38. Page__MVI_4403.npy,skipped,,,,
Home,38. Page,MVI_4404,/Users/yamini/Desktop/projects/ISL PROJECT/include_videos/Home/38. Page/MVI_4404.MOV,Home/38. Page/MVI_4404.MOV,82,Home__38. Page__MVI_4404.npy,skipped,,,,
Home,38. Page,MVI_4405,/Users/yamini/Desktop/projects/ISL PROJECT/include_videos/Home/38. Page/MVI_4405.MOV,Home/38. Page/MVI_4405.MOV,71,Home__38. Page__MVI_4405.npy,skipped,,,,
Home,38. Page,MVI_4407,/Users/yamini/Desktop/projects/ISL PROJECT/include_videos/Home/38. Page/MVI_4407.MOV,Home/38. Page/MVI_4407.MOV,74,Home__38. Page__MVI_4407.npy,skipped,,,,
Home,38. Page,MVI_4920,/Users/yamini/Desktop/projects/ISL PROJECT/include_videos/Home/38. Page/MVI_4920.MOV,Home/38. Page/MVI_4920.MOV,66,Home__38. Page__MVI_4920.npy,skipped,,,,
Home,38. Page,MVI_4921,/Users/yamini/Desktop/projects/ISL PROJECT/include_videos/Home/38. Page/MVI_4921.MOV,Home/38. Page/MVI_4921.MOV,64,Home__38. Page__MVI_4921.npy,skipped,,,,
Home,38. Page,MVI_4922,/Users/yamini/Desktop/projects/ISL PROJECT/include_videos/Home/38. Page/MVI_4922.MOV,Home/38. Page/MVI_4922.MOV,48,Home__38. Page__MVI_4922.npy,skipped,,,,
Home,38. Page,MVI_8809,/Users/yamini/Desktop/projects/ISL PROJECT/include_videos/Home/38. Page/MVI_8809.MOV,Home/38. Page/MVI_8809.MOV,107,Home__38. Page__MVI_8809.npy,skipped,,,,
Home,38. Page,MVI_8810,/Users/yamini/Desktop/projects/ISL PROJECT/include_videos/Home/38. Page/MVI_8810.MOV,Home/38. Page/MVI_8810.MOV,110,Home__38. Page__MVI_8810.npy,skipped,,,,
Home,38. Page,MVI_8811,/Users/yamini/Desktop/projects/ISL PROJECT/include_videos/Home/38. Page/MVI_8811.MOV,Home/38. Page/MVI_8811.MOV,105,Home__38. Page__MVI_8811.npy,skipped,,,,
Home,38. Page,MVI_8812,/Users/yamini/Desktop/projects/ISL PROJECT/include_videos/Home/38. Page/MVI_8812.MOV,Home/38. Page/MVI_8812.MOV,107,Home__38. Page__MVI_8812.npy,skipped,,,,
Home,38. Page,MVI_9045,/Users/yamini/Desktop/projects/ISL PROJECT/include_videos/Home/38. Page/MVI_9045.MOV,Home/38. Page/MVI_9045.MOV,101,Home__38. Page__MVI_9045.npy,skipped,,,,
Home,38. Page,MVI_9046,/Users/yamini/Desktop/projects/ISL PROJECT/include_videos/Home/38. Page/MVI_9046.MOV,Home/38. Page/MVI_9046.MOV,85,Home__38. Page__MVI_9046.npy,skipped,,,,
Home,38. Page,MVI_9047,/Users/yamini/Desktop/projects/ISL PROJECT/include_videos/Home/38. Page/MVI_9047.MOV,Home/38. Page/MVI_9047.MOV,87,Home__38. Page__MVI_9047.npy,skipped,,,,
Home,39. Key,MVI_4408,/Users/yamini/Desktop/projects/ISL PROJECT/include_videos/Home/39. Key/MVI_4408.MOV,Home/39. Key/MVI_4408.MOV,50,Home__39. Key__MVI_4408.npy,skipped,,,,
Home,39. Key,MVI_4409,/Users/yamini/Desktop/projects/ISL PROJECT/include_videos/Home/39. Key/MVI_4409.MOV,Home/39. Key/MVI_4409.MOV,52,Home__39. Key__MVI_4409.npy,skipped,,,,
Home,39. Key,MVI_4410,/Users/yamini/Desktop/projects/ISL PROJECT/include_videos/Home/39. Key/MVI_4410.MOV,Home/39. Key/MVI_4410.MOV,49,Home__39. Key__MVI_4410.npy,skipped,,,,
Home,39. Key,MVI_4411,/Users/yamini/Desktop/projects/ISL PROJECT/include_videos/Home/39. Key/MVI_4411.MOV,Home/39. Key/MVI_4411.MOV,53,Home__39. Key__MVI_4411.npy,skipped,,,,
Home,39. Key,MVI_4923,/Users/yamini/Desktop/projects/ISL PROJECT/include_videos/Home/39. Key/MVI_4923.MOV,Home/39. Key/MVI_4923.MOV,42,Home__39. Key__MVI_4923.npy,skipped,,,,
Home,39. Key,MVI_4924,/Users/yamini/Desktop/projects/ISL PROJECT/include_videos/Home/39. Key/MVI_4924.MOV,Home/39. Key/MVI_4924.MOV,43,Home__39. Key__MVI_4924.npy,skipped,,,,
Home,39. Key,MVI_4925,/Users/yamini/Desktop/projects/ISL PROJECT/include_videos/Home/39. Key/MVI_4925.MOV,Home/39. Key/MVI_4925.MOV,56,Home__39. Key__MVI_4925.npy,skipped,,,,
Home,39. Key,MVI_8813,/Users/yamini/Desktop/projects/ISL PROJECT/include_videos/Home/39. Key/MVI_8813.MOV,Home/39. Key/MVI_8813.MOV,62,Home__39. Key__MVI_8813.npy,skipped,,,,
Home,39. Key,MVI_8814,/Users/yamini/Desktop/projects/ISL PROJECT/include_videos/Home/39. Key/MVI_8814.MOV,Home/39. Key/MVI_8814.MOV,62,Home__39. Key__MVI_8814.npy,skipped,,,,
Home,39. Key,MVI_8815,/Users/yamini/Desktop/projects/ISL PROJECT/include_videos/Home/39. Key/MVI_8815.MOV,Home/39. Key/MVI_8815.MOV,60,Home__39. Key__MVI_8815.npy,skipped,,,,
Home,39. Key,MVI_8816,/Users/yamini/Desktop/projects/ISL PROJECT/include_videos/Home/39. Key/MVI_8816.MOV,Home/39. Key/MVI_8816.MOV,60,Home__39. Key__MVI_8816.npy,skipped,,,,
Home,39. Key,MVI_9048,/Users/yamini/Desktop/projects/ISL PROJECT/include_videos/Home/39. Key/MVI_9048.MOV,Home/39. Key/MVI_9048.MOV,57,Home__39. Key__MVI_9048.npy,skipped,,,,
Home,39. Key,MVI_9049,/Users/yamini/Desktop/projects/ISL PROJECT/include_videos/Home/39. Key/MVI_9049.MOV,Home/39. Key/MVI_9049.MOV,69,Home__39. Key__MVI_9049.npy,skipped,,,,
Home,39. Key,MVI_9050,/Users/yamini/Desktop/projects/ISL PROJECT/include_videos/Home/39. Key/MVI_9050.MOV,Home/39. Key/MVI_9050.MOV,69,Home__39. Key__MVI_9050.npy,skipped,,,,
Home,40. Paint,MVI_4412,/Users/yamini/Desktop/projects/ISL PROJECT/include_videos/Home/40. Paint/MVI_4412.MOV,Home/40. Paint/MVI_4412.MOV,56,Home__40. Paint__MVI_4412.npy,skipped,,,,
Home,40. Paint,MVI_4413,/Users/yamini/Desktop/projects/ISL PROJECT/include_videos/Home/40. Paint/MVI_4413.MOV,Home/40. Paint/MVI_4413.MOV,54,Home__40. Paint__MVI_4413.npy,skipped,,,,
Home,40. Paint,MVI_4414,/Users/yamini/Desktop/projects/ISL PROJECT/include_videos/Home/40. Paint/MVI_4414.MOV,Home/40. Paint/MVI_4414.MOV,54,Home__40. Paint__MVI_4414.npy,skipped,,,,
Home,40. Paint,MVI_4415,/Users/yamini/Desktop/projects/ISL PROJECT/include_videos/Home/40. Paint/MVI_4415.MOV,Home/40. Paint/MVI_4415.MOV,58,Home__40. Paint__MVI_4415.npy,skipped,,,,
Home,40. Paint,MVI_4926,/Users/yamini/Desktop/projects/ISL PROJECT/include_videos/Home/40. Paint/MVI_4926.MOV,Home/40. Paint/MVI_4926.MOV,64,Home__40. Paint__MVI_4926.npy,skipped,,,,
Home,40. Paint,MVI_4927,/Users/yamini/Desktop/projects/ISL PROJECT/include_videos/Home/40. Paint/MVI_4927.MOV,Home/40. Paint/MVI_4927.MOV,65,Home__40. Paint__MVI_4927.npy,skipped,,,,
Home,40. Paint,MVI_4928,/Users/yamini/Desktop/projects/ISL PROJECT/include_videos/Home/40. Paint/MVI_4928.MOV,Home/40. Paint/MVI_4928.MOV,57,Home__40. Paint__MVI_4928.npy,skipped,,,,
Home,40. Paint,MVI_8817,/Users/yamini/Desktop/projects/ISL PROJECT/include_videos/Home/40. Paint/MVI_8817.MOV,Home/40. Paint/MVI_8817.MOV,76,Home__40. Paint__MVI_8817.npy,skipped,,,,
Home,40. Paint,MVI_8818,/Users/yamini/Desktop/projects/ISL PROJECT/include_videos/Home/40. Paint/MVI_8818.MOV,Home/40. Paint/MVI_8818.MOV,69,Home__40. Paint__MVI_8818.npy,skipped,,,,
Home,40. Paint,MVI_8819,/Users/yamini/Desktop/projects/ISL PROJECT/include_videos/Home/40. Paint/MVI_8819.MOV,Home/40. Paint/MVI_8819.MOV,70,Home__40. Paint__MVI_8819.npy,skipped,,,,
Home,40. Paint,MVI_8820,/Users/yamini/Desktop/projects/ISL PROJECT/include_videos/Home/40. Paint/MVI_8820.MOV,Home/40. Paint/MVI_8820.MOV,66,Home__40. Paint__MVI_8820.npy,skipped,,,,
Home,40. Paint,MVI_8821,/Users/yamini/Desktop/projects/ISL PROJECT/include_videos/Home/40. Paint/MVI_8821.MOV,Home/40. Paint/MVI_8821.MOV,73,Home__40. Paint__MVI_8821.npy,skipped,,,,
Home,40. Paint,MVI_9051,/Users/yamini/Desktop/projects/ISL PROJECT/include_videos/Home/40. Paint/MVI_9051.MOV,Home/40. Paint/MVI_9051.MOV,70,Home__40. Paint__MVI_9051.npy,skipped,,,,
Home,40. Paint,MVI_9052,/Users/yamini/Desktop/projects/ISL PROJECT/include_videos/Home/40. Paint/MVI_9052.MOV,Home/40. Paint/MVI_9052.MOV,68,Home__40. Paint__MVI_9052.npy,skipped,,,,
Home,40. Paint,MVI_9053,/Users/yamini/Desktop/projects/ISL PROJECT/include_videos/Home/40. Paint/MVI_9053.MOV,Home/40. Paint/MVI_9053.MOV,72,Home__40. Paint__MVI_9053.npy,skipped,,,,
Home,41. Letter,MVI_4416,/Users/yamini/Desktop/projects/ISL PROJECT/include_videos/Home/41. Letter/MVI_4416.MOV,Home/41. Letter/MVI_4416.MOV,64,Home__41. Letter__MVI_4416.npy,skipped,,,,
Home,41. Letter,MVI_4417,/Users/yamini/Desktop/projects/ISL PROJECT/include_videos/Home/41. Letter/MVI_4417.MOV,Home/41. Letter/MVI_4417.MOV,63,Home__41. Letter__MVI_4417.npy,skipped,,,,
Home,41. Letter,MVI_4418,/Users/yamini/Desktop/projects/ISL PROJECT/include_videos/Home/41. Letter/MVI_4418.MOV,Home/41. Letter/MVI_4418.MOV,68,Home__41. Letter__MVI_4418.npy,skipped,,,,
Home,41. Letter,MVI_4419,/Users/yamini/Desktop/projects/ISL PROJECT/include_videos/Home/41. Letter/MVI_4419.MOV,Home/41. Letter/MVI_4419.MOV,64,Home__41. Letter__MVI_4419.npy,skipped,,,,
Home,41. Letter,MVI_4929,/Users/yamini/Desktop/projects/ISL PROJECT/include_videos/Home/41. Letter/MVI_4929.MOV,Home/41. Letter/MVI_4929.MOV,50,Home__41. Letter__MVI_4929.npy,skipped,,,,
Home,41. Letter,MVI_4930,/Users/yamini/Desktop/projects/ISL PROJECT/include_videos/Home/41. Letter/MVI_4930.MOV,Home/41. Letter/MVI_4930.MOV,52,Home__41. Letter__MVI_4930.npy,skipped,,,,
Home,41. Letter,MVI_4931,/Users/yamini/Desktop/projects/ISL PROJECT/include_videos/Home/41. Letter/MVI_4931.MOV,Home/41. Letter/MVI_4931.MOV,58,Home__41. Letter__MVI_4931.npy,skipped,,,,
Home,41. Letter,MVI_8822,/Users/yamini/Desktop/projects/ISL PROJECT/include_videos/Home/41. Letter/MVI_8822.MOV,Home/41. Letter/MVI_8822.MOV,83,Home__41. Letter__MVI_8822.npy,skipped,,,,
Home,41. Letter,MVI_8823,/Users/yamini/Desktop/projects/ISL PROJECT/include_videos/Home/41. Letter/MVI_8823.MOV,Home/41. Letter/MVI_8823.MOV,80,Home__41. Letter__MVI_8823.npy,skipped,,,,
Home,41. Letter,MVI_8824,/Users/yamini/Desktop/projects/ISL PROJECT/include_videos/Home/41. Letter/MVI_8824.MOV,Home/41. Letter/MVI_8824.MOV,72,Home__41. Letter__MVI_8824.npy,skipped,,,,
Home,41. Letter,MVI_8825,/Users/yamini/Desktop/projects/ISL PROJECT/include_videos/Home/41. Letter/MVI_8825.MOV,Home/41. Letter/MVI_8825.MOV,74,Home__41. Letter__MVI_8825.npy,skipped,,,,
Home,41. Letter,MVI_9054,/Users/yamini/Desktop/projects/ISL PROJECT/include_videos/Home/41. Letter/MVI_9054.MOV,Home/41. Letter/MVI_9054.MOV,75,Home__41. Letter__MVI_9054.npy,skipped,,,,
Home,41. Letter,MVI_9055,/Users/yamini/Desktop/projects/ISL PROJECT/include_videos/Home/41. Letter/MVI_9055.MOV,Home/41. Letter/MVI_9055.MOV,74,Home__41. Letter__MVI_9055.npy,skipped,,,,
Home,41. Letter,MVI_9056,/Users/yamini/Desktop/projects/ISL PROJECT/include_videos/Home/41. Letter/MVI_9056.MOV,Home/41. Letter/MVI_9056.MOV,76,Home__41. Letter__MVI_9056.npy,skipped,,,,
Home,42. Paper,MVI_4420,/Users/yamini/Desktop/projects/ISL PROJECT/include_videos/Home/42. Paper/MVI_4420.MOV,Home/42. Paper/MVI_4420.MOV,56,Home__42. Paper__MVI_4420.npy,skipped,,,,
Home,42. Paper,MVI_4421,/Users/yamini/Desktop/projects/ISL PROJECT/include_videos/Home/42. Paper/MVI_4421.MOV,Home/42. Paper/MVI_4421.MOV,57,Home__42. Paper__MVI_4421.npy,skipped,,,,
Home,42. Paper,MVI_4422,/Users/yamini/Desktop/projects/ISL PROJECT/include_videos/Home/42. Paper/MVI_4422.MOV,Home/42. Paper/MVI_4422.MOV,57,Home__42. Paper__MVI_4422.npy,skipped,,,,
Home,42. Paper,MVI_4423,/Users/yamini/Desktop/projects/ISL PROJECT/include_videos/Home/42. Paper/MVI_4423.MOV,Home/42. Paper/MVI_4423.MOV,50,Home__42. Paper__MVI_4423.npy,skipped,,,,
Home,42. Paper,MVI_4932,/Users/yamini/Desktop/projects/ISL PROJECT/include_videos/Home/42. Paper/MVI_4932.MOV,Home/42. Paper/MVI_4932.MOV,63,Home__42. Paper__MVI_4932.npy,skipped,,,,
Home,42. Paper,MVI_4933,/Users/yamini/Desktop/projects/ISL PROJECT/include_videos/Home/42. Paper/MVI_4933.MOV,Home/42. Paper/MVI_4933.MOV,66,Home__42. Paper__MVI_4933.npy,skipped,,,,
Home,42. Paper,MVI_4934,/Users/yamini/Desktop/projects/ISL PROJECT/include_videos/Home/42. Paper/MVI_4934.MOV,Home/42. Paper/MVI_4934.MOV,50,Home__42. Paper__MVI_4934.npy,skipped,,,,
Home,42. Paper,MVI_8826,/Users/yamini/Desktop/projects/ISL PROJECT/include_videos/Home/42. Paper/MVI_8826.MOV,Home/42. Paper/MVI_8826.MOV,75,Home__42. Paper__MVI_8826.npy,skipped,,,,
Home,42. Paper,MVI_8827,/Users/yamini/Desktop/projects/ISL PROJECT/include_videos/Home/42. Paper/MVI_8827.MOV,Home/42. Paper/MVI_8827.MOV,72,Home__42. Paper__MVI_8827.npy,skipped,,,,
Home,42. Paper,MVI_8828,/Users/yamini/Desktop/projects/ISL PROJECT/include_videos/Home/42. Paper/MVI_8828.MOV,Home/42. Paper/MVI_8828.MOV,62,Home__42. Paper__MVI_8828.npy,skipped,,,,
Home,42. Paper,MVI_8829,/Users/yamini/Desktop/projects/ISL PROJECT/include_videos/Home/42. Paper/MVI_8829.MOV,Home/42. Paper/MVI_8829.MOV,68,Home__42. Paper__MVI_8829.npy,skipped,,,,
Home,42. Paper,MVI_9057,/Users/yamini/Desktop/projects/ISL PROJECT/include_videos/Home/42. Paper/MVI_9057.MOV,Home/42. Paper/MVI_9057.MOV,75,Home__42. Paper__MVI_9057.npy,skipped,,,,
Home,42. Paper,MVI_9058,/Users/yamini/Desktop/projects/ISL PROJECT/include_videos/Home/42. Paper/MVI_9058.MOV,Home/42. Paper/MVI_9058.MOV,72,Home__42. Paper__MVI_9058.npy,skipped,,,,
Home,42. Paper,MVI_9059,/Users/yamini/Desktop/projects/ISL PROJECT/include_videos/Home/42. Paper/MVI_9059.MOV,Home/42. Paper/MVI_9059.MOV,73,Home__42. Paper__MVI_9059.npy,skipped,,,,
Home,43. Lock,MVI_4424,/Users/yamini/Desktop/projects/ISL PROJECT/include_videos/Home/43. Lock/MVI_4424.MOV,Home/43. Lock/MVI_4424.MOV,48,Home__43. Lock__MVI_4424.npy,skipped,,,,
Home,43. Lock,MVI_4425,/Users/yamini/Desktop/projects/ISL PROJECT/include_videos/Home/43. Lock/MVI_4425.MOV,Home/43. Lock/MVI_4425.MOV,48,Home__43. Lock__MVI_4425.npy,skipped,,,,
Home,43. Lock,MVI_4426,/Users/yamini/Desktop/projects/ISL PROJECT/include_videos/Home/43. Lock/MVI_4426.MOV,Home/43. Lock/MVI_4426.MOV,49,Home__43. Lock__MVI_4426.npy,skipped,,,,
Home,43. Lock,MVI_4427,/Users/yamini/Desktop/projects/ISL PROJECT/include_videos/Home/43. Lock/MVI_4427.MOV,Home/43. Lock/MVI_4427.MOV,52,Home__43. Lock__MVI_4427.npy,skipped,,,,
Home,43. Lock,MVI_4935,/Users/yamini/Desktop/projects/ISL PROJECT/include_videos/Home/43. Lock/MVI_4935.MOV,Home/43. Lock/MVI_4935.MOV,51,Home__43. Lock__MVI_4935.npy,skipped,,,,
Home,43. Lock,MVI_4936,/Users/yamini/Desktop/projects/ISL PROJECT/include_videos/Home/43. Lock/MVI_4936.MOV,Home/43. Lock/MVI_4936.MOV,57,Home__43. Lock__MVI_4936.npy,skipped,,,,
Home,43. Lock,MVI_4937,/Users/yamini/Desktop/projects/ISL PROJECT/include_videos/Home/43. Lock/MVI_4937.MOV,Home/43. Lock/MVI_4937.MOV,50,Home__43. Lock__MVI_4937.npy,skipped,,,,
Home,43. Lock,MVI_8830,/Users/yamini/Desktop/projects/ISL PROJECT/include_videos/Home/43. Lock/MVI_8830.MOV,Home/43. Lock/MVI_8830.MOV,62,Home__43. Lock__MVI_8830.npy,skipped,,,,
Home,43. Lock,MVI_8831,/Users/yamini/Desktop/projects/ISL PROJECT/include_videos/Home/43. Lock/MVI_8831.MOV,Home/43. Lock/MVI_8831.MOV,69,Home__43. Lock__MVI_8831.npy,skipped,,,,
Home,43. Lock,MVI_8832,/Users/yamini/Desktop/projects/ISL PROJECT/include_videos/Home/43. Lock/MVI_8832.MOV,Home/43. Lock/MVI_8832.MOV,61,Home__43. Lock__MVI_8832.npy,skipped,,,,
Home,43. Lock,MVI_8833,/Users/yamini/Desktop/projects/ISL PROJECT/include_videos/Home/43. Lock/MVI_8833.MOV,Home/43. Lock/MVI_8833.MOV,62,Home__43. Lock__MVI_8833.npy,skipped,,,,
Home,43. Lock,MVI_9060,/Users/yamini/Desktop/projects/ISL PROJECT/include_videos/Home/43. Lock/MVI_9060.MOV,Home/43. Lock/MVI_9060.MOV,61,Home__43. Lock__MVI_9060.npy,skipped,,,,
Home,43. Lock,MVI_9061,/Users/yamini/Desktop/projects/ISL PROJECT/include_videos/Home/43. Lock/MVI_9061.MOV,Home/43. Lock/MVI_9061.MOV,63,Home__43. Lock__MVI_9061.npy,skipped,,,,
Home,43. Lock,MVI_9062,/Users/yamini/Desktop/projects/ISL PROJECT/include_videos/Home/43. Lock/MVI_9062.MOV,Home/43. Lock/MVI_9062.MOV,65,Home__43. Lock__MVI_9062.npy,skipped,,,,
Home,44. Telephone,MVI_4428,/Users/yamini/Desktop/projects/ISL PROJECT/include_videos/Home/44. Telephone/MVI_4428.MOV,Home/44. Telephone/MVI_4428.MOV,41,Home__44. Telephone__MVI_4428.npy,skipped,,,,
Home,44. Telephone,MVI_4429,/Users/yamini/Desktop/projects/ISL PROJECT/include_videos/Home/44. Telephone/MVI_4429.MOV,Home/44. Telephone/MVI_4429.MOV,45,Home__44. Telephone__MVI_4429.npy,skipped,,,,
Home,44. Telephone,MVI_4430,/Users/yamini/Desktop/projects/ISL PROJECT/include_videos/Home/44. Telephone/MVI_4430.MOV,Home/44. Telephone/MVI_4430.MOV,44,Home__44. Telephone__MVI_4430.npy,skipped,,,,
Home,44. Telephone,MVI_4431,/Users/yamini/Desktop/projects/ISL PROJECT/include_videos/Home/44. Telephone/MVI_4431.MOV,Home/44. Telephone/MVI_4431.MOV,46,Home__44. Telephone__MVI_4431.npy,skipped,,,,
Home,44. Telephone,MVI_4938,/Users/yamini/Desktop/projects/ISL PROJECT/include_videos/Home/44. Telephone/MVI_4938.MOV,Home/44. Telephone/MVI_4938.MOV,59,Home__44. Telephone__MVI_4938.npy,skipped,,,,
Home,44. Telephone,MVI_4939,/Users/yamini/Desktop/projects/ISL PROJECT/include_videos/Home/44. Telephone/MVI_4939.MOV,Home/44. Telephone/MVI_4939.MOV,53,Home__44. Telephone__MVI_4939.npy,skipped,,,,
Home,44. Telephone,MVI_4940,/Users/yamini/Desktop/projects/ISL PROJECT/include_videos/Home/44. Telephone/MVI_4940.MOV,Home/44. Telephone/MVI_4940.MOV,48,Home__44. Telephone__MVI_4940.npy,skipped,,,,
Home,44. Telephone,MVI_8834,/Users/yamini/Desktop/projects/ISL PROJECT/include_videos/Home/44. Telephone/MVI_8834.MOV,Home/44. Telephone/MVI_8834.MOV,60,Home__44. Telephone__MVI_8834.npy,skipped,,,,
Home,44. Telephone,MVI_8835,/Users/yamini/Desktop/projects/ISL PROJECT/include_videos/Home/44. Telephone/MVI_8835.MOV,Home/44. Telephone/MVI_8835.MOV,59,Home__44. Telephone__MVI_8835.npy,skipped,,,,
Home,44. Telephone,MVI_8836,/Users/yamini/Desktop/projects/ISL PROJECT/include_videos/Home/44. Telephone/MVI_8836.MOV,Home/44. Telephone/MVI_8836.MOV,58,Home__44. Telephone__MVI_8836.npy,skipped,,,,
Home,44. Telephone,MVI_8837,/Users/yamini/Desktop/projects/ISL PROJECT/include_videos/Home/44. Telephone/MVI_8837.MOV,Home/44. Telephone/MVI_8837.MOV,67,Home__44. Telephone__MVI_8837.npy,skipped,,,,
Home,44. Telephone,MVI_9070,/Users/yamini/Desktop/projects/ISL PROJECT/include_videos/Home/44. Telephone/MVI_9070.MOV,Home/44. Telephone/MVI_9070.MOV,84,Home__44. Telephone__MVI_9070.npy,skipped,,,,
Home,44. Telephone,MVI_9071,/Users/yamini/Desktop/projects/ISL PROJECT/include_videos/Home/44. Telephone/MVI_9071.MOV,Home/44. Telephone/MVI_9071.MOV,71,Home__44. Telephone__MVI_9071.npy,skipped,,,,
Home,44. Telephone,MVI_9072,/Users/yamini/Desktop/projects/ISL PROJECT/include_videos/Home/44. Telephone/MVI_9072.MOV,Home/44. Telephone/MVI_9072.MOV,63,Home__44. Telephone__MVI_9072.npy,skipped,,,,
Home,45. Bag,MVI_4432,/Users/yamini/Desktop/projects/ISL PROJECT/include_videos/Home/45. Bag/MVI_4432.MOV,Home/45. Bag/MVI_4432.MOV,50,Home__45. Bag__MVI_4432.npy,skipped,,,,
Home,45. Bag,MVI_4433,/Users/yamini/Desktop/projects/ISL PROJECT/include_videos/Home/45. Bag/MVI_4433.MOV,Home/45. Bag/MVI_4433.MOV,44,Home__45. Bag__MVI_4433.npy,skipped,,,,
Home,45. Bag,MVI_4434,/Users/yamini/Desktop/projects/ISL PROJECT/include_videos/Home/45. Bag/MVI_4434.MOV,Home/45. Bag/MVI_4434.MOV,47,Home__45. Bag__MVI_4434.npy,skipped,,,,
Home,45. Bag,MVI_4436,/Users/yamini/Desktop/projects/ISL PROJECT/include_videos/Home/45. Bag/MVI_4436.MOV,Home/45. Bag/MVI_4436.MOV,49,Home__45. Bag__MVI_4436.npy,skipped,,,,
Home,45. Bag,MVI_4941,/Users/yamini/Desktop/projects/ISL PROJECT/include_videos/Home/45. Bag/MVI_4941.MOV,Home/45. Bag/MVI_4941.MOV,48,Home__45. Bag__MVI_4941.npy,skipped,,,,
Home,45. Bag,MVI_4942,/Users/yamini/Desktop/projects/ISL PROJECT/include_videos/Home/45. Bag/MVI_4942.MOV,Home/45. Bag/MVI_4942.MOV,55,Home__45. Bag__MVI_4942.npy,skipped,,,,
Home,45. Bag,MVI_4943,/Users/yamini/Desktop/projects/ISL PROJECT/include_videos/Home/45. Bag/MVI_4943.MOV,Home/45. Bag/MVI_4943.MOV,63,Home__45. Bag__MVI_4943.npy,skipped,,,,
Home,45. Bag,MVI_8838,/Users/yamini/Desktop/projects/ISL PROJECT/include_videos/Home/45. Bag/MVI_8838.MOV,Home/45. Bag/MVI_8838.MOV,67,Home__45. Bag__MVI_8838.npy,skipped,,,,
Home,45. Bag,MVI_8839,/Users/yamini/Desktop/projects/ISL PROJECT/include_videos/Home/45. Bag/MVI_8839.MOV,Home/45. Bag/MVI_8839.MOV,69,Home__45. Bag__MVI_8839.npy,skipped,,,,
Home,45. Bag,MVI_8840,/Users/yamini/Desktop/projects/ISL PROJECT/include_videos/Home/45. Bag/MVI_8840.MOV,Home/45. Bag/MVI_8840.MOV,75,Home__45. Bag__MVI_8840.npy,skipped,,,,
Home,45. Bag,MVI_8841,/Users/yamini/Desktop/projects/ISL PROJECT/include_videos/Home/45. Bag/MVI_8841.MOV,Home/45. Bag/MVI_8841.MOV,65,Home__45. Bag__MVI_8841.npy,skipped,,,,
Home,45. Bag,MVI_9073,/Users/yamini/Desktop/projects/ISL PROJECT/include_videos/Home/45. Bag/MVI_9073.MOV,Home/45. Bag/MVI_9073.MOV,61,Home__45. Bag__MVI_9073.npy,skipped,,,,
Home,45. Bag,MVI_9074,/Users/yamini/Desktop/projects/ISL PROJECT/include_videos/Home/45. Bag/MVI_9074.MOV,Home/45. Bag/MVI_9074.MOV,63,Home__45. Bag__MVI_9074.npy,skipped,,,,
Home,45. Bag,MVI_9075,/Users/yamini/Desktop/projects/ISL PROJECT/include_videos/Home/45. Bag/MVI_9075.MOV,Home/45. Bag/MVI_9075.MOV,65,Home__45. Bag__MVI_9075.npy,skipped,,,,
Home,46. Box,MVI_4437,/Users/yamini/Desktop/projects/ISL PROJECT/include_videos/Home/46. Box/MVI_4437.MOV,Home/46. Box/MVI_4437.MOV,56,Home__46. Box__MVI_4437.npy,skipped,,,,
Home,46. Box,MVI_4438,/Users/yamini/Desktop/projects/ISL PROJECT/include_videos/Home/46. Box/MVI_4438.MOV,Home/46. Box/MVI_4438.MOV,75,Home__46. Box__MVI_4438.npy,skipped,,,,
Home,46. Box,MVI_4439,/Users/yamini/Desktop/projects/ISL PROJECT/include_videos/Home/46. Box/MVI_4439.MOV,Home/46. Box/MVI_4439.MOV,73,Home__46. Box__MVI_4439.npy,skipped,,,,
Home,46. Box,MVI_4440,/Users/yamini/Desktop/projects/ISL PROJECT/include_videos/Home/46. Box/MVI_4440.MOV,Home/46. Box/MVI_4440.MOV,73,Home__46. Box__MVI_4440.npy,skipped,,,,
Home,46. Box,MVI_4944,/Users/yamini/Desktop/projects/ISL PROJECT/include_videos/Home/46. Box/MVI_4944.MOV,Home/46. Box/MVI_4944.MOV,63,Home__46. Box__MVI_4944.npy,skipped,,,,
Home,46. Box,MVI_4945,/Users/yamini/Desktop/projects/ISL PROJECT/include_videos/Home/46. Box/MVI_4945.MOV,Home/46. Box/MVI_4945.MOV,69,Home__46. Box__MVI_4945.npy,skipped,,,,
Home,46. Box,MVI_4946,/Users/yamini/Desktop/projects/ISL PROJECT/include_videos/Home/46. Box/MVI_4946.MOV,Home/46. Box/MVI_4946.MOV,50,Home__46. Box__MVI_4946.npy,skipped,,,,
Home,46. Box,MVI_8842,/Users/yamini/Desktop/projects/ISL PROJECT/include_videos/Home/46. Box/MVI_8842.MOV,Home/46. Box/MVI_8842.MOV,90,Home__46. Box__MVI_8842.npy,skipped,,,,
Home,46. Box,MVI_8843,/Users/yamini/Desktop/projects/ISL PROJECT/include_videos/Home/46. Box/MVI_8843.MOV,Home/46. Box/MVI_8843.MOV,87,Home__46. Box__MVI_8843.npy,skipped,,,,
Home,46. Box,MVI_8844,/Users/yamini/Desktop/projects/ISL PROJECT/include_videos/Home/46. Box/MVI_8844.MOV,Home/46. Box/MVI_8844.MOV,92,Home__46. Box__MVI_8844.npy,skipped,,,,
Home,46. Box,MVI_8845,/Users/yamini/Desktop/projects/ISL PROJECT/include_videos/Home/46. Box/MVI_8845.MOV,Home/46. Box/MVI_8845.MOV,110,Home__46. Box__MVI_8845.npy,skipped,,,,
Home,46. Box,MVI_9076,/Users/yamini/Desktop/projects/ISL PROJECT/include_videos/Home/46. Box/MVI_9076.MOV,Home/46. Box/MVI_9076.MOV,90,Home__46. Box__MVI_9076.npy,skipped,,,,
Home,46. Box,MVI_9077,/Users/yamini/Desktop/projects/ISL PROJECT/include_videos/Home/46. Box/MVI_9077.MOV,Home/46. Box/MVI_9077.MOV,103,Home__46. Box__MVI_9077.npy,skipped,,,,
Home,46. Box,MVI_9078,/Users/yamini/Desktop/projects/ISL PROJECT/include_videos/Home/46. Box/MVI_9078.MOV,Home/46. Box/MVI_9078.MOV,97,Home__46. Box__MVI_9078.npy,skipped,,,,
Home,47. Gift,MVI_4441,/Users/yamini/Desktop/projects/ISL PROJECT/include_videos/Home/47. Gift/MVI_4441.MOV,Home/47. Gift/MVI_4441.MOV,46,Home__47. Gift__MVI_4441.npy,skipped,,,,
Home,47. Gift,MVI_4442,/Users/yamini/Desktop/projects/ISL PROJECT/include_videos/Home/47. Gift/MVI_4442.MOV,Home/47. Gift/MVI_4442.MOV,46,Home__47. Gift__MVI_4442.npy,skipped,,,,
Home,47. Gift,MVI_4443,/Users/yamini/Desktop/projects/ISL PROJECT/include_videos/Home/47. Gift/MVI_4443.MOV,Home/47. Gift/MVI_4443.MOV,47,Home__47. Gift__MVI_4443.npy,skipped,,,,
Home,47. Gift,MVI_4444,/Users/yamini/Desktop/projects/ISL PROJECT/include_videos/Home/47. Gift/MVI_4444.MOV,Home/47. Gift/MVI_4444.MOV,63,Home__47. Gift__MVI_4444.npy,skipped,,,,
Home,47. Gift,MVI_4947,/Users/yamini/Desktop/projects/ISL PROJECT/include_videos/Home/47. Gift/MVI_4947.MOV,Home/47. Gift/MVI_4947.MOV,49,Home__47. Gift__MVI_4947.npy,skipped,,,,
Home,47. Gift,MVI_4948,/Users/yamini/Desktop/projects/ISL PROJECT/include_videos/Home/47. Gift/MVI_4948.MOV,Home/47. Gift/MVI_4948.MOV,50,Home__47. Gift__MVI_4948.npy,skipped,,,,
Home,47. Gift,MVI_4949,/Users/yamini/Desktop/projects/ISL PROJECT/include_videos/Home/47. Gift/MVI_4949.MOV,Home/47. Gift/MVI_4949.MOV,63,Home__47. Gift__MVI_4949.npy,skipped,,,,
Home,47. Gift,MVI_8846,/Users/yamini/Desktop/projects/ISL PROJECT/include_videos/Home/47. Gift/MVI_8846.MOV,Home/47. Gift/MVI_8846.MOV,65,Home__47. Gift__MVI_8846.npy,skipped,,,,
Home,47. Gift,MVI_8847,/Users/yamini/Desktop/projects/ISL PROJECT/include_videos/Home/47. Gift/MVI_8847.MOV,Home/47. Gift/MVI_8847.MOV,69,Home__47. Gift__MVI_8847.npy,skipped,,,,
Home,47. Gift,MVI_8848,/Users/yamini/Desktop/projects/ISL PROJECT/include_videos/Home/47. Gift/MVI_8848.MOV,Home/47. Gift/MVI_8848.MOV,66,Home__47. Gift__MVI_8848.npy,skipped,,,,
Home,47. Gift,MVI_8849,/Users/yamini/Desktop/projects/ISL PROJECT/include_videos/Home/47. Gift/MVI_8849.MOV,Home/47. Gift/MVI_8849.MOV,68,Home__47. Gift__MVI_8849.npy,skipped,,,,
Home,47. Gift,MVI_9079,/Users/yamini/Desktop/projects/ISL PROJECT/include_videos/Home/47. Gift/MVI_9079.MOV,Home/47. Gift/MVI_9079.MOV,61,Home__47. Gift__MVI_9079.npy,skipped,,,,
Home,47. Gift,MVI_9080,/Users/yamini/Desktop/projects/ISL PROJECT/include_videos/Home/47. Gift/MVI_9080.MOV,Home/47. Gift/MVI_9080.MOV,61,Home__47. Gift__MVI_9080.npy,skipped,,,,
Home,47. Gift,MVI_9081,/Users/yamini/Desktop/projects/ISL PROJECT/include_videos/Home/47. Gift/MVI_9081.MOV,Home/47. Gift/MVI_9081.MOV,74,Home__47. Gift__MVI_9081.npy,skipped,,,,
Home,48. Card,MVI_4445,/Users/yamini/Desktop/projects/ISL PROJECT/include_videos/Home/48. Card/MVI_4445.MOV,Home/48. Card/MVI_4445.MOV,54,Home__48. Card__MVI_4445.npy,skipped,,,,
Home,48. Card,MVI_4446,/Users/yamini/Desktop/projects/ISL PROJECT/include_videos/Home/48. Card/MVI_4446.MOV,Home/48. Card/MVI_4446.MOV,56,Home__48. Card__MVI_4446.npy,skipped,,,,
Home,48. Card,MVI_4447,/Users/yamini/Desktop/projects/ISL PROJECT/include_videos/Home/48. Card/MVI_4447.MOV,Home/48. Card/MVI_4447.MOV,62,Home__48. Card__MVI_4447.npy,skipped,,,,
Home,48. Card,MVI_4448,/Users/yamini/Desktop/projects/ISL PROJECT/include_videos/Home/48. Card/MVI_4448.MOV,Home/48. Card/MVI_4448.MOV,62,Home__48. Card__MVI_4448.npy,skipped,,,,
Home,48. Card,MVI_4950,/Users/yamini/Desktop/projects/ISL PROJECT/include_videos/Home/48. Card/MVI_4950.MOV,Home/48. Card/MVI_4950.MOV,66,Home__48. Card__MVI_4950.npy,skipped,,,,
Home,48. Card,MVI_4951,/Users/yamini/Desktop/projects/ISL PROJECT/include_videos/Home/48. Card/MVI_4951.MOV,Home/48. Card/MVI_4951.MOV,70,Home__48. Card__MVI_4951.npy,skipped,,,,
Home,48. Card,MVI_4952,/Users/yamini/Desktop/projects/ISL PROJECT/include_videos/Home/48. Card/MVI_4952.MOV,Home/48. Card/MVI_4952.MOV,61,Home__48. Card__MVI_4952.npy,skipped,,,,
Home,48. Card,MVI_8851,/Users/yamini/Desktop/projects/ISL PROJECT/include_videos/Home/48. Card/MVI_8851.MOV,Home/48. Card/MVI_8851.MOV,83,Home__48. Card__MVI_8851.npy,skipped,,,,
Home,48. Card,MVI_8852,/Users/yamini/Desktop/projects/ISL PROJECT/include_videos/Home/48. Card/MVI_8852.MOV,Home/48. Card/MVI_8852.MOV,88,Home__48. Card__MVI_8852.npy,skipped,,,,
Home,48. Card,MVI_8853,/Users/yamini/Desktop/projects/ISL PROJECT/include_videos/Home/48. Card/MVI_8853.MOV,Home/48. Card/MVI_8853.MOV,81,Home__48. Card__MVI_8853.npy,skipped,,,,
Home,48. Card,MVI_8854,/Users/yamini/Desktop/projects/ISL PROJECT/include_videos/Home/48. Card/MVI_8854.MOV,Home/48. Card/MVI_8854.MOV,83,Home__48. Card__MVI_8854.npy,skipped,,,,
Home,48. Card,MVI_9082,/Users/yamini/Desktop/projects/ISL PROJECT/include_videos/Home/48. Card/MVI_9082.MOV,Home/48. Card/MVI_9082.MOV,73,Home__48. Card__MVI_9082.npy,skipped,,,,
Home,48. Card,MVI_9083,/Users/yamini/Desktop/projects/ISL PROJECT/include_videos/Home/48. Card/MVI_9083.MOV,Home/48. Card/MVI_9083.MOV,79,Home__48. Card__MVI_9083.npy,skipped,,,,
Home,48. Card,MVI_9084,/Users/yamini/Desktop/projects/ISL PROJECT/include_videos/Home/48. Card/MVI_9084.MOV,Home/48. Card/MVI_9084.MOV,80,Home__48. Card__MVI_9084.npy,skipped,,,,
Home,49. Ring,MVI_4449,/Users/yamini/Desktop/projects/ISL PROJECT/include_videos/Home/49. Ring/MVI_4449.MOV,Home/49. Ring/MVI_4449.MOV,50,Home__49. Ring__MVI_4449.npy,skipped,,,,
Home,49. Ring,MVI_4450,/Users/yamini/Desktop/projects/ISL PROJECT/include_videos/Home/49. Ring/MVI_4450.MOV,Home/49. Ring/MVI_4450.MOV,54,Home__49. Ring__MVI_4450.npy,skipped,,,,
Home,49. Ring,MVI_4451,/Users/yamini/Desktop/projects/ISL PROJECT/include_videos/Home/49. Ring/MVI_4451.MOV,Home/49. Ring/MVI_4451.MOV,53,Home__49. Ring__MVI_4451.npy,skipped,,,,
Home,49. Ring,MVI_4452,/Users/yamini/Desktop/projects/ISL PROJECT/include_videos/Home/49. Ring/MVI_4452.MOV,Home/49. Ring/MVI_4452.MOV,51,Home__49. Ring__MVI_4452.npy,skipped,,,,
Home,49. Ring,MVI_4953,/Users/yamini/Desktop/projects/ISL PROJECT/include_videos/Home/49. Ring/MVI_4953.MOV,Home/49. Ring/MVI_4953.MOV,56,Home__49. Ring__MVI_4953.npy,skipped,,,,
Home,49. Ring,MVI_4954,/Users/yamini/Desktop/projects/ISL PROJECT/include_videos/Home/49. Ring/MVI_4954.MOV,Home/49. Ring/MVI_4954.MOV,55,Home__49. Ring__MVI_4954.npy,skipped,,,,
Home,49. Ring,MVI_4955,/Users/yamini/Desktop/projects/ISL PROJECT/include_videos/Home/49. Ring/MVI_4955.MOV,Home/49. Ring/MVI_4955.MOV,54,Home__49. Ring__MVI_4955.npy,skipped,,,,
Home,49. Ring,MVI_8856,/Users/yamini/Desktop/projects/ISL PROJECT/include_videos/Home/49. Ring/MVI_8856.MOV,Home/49. Ring/MVI_8856.MOV,87,Home__49. Ring__MVI_8856.npy,skipped,,,,
Home,49. Ring,MVI_8857,/Users/yamini/Desktop/projects/ISL PROJECT/include_videos/Home/49. Ring/MVI_8857.MOV,Home/49. Ring/MVI_8857.MOV,82,Home__49. Ring__MVI_8857.npy,skipped,,,,
Home,49. Ring,MVI_8858,/Users/yamini/Desktop/projects/ISL PROJECT/include_videos/Home/49. Ring/MVI_8858.MOV,Home/49. Ring/MVI_8858.MOV,70,Home__49. Ring__MVI_8858.npy,skipped,,,,
Home,49. Ring,MVI_8859,/Users/yamini/Desktop/projects/ISL PROJECT/include_videos/Home/49. Ring/MVI_8859.MOV,Home/49. Ring/MVI_8859.MOV,61,Home__49. Ring__MVI_8859.npy,skipped,,,,
Home,49. Ring,MVI_9085,/Users/yamini/Desktop/projects/ISL PROJECT/include_videos/Home/49. Ring/MVI_9085.MOV,Home/49. Ring/MVI_9085.MOV,70,Home__49. Ring__MVI_9085.npy,skipped,,,,
Home,49. Ring,MVI_9086,/Users/yamini/Desktop/projects/ISL PROJECT/include_videos/Home/49. Ring/MVI_9086.MOV,Home/49. Ring/MVI_9086.MOV,67,Home__49. Ring__MVI_9086.npy,skipped,,,,
Home,49. Ring,MVI_9087,/Users/yamini/Desktop/projects/ISL PROJECT/include_videos/Home/49. Ring/MVI_9087.MOV,Home/49. Ring/MVI_9087.MOV,65,Home__49. Ring__MVI_9087.npy,skipped,,,,
Home,50. Tool,MVI_4453,/Users/yamini/Desktop/projects/ISL PROJECT/include_videos/Home/50. Tool/MVI_4453.MOV,Home/50. Tool/MVI_4453.MOV,64,Home__50. Tool__MVI_4453.npy,skipped,,,,
Home,50. Tool,MVI_4454,/Users/yamini/Desktop/projects/ISL PROJECT/include_videos/Home/50. Tool/MVI_4454.MOV,Home/50. Tool/MVI_4454.MOV,66,Home__50. Tool__MVI_4454.npy,skipped,,,,
Home,50. Tool,MVI_4455,/Users/yamini/Desktop/projects/ISL PROJECT/include_videos/Home/50. Tool/MVI_4455.MOV,Home/50. Tool/MVI_4455.MOV,71,Home__50. Tool__MVI_4455.npy,skipped,,,,
Home,50. Tool,MVI_4456,/Users/yamini/Desktop/projects/ISL PROJECT/include_videos/Home/50. Tool/MVI_4456.MOV,Home/50. Tool/MVI_4456.MOV,64,Home__50. Tool__MVI_4456.npy,skipped,,,,
Home,50. Tool,MVI_4956,/Users/yamini/Desktop/projects/ISL PROJECT/include_videos/Home/50. Tool/MVI_4956.MOV,Home/50. Tool/MVI_4956.MOV,59,Home__50. Tool__MVI_4956.npy,skipped,,,,
Home,50. Tool,MVI_4957,/Users/yamini/Desktop/projects/ISL PROJECT/include_videos/Home/50. Tool/MVI_4957.MOV,Home/50. Tool/MVI_4957.MOV,68,Home__50. Tool__MVI_4957.npy,skipped,,,,
Home,50. Tool,MVI_4958,/Users/yamini/Desktop/projects/ISL PROJECT/include_videos/Home/50. Tool/MVI_4958.MOV,Home/50. Tool/MVI_4958.MOV,62,Home__50. Tool__MVI_4958.npy,skipped,,,,
Home,50. Tool,MVI_8860,/Users/yamini/Desktop/projects/ISL PROJECT/include_videos/Home/50. Tool/MVI_8860.MOV,Home/50. Tool/MVI_8860.MOV,95,Home__50. Tool__MVI_8860.npy,skipped,,,,
Home,50. Tool,MVI_8861,/Users/yamini/Desktop/projects/ISL PROJECT/include_videos/Home/50. Tool/MVI_8861.MOV,Home/50. Tool/MVI_8861.MOV,82,Home__50. Tool__MVI_8861.npy,skipped,,,,
Home,50. Tool,MVI_8862,/Users/yamini/Desktop/projects/ISL PROJECT/include_videos/Home/50. Tool/MVI_8862.MOV,Home/50. Tool/MVI_8862.MOV,92,Home__50. Tool__MVI_8862.npy,skipped,,,,
Home,50. Tool,MVI_8863,/Users/yamini/Desktop/projects/ISL PROJECT/include_videos/Home/50. Tool/MVI_8863.MOV,Home/50. Tool/MVI_8863.MOV,86,Home__50. Tool__MVI_8863.npy,skipped,,,,
Home,50. Tool,MVI_9088,/Users/yamini/Desktop/projects/ISL PROJECT/include_videos/Home/50. Tool/MVI_9088.MOV,Home/50. Tool/MVI_9088.MOV,71,Home__50. Tool__MVI_9088.npy,skipped,,,,
Home,50. Tool,MVI_9089,/Users/yamini/Desktop/projects/ISL PROJECT/include_videos/Home/50. Tool/MVI_9089.MOV,Home/50. Tool/MVI_9089.MOV,70,Home__50. Tool__MVI_9089.npy,skipped,,,,
Home,50. Tool,MVI_9090,/Users/yamini/Desktop/projects/ISL PROJECT/include_videos/Home/50. Tool/MVI_9090.MOV,Home/50. Tool/MVI_9090.MOV,72,Home__50. Tool__MVI_9090.npy,skipped,,,,
Jobs,84. Teacher,MVI_4457,/Users/yamini/Desktop/projects/ISL PROJECT/include_videos/Jobs/84. Teacher/MVI_4457.MOV,Jobs/84. Teacher/MVI_4457.MOV,67,Jobs__84. Teacher__MVI_4457.npy,skipped,,,,
Jobs,84. Teacher,MVI_4458,/Users/yamini/Desktop/projects/ISL PROJECT/include_videos/Jobs/84. Teacher/MVI_4458.MOV,Jobs/84. Teacher/MVI_4458.MOV,73,Jobs__84. Teacher__MVI_4458.npy,skipped,,,,
Jobs,84. Teacher,MVI_4459,/Users/yamini/Desktop/projects/ISL PROJECT/include_videos/Jobs/84. Teacher/MVI_4459.MOV,Jobs/84. Teacher/MVI_4459.MOV,79,Jobs__84. Teacher__MVI_4459.npy,skipped,,,,
Jobs,84. Teacher,MVI_4460,/Users/yamini/Desktop/projects/ISL PROJECT/include_videos/Jobs/84. Teacher/MVI_4460.MOV,Jobs/84. Teacher/MVI_4460.MOV,68,Jobs__84. Teacher__MVI_4460.npy,skipped,,,,
Jobs,84. Teacher,MVI_4744,/Users/yamini/Desktop/projects/ISL PROJECT/include_videos/Jobs/84. Teacher/MVI_4744.MOV,Jobs/84. Teacher/MVI_4744.MOV,53,Jobs__84. Teacher__MVI_4744.npy,skipped,,,,
Jobs,84. Teacher,MVI_4745,/Users/yamini/Desktop/projects/ISL PROJECT/include_videos/Jobs/84. Teacher/MVI_4745.MOV,Jobs/84. Teacher/MVI_4745.MOV,64,Jobs__84. Teacher__MVI_4745.npy,skipped,,,,
Jobs,84. Teacher,MVI_4746,/Users/yamini/Desktop/projects/ISL PROJECT/include_videos/Jobs/84. Teacher/MVI_4746.MOV,Jobs/84. Teacher/MVI_4746.MOV,59,Jobs__84. Teacher__MVI_4746.npy,skipped,,,,
Jobs,84. Teacher,MVI_5310,/Users/yamini/Desktop/projects/ISL PROJECT/include_videos/Jobs/84. Teacher/MVI_5310.MOV,Jobs/84. Teacher/MVI_5310.MOV,61,Jobs__84. Teacher__MVI_5310.npy,skipped,,,,
Jobs,84. Teacher,MVI_5311,/Users/yamini/Desktop/projects/ISL PROJECT/include_videos/Jobs/84. Teacher/MVI_5311.MOV,Jobs/84. Teacher/MVI_5311.MOV,50,Jobs__84. Teacher__MVI_5311.npy,skipped,,,,
Jobs,84. Teacher,MVI_5312,/Users/yamini/Desktop/projects/ISL PROJECT/include_videos/Jobs/84. Teacher/MVI_5312.MOV,Jobs/84. Teacher/MVI_5312.MOV,51,Jobs__84. Teacher__MVI_5312.npy,skipped,,,,
Jobs,84. Teacher,MVI_5313,/Users/yamini/Desktop/projects/ISL PROJECT/include_videos/Jobs/84. Teacher/MVI_5313.MOV,Jobs/84. Teacher/MVI_5313.MOV,55,Jobs__84. Teacher__MVI_5313.npy,skipped,,,,
Jobs,84. Teacher,MVI_8864,/Users/yamini/Desktop/projects/ISL PROJECT/include_videos/Jobs/84. Teacher/MVI_8864.MOV,Jobs/84. Teacher/MVI_8864.MOV,73,Jobs__84. Teacher__MVI_8864.npy,skipped,,,,
Jobs,84. Teacher,MVI_8865,/Users/yamini/Desktop/projects/ISL PROJECT/include_videos/Jobs/84. Teacher/MVI_8865.MOV,Jobs/84. Teacher/MVI_8865.MOV,60,Jobs__84. Teacher__MVI_8865.npy,skipped,,,,
Jobs,84. Teacher,MVI_8866,/Users/yamini/Desktop/projects/ISL PROJECT/include_videos/Jobs/84. Teacher/MVI_8866.MOV,Jobs/84. Teacher/MVI_8866.MOV,61,Jobs__84. Teacher__MVI_8866.npy,skipped,,,,
Jobs,85. Student,MVI_4462,/Users/yamini/Desktop/projects/ISL PROJECT/include_videos/Jobs/85. Student/MVI_4462.MOV,Jobs/85. Student/MVI_4462.MOV,87,Jobs__85. Student__MVI_4462.npy,skipped,,,,
Jobs,85. Student,MVI_4463,/Users/yamini/Desktop/projects/ISL PROJECT/include_videos/Jobs/85. Student/MVI_4463.MOV,Jobs/85. Student/MVI_4463.MOV,78,Jobs__85. Student__MVI_4463.npy,skipped,,,,
Jobs,85. Student,MVI_4464,/Users/yamini/Desktop/projects/ISL PROJECT/include_videos/Jobs/85. Student/MVI_4464.MOV,Jobs/85. Student/MVI_4464.MOV,94,Jobs__85. Student__MVI_4464.npy,skipped,,,,
Jobs,85. Student,MVI_4465,/Users/yamini/Desktop/projects/ISL PROJECT/include_videos/Jobs/85. Student/MVI_4465.MOV,Jobs/85. Student/MVI_4465.MOV,75,Jobs__85. Student__MVI_4465.npy,skipped,,,,
Jobs,85. Student,MVI_4747,/Users/yamini/Desktop/projects/ISL PROJECT/include_videos/Jobs/85. Student/MVI_4747.MOV,Jobs/85. Student/MVI_4747.MOV,69,Jobs__85. Student__MVI_4747.npy,skipped,,,,
Jobs,85. Student,MVI_4748,/Users/yamini/Desktop/projects/ISL PROJECT/include_videos/Jobs/85. Student/MVI_4748.MOV,Jobs/85. Student/MVI_4748.MOV,64,Jobs__85. Student__MVI_4748.npy,skipped,,,,
Jobs,85. Student,MVI_4749,/Users/yamini/Desktop/projects/ISL PROJECT/include_videos/Jobs/85. Student/MVI_4749.MOV,Jobs/85. Student/MVI_4749.MOV,61,Jobs__85. Student__MVI_4749.npy,skipped,,,,
Jobs,85. Student,MVI_5314,/Users/yamini/Desktop/projects/ISL PROJECT/include_videos/Jobs/85. Student/MVI_5314.MOV,Jobs/85. Student/MVI_5314.MOV,63,Jobs__85. Student__MVI_5314.npy,skipped,,,,
Jobs,85. Student,MVI_5315,/Users/yamini/Desktop/projects/ISL PROJECT/include_videos/Jobs/85. Student/MVI_5315.MOV,Jobs/85. Student/MVI_5315.MOV,58,Jobs__85. Student__MVI_5315.npy,skipped,,,,
Jobs,85. Student,MVI_5316,/Users/yamini/Desktop/projects/ISL PROJECT/include_videos/Jobs/85. Student/MVI_5316.MOV,Jobs/85. Student/MVI_5316.MOV,60,Jobs__85. Student__MVI_5316.npy,skipped,,,,
Jobs,85. Student,MVI_5317,/Users/yamini/Desktop/projects/ISL PROJECT/include_videos/Jobs/85. Student/MVI_5317.MOV,Jobs/85. Student/MVI_5317.MOV,63,Jobs__85. Student__MVI_5317.npy,skipped,,,,
Jobs,85. Student,MVI_8868,/Users/yamini/Desktop/projects/ISL PROJECT/include_videos/Jobs/85. Student/MVI_8868.MOV,Jobs/85. Student/MVI_8868.MOV,68,Jobs__85. Student__MVI_8868.npy,skipped,,,,
Jobs,85. Student,MVI_8869,/Users/yamini/Desktop/projects/ISL PROJECT/include_videos/Jobs/85. Student/MVI_8869.MOV,Jobs/85. Student/MVI_8869.MOV,68,Jobs__85. Student__MVI_8869.npy,skipped,,,,
Jobs,85. Student,MVI_8870,/Users/yamini/Desktop/projects/ISL PROJECT/include_videos/Jobs/85. Student/MVI_8870.MOV,Jobs/85. Student/MVI_8870.MOV,68,Jobs__85. Student__MVI_8870.npy,skipped,,,,
Jobs,86. Lawyer,MVI_4466,/Users/yamini/Desktop/projects/ISL PROJECT/include_videos/Jobs/86. Lawyer/MVI_4466.MOV,Jobs/86. Lawyer/MVI_4466.MOV,68,Jobs__86. Lawyer__MVI_4466.npy,skipped,,,,
Jobs,86. Lawyer,MVI_4467,/Users/yamini/Desktop/projects/ISL PROJECT/include_videos/Jobs/86. Lawyer/MVI_4467.MOV,Jobs/86. Lawyer/MVI_4467.MOV,73,Jobs__86. Lawyer__MVI_4467.npy,skipped,,,,
Jobs,86. Lawyer,MVI_4468,/Users/yamini/Desktop/projects/ISL PROJECT/include_videos/Jobs/86. Lawyer/MVI_4468.MOV,Jobs/86. Lawyer/MVI_4468.MOV,59,Jobs__86. Lawyer__MVI_4468.npy,skipped,,,,
Jobs,86. Lawyer,MVI_4469,/Users/yamini/Desktop/projects/ISL PROJECT/include_videos/Jobs/86. Lawyer/MVI_4469.MOV,Jobs/86. Lawyer/MVI_4469.MOV,57,Jobs__86. Lawyer__MVI_4469.npy,skipped,,,,
Jobs,86. Lawyer,MVI_4750,/Users/yamini/Desktop/projects/ISL PROJECT/include_videos/Jobs/86. Lawyer/MVI_4750.MOV,Jobs/86. Lawyer/MVI_4750.MOV,56,Jobs__86. Lawyer__MVI_4750.npy,skipped,,,,
Jobs,86. Lawyer,MVI_4752,/Users/yamini/Desktop/projects/ISL PROJECT/include_videos/Jobs/86. Lawyer/MVI_4752.MOV,Jobs/86. Lawyer/MVI_4752.MOV,63,Jobs__86. Lawyer__MVI_4752.npy,skipped,,,,
Jobs,86. Lawyer,MVI_4753,/Users/yamini/Desktop/projects/ISL PROJECT/include_videos/Jobs/86. Lawyer/MVI_4753.MOV,Jobs/86. Lawyer/MVI_4753.MOV,60,Jobs__86. Lawyer__MVI_4753.npy,skipped,,,,
Jobs,86. Lawyer,MVI_5318,/Users/yamini/Desktop/projects/ISL PROJECT/include_videos/Jobs/86. Lawyer/MVI_5318.MOV,Jobs/86. Lawyer/MVI_5318.MOV,47,Jobs__86. Lawyer__MVI_5318.npy,skipped,,,,
Jobs,86. Lawyer,MVI_5319,/Users/yamini/Desktop/projects/ISL PROJECT/include_videos/Jobs/86. Lawyer/MVI_5319.MOV,Jobs/86. Lawyer/MVI_5319.MOV,48,Jobs__86. Lawyer__MVI_5319.npy,skipped,,,,
Jobs,86. Lawyer,MVI_5320,/Users/yamini/Desktop/projects/ISL PROJECT/include_videos/Jobs/86. Lawyer/MVI_5320.MOV,Jobs/86. Lawyer/MVI_5320.MOV,47,Jobs__86. Lawyer__MVI_5320.npy,skipped,,,,
Jobs,86. Lawyer,MVI_5321,/Users/yamini/Desktop/projects/ISL PROJECT/include_videos/Jobs/86. Lawyer/MVI_5321.MOV,Jobs/86. Lawyer/MVI_5321.MOV,54,Jobs__86. Lawyer__MVI_5321.npy,skipped,,,,
Jobs,86. Lawyer,MVI_8871,/Users/yamini/Desktop/projects/ISL PROJECT/include_videos/Jobs/86. Lawyer/MVI_8871.MOV,Jobs/86. Lawyer/MVI_8871.MOV,62,Jobs__86. Lawyer__MVI_8871.npy,skipped,,,,
Jobs,86. Lawyer,MVI_8872,/Users/yamini/Desktop/projects/ISL PROJECT/include_videos/Jobs/86. Lawyer/MVI_8872.MOV,Jobs/86. Lawyer/MVI_8872.MOV,52,Jobs__86. Lawyer__MVI_8872.npy,skipped,,,,
Jobs,86. Lawyer,MVI_8873,/Users/yamini/Desktop/projects/ISL PROJECT/include_videos/Jobs/86. Lawyer/MVI_8873.MOV,Jobs/86. Lawyer/MVI_8873.MOV,60,Jobs__86. Lawyer__MVI_8873.npy,skipped,,,,
Jobs,87. Doctor,MVI_4470,/Users/yamini/Desktop/projects/ISL PROJECT/include_videos/Jobs/87. Doctor/MVI_4470.MOV,Jobs/87. Doctor/MVI_4470.MOV,57,Jobs__87. Doctor__MVI_4470.npy,skipped,,,,
Jobs,87. Doctor,MVI_4471,/Users/yamini/Desktop/projects/ISL PROJECT/include_videos/Jobs/87. Doctor/MVI_4471.MOV,Jobs/87. Doctor/MVI_4471.MOV,68,Jobs__87. Doctor__MVI_4471.npy,skipped,,,,
Jobs,87. Doctor,MVI_4472,/Users/yamini/Desktop/projects/ISL PROJECT/include_videos/Jobs/87. Doctor/MVI_4472.MOV,Jobs/87. Doctor/MVI_4472.MOV,60,Jobs__87. Doctor__MVI_4472.npy,skipped,,,,
Jobs,87. Doctor,MVI_4473,/Users/yamini/Desktop/projects/ISL PROJECT/include_videos/Jobs/87. Doctor/MVI_4473.MOV,Jobs/87. Doctor/MVI_4473.MOV,67,Jobs__87. Doctor__MVI_4473.npy,skipped,,,,
Jobs,87. Doctor,MVI_4754,/Users/yamini/Desktop/projects/ISL PROJECT/include_videos/Jobs/87. Doctor/MVI_4754.MOV,Jobs/87. Doctor/MVI_4754.MOV,61,Jobs__87. Doctor__MVI_4754.npy,skipped,,,,
Jobs,87. Doctor,MVI_4755,/Users/yamini/Desktop/projects/ISL PROJECT/include_videos/Jobs/87. Doctor/MVI_4755.MOV,Jobs/87. Doctor/MVI_4755.MOV,57,Jobs__87. Doctor__MVI_4755.npy,skipped,,,,
Jobs,87. Doctor,MVI_4757,/Users/yamini/Desktop/projects/ISL PROJECT/include_videos/Jobs/87. Doctor/MVI_4757.MOV,Jobs/87. Doctor/MVI_4757.MOV,57,Jobs__87. Doctor__MVI_4757.npy,skipped,,,,
Jobs,87. Doctor,MVI_5322,/Users/yamini/Desktop/projects/ISL PROJECT/include_videos/Jobs/87. Doctor/MVI_5322.MOV,Jobs/87. Doctor/MVI_5322.MOV,50,Jobs__87. Doctor__MVI_5322.npy,skipped,,,,
Jobs,87. Doctor,MVI_5323,/Users/yamini/Desktop/projects/ISL PROJECT/include_videos/Jobs/87. Doctor/MVI_5323.MOV,Jobs/87. Doctor/MVI_5323.MOV,51,Jobs__87. Doctor__MVI_5323.npy,skipped,,,,
Jobs,87. Doctor,MVI_5324,/Users/yamini/Desktop/projects/ISL PROJECT/include_videos/Jobs/87. Doctor/MVI_5324.MOV,Jobs/87. Doctor/MVI_5324.MOV,46,Jobs__87. Doctor__MVI_5324.npy,skipped,,,,
Jobs,87. Doctor,MVI_5325,/Users/yamini/Desktop/projects/ISL PROJECT/include_videos/Jobs/87. Doctor/MVI_5325.MOV,Jobs/87. Doctor/MVI_5325.MOV,46,Jobs__87. Doctor__MVI_5325.npy,skipped,,,,
Jobs,87. Doctor,MVI_8874,/Users/yamini/Desktop/projects/ISL PROJECT/include_videos/Jobs/87. Doctor/MVI_8874.MOV,Jobs/87. Doctor/MVI_8874.MOV,62,Jobs__87. Doctor__MVI_8874.npy,skipped,,,,
Jobs,87. Doctor,MVI_8875,/Users/yamini/Desktop/projects/ISL PROJECT/include_videos/Jobs/87. Doctor/MVI_8875.MOV,Jobs/87. Doctor/MVI_8875.MOV,58,Jobs__87. Doctor__MVI_8875.npy,skipped,,,,
Jobs,87. Doctor,MVI_8876,/Users/yamini/Desktop/projects/ISL PROJECT/include_videos/Jobs/87. Doctor/MVI_8876.MOV,Jobs/87. Doctor/MVI_8876.MOV,79,Jobs__87. Doctor__MVI_8876.npy,skipped,,,,
Jobs,88. Patient,MVI_4474,/Users/yamini/Desktop/projects/ISL PROJECT/include_videos/Jobs/88. Patient/MVI_4474.MOV,Jobs/88. Patient/MVI_4474.MOV,96,Jobs__88. Patient__MVI_4474.npy,skipped,,,,
Jobs,88. Patient,MVI_4475,/Users/yamini/Desktop/projects/ISL PROJECT/include_videos/Jobs/88. Patient/MVI_4475.MOV,Jobs/88. Patient/MVI_4475.MOV,73,Jobs__88. Patient__MVI_4475.npy,skipped,,,,
Jobs,88. Patient,MVI_4476,/Users/yamini/Desktop/projects/ISL PROJECT/include_videos/Jobs/88. Patient/MVI_4476.MOV,Jobs/88. Patient/MVI_4476.MOV,88,Jobs__88. Patient__MVI_4476.npy,skipped,,,,
Jobs,88. Patient,MVI_4477,/Users/yamini/Desktop/projects/ISL PROJECT/include_videos/Jobs/88. Patient/MVI_4477.MOV,Jobs/88. Patient/MVI_4477.MOV,92,Jobs__88. Patient__MVI_4477.npy,skipped,,,,
Jobs,88. Patient,MVI_4758,/Users/yamini/Desktop/projects/ISL PROJECT/include_videos/Jobs/88. Patient/MVI_4758.MOV,Jobs/88. Patient/MVI_4758.MOV,70,Jobs__88. Patient__MVI_4758.npy,skipped,,,,
Jobs,88. Patient,MVI_4759,/Users/yamini/Desktop/projects/ISL PROJECT/include_videos/Jobs/88. Patient/MVI_4759.MOV,Jobs/88. Patient/MVI_4759.MOV,62,Jobs__88. Patient__MVI_4759.npy,skipped,,,,
Jobs,88. Patient,MVI_4760,/Users/yamini/Desktop/projects/ISL PROJECT/include_videos/Jobs/88. Patient/MVI_4760.MOV,Jobs/88. Patient/MVI_4760.MOV,56,Jobs__88. Patient__MVI_4760.npy,skipped,,,,
Jobs,88. Patient,MVI_5326,/Users/yamini/Desktop/projects/ISL PROJECT/include_videos/Jobs/88. Patient/MVI_5326.MOV,Jobs/88. Patient/MVI_5326.MOV,55,Jobs__88. Patient__MVI_5326.npy,skipped,,,,
Jobs,88. Patient,MVI_5327,/Users/yamini/Desktop/projects/ISL PROJECT/include_videos/Jobs/88. Patient/MVI_5327.MOV,Jobs/88. Patient/MVI_5327.MOV,60,Jobs__88. Patient__MVI_5327.npy,skipped,,,,
Jobs,88. Patient,MVI_5328,/Users/yamini/Desktop/projects/ISL PROJECT/include_videos/Jobs/88. Patient/MVI_5328.MOV,Jobs/88. Patient/MVI_5328.MOV,62,Jobs__88. Patient__MVI_5328.npy,skipped,,,,
Jobs,88. Patient,MVI_5329,/Users/yamini/Desktop/projects/ISL PROJECT/include_videos/Jobs/88. Patient/MVI_5329.MOV,Jobs/88. Patient/MVI_5329.MOV,60,Jobs__88. Patient__MVI_5329.npy,skipped,,,,
Jobs,88. Patient,MVI_8878,/Users/yamini/Desktop/projects/ISL PROJECT/include_videos/Jobs/88. Patient/MVI_8878.MOV,Jobs/88. Patient/MVI_8878.MOV,67,Jobs__88. Patient__MVI_8878.npy,skipped,,,,
Jobs,88. Patient,MVI_8879,/Users/yamini/Desktop/projects/ISL PROJECT/include_videos/Jobs/88. Patient/MVI_8879.MOV,Jobs/88. Patient/MVI_8879.MOV,71,Jobs__88. Patient__MVI_8879.npy,skipped,,,,
Jobs,88. Patient,MVI_8880,/Users/yamini/Desktop/projects/ISL PROJECT/include_videos/Jobs/88. Patient/MVI_8880.MOV,Jobs/88. Patient/MVI_8880.MOV,80,Jobs__88. Patient__MVI_8880.npy,skipped,,,,
Jobs,89. Waiter,MVI_4478,/Users/yamini/Desktop/projects/ISL PROJECT/include_videos/Jobs/89. Waiter/MVI_4478.MOV,Jobs/89. Waiter/MVI_4478.MOV,91,Jobs__89. Waiter__MVI_4478.npy,skipped,,,,
Jobs,89. Waiter,MVI_4479,/Users/yamini/Desktop/projects/ISL PROJECT/include_videos/Jobs/89. Waiter/MVI_4479.MOV,Jobs/89. Waiter/MVI_4479.MOV,96,Jobs__89. Waiter__MVI_4479.npy,skipped,,,,
Jobs,89. Waiter,MVI_4480,/Users/yamini/Desktop/projects/ISL PROJECT/include_videos/Jobs/89. Waiter/MVI_4480.MOV,Jobs/89. Waiter/MVI_4480.MOV,84,Jobs__89. Waiter__MVI_4480.npy,skipped,,,,
Jobs,89. Waiter,MVI_4481,/Users/yamini/Desktop/projects/ISL PROJECT/include_videos/Jobs/89. Waiter/MVI_4481.MOV,Jobs/89. Waiter/MVI_4481.MOV,99,Jobs__89. Waiter__MVI_4481.npy,skipped,,,,
Jobs,89. Waiter,MVI_4761,/Users/yamini/Desktop/projects/ISL PROJECT/include_videos/Jobs/89. Waiter/MVI_4761.MOV,Jobs/89. Waiter/MVI_4761.MOV,72,Jobs__89. Waiter__MVI_4761.npy,skipped,,,,
Jobs,89. Waiter,MVI_4762,/Users/yamini/Desktop/projects/ISL PROJECT/include_videos/Jobs/89. Waiter/MVI_4762.MOV,Jobs/89. Waiter/MVI_4762.MOV,65,Jobs__89. Waiter__MVI_4762.npy,skipped,,,,
Jobs,89. Waiter,MVI_4763,/Users/yamini/Desktop/projects/ISL PROJECT/include_videos/Jobs/89. Waiter/MVI_4763.MOV,Jobs/89. Waiter/MVI_4763.MOV,75,Jobs__89. Waiter__MVI_4763.npy,skipped,,,,
Jobs,89. Waiter,MVI_5333,/Users/yamini/Desktop/projects/ISL PROJECT/include_videos/Jobs/89. Waiter/MVI_5333.MOV,Jobs/89. Waiter/MVI_5333.MOV,60,Jobs__89. Waiter__MVI_5333.npy,skipped,,,,
Jobs,89. Waiter,MVI_5334,/Users/yamini/Desktop/projects/ISL PROJECT/include_videos/Jobs/89. Waiter/MVI_5334.MOV,Jobs/89. Waiter/MVI_5334.MOV,62,Jobs__89. Waiter__MVI_5334.npy,skipped,,,,
Jobs,89. Waiter,MVI_5335,/Users/yamini/Desktop/projects/ISL PROJECT/include_videos/Jobs/89. Waiter/MVI_5335.MOV,Jobs/89. Waiter/MVI_5335.MOV,95,Jobs__89. Waiter__MVI_5335.npy,skipped,,,,
Jobs,89. Waiter,MVI_5337,/Users/yamini/Desktop/projects/ISL PROJECT/include_videos/Jobs/89. Waiter/MVI_5337.MOV,Jobs/89. Waiter/MVI_5337.MOV,63,Jobs__89. Waiter__MVI_5337.npy,skipped,,,,
Jobs,89. Waiter,MVI_8881,/Users/yamini/Desktop/projects/ISL PROJECT/include_videos/Jobs/89. Waiter/MVI_8881.MOV,Jobs/89. Waiter/MVI_8881.MOV,70,Jobs__89. Waiter__MVI_8881.npy,skipped,,,,
Jobs,89. Waiter,MVI_8882,/Users/yamini/Desktop/projects/ISL PROJECT/include_videos/Jobs/89. Waiter/MVI_8882.MOV,Jobs/89. Waiter/MVI_8882.MOV,75,Jobs__89. Waiter__MVI_8882.npy,skipped,,,,
Jobs,89. Waiter,MVI_8883,/Users/yamini/Desktop/projects/ISL PROJECT/include_videos/Jobs/89. Waiter/MVI_8883.MOV,Jobs/89. Waiter/MVI_8883.MOV,73,Jobs__89. Waiter__MVI_8883.npy,skipped,,,,
Jobs,90. Secretary,MVI_4482,/Users/yamini/Desktop/projects/ISL PROJECT/include_videos/Jobs/90. Secretary/MVI_4482.MOV,Jobs/90. Secretary/MVI_4482.MOV,69,Jobs__90. Secretary__MVI_4482.npy,skipped,,,,
Jobs,90. Secretary,MVI_4483,/Users/yamini/Desktop/projects/ISL PROJECT/include_videos/Jobs/90. Secretary/MVI_4483.MOV,Jobs/90. Secretary/MVI_4483.MOV,81,Jobs__90. Secretary__MVI_4483.npy,skipped,,,,
Jobs,90. Secretary,MVI_4484,/Users/yamini/Desktop/projects/ISL PROJECT/include_videos/Jobs/90. Secretary/MVI_4484.MOV,Jobs/90. Secretary/MVI_4484.MOV,79,Jobs__90. Secretary__MVI_4484.npy,skipped,,,,
Jobs,90. Secretary,MVI_4485,/Users/yamini/Desktop/projects/ISL PROJECT/include_videos/Jobs/90. Secretary/MVI_4485.MOV,Jobs/90. Secretary/MVI_4485.MOV,78,Jobs__90. Secretary__MVI_4485.npy,skipped,,,,
Jobs,90. Secretary,MVI_4767,/Users/yamini/Desktop/projects/ISL PROJECT/include_videos/Jobs/90. Secretary/MVI_4767.MOV,Jobs/90. Secretary/MVI_4767.MOV,78,Jobs__90. Secretary__MVI_4767.npy,skipped,,,,
Jobs,90. Secretary,MVI_4768,/Users/yamini/Desktop/projects/ISL PROJECT/include_videos/Jobs/90. Secretary/MVI_4768.MOV,Jobs/90. Secretary/MVI_4768.MOV,68,Jobs__90. Secretary__MVI_4768.npy,skipped,,,,
Jobs,90. Secretary,MVI_4769,/Users/yamini/Desktop/projects/ISL PROJECT/include_videos/Jobs/90. Secretary/MVI_4769.MOV,Jobs/90. Secretary/MVI_4769.MOV,62,Jobs__90. Secretary__MVI_4769.npy,skipped,,,,
Jobs,90. Secretary,MVI_5338,/Users/yamini/Desktop/projects/ISL PROJECT/include_videos/Jobs/90. Secretary/MVI_5338.MOV,Jobs/90. Secretary/MVI_5338.MOV,59,Jobs__90. Secretary__MVI_5338.npy,skipped,,,,
Jobs,90. Secretary,MVI_5339,/Users/yamini/Desktop/projects/ISL PROJECT/include_videos/Jobs/90. Secretary/MVI_5339.MOV,Jobs/90. Secretary/MVI_5339.MOV,64,Jobs__90. Secretary__MVI_5339.npy,skipped,,,,
Jobs,90. Secretary,MVI_5340,/Users/yamini/Desktop/projects/ISL PROJECT/include_videos/Jobs/90. Secretary/MVI_5340.MOV,Jobs/90. Secretary/MVI_5340.MOV,68,Jobs__90. Secretary__MVI_5340.npy,skipped,,,,
Jobs,90. Secretary,MVI_5341,/Users/yamini/Desktop/projects/ISL PROJECT/include_videos/Jobs/90. Secretary/MVI_5341.MOV,Jobs/90. Secretary/MVI_5341.MOV,62,Jobs__90. Secretary__MVI_5341.npy,skipped,,,,
Jobs,90. Secretary,MVI_8884,/Users/yamini/Desktop/projects/ISL PROJECT/include_videos/Jobs/90. Secretary/MVI_8884.MOV,Jobs/90. Secretary/MVI_8884.MOV,65,Jobs__90. Secretary__MVI_8884.npy,skipped,,,,
Jobs,90. Secretary,MVI_8885,/Users/yamini/Desktop/projects/ISL PROJECT/include_videos/Jobs/90. Secretary/MVI_8885.MOV,Jobs/90. Secretary/MVI_8885.MOV,69,Jobs__90. Secretary__MVI_8885.npy,skipped,,,,
Jobs,90. Secretary,MVI_8886,/Users/yamini/Desktop/projects/ISL PROJECT/include_videos/Jobs/90. Secretary/MVI_8886.MOV,Jobs/90. Secretary/MVI_8886.MOV,63,Jobs__90. Secretary__MVI_8886.npy,skipped,,,,
Jobs,91. Priest,MVI_4486,/Users/yamini/Desktop/projects/ISL PROJECT/include_videos/Jobs/91. Priest/MVI_4486.MOV,Jobs/91. Priest/MVI_4486.MOV,79,Jobs__91. Priest__MVI_4486.npy,skipped,,,,
Jobs,91. Priest,MVI_4487,/Users/yamini/Desktop/projects/ISL PROJECT/include_videos/Jobs/91. Priest/MVI_4487.MOV,Jobs/91. Priest/MVI_4487.MOV,64,Jobs__91. Priest__MVI_4487.npy,skipped,,,,
Jobs,91. Priest,MVI_4488,/Users/yamini/Desktop/projects/ISL PROJECT/include_videos/Jobs/91. Priest/MVI_4488.MOV,Jobs/91. Priest/MVI_4488.MOV,78,Jobs__91. Priest__MVI_4488.npy,skipped,,,,
Jobs,91. Priest,MVI_4489,/Users/yamini/Desktop/projects/ISL PROJECT/include_videos/Jobs/91. Priest/MVI_4489.MOV,Jobs/91. Priest/MVI_4489.MOV,60,Jobs__91. Priest__MVI_4489.npy,skipped,,,,
Jobs,91. Priest,MVI_4490,/Users/yamini/Desktop/projects/ISL PROJECT/include_videos/Jobs/91. Priest/MVI_4490.MOV,Jobs/91. Priest/MVI_4490.MOV,73,Jobs__91. Priest__MVI_4490.npy,skipped,,,,
Jobs,91. Priest,MVI_4770,/Users/yamini/Desktop/projects/ISL PROJECT/include_videos/Jobs/91. Priest/MVI_4770.MOV,Jobs/91. Priest/MVI_4770.MOV,61,Jobs__91. Priest__MVI_4770.npy,skipped,,,,
Jobs,91. Priest,MVI_4771,/Users/yamini/Desktop/projects/ISL PROJECT/include_videos/Jobs/91. Priest/MVI_4771.MOV,Jobs/91. Priest/MVI_4771.MOV,56,Jobs__91. Priest__MVI_4771.npy,skipped,,,,
Jobs,91. Priest,MVI_4772,/Users/yamini/Desktop/projects/ISL PROJECT/include_videos/Jobs/91. Priest/MVI_4772.MOV,Jobs/91. Priest/MVI_4772.MOV,49,Jobs__91. Priest__MVI_4772.npy,skipped,,,,
Jobs,91. Priest,MVI_5342,/Users/yamini/Desktop/projects/ISL PROJECT/include_videos/Jobs/91. Priest/MVI_5342.MOV,Jobs/91. Priest/MVI_5342.MOV,53,Jobs__91. Priest__MVI_5342.npy,skipped,,,,
Jobs,91. Priest,MVI_5343,/Users/yamini/Desktop/projects/ISL PROJECT/include_videos/Jobs/91. Priest/MVI_5343.MOV,Jobs/91. Priest/MVI_5343.MOV,53,Jobs__91. Priest__MVI_5343.npy,skipped,,,,
Jobs,91. Priest,MVI_5344,/Users/yamini/Desktop/projects/ISL PROJECT/include_videos/Jobs/91. Priest/MVI_5344.MOV,Jobs/91. Priest/MVI_5344.MOV,47,Jobs__91. Priest__MVI_5344.npy,skipped,,,,
Jobs,91. Priest,MVI_5345,/Users/yamini/Desktop/projects/ISL PROJECT/include_videos/Jobs/91. Priest/MVI_5345.MOV,Jobs/91. Priest/MVI_5345.MOV,45,Jobs__91. Priest__MVI_5345.npy,skipped,,,,
Jobs,91. Priest,MVI_8887,/Users/yamini/Desktop/projects/ISL PROJECT/include_videos/Jobs/91. Priest/MVI_8887.MOV,Jobs/91. Priest/MVI_8887.MOV,61,Jobs__91. Priest__MVI_8887.npy,skipped,,,,
Jobs,91. Priest,MVI_8888,/Users/yamini/Desktop/projects/ISL PROJECT/include_videos/Jobs/91. Priest/MVI_8888.MOV,Jobs/91. Priest/MVI_8888.MOV,63,Jobs__91. Priest__MVI_8888.npy,skipped,,,,
Jobs,91. Priest,MVI_8889,/Users/yamini/Desktop/projects/ISL PROJECT/include_videos/Jobs/91. Priest/MVI_8889.MOV,Jobs/91. Priest/MVI_8889.MOV,65,Jobs__91. Priest__MVI_8889.npy,skipped,,,,
Jobs,92. Police,MVI_4491,/Users/yamini/Desktop/projects/ISL PROJECT/include_videos/Jobs/92. Police/MVI_4491.MOV,Jobs/92. Police/MVI_4491.MOV,74,Jobs__92. Police__MVI_4491.npy,skipped,,,,
Jobs,92. Police,MVI_4492,/Users/yamini/Desktop/projects/ISL PROJECT/include_videos/Jobs/92. Police/MVI_4492.MOV,Jobs/92. Police/MVI_4492.MOV,60,Jobs__92. Police__MVI_4492.npy,skipped,,,,
Jobs,92. Police,MVI_4493,/Users/yamini/Desktop/projects/ISL PROJECT/include_videos/Jobs/92. Police/MVI_4493.MOV,Jobs/92. Police/MVI_4493.MOV,58,Jobs__92. Police__MVI_4493.npy,skipped,,,,
Jobs,92. Police,MVI_4494,/Users/yamini/Desktop/projects/ISL PROJECT/include_videos/Jobs/92. Police/MVI_4494.MOV,Jobs/92. Police/MVI_4494.MOV,51,Jobs__92. Police__MVI_4494.npy,skipped,,,,
Jobs,92. Police,MVI_4773,/Users/yamini/Desktop/projects/ISL PROJECT/include_videos/Jobs/92. Police/MVI_4773.MOV,Jobs/92. Police/MVI_4773.MOV,63,Jobs__92. Police__MVI_4773.npy,skipped,,,,
Jobs,92. Police,MVI_4774,/Users/yamini/Desktop/projects/ISL PROJECT/include_videos/Jobs/92. Police/MVI_4774.MOV,Jobs/92. Police/MVI_4774.MOV,58,Jobs__92. Police__MVI_4774.npy,skipped,,,,
Jobs,92. Police,MVI_4775,/Users/yamini/Desktop/projects/ISL PROJECT/include_videos/Jobs/92. Police/MVI_4775.MOV,Jobs/92. Police/MVI_4775.MOV,49,Jobs__92. Police__MVI_4775.npy,skipped,,,,
Jobs,92. Police,MVI_5346,/Users/yamini/Desktop/projects/ISL PROJECT/include_videos/Jobs/92. Police/MVI_5346.MOV,Jobs/92. Police/MVI_5346.MOV,52,Jobs__92. Police__MVI_5346.npy,skipped,,,,
Jobs,92. Police,MVI_5347,/Users/yamini/Desktop/projects/ISL PROJECT/include_videos/Jobs/92. Police/MVI_5347.MOV,Jobs/92. Police/MVI_5347.MOV,52,Jobs__92. Police__MVI_5347.npy,skipped,,,,
Jobs,92. Police,MVI_5348,/Users/yamini/Desktop/projects/ISL PROJECT/include_videos/Jobs/92. Police/MVI_5348.MOV,Jobs/92. Police/MVI_5348.MOV,51,Jobs__92. Police__MVI_5348.npy,skipped,,,,
Jobs,92. Police,MVI_5349,/Users/yamini/Desktop/projects/ISL PROJECT/include_videos/Jobs/92. Police/MVI_5349.MOV,Jobs/92. Police/MVI_5349.MOV,50,Jobs__92. Police__MVI_5349.npy,skipped,,,,
Jobs,92. Police,MVI_8890,/Users/yamini/Desktop/projects/ISL PROJECT/include_videos/Jobs/92. Police/MVI_8890.MOV,Jobs/92. Police/MVI_8890.MOV,56,Jobs__92. Police__MVI_8890.npy,skipped,,,,
Jobs,92. Police,MVI_8891,/Users/yamini/Desktop/projects/ISL PROJECT/include_videos/Jobs/92. Police/MVI_8891.MOV,Jobs/92. Police/MVI_8891.MOV,64,Jobs__92. Police__MVI_8891.npy,skipped,,,,
Jobs,92. Police,MVI_8892,/Users/yamini/Desktop/projects/ISL PROJECT/include_videos/Jobs/92. Police/MVI_8892.MOV,Jobs/92. Police/MVI_8892.MOV,62,Jobs__92. Police__MVI_8892.npy,skipped,,,,
Jobs,93. Soldier,MVI_4495,/Users/yamini/Desktop/projects/ISL PROJECT/include_videos/Jobs/93. Soldier/MVI_4495.MOV,Jobs/93. Soldier/MVI_4495.MOV,68,Jobs__93. Soldier__MVI_4495.npy,skipped,,,,
Jobs,93. Soldier,MVI_4496,/Users/yamini/Desktop/projects/ISL PROJECT/include_videos/Jobs/93. Soldier/MVI_4496.MOV,Jobs/93. Soldier/MVI_4496.MOV,54,Jobs__93. Soldier__MVI_4496.npy,skipped,,,,
Jobs,93. Soldier,MVI_4497,/Users/yamini/Desktop/projects/ISL PROJECT/include_videos/Jobs/93. Soldier/MVI_4497.MOV,Jobs/93. Soldier/MVI_4497.MOV,56,Jobs__93. Soldier__MVI_4497.npy,skipped,,,,
Jobs,93. Soldier,MVI_4498,/Users/yamini/Desktop/projects/ISL PROJECT/include_videos/Jobs/93. Soldier/MVI_4498.MOV,Jobs/93. Soldier/MVI_4498.MOV,55,Jobs__93. Soldier__MVI_4498.npy,skipped,,,,
Jobs,93. Soldier,MVI_4776,/Users/yamini/Desktop/projects/ISL PROJECT/include_videos/Jobs/93. Soldier/MVI_4776.MOV,Jobs/93. Soldier/MVI_4776.MOV,58,Jobs__93. Soldier__MVI_4776.npy,skipped,,,,
Jobs,93. Soldier,MVI_4777,/Users/yamini/Desktop/projects/ISL PROJECT/include_videos/Jobs/93. Soldier/MVI_4777.MOV,Jobs/93. Soldier/MVI_4777.MOV,58,Jobs__93. Soldier__MVI_4777.npy,skipped,,,,
Jobs,93. Soldier,MVI_4778,/Users/yamini/Desktop/projects/ISL PROJECT/include_videos/Jobs/93. Soldier/MVI_4778.MOV,Jobs/93. Soldier/MVI_4778.MOV,57,Jobs__93. Soldier__MVI_4778.npy,skipped,,,,
Jobs,93. Soldier,MVI_5350,/Users/yamini/Desktop/projects/ISL PROJECT/include_videos/Jobs/93. Soldier/MVI_5350.MOV,Jobs/93. Soldier/MVI_5350.MOV,46,Jobs__93. Soldier__MVI_5350.npy,skipped,,,,
Jobs,93. Soldier,MVI_5351,/Users/yamini/Desktop/projects/ISL PROJECT/include_videos/Jobs/93. Soldier/MVI_5351.MOV,Jobs/93. Soldier/MVI_5351.MOV,49,Jobs__93. Soldier__MVI_5351.npy,skipped,,,,
Jobs,93. Soldier,MVI_5352,/Users/yamini/Desktop/projects/ISL PROJECT/include_videos/Jobs/93. Soldier/MVI_5352.MOV,Jobs/93. Soldier/MVI_5352.MOV,76,Jobs__93. Soldier__MVI_5352.npy,skipped,,,,
Jobs,93. Soldier,MVI_5353,/Users/yamini/Desktop/projects/ISL PROJECT/include_videos/Jobs/93. Soldier/MVI_5353.MOV,Jobs/93. Soldier/MVI_5353.MOV,42,Jobs__93. Soldier__MVI_5353.npy,skipped,,,,
Jobs,93. Soldier,MVI_8893,/Users/yamini/Desktop/projects/ISL PROJECT/include_videos/Jobs/93. Soldier/MVI_8893.MOV,Jobs/93. Soldier/MVI_8893.MOV,65,Jobs__93. Soldier__MVI_8893.npy,skipped,,,,
Jobs,93. Soldier,MVI_8894,/Users/yamini/Desktop/projects/ISL PROJECT/include_videos/Jobs/93. Soldier/MVI_8894.MOV,Jobs/93. Soldier/MVI_8894.MOV,57,Jobs__93. Soldier__MVI_8894.npy,skipped,,,,
Jobs,93. Soldier,MVI_8895,/Users/yamini/Desktop/projects/ISL PROJECT/include_videos/Jobs/93. Soldier/MVI_8895.MOV,Jobs/93. Soldier/MVI_8895.MOV,61,Jobs__93. Soldier__MVI_8895.npy,skipped,,,,
Jobs,94. Artist,MVI_4500,/Users/yamini/Desktop/projects/ISL PROJECT/include_videos/Jobs/94. Artist/MVI_4500.MOV,Jobs/94. Artist/MVI_4500.MOV,69,Jobs__94. Artist__MVI_4500.npy,skipped,,,,
Jobs,94. Artist,MVI_4501,/Users/yamini/Desktop/projects/ISL PROJECT/include_videos/Jobs/94. Artist/MVI_4501.MOV,Jobs/94. Artist/MVI_4501.MOV,76,Jobs__94. Artist__MVI_4501.npy,skipped,,,,
Jobs,94. Artist,MVI_4502,/Users/yamini/Desktop/projects/ISL PROJECT/include_videos/Jobs/94. Artist/MVI_4502.MOV,Jobs/94. Artist/MVI_4502.MOV,80,Jobs__94. Artist__MVI_4502.npy,skipped,,,,
Jobs,94. Artist,MVI_4503,/Users/yamini/Desktop/projects/ISL PROJECT/include_videos/Jobs/94. Artist/MVI_4503.MOV,Jobs/94. Artist/MVI_4503.MOV,76,Jobs__94. Artist__MVI_4503.npy,skipped,,,,
Jobs,94. Artist,MVI_4779,/Users/yamini/Desktop/projects/ISL PROJECT/include_videos/Jobs/94. Artist/MVI_4779.MOV,Jobs/94. Artist/MVI_4779.MOV,63,Jobs__94. Artist__MVI_4779.npy,skipped,,,,
Jobs,94. Artist,MVI_4780,/Users/yamini/Desktop/projects/ISL PROJECT/include_videos/Jobs/94. Artist/MVI_4780.MOV,Jobs/94. Artist/MVI_4780.MOV,65,Jobs__94. Artist__MVI_4780.npy,skipped,,,,
Jobs,94. Artist,MVI_4781,/Users/yamini/Desktop/projects/ISL PROJECT/include_videos/Jobs/94. Artist/MVI_4781.MOV,Jobs/94. Artist/MVI_4781.MOV,70,Jobs__94. Artist__MVI_4781.npy,skipped,,,,
Jobs,94. Artist,MVI_5354,/Users/yamini/Desktop/projects/ISL PROJECT/include_videos/Jobs/94. Artist/MVI_5354.MOV,Jobs/94. Artist/MVI_5354.MOV,59,Jobs__94. Artist__MVI_5354.npy,skipped,,,,
Jobs,94. Artist,MVI_5355,/Users/yamini/Desktop/projects/ISL PROJECT/include_videos/Jobs/94. Artist/MVI_5355.MOV,Jobs/94. Artist/MVI_5355.MOV,63,Jobs__94. Artist__MVI_5355.npy,skipped,,,,
Jobs,94. Artist,MVI_5356,/Users/yamini/Desktop/projects/ISL PROJECT/include_videos/Jobs/94. Artist/MVI_5356.MOV,Jobs/94. Artist/MVI_5356.MOV,65,Jobs__94. Artist__MVI_5356.npy,skipped,,,,
Jobs,94. Artist,MVI_5357,/Users/yamini/Desktop/projects/ISL PROJECT/include_videos/Jobs/94. Artist/MVI_5357.MOV,Jobs/94. Artist/MVI_5357.MOV,55,Jobs__94. Artist__MVI_5357.npy,skipped,,,,
Jobs,94. Artist,MVI_8896,/Users/yamini/Desktop/projects/ISL PROJECT/include_videos/Jobs/94. Artist/MVI_8896.MOV,Jobs/94. Artist/MVI_8896.MOV,69,Jobs__94. Artist__MVI_8896.npy,skipped,,,,
Jobs,94. Artist,MVI_8897,/Users/yamini/Desktop/projects/ISL PROJECT/include_videos/Jobs/94. Artist/MVI_8897.MOV,Jobs/94. Artist/MVI_8897.MOV,64,Jobs__94. Artist__MVI_8897.npy,skipped,,,,
Jobs,94. Artist,MVI_8898,/Users/yamini/Desktop/projects/ISL PROJECT/include_videos/Jobs/94. Artist/MVI_8898.MOV,Jobs/94. Artist/MVI_8898.MOV,67,Jobs__94. Artist__MVI_8898.npy,skipped,,,,
Jobs,95. Author,MVI_4504,/Users/yamini/Desktop/projects/ISL PROJECT/include_videos/Jobs/95. Author/MVI_4504.MOV,Jobs/95. Author/MVI_4504.MOV,110,Jobs__95. Author__MVI_4504.npy,skipped,,,,
Jobs,95. Author,MVI_4505,/Users/yamini/Desktop/projects/ISL PROJECT/include_videos/Jobs/95. Author/MVI_4505.MOV,Jobs/95. Author/MVI_4505.MOV,128,Jobs__95. Author__MVI_4505.npy,skipped,,,,
Jobs,95. Author,MVI_4506,/Users/yamini/Desktop/projects/ISL PROJECT/include_videos/Jobs/95. Author/MVI_4506.MOV,Jobs/95. Author/MVI_4506.MOV,118,Jobs__95. Author__MVI_4506.npy,skipped,,,,
Jobs,95. Author,MVI_4507,/Users/yamini/Desktop/projects/ISL PROJECT/include_videos/Jobs/95. Author/MVI_4507.MOV,Jobs/95. Author/MVI_4507.MOV,112,Jobs__95. Author__MVI_4507.npy,skipped,,,,
Jobs,95. Author,MVI_4782,/Users/yamini/Desktop/projects/ISL PROJECT/include_videos/Jobs/95. Author/MVI_4782.MOV,Jobs/95. Author/MVI_4782.MOV,122,Jobs__95. Author__MVI_4782.npy,skipped,,,,
Jobs,95. Author,MVI_4783,/Users/yamini/Desktop/projects/ISL PROJECT/include_videos/Jobs/95. Author/MVI_4783.MOV,Jobs/95. Author/MVI_4783.MOV,98,Jobs__95. Author__MVI_4783.npy,skipped,,,,
Jobs,95. Author,MVI_4784,/Users/yamini/Desktop/projects/ISL PROJECT/include_videos/Jobs/95. Author/MVI_4784.MOV,Jobs/95. Author/MVI_4784.MOV,110,Jobs__95. Author__MVI_4784.npy,skipped,,,,
Jobs,95. Author,MVI_5358,/Users/yamini/Desktop/projects/ISL PROJECT/include_videos/Jobs/95. Author/MVI_5358.MOV,Jobs/95. Author/MVI_5358.MOV,118,Jobs__95. Author__MVI_5358.npy,skipped,,,,
Jobs,95. Author,MVI_5359,/Users/yamini/Desktop/projects/ISL PROJECT/include_videos/Jobs/95. Author/MVI_5359.MOV,Jobs/95. Author/MVI_5359.MOV,104,Jobs__95. Author__MVI_5359.npy,skipped,,,,
Jobs,95. Author,MVI_5360,/Users/yamini/Desktop/projects/ISL PROJECT/include_videos/Jobs/95. Author/MVI_5360.MOV,Jobs/95. Author/MVI_5360.MOV,104,Jobs__95. Author__MVI_5360.npy,skipped,,,,
Jobs,95. Author,MVI_5361,/Users/yamini/Desktop/projects/ISL PROJECT/include_videos/Jobs/95. Author/MVI_5361.MOV,Jobs/95. Author/MVI_5361.MOV,102,Jobs__95. Author__MVI_5361.npy,skipped,,,,
Jobs,95. Author,MVI_8911,/Users/yamini/Desktop/projects/ISL PROJECT/include_videos/Jobs/95. Author/MVI_8911.MOV,Jobs/95. Author/MVI_8911.MOV,111,Jobs__95. Author__MVI_8911.npy,skipped,,,,
Jobs,95. Author,MVI_8912,/Users/yamini/Desktop/projects/ISL PROJECT/include_videos/Jobs/95. Author/MVI_8912.MOV,Jobs/95. Author/MVI_8912.MOV,101,Jobs__95. Author__MVI_8912.npy,skipped,,,,
Jobs,95. Author,MVI_8913,/Users/yamini/Desktop/projects/ISL PROJECT/include_videos/Jobs/95. Author/MVI_8913.MOV,Jobs/95. Author/MVI_8913.MOV,91,Jobs__95. Author__MVI_8913.npy,skipped,,,,
Jobs,96. Manager,MVI_4508,/Users/yamini/Desktop/projects/ISL PROJECT/include_videos/Jobs/96. Manager/MVI_4508.MOV,Jobs/96. Manager/MVI_4508.MOV,100,Jobs__96. Manager__MVI_4508.npy,skipped,,,,
Jobs,96. Manager,MVI_4509,/Users/yamini/Desktop/projects/ISL PROJECT/include_videos/Jobs/96. Manager/MVI_4509.MOV,Jobs/96. Manager/MVI_4509.MOV,91,Jobs__96. Manager__MVI_4509.npy,skipped,,,,
Jobs,96. Manager,MVI_4510,/Users/yamini/Desktop/projects/ISL PROJECT/include_videos/Jobs/96. Manager/MVI_4510.MOV,Jobs/96. Manager/MVI_4510.MOV,104,Jobs__96. Manager__MVI_4510.npy,skipped,,,,
Jobs,96. Manager,MVI_4511,/Users/yamini/Desktop/projects/ISL PROJECT/include_videos/Jobs/96. Manager/MVI_4511.MOV,Jobs/96. Manager/MVI_4511.MOV,85,Jobs__96. Manager__MVI_4511.npy,skipped,,,,
Jobs,96. Manager,MVI_4785,/Users/yamini/Desktop/projects/ISL PROJECT/include_videos/Jobs/96. Manager/MVI_4785.MOV,Jobs/96. Manager/MVI_4785.MOV,80,Jobs__96. Manager__MVI_4785.npy,skipped,,,,
Jobs,96. Manager,MVI_4786,/Users/yamini/Desktop/projects/ISL PROJECT/include_videos/Jobs/96. Manager/MVI_4786.MOV,Jobs/96. Manager/MVI_4786.MOV,79,Jobs__96. Manager__MVI_4786.npy,skipped,,,,
Jobs,96. Manager,MVI_4787,/Users/yamini/Desktop/projects/ISL PROJECT/include_videos/Jobs/96. Manager/MVI_4787.MOV,Jobs/96. Manager/MVI_4787.MOV,83,Jobs__96. Manager__MVI_4787.npy,skipped,,,,
Jobs,96. Manager,MVI_5362,/Users/yamini/Desktop/projects/ISL PROJECT/include_videos/Jobs/96. Manager/MVI_5362.MOV,Jobs/96. Manager/MVI_5362.MOV,97,Jobs__96. Manager__MVI_5362.npy,skipped,,,,
Jobs,96. Manager,MVI_5363,/Users/yamini/Desktop/projects/ISL PROJECT/include_videos/Jobs/96. Manager/MVI_5363.MOV,Jobs/96. Manager/MVI_5363.MOV,93,Jobs__96. Manager__MVI_5363.npy,skipped,,,,
Jobs,96. Manager,MVI_5364,/Users/yamini/Desktop/projects/ISL PROJECT/include_videos/Jobs/96. Manager/MVI_5364.MOV,Jobs/96. Manager/MVI_5364.MOV,87,Jobs__96. Manager__MVI_5364.npy,skipped,,,,
Jobs,96. Manager,MVI_5365,/Users/yamini/Desktop/projects/ISL PROJECT/include_videos/Jobs/96. Manager/MVI_5365.MOV,Jobs/96. Manager/MVI_5365.MOV,110,Jobs__96. Manager__MVI_5365.npy,skipped,,,,
Jobs,96. Manager,MVI_8914,/Users/yamini/Desktop/projects/ISL PROJECT/include_videos/Jobs/96. Manager/MVI_8914.MOV,Jobs/96. Manager/MVI_8914.MOV,73,Jobs__96. Manager__MVI_8914.npy,skipped,,,,
Jobs,96. Manager,MVI_8915,/Users/yamini/Desktop/projects/ISL PROJECT/include_videos/Jobs/96. Manager/MVI_8915.MOV,Jobs/96. Manager/MVI_8915.MOV,75,Jobs__96. Manager__MVI_8915.npy,skipped,,,,
Jobs,96. Manager,MVI_8916,/Users/yamini/Desktop/projects/ISL PROJECT/include_videos/Jobs/96. Manager/MVI_8916.MOV,Jobs/96. Manager/MVI_8916.MOV,83,Jobs__96. Manager__MVI_8916.npy,skipped,,,,
Jobs,97. Reporter,MVI_4512,/Users/yamini/Desktop/projects/ISL PROJECT/include_videos/Jobs/97. Reporter/MVI_4512.MOV,Jobs/97. Reporter/MVI_4512.MOV,83,Jobs__97. Reporter__MVI_4512.npy,skipped,,,,
Jobs,97. Reporter,MVI_4513,/Users/yamini/Desktop/projects/ISL PROJECT/include_videos/Jobs/97. Reporter/MVI_4513.MOV,Jobs/97. Reporter/MVI_4513.MOV,59,Jobs__97. Reporter__MVI_4513.npy,skipped,,,,
Jobs,97. Reporter,MVI_4514,/Users/yamini/Desktop/projects/ISL PROJECT/include_videos/Jobs/97. Reporter/MVI_4514.MOV,Jobs/97. Reporter/MVI_4514.MOV,64,Jobs__97. Reporter__MVI_4514.npy,skipped,,,,
Jobs,97. Reporter,MVI_4515,/Users/yamini/Desktop/projects/ISL PROJECT/include_videos/Jobs/97. Reporter/MVI_4515.MOV,Jobs/97. Reporter/MVI_4515.MOV,65,Jobs__97. Reporter__MVI_4515.npy,skipped,,,,
Jobs,97. Reporter,MVI_4788,/Users/yamini/Desktop/projects/ISL PROJECT/include_videos/Jobs/97. Reporter/MVI_4788.MOV,Jobs/97. Reporter/MVI_4788.MOV,72,Jobs__97. Reporter__MVI_4788.npy,skipped,,,,
Jobs,97. Reporter,MVI_4789,/Users/yamini/Desktop/projects/ISL PROJECT/include_videos/Jobs/97. Reporter/MVI_4789.MOV,Jobs/97. Reporter/MVI_4789.MOV,65,Jobs__97. Reporter__MVI_4789.npy,skipped,,,,
Jobs,97. Reporter,MVI_4790,/Users/yamini/Desktop/projects/ISL PROJECT/include_videos/Jobs/97. Reporter/MVI_4790.MOV,Jobs/97. Reporter/MVI_4790.MOV,62,Jobs__97. Reporter__MVI_4790.npy,skipped,,,,
Jobs,97. Reporter,MVI_5366,/Users/yamini/Desktop/projects/ISL PROJECT/include_videos/Jobs/97. Reporter/MVI_5366.MOV,Jobs/97. Reporter/MVI_5366.MOV,59,Jobs__97. Reporter__MVI_5366.npy,skipped,,,,
Jobs,97. Reporter,MVI_5367,/Users/yamini/Desktop/projects/ISL PROJECT/include_videos/Jobs/97. Reporter/MVI_5367.MOV,Jobs/97. Reporter/MVI_5367.MOV,52,Jobs__97. Reporter__MVI_5367.npy,skipped,,,,
Jobs,97. Reporter,MVI_5368,/Users/yamini/Desktop/projects/ISL PROJECT/include_videos/Jobs/97. Reporter/MVI_5368.MOV,Jobs/97. Reporter/MVI_5368.MOV,56,Jobs__97. Reporter__MVI_5368.npy,skipped,,,,
Jobs,97. Reporter,MVI_5369,/Users/yamini/Desktop/projects/ISL PROJECT/include_videos/Jobs/97. Reporter/MVI_5369.MOV,Jobs/97. Reporter/MVI_5369.MOV,60,Jobs__97. Reporter__MVI_5369.npy,skipped,,,,
Jobs,97. Reporter,MVI_8917,/Users/yamini/Desktop/projects/ISL PROJECT/include_videos/Jobs/97. Reporter/MVI_8917.MOV,Jobs/97. Reporter/MVI_8917.MOV,74,Jobs__97. Reporter__MVI_8917.npy,skipped,,,,
Jobs,97. Reporter,MVI_8918,/Users/yamini/Desktop/projects/ISL PROJECT/include_videos/Jobs/97. Reporter/MVI_8918.MOV,Jobs/97. Reporter/MVI_8918.MOV,70,Jobs__97. Reporter__MVI_8918.npy,skipped,,,,
Jobs,97. Reporter,MVI_8919,/Users/yamini/Desktop/projects/ISL PROJECT/include_videos/Jobs/97. Reporter/MVI_8919.MOV,Jobs/97. Reporter/MVI_8919.MOV,75,Jobs__97. Reporter__MVI_8919.npy,skipped,,,,
Jobs,98. Actor,MVI_4516,/Users/yamini/Desktop/projects/ISL PROJECT/include_videos/Jobs/98. Actor/MVI_4516.MOV,Jobs/98. Actor/MVI_4516.MOV,67,Jobs__98. Actor__MVI_4516.npy,skipped,,,,
Jobs,98. Actor,MVI_4517,/Users/yamini/Desktop/projects/ISL PROJECT/include_videos/Jobs/98. Actor/MVI_4517.MOV,Jobs/98. Actor/MVI_4517.MOV,71,Jobs__98. Actor__MVI_4517.npy,skipped,,,,
Jobs,98. Actor,MVI_4518,/Users/yamini/Desktop/projects/ISL PROJECT/include_videos/Jobs/98. Actor/MVI_4518.MOV,Jobs/98. Actor/MVI_4518.MOV,64,Jobs__98. Actor__MVI_4518.npy,skipped,,,,
Jobs,98. Actor,MVI_4519,/Users/yamini/Desktop/projects/ISL PROJECT/include_videos/Jobs/98. Actor/MVI_4519.MOV,Jobs/98. Actor/MVI_4519.MOV,67,Jobs__98. Actor__MVI_4519.npy,skipped,,,,
Jobs,98. Actor,MVI_4791,/Users/yamini/Desktop/projects/ISL PROJECT/include_videos/Jobs/98. Actor/MVI_4791.MOV,Jobs/98. Actor/MVI_4791.MOV,74,Jobs__98. Actor__MVI_4791.npy,skipped,,,,
Jobs,98. Actor,MVI_4792,/Users/yamini/Desktop/projects/ISL PROJECT/include_videos/Jobs/98. Actor/MVI_4792.MOV,Jobs/98. Actor/MVI_4792.MOV,80,Jobs__98. Actor__MVI_4792.npy,skipped,,,,
Jobs,98. Actor,MVI_4793,/Users/yamini/Desktop/projects/ISL PROJECT/include_videos/Jobs/98. Actor/MVI_4793.MOV,Jobs/98. Actor/MVI_4793.MOV,78,Jobs__98. Actor__MVI_4793.npy,skipped,,,,
Jobs,98. Actor,MVI_5371,/Users/yamini/Desktop/projects/ISL PROJECT/include_videos/Jobs/98. Actor/MVI_5371.MOV,Jobs/98. Actor/MVI_5371.MOV,72,Jobs__98. Actor__MVI_5371.npy,skipped,,,,
Jobs,98. Actor,MVI_5372,/Users/yamini/Desktop/projects/ISL PROJECT/include_videos/Jobs/98. Actor/MVI_5372.MOV,Jobs/98. Actor/MVI_5372.MOV,78,Jobs__98. Actor__MVI_5372.npy,skipped,,,,
Jobs,98. Actor,MVI_5373,/Users/yamini/Desktop/projects/ISL PROJECT/include_videos/Jobs/98. Actor/MVI_5373.MOV,Jobs/98. Actor/MVI_5373.MOV,73,Jobs__98. Actor__MVI_5373.npy,skipped,,,,
Jobs,98. Actor,MVI_5374,/Users/yamini/Desktop/projects/ISL PROJECT/include_videos/Jobs/98. Actor/MVI_5374.MOV,Jobs/98. Actor/MVI_5374.MOV,66,Jobs__98. Actor__MVI_5374.npy,skipped,,,,
Jobs,98. Actor,MVI_8921,/Users/yamini/Desktop/projects/ISL PROJECT/include_videos/Jobs/98. Actor/MVI_8921.MOV,Jobs/98. Actor/MVI_8921.MOV,77,Jobs__98. Actor__MVI_8921.npy,skipped,,,,
Jobs,98. Actor,MVI_8922,/Users/yamini/Desktop/projects/ISL PROJECT/include_videos/Jobs/98. Actor/MVI_8922.MOV,Jobs/98. Actor/MVI_8922.MOV,76,Jobs__98. Actor__MVI_8922.npy,skipped,,,,
Jobs,98. Actor,MVI_8923,/Users/yamini/Desktop/projects/ISL PROJECT/include_videos/Jobs/98. Actor/MVI_8923.MOV,Jobs/98. Actor/MVI_8923.MOV,79,Jobs__98. Actor__MVI_8923.npy,skipped,,,,
Jobs,99. Job,MVI_4520,/Users/yamini/Desktop/projects/ISL PROJECT/include_videos/Jobs/99. Job/MVI_4520.MOV,Jobs/99. Job/MVI_4520.MOV,56,Jobs__99. Job__MVI_4520.npy,skipped,,,,
Jobs,99. Job,MVI_4521,/Users/yamini/Desktop/projects/ISL PROJECT/include_videos/Jobs/99. Job/MVI_4521.MOV,Jobs/99. Job/MVI_4521.MOV,66,Jobs__99. Job__MVI_4521.npy,skipped,,,,
Jobs,99. Job,MVI_4522,/Users/yamini/Desktop/projects/ISL PROJECT/include_videos/Jobs/99. Job/MVI_4522.MOV,Jobs/99. Job/MVI_4522.MOV,64,Jobs__99. Job__MVI_4522.npy,skipped,,,,
Jobs,99. Job,MVI_4523,/Users/yamini/Desktop/projects/ISL PROJECT/include_videos/Jobs/99. Job/MVI_4523.MOV,Jobs/99. Job/MVI_4523.MOV,72,Jobs__99. Job__MVI_4523.npy,skipped,,,,
Jobs,99. Job,MVI_4794,/Users/yamini/Desktop/projects/ISL PROJECT/include_videos/Jobs/99. Job/MVI_4794.MOV,Jobs/99. Job/MVI_4794.MOV,66,Jobs__99. Job__MVI_4794.npy,skipped,,,,
Jobs,99. Job,MVI_4795,/Users/yamini/Desktop/projects/ISL PROJECT/include_videos/Jobs/99. Job/MVI_4795.MOV,Jobs/99. Job/MVI_4795.MOV,56,Jobs__99. Job__MVI_4795.npy,skipped,,,,
Jobs,99. Job,MVI_4796,/Users/yamini/Desktop/projects/ISL PROJECT/include_videos/Jobs/99. Job/MVI_4796.MOV,Jobs/99. Job/MVI_4796.MOV,71,Jobs__99. Job__MVI_4796.npy,skipped,,,,
Jobs,99. Job,MVI_5375,/Users/yamini/Desktop/projects/ISL PROJECT/include_videos/Jobs/99. Job/MVI_5375.MOV,Jobs/99. Job/MVI_5375.MOV,46,Jobs__99. Job__MVI_5375.npy,skipped,,,,
Jobs,99. Job,MVI_5376,/Users/yamini/Desktop/projects/ISL PROJECT/include_videos/Jobs/99. Job/MVI_5376.MOV,Jobs/99. Job/MVI_5376.MOV,61,Jobs__99. Job__MVI_5376.npy,skipped,,,,
Jobs,99. Job,MVI_5377,/Users/yamini/Desktop/projects/ISL PROJECT/include_videos/Jobs/99. Job/MVI_5377.MOV,Jobs/99. Job/MVI_5377.MOV,61,Jobs__99. Job__MVI_5377.npy,skipped,,,,
Jobs,99. Job,MVI_5378,/Users/yamini/Desktop/projects/ISL PROJECT/include_videos/Jobs/99. Job/MVI_5378.MOV,Jobs/99. Job/MVI_5378.MOV,61,Jobs__99. Job__MVI_5378.npy,skipped,,,,
Jobs,99. Job,MVI_8924,/Users/yamini/Desktop/projects/ISL PROJECT/include_videos/Jobs/99. Job/MVI_8924.MOV,Jobs/99. Job/MVI_8924.MOV,62,Jobs__99. Job__MVI_8924.npy,skipped,,,,
Jobs,99. Job,MVI_8925,/Users/yamini/Desktop/projects/ISL PROJECT/include_videos/Jobs/99. Job/MVI_8925.MOV,Jobs/99. Job/MVI_8925.MOV,69,Jobs__99. Job__MVI_8925.npy,skipped,,,,
Jobs,99. Job,MVI_8926,/Users/yamini/Desktop/projects/ISL PROJECT/include_videos/Jobs/99. Job/MVI_8926.MOV,Jobs/99. Job/MVI_8926.MOV,65,Jobs__99. Job__MVI_8926.npy,skipped,,,,
Means_of_Transportation,10. Plane,MVI_3113,/Users/yamini/Desktop/projects/ISL PROJECT/include_videos/Means_of_Transportation/10. Plane/MVI_3113.MOV,Means_of_Transportation/10. Plane/MVI_3113.MOV,92,Means_of_Transportation__10. Plane__MVI_3113.npy,skipped,,,,
Means_of_Transportation,10. Plane,MVI_3114,/Users/yamini/Desktop/projects/ISL PROJECT/include_videos/Means_of_Transportation/10. Plane/MVI_3114.MOV,Means_of_Transportation/10. Plane/MVI_3114.MOV,87,Means_of_Transportation__10. Plane__MVI_3114.npy,skipped,,,,
Means_of_Transportation,10. Plane,MVI_3115,/Users/yamini/Desktop/projects/ISL PROJECT/include_videos/Means_of_Transportation/10. Plane/MVI_3115.MOV,Means_of_Transportation/10. Plane/MVI_3115.MOV,74,Means_of_Transportation__10. Plane__MVI_3115.npy,skipped,,,,
Means_of_Transportation,10. Plane,MVI_3142,/Users/yamini/Desktop/projects/ISL PROJECT/include_videos/Means_of_Transportation/10. Plane/MVI_3142.MOV,Means_of_Transportation/10. Plane/MVI_3142.MOV,77,Means_of_Transportation__10. Plane__MVI_3142.npy,skipped,,,,
Means_of_Transportation,10. Plane,MVI_3143,/Users/yamini/Desktop/projects/ISL PROJECT/include_videos/Means_of_Transportation/10. Plane/MVI_3143.MOV,Means_of_Transportation/10. Plane/MVI_3143.MOV,72,Means_of_Transportation__10. Plane__MVI_3143.npy,skipped,,,,
Means_of_Transportation,10. Plane,MVI_3144,/Users/yamini/Desktop/projects/ISL PROJECT/include_videos/Means_of_Transportation/10. Plane/MVI_3144.MOV,Means_of_Transportation/10. Plane/MVI_3144.MOV,80,Means_of_Transportation__10. Plane__MVI_3144.npy,skipped,,,,
Means_of_Transportation,10. Plane,MVI_3171,/Users/yamini/Desktop/projects/ISL PROJECT/include_videos/Means_of_Transportation/10. Plane/MVI_3171.MOV,Means_of_Transportation/10. Plane/MVI_3171.MOV,89,Means_of_Transportation__10. Plane__MVI_3171.npy,skipped,,,,
Means_of_Transportation,10. Plane,MVI_3172,/Users/yamini/Desktop/projects/ISL PROJECT/include_videos/Means_of_Transportation/10. Plane/MVI_3172.MOV,Means_of_Transportation/10. Plane/MVI_3172.MOV,73,Means_of_Transportation__10. Plane__MVI_3172.npy,skipped,,,,
Means_of_Transportation,10. Plane,MVI_3173,/Users/yamini/Desktop/projects/ISL PROJECT/include_videos/Means_of_Transportation/10. Plane/MVI_3173.MOV,Means_of_Transportation/10. Plane/MVI_3173.MOV,83,Means_of_Transportation__10. Plane__MVI_3173.npy,skipped,,,,
Means_of_Transportation,10. Plane,MVI_3206,/Users/yamini/Desktop/projects/ISL PROJECT/include_videos/Means_of_Transportation/10. Plane/MVI_3206.MOV,Means_of_Transportation/10. Plane/MVI_3206.MOV,70,Means_of_Transportation__10. Plane__MVI_3206.npy,skipped,,,,
Means_of_Transportation,10. Plane,MVI_3207,/Users/yamini/Desktop/projects/ISL PROJECT/include_videos/Means_of_Transportation/10. Plane/MVI_3207.MOV,Means_of_Transportation/10. Plane/MVI_3207.MOV,64,Means_of_Transportation__10. Plane__MVI_3207.npy,skipped,,,,
Means_of_Transportation,10. Plane,MVI_3208,/Users/yamini/Desktop/projects/ISL PROJECT/include_videos/Means_of_Transportation/10. Plane/MVI_3208.MOV,Means_of_Transportation/10. Plane/MVI_3208.MOV,60,Means_of_Transportation__10. Plane__MVI_3208.npy,skipped,,,,
Means_of_Transportation,10. Plane,MVI_3234,/Users/yamini/Desktop/projects/ISL PROJECT/include_videos/Means_of_Transportation/10. Plane/MVI_3234.MOV,Means_of_Transportation/10. Plane/MVI_3234.MOV,76,Means_of_Transportation__10. Plane__MVI_3234.npy,skipped,,,,
Means_of_Transportation,10. Plane,MVI_3235,/Users/yamini/Desktop/projects/ISL PROJECT/include_videos/Means_of_Transportation/10. Plane/MVI_3235.MOV,Means_of_Transportation/10. Plane/MVI_3235.MOV,81,Means_of_Transportation__10. Plane__MVI_3235.npy,skipped,,,,
Means_of_Transportation,10. Plane,MVI_3236,/Users/yamini/Desktop/projects/ISL PROJECT/include_videos/Means_of_Transportation/10. Plane/MVI_3236.MOV,Means_of_Transportation/10. Plane/MVI_3236.MOV,73,Means_of_Transportation__10. Plane__MVI_3236.npy,skipped,,,,
Means_of_Transportation,10. Plane,MVI_3237,/Users/yamini/Desktop/projects/ISL PROJECT/include_videos/Means_of_Transportation/10. Plane/MVI_3237.MOV,Means_of_Transportation/10. Plane/MVI_3237.MOV,71,Means_of_Transportation__10. Plane__MVI_3237.npy,skipped,,,,
Means_of_Transportation,10. Plane,MVI_4173,/Users/yamini/Desktop/projects/ISL PROJECT/include_videos/Means_of_Transportation/10. Plane/MVI_4173.MOV,Means_of_Transportation/10. Plane/MVI_4173.MOV,60,Means_of_Transportation__10. Plane__MVI_4173.npy,skipped,,,,
Means_of_Transportation,10. Plane,MVI_4174,/Users/yamini/Desktop/projects/ISL PROJECT/include_videos/Means_of_Transportation/10. Plane/MVI_4174.MOV,Means_of_Transportation/10. Plane/MVI_4174.MOV,62,Means_of_Transportation__10. Plane__MVI_4174.npy,skipped,,,,
Means_of_Transportation,10. Plane,MVI_4175,/Users/yamini/Desktop/projects/ISL PROJECT/include_videos/Means_of_Transportation/10. Plane/MVI_4175.MOV,Means_of_Transportation/10. Plane/MVI_4175.MOV,53,Means_of_Transportation__10. Plane__MVI_4175.npy,skipped,,,,
Means_of_Transportation,10. Plane,MVI_8581,/Users/yamini/Desktop/projects/ISL PROJECT/include_videos/Means_of_Transportation/10. Plane/MVI_8581.MOV,Means_of_Transportation/10. Plane/MVI_8581.MOV,62,Means_of_Transportation__10. Plane__MVI_8581.npy,skipped,,,,
Means_of_Transportation,10. Plane,MVI_8582,/Users/yamini/Desktop/projects/ISL PROJECT/include_videos/Means_of_Transportation/10. Plane/MVI_8582.MOV,Means_of_Transportation/10. Plane/MVI_8582.MOV,59,Means_of_Transportation__10. Plane__MVI_8582.npy,skipped,,,,
Means_of_Transportation,11. Car,MVI_3116,/Users/yamini/Desktop/projects/ISL PROJECT/include_videos/Means_of_Transportation/11. Car/MVI_3116.MOV,Means_of_Transportation/11. Car/MVI_3116.MOV,106,Means_of_Transportation__11. Car__MVI_3116.npy,skipped,,,,
Means_of_Transportation,11. Car,MVI_3117,/Users/yamini/Desktop/projects/ISL PROJECT/include_videos/Means_of_Transportation/11. Car/MVI_3117.MOV,Means_of_Transportation/11. Car/MVI_3117.MOV,98,Means_of_Transportation__11. Car__MVI_3117.npy,skipped,,,,
Means_of_Transportation,11. Car,MVI_3118,/Users/yamini/Desktop/projects/ISL PROJECT/include_videos/Means_of_Transportation/11. Car/MVI_3118.MOV,Means_of_Transportation/11. Car/MVI_3118.MOV,117,Means_of_Transportation__11. Car__MVI_3118.npy,skipped,,,,
Means_of_Transportation,11. Car,MVI_3145,/Users/yamini/Desktop/projects/ISL PROJECT/include_videos/Means_of_Transportation/11. Car/MVI_3145.MOV,Means_of_Transportation/11. Car/MVI_3145.MOV,138,Means_of_Transportation__11. Car__MVI_3145.npy,skipped,,,,
Means_of_Transportation,11. Car,MVI_3146,/Users/yamini/Desktop/projects/ISL PROJECT/include_videos/Means_of_Transportation/11. Car/MVI_3146.MOV,Means_of_Transportation/11. Car/MVI_3146.MOV,148,Means_of_Transportation__11. Car__MVI_3146.npy,skipped,,,,
Means_of_Transportation,11. Car,MVI_3147,/Users/yamini/Desktop/projects/ISL PROJECT/include_videos/Means_of_Transportation/11. Car/MVI_3147.MOV,Means_of_Transportation/11. Car/MVI_3147.MOV,154,Means_of_Transportation__11. Car__MVI_3147.npy,skipped,,,,
Means_of_Transportation,11. Car,MVI_3174,/Users/yamini/Desktop/projects/ISL PROJECT/include_videos/Means_of_Transportation/11. Car/MVI_3174.MOV,Means_of_Transportation/11. Car/MVI_3174.MOV,97,Means_of_Transportation__11. Car__MVI_3174.npy,skipped,,,,
Means_of_Transportation,11. Car,MVI_3175,/Users/yamini/Desktop/projects/ISL PROJECT/include_videos/Means_of_Transportation/11. Car/MVI_3175.MOV,Means_of_Transportation/11. Car/MVI_3175.MOV,96,Means_of_Transportation__11. Car__MVI_3175.npy,skipped,,,,
Means_of_Transportation,11. Car,MVI_3176,/Users/yamini/Desktop/projects/ISL PROJECT/include_videos/Means_of_Transportation/11. Car/MVI_3176.MOV,Means_of_Transportation/11. Car/MVI_3176.MOV,95,Means_of_Transportation__11. Car__MVI_3176.npy,skipped,,,,
Means_of_Transportation,11. Car,MVI_3209,/Users/yamini/Desktop/projects/ISL PROJECT/include_videos/Means_of_Transportation/11. Car/MVI_3209.MOV,Means_of_Transportation/11. Car/MVI_3209.MOV,111,Means_of_Transportation__11. Car__MVI_3209.npy,skipped,,,,
Means_of_Transportation,11. Car,MVI_3210,/Users/yamini/Desktop/projects/ISL PROJECT/include_videos/Means_of_Transportation/11. Car/MVI_3210.MOV,Means_of_Transportation/11. Car/MVI_3210.MOV,99,Means_of_Transportation__11. Car__MVI_3210.npy,skipped,,,,
Means_of_Transportation,11. Car,MVI_3211,/Users/yamini/Desktop/projects/ISL PROJECT/include_videos/Means_of_Transportation/11. Car/MVI_3211.MOV,Means_of_Transportation/11. Car/MVI_3211.MOV,96,Means_of_Transportation__11. Car__MVI_3211.npy,skipped,,,,
Means_of_Transportation,11. Car,MVI_3238,/Users/yamini/Desktop/projects/ISL PROJECT/include_videos/Means_of_Transportation/11. Car/MVI_3238.MOV,Means_of_Transportation/11. Car/MVI_3238.MOV,104,Means_of_Transportation__11. Car__MVI_3238.npy,skipped,,,,
Means_of_Transportation,11. Car,MVI_3239,/Users/yamini/Desktop/projects/ISL PROJECT/include_videos/Means_of_Transportation/11. Car/MVI_3239.MOV,Means_of_Transportation/11. Car/MVI_3239.MOV,108,Means_of_Transportation__11. Car__MVI_3239.npy,skipped,,,,
Means_of_Transportation,11. Car,MVI_3240,/Users/yamini/Desktop/projects/ISL PROJECT/include_videos/Means_of_Transportation/11. Car/MVI_3240.MOV,Means_of_Transportation/11. Car/MVI_3240.MOV,97,Means_of_Transportation__11. Car__MVI_3240.npy,skipped,,,,
Means_of_Transportation,11. Car,MVI_4176,/Users/yamini/Desktop/projects/ISL PROJECT/include_videos/Means_of_Transportation/11. Car/MVI_4176.MOV,Means_of_Transportation/11. Car/MVI_4176.MOV,75,Means_of_Transportation__11. Car__MVI_4176.npy,skipped,,,,
Means_of_Transportation,11. Car,MVI_4177,/Users/yamini/Desktop/projects/ISL PROJECT/include_videos/Means_of_Transportation/11. Car/MVI_4177.MOV,Means_of_Transportation/11. Car/MVI_4177.MOV,83,Means_of_Transportation__11. Car__MVI_4177.npy,skipped,,,,
Means_of_Transportation,11. Car,MVI_4178,/Users/yamini/Desktop/projects/ISL PROJECT/include_videos/Means_of_Transportation/11. Car/MVI_4178.MOV,Means_of_Transportation/11. Car/MVI_4178.MOV,77,Means_of_Transportation__11. Car__MVI_4178.npy,skipped,,,,
Means_of_Transportation,11. Car,MVI_8583,/Users/yamini/Desktop/projects/ISL PROJECT/include_videos/Means_of_Transportation/11. Car/MVI_8583.MOV,Means_of_Transportation/11. Car/MVI_8583.MOV,92,Means_of_Transportation__11. Car__MVI_8583.npy,skipped,,,,
Means_of_Transportation,11. Car,MVI_8584,/Users/yamini/Desktop/projects/ISL PROJECT/include_videos/Means_of_Transportation/11. Car/MVI_8584.MOV,Means_of_Transportation/11. Car/MVI_8584.MOV,87,Means_of_Transportation__11. Car__MVI_8584.npy,skipped,,,,
Means_of_Transportation,12. Truck,MVI_3119,/Users/yamini/Desktop/projects/ISL PROJECT/include_videos/Means_of_Transportation/12. Truck/MVI_3119.MOV,Means_of_Transportation/12. Truck/MVI_3119.MOV,104,Means_of_Transportation__12. Truck__MVI_3119.npy,skipped,,,,
Means_of_Transportation,12. Truck,MVI_3120,/Users/yamini/Desktop/projects/ISL PROJECT/include_videos/Means_of_Transportation/12. Truck/MVI_3120.MOV,Means_of_Transportation/12. Truck/MVI_3120.MOV,95,Means_of_Transportation__12. Truck__MVI_3120.npy,skipped,,,,
Means_of_Transportation,12. Truck,MVI_3121,/Users/yamini/Desktop/projects/ISL PROJECT/include_videos/Means_of_Transportation/12. Truck/MVI_3121.MOV,Means_of_Transportation/12. Truck/MVI_3121.MOV,90,Means_of_Transportation__12. Truck__MVI_3121.npy,skipped,,,,
Means_of_Transportation,12. Truck,MVI_3148,/Users/yamini/Desktop/projects/ISL PROJECT/include_videos/Means_of_Transportation/12. Truck/MVI_3148.MOV,Means_of_Transportation/12. Truck/MVI_3148.MOV,105,Means_of_Transportation__12. Truck__MVI_3148.npy,skipped,,,,
Means_of_Transportation,12. Truck,MVI_3149,/Users/yamini/Desktop/projects/ISL PROJECT/include_videos/Means_of_Transportation/12. Truck/MVI_3149.MOV,Means_of_Transportation/12. Truck/MVI_3149.MOV,97,Means_of_Transportation__12. Truck__MVI_3149.npy,skipped,,,,
Means_of_Transportation,12. Truck,MVI_3150,/Users/yamini/Desktop/projects/ISL PROJECT/include_videos/Means_of_Transportation/12. Truck/MVI_3150.MOV,Means_of_Transportation/12. Truck/MVI_3150.MOV,99,Means_of_Transportation__12. Truck__MVI_3150.npy,skipped,,,,
Means_of_Transportation,12. Truck,MVI_3177,/Users/yamini/Desktop/projects/ISL PROJECT/include_videos/Means_of_Transportation/12. Truck/MVI_3177.MOV,Means_of_Transportation/12. Truck/MVI_3177.MOV,81,Means_of_Transportation__12. Truck__MVI_3177.npy,skipped,,,,
Means_of_Transportation,12. Truck,MVI_3178,/Users/yamini/Desktop/projects/ISL PROJECT/include_videos/Means_of_Transportation/12. Truck/MVI_3178.MOV,Means_of_Transportation/12. Truck/MVI_3178.MOV,105,Means_of_Transportation__12. Truck__MVI_3178.npy,skipped,,,,
Means_of_Transportation,12. Truck,MVI_3179,/Users/yamini/Desktop/projects/ISL PROJECT/include_videos/Means_of_Transportation/12. Truck/MVI_3179.MOV,Means_of_Transportation/12. Truck/MVI_3179.MOV,104,Means_of_Transportation__12. Truck__MVI_3179.npy,skipped,,,,
Means_of_Transportation,12. Truck,MVI_3180,/Users/yamini/Desktop/projects/ISL PROJECT/include_videos/Means_of_Transportation/12. Truck/MVI_3180.MOV,Means_of_Transportation/12. Truck/MVI_3180.MOV,98,Means_of_Transportation__12. Truck__MVI_3180.npy,skipped,,,,
Means_of_Transportation,12. Truck,MVI_3212,/Users/yamini/Desktop/projects/ISL PROJECT/include_videos/Means_of_Transportation/12. Truck/MVI_3212.MOV,Means_of_Transportation/12. Truck/MVI_3212.MOV,81,Means_of_Transportation__12. Truck__MVI_3212.npy,skipped,,,,
Means_of_Transportation,12. Truck,MVI_3213,/Users/yamini/Desktop/projects/ISL PROJECT/include_videos/Means_of_Transportation/12. Truck/MVI_3213.MOV,Means_of_Transportation/12. Truck/MVI_3213.MOV,87,Means_of_Transportation__12. Truck__MVI_3213.npy,skipped,,,,
Means_of_Transportation,12. Truck,MVI_3214,/Users/yamini/Desktop/projects/ISL PROJECT/include_videos/Means_of_Transportation/12. Truck/MVI_3214.MOV,Means_of_Transportation/12. Truck/MVI_3214.MOV,82,Means_of_Transportation__12. Truck__MVI_3214.npy,skipped,,,,
Means_of_Transportation,12. Truck,MVI_3241,/Users/yamini/Desktop/projects/ISL PROJECT/include_videos/Means_of_Transportation/12. Truck/MVI_3241.MOV,Means_of_Transportation/12. Truck/MVI_3241.MOV,76,Means_of_Transportation__12. Truck__MVI_3241.npy,skipped,,,,
Means_of_Transportation,12. Truck,MVI_3242,/Users/yamini/Desktop/projects/ISL PROJECT/include_videos/Means_of_Transportation/12. Truck/MVI_3242.MOV,Means_of_Transportation/12. Truck/MVI_3242.MOV,76,Means_of_Transportation__12. Truck__MVI_3242.npy,skipped,,,,
Means_of_Transportation,12. Truck,MVI_3243,/Users/yamini/Desktop/projects/ISL PROJECT/include_videos/Means_of_Transportation/12. Truck/MVI_3243.MOV,Means_of_Transportation/12. Truck/MVI_3243.MOV,84,Means_of_Transportation__12. Truck__MVI_3243.npy,skipped,,,,
Means_of_Transportation,12. Truck,MVI_4179,/Users/yamini/Desktop/projects/ISL PROJECT/include_videos/Means_of_Transportation/12. Truck/MVI_4179.MOV,Means_of_Transportation/12. Truck/MVI_4179.MOV,62,Means_of_Transportation__12. Truck__MVI_4179.npy,skipped,,,,
Means_of_Transportation,12. Truck,MVI_4180,/Users/yamini/Desktop/projects/ISL PROJECT/include_videos/Means_of_Transportation/12. Truck/MVI_4180.MOV,Means_of_Transportation/12. Truck/MVI_4180.MOV,75,Means_of_Transportation__12. Truck__MVI_4180.npy,skipped,,,,
Means_of_Transportation,12. Truck,MVI_4181,/Users/yamini/Desktop/projects/ISL PROJECT/include_videos/Means_of_Transportation/12. Truck/MVI_4181.MOV,Means_of_Transportation/12. Truck/MVI_4181.MOV,59,Means_of_Transportation__12. Truck__MVI_4181.npy,skipped,,,,
Means_of_Transportation,12. Truck,MVI_8585,/Users/yamini/Desktop/projects/ISL PROJECT/include_videos/Means_of_Transportation/12. Truck/MVI_8585.MOV,Means_of_Transportation/12. Truck/MVI_8585.MOV,73,Means_of_Transportation__12. Truck__MVI_8585.npy,skipped,,,,
Means_of_Transportation,12. Truck,MVI_8586,/Users/yamini/Desktop/projects/ISL PROJECT/include_videos/Means_of_Transportation/12. Truck/MVI_8586.MOV,Means_of_Transportation/12. Truck/MVI_8586.MOV,76,Means_of_Transportation__12. Truck__MVI_8586.npy,skipped,,,,
Means_of_Transportation,13. Bicycle,MVI_3122,/Users/yamini/Desktop/projects/ISL PROJECT/include_videos/Means_of_Transportation/13. Bicycle/MVI_3122.MOV,Means_of_Transportation/13. Bicycle/MVI_3122.MOV,91,Means_of_Transportation__13. Bicycle__MVI_3122.npy,skipped,,,,
Means_of_Transportation,13. Bicycle,MVI_3123,/Users/yamini/Desktop/projects/ISL PROJECT/include_videos/Means_of_Transportation/13. Bicycle/MVI_3123.MOV,Means_of_Transportation/13. Bicycle/MVI_3123.MOV,86,Means_of_Transportation__13. Bicycle__MVI_3123.npy,skipped,,,,
Means_of_Transportation,13. Bicycle,MVI_3125,/Users/yamini/Desktop/projects/ISL PROJECT/include_videos/Means_of_Transportation/13. Bicycle/MVI_3125.MOV,Means_of_Transportation/13. Bicycle/MVI_3125.MOV,82,Means_of_Transportation__13. Bicycle__MVI_3125.npy,skipped,,,,
Means_of_Transportation,13. Bicycle,MVI_3151,/Users/yamini/Desktop/projects/ISL PROJECT/include_videos/Means_of_Transportation/13. Bicycle/MVI_3151.MOV,Means_of_Transportation/13. Bicycle/MVI_3151.MOV,88,Means_of_Transportation__13. Bicycle__MVI_3151.npy,skipped,,,,
Means_of_Transportation,13. Bicycle,MVI_3152,/Users/yamini/Desktop/projects/ISL PROJECT/include_videos/Means_of_Transportation/13. Bicycle/MVI_3152.MOV,Means_of_Transportation/13. Bicycle/MVI_3152.MOV,97,Means_of_Transportation__13. Bicycle__MVI_3152.npy,skipped,,,,
Means_of_Transportation,13. Bicycle,MVI_3153,/Users/yamini/Desktop/projects/ISL PROJECT/include_videos/Means_of_Transportation/13. Bicycle/MVI_3153.MOV,Means_of_Transportation/13. Bicycle/MVI_3153.MOV,68,Means_of_Transportation__13. Bicycle__MVI_3153.npy,skipped,,,,
Means_of_Transportation,13. Bicycle,MVI_3181,/Users/yamini/Desktop/projects/ISL PROJECT/include_videos/Means_of_Transportation/13. Bicycle/MVI_3181.MOV,Means_of_Transportation/13. Bicycle/MVI_3181.MOV,95,Means_of_Transportation__13. Bicycle__MVI_3181.npy,skipped,,,,
Means_of_Transportation,13. Bicycle,MVI_3182,/Users/yamini/Desktop/projects/ISL PROJECT/include_videos/Means_of_Transportation/13. Bicycle/MVI_3182.MOV,Means_of_Transportation/13. Bicycle/MVI_3182.MOV,82,Means_of_Transportation__13. Bicycle__MVI_3182.npy,skipped,,,,
Means_of_Transportation,13. Bicycle,MVI_3183,/Users/yamini/Desktop/projects/ISL PROJECT/include_videos/Means_of_Transportation/13. Bicycle/MVI_3183.MOV,Means_of_Transportation/13. Bicycle/MVI_3183.MOV,74,Means_of_Transportation__13. Bicycle__MVI_3183.npy,skipped,,,,
Means_of_Transportation,13. Bicycle,MVI_3215,/Users/yamini/Desktop/projects/ISL PROJECT/include_videos/Means_of_Transportation/13. Bicycle/MVI_3215.MOV,Means_of_Transportation/13. Bicycle/MVI_3215.MOV,71,Means_of_Transportation__13. Bicycle__MVI_3215.npy,skipped,,,,
Means_of_Transportation,13. Bicycle,MVI_3216,/Users/yamini/Desktop/projects/ISL PROJECT/include_videos/Means_of_Transportation/13. Bicycle/MVI_3216.MOV,Means_of_Transportation/13. Bicycle/MVI_3216.MOV,77,Means_of_Transportation__13. Bicycle__MVI_3216.npy,skipped,,,,
Means_of_Transportation,13. Bicycle,MVI_3217,/Users/yamini/Desktop/projects/ISL PROJECT/include_videos/Means_of_Transportation/13. Bicycle/MVI_3217.MOV,Means_of_Transportation/13. Bicycle/MVI_3217.MOV,86,Means_of_Transportation__13. Bicycle__MVI_3217.npy,skipped,,,,
Means_of_Transportation,13. Bicycle,MVI_3244,/Users/yamini/Desktop/projects/ISL PROJECT/include_videos/Means_of_Transportation/13. Bicycle/MVI_3244.MOV,Means_of_Transportation/13. Bicycle/MVI_3244.MOV,74,Means_of_Transportation__13. Bicycle__MVI_3244.npy,skipped,,,,
Means_of_Transportation,13. Bicycle,MVI_3245,/Users/yamini/Desktop/projects/ISL PROJECT/include_videos/Means_of_Transportation/13. Bicycle/MVI_3245.MOV,Means_of_Transportation/13. Bicycle/MVI_3245.MOV,78,Means_of_Transportation__13. Bicycle__MVI_3245.npy,skipped,,,,
Means_of_Transportation,13. Bicycle,MVI_3246,/Users/yamini/Desktop/projects/ISL PROJECT/include_videos/Means_of_Transportation/13. Bicycle/MVI_3246.MOV,Means_of_Transportation/13. Bicycle/MVI_3246.MOV,74,Means_of_Transportation__13. Bicycle__MVI_3246.npy,skipped,,,,
Means_of_Transportation,13. Bicycle,MVI_4182,/Users/yamini/Desktop/projects/ISL PROJECT/include_videos/Means_of_Transportation/13. Bicycle/MVI_4182.MOV,Means_of_Transportation/13. Bicycle/MVI_4182.MOV,64,Means_of_Transportation__13. Bicycle__MVI_4182.npy,skipped,,,,
Means_of_Transportation,13. Bicycle,MVI_4183,/Users/yamini/Desktop/projects/ISL PROJECT/include_videos/Means_of_Transportation/13. Bicycle/MVI_4183.MOV,Means_of_Transportation/13. Bicycle/MVI_4183.MOV,68,Means_of_Transportation__13. Bicycle__MVI_4183.npy,skipped,,,,
Means_of_Transportation,13. Bicycle,MVI_4184,/Users/yamini/Desktop/projects/ISL PROJECT/include_videos/Means_of_Transportation/13. Bicycle/MVI_4184.MOV,Means_of_Transportation/13. Bicycle/MVI_4184.MOV,65,Means_of_Transportation__13. Bicycle__MVI_4184.npy,skipped,,,,
Means_of_Transportation,13. Bicycle,MVI_8587,/Users/yamini/Desktop/projects/ISL PROJECT/include_videos/Means_of_Transportation/13. Bicycle/MVI_8587.MOV,Means_of_Transportation/13. Bicycle/MVI_8587.MOV,73,Means_of_Transportation__13. Bicycle__MVI_8587.npy,skipped,,,,
Means_of_Transportation,13. Bicycle,MVI_8588,/Users/yamini/Desktop/projects/ISL PROJECT/include_videos/Means_of_Transportation/13. Bicycle/MVI_8588.MOV,Means_of_Transportation/13. Bicycle/MVI_8588.MOV,62,Means_of_Transportation__13. Bicycle__MVI_8588.npy,skipped,,,,
Means_of_Transportation,14. Bus,MVI_3126,/Users/yamini/Desktop/projects/ISL PROJECT/include_videos/Means_of_Transportation/14. Bus/MVI_3126.MOV,Means_of_Transportation/14. Bus/MVI_3126.MOV,97,Means_of_Transportation__14. Bus__MVI_3126.npy,skipped,,,,
Means_of_Transportation,14. Bus,MVI_3127,/Users/yamini/Desktop/projects/ISL PROJECT/include_videos/Means_of_Transportation/14. Bus/MVI_3127.MOV,Means_of_Transportation/14. Bus/MVI_3127.MOV,88,Means_of_Transportation__14. Bus__MVI_3127.npy,skipped,,,,
Means_of_Transportation,14. Bus,MVI_3128,/Users/yamini/Desktop/projects/ISL PROJECT/include_videos/Means_of_Transportation/14. Bus/MVI_3128.MOV,Means_of_Transportation/14. Bus/MVI_3128.MOV,90,Means_of_Transportation__14. Bus__MVI_3128.npy,skipped,,,,
Means_of_Transportation,14. Bus,MVI_3155,/Users/yamini/Desktop/projects/ISL PROJECT/include_videos/Means_of_Transportation/14. Bus/MVI_3155.MOV,Means_of_Transportation/14. Bus/MVI_3155.MOV,93,Means_of_Transportation__14. Bus__MVI_3155.npy,skipped,,,,
Means_of_Transportation,14. Bus,MVI_3156,/Users/yamini/Desktop/projects/ISL PROJECT/include_videos/Means_of_Transportation/14. Bus/MVI_3156.MOV,Means_of_Transportation/14. Bus/MVI_3156.MOV,98,Means_of_Transportation__14. Bus__MVI_3156.npy,skipped,,,,
Means_of_Transportation,14. Bus,MVI_3157,/Users/yamini/Desktop/projects/ISL PROJECT/include_videos/Means_of_Transportation/14. Bus/MVI_3157.MOV,Means_of_Transportation/14. Bus/MVI_3157.MOV,84,Means_of_Transportation__14. Bus__MVI_3157.npy,skipped,,,,
Means_of_Transportation,14. Bus,MVI_3184,/Users/yamini/Desktop/projects/ISL PROJECT/include_videos/Means_of_Transportation/14. Bus/MVI_3184.MOV,Means_of_Transportation/14. Bus/MVI_3184.MOV,83,Means_of_Transportation__14. Bus__MVI_3184.npy,skipped,,,,
Means_of_Transportation,14. Bus,MVI_3185,/Users/yamini/Desktop/projects/ISL PROJECT/include_videos/Means_of_Transportation/14. Bus/MVI_3185.MOV,Means_of_Transportation/14. Bus/MVI_3185.MOV,90,Means_of_Transportation__14. Bus__MVI_3185.npy,skipped,,,,
Means_of_Transportation,14. Bus,MVI_3186,/Users/yamini/Desktop/projects/ISL PROJECT/include_videos/Means_of_Transportation/14. Bus/MVI_3186.MOV,Means_of_Transportation/14. Bus/MVI_3186.MOV,97,Means_of_Transportation__14. Bus__MVI_3186.npy,skipped,,,,
Means_of_Transportation,14. Bus,MVI_3218,/Users/yamini/Desktop/projects/ISL PROJECT/include_videos/Means_of_Transportation/14. Bus/MVI_3218.MOV,Means_of_Transportation/14. Bus/MVI_3218.MOV,92,Means_of_Transportation__14. Bus__MVI_3218.npy,skipped,,,,
Means_of_Transportation,14. Bus,MVI_3219,/Users/yamini/Desktop/projects/ISL PROJECT/include_videos/Means_of_Transportation/14. Bus/MVI_3219.MOV,Means_of_Transportation/14. Bus/MVI_3219.MOV,76,Means_of_Transportation__14. Bus__MVI_3219.npy,skipped,,,,
Means_of_Transportation,14. Bus,MVI_3220,/Users/yamini/Desktop/projects/ISL PROJECT/include_videos/Means_of_Transportation/14. Bus/MVI_3220.MOV,Means_of_Transportation/14. Bus/MVI_3220.MOV,86,Means_of_Transportation__14. Bus__MVI_3220.npy,skipped,,,,
Means_of_Transportation,14. Bus,MVI_3247,/Users/yamini/Desktop/projects/ISL PROJECT/include_videos/Means_of_Transportation/14. Bus/MVI_3247.MOV,Means_of_Transportation/14. Bus/MVI_3247.MOV,67,Means_of_Transportation__14. Bus__MVI_3247.npy,skipped,,,,
Means_of_Transportation,14. Bus,MVI_3248,/Users/yamini/Desktop/projects/ISL PROJECT/include_videos/Means_of_Transportation/14. Bus/MVI_3248.MOV,Means_of_Transportation/14. Bus/MVI_3248.MOV,81,Means_of_Transportation__14. Bus__MVI_3248.npy,skipped,,,,
Means_of_Transportation,14. Bus,MVI_3249,/Users/yamini/Desktop/projects/ISL PROJECT/include_videos/Means_of_Transportation/14. Bus/MVI_3249.MOV,Means_of_Transportation/14. Bus/MVI_3249.MOV,86,Means_of_Transportation__14. Bus__MVI_3249.npy,skipped,,,,
Means_of_Transportation,14. Bus,MVI_4185,/Users/yamini/Desktop/projects/ISL PROJECT/include_videos/Means_of_Transportation/14. Bus/MVI_4185.MOV,Means_of_Transportation/14. Bus/MVI_4185.MOV,75,Means_of_Transportation__14. Bus__MVI_4185.npy,skipped,,,,
Means_of_Transportation,14. Bus,MVI_4186,/Users/yamini/Desktop/projects/ISL PROJECT/include_videos/Means_of_Transportation/14. Bus/MVI_4186.MOV,Means_of_Transportation/14. Bus/MVI_4186.MOV,75,Means_of_Transportation__14. Bus__MVI_4186.npy,skipped,,,,
Means_of_Transportation,14. Bus,MVI_4187,/Users/yamini/Desktop/projects/ISL PROJECT/include_videos/Means_of_Transportation/14. Bus/MVI_4187.MOV,Means_of_Transportation/14. Bus/MVI_4187.MOV,61,Means_of_Transportation__14. Bus__MVI_4187.npy,skipped,,,,
Means_of_Transportation,14. Bus,MVI_8589,/Users/yamini/Desktop/projects/ISL PROJECT/include_videos/Means_of_Transportation/14. Bus/MVI_8589.MOV,Means_of_Transportation/14. Bus/MVI_8589.MOV,87,Means_of_Transportation__14. Bus__MVI_8589.npy,skipped,,,,
Means_of_Transportation,14. Bus,MVI_8590,/Users/yamini/Desktop/projects/ISL PROJECT/include_videos/Means_of_Transportation/14. Bus/MVI_8590.MOV,Means_of_Transportation/14. Bus/MVI_8590.MOV,79,Means_of_Transportation__14. Bus__MVI_8590.npy,skipped,,,,
Means_of_Transportation,15. Boat,MVI_3129,/Users/yamini/Desktop/projects/ISL PROJECT/include_videos/Means_of_Transportation/15. Boat/MVI_3129.MOV,Means_of_Transportation/15. Boat/MVI_3129.MOV,112,Means_of_Transportation__15. Boat__MVI_3129.npy,skipped,,,,
Means_of_Transportation,15. Boat,MVI_3130,/Users/yamini/Desktop/projects/ISL PROJECT/include_videos/Means_of_Transportation/15. Boat/MVI_3130.MOV,Means_of_Transportation/15. Boat/MVI_3130.MOV,113,Means_of_Transportation__15. Boat__MVI_3130.npy,skipped,,,,
Means_of_Transportation,15. Boat,MVI_3131,/Users/yamini/Desktop/projects/ISL PROJECT/include_videos/Means_of_Transportation/15. Boat/MVI_3131.MOV,Means_of_Transportation/15. Boat/MVI_3131.MOV,117,Means_of_Transportation__15. Boat__MVI_3131.npy,skipped,,,,
Means_of_Transportation,15. Boat,MVI_3158,/Users/yamini/Desktop/projects/ISL PROJECT/include_videos/Means_of_Transportation/15. Boat/MVI_3158.MOV,Means_of_Transportation/15. Boat/MVI_3158.MOV,110,Means_of_Transportation__15. Boat__MVI_3158.npy,skipped,,,,
Means_of_Transportation,15. Boat,MVI_3159,/Users/yamini/Desktop/projects/ISL PROJECT/include_videos/Means_of_Transportation/15. Boat/MVI_3159.MOV,Means_of_Transportation/15. Boat/MVI_3159.MOV,94,Means_of_Transportation__15. Boat__MVI_3159.npy,skipped,,,,
Means_of_Transportation,15. Boat,MVI_3160,/Users/yamini/Desktop/projects/ISL PROJECT/include_videos/Means_of_Transportation/15. Boat/MVI_3160.MOV,Means_of_Transportation/15. Boat/MVI_3160.MOV,102,Means_of_Transportation__15. Boat__MVI_3160.npy,skipped,,,,
Means_of_Transportation,15. Boat,MVI_3187,/Users/yamini/Desktop/projects/ISL PROJECT/include_videos/Means_of_Transportation/15. Boat/MVI_3187.MOV,Means_of_Transportation/15. Boat/MVI_3187.MOV,115,Means_of_Transportation__15. Boat__MVI_3187.npy,skipped,,,,
Means_of_Transportation,15. Boat,MVI_3189,/Users/yamini/Desktop/projects/ISL PROJECT/include_videos/Means_of_Transportation/15. Boat/MVI_3189.MOV,Means_of_Transportation/15. Boat/MVI_3189.MOV,96,Means_of_Transportation__15. Boat__MVI_3189.npy,skipped,,,,
Means_of_Transportation,15. Boat,MVI_3190,/Users/yamini/Desktop/projects/ISL PROJECT/include_videos/Means_of_Transportation/15. Boat/MVI_3190.MOV,Means_of_Transportation/15. Boat/MVI_3190.MOV,101,Means_of_Transportation__15. Boat__MVI_3190.npy,skipped,,,,
Means_of_Transportation,15. Boat,MVI_3191,/Users/yamini/Desktop/projects/ISL PROJECT/include_videos/Means_of_Transportation/15. Boat/MVI_3191.MOV,Means_of_Transportation/15. Boat/MVI_3191.MOV,111,Means_of_Transportation__15. Boat__MVI_3191.npy,skipped,,,,
Means_of_Transportation,15. Boat,MVI_3221,/Users/yamini/Desktop/projects/ISL PROJECT/include_videos/Means_of_Transportation/15. Boat/MVI_3221.MOV,Means_of_Transportation/15. Boat/MVI_3221.MOV,123,Means_of_Transportation__15. Boat__MVI_3221.npy,skipped,,,,
Means_of_Transportation,15. Boat,MVI_3222,/Users/yamini/Desktop/projects/ISL PROJECT/include_videos/Means_of_Transportation/15. Boat/MVI_3222.MOV,Means_of_Transportation/15. Boat/MVI_3222.MOV,118,Means_of_Transportation__15. Boat__MVI_3222.npy,skipped,,,,
Means_of_Transportation,15. Boat,MVI_3223,/Users/yamini/Desktop/projects/ISL PROJECT/include_videos/Means_of_Transportation/15. Boat/MVI_3223.MOV,Means_of_Transportation/15. Boat/MVI_3223.MOV,112,Means_of_Transportation__15. Boat__MVI_3223.npy,skipped,,,,
Means_of_Transportation,15. Boat,MVI_3250,/Users/yamini/Desktop/projects/ISL PROJECT/include_videos/Means_of_Transportation/15. Boat/MVI_3250.MOV,Means_of_Transportation/15. Boat/MVI_3250.MOV,103,Means_of_Transportation__15. Boat__MVI_3250.npy,skipped,,,,
Means_of_Transportation,15. Boat,MVI_3251,/Users/yamini/Desktop/projects/ISL PROJECT/include_videos/Means_of_Transportation/15. Boat/MVI_3251.MOV,Means_of_Transportation/15. Boat/MVI_3251.MOV,100,Means_of_Transportation__15. Boat__MVI_3251.npy,skipped,,,,
Means_of_Transportation,15. Boat,MVI_3252,/Users/yamini/Desktop/projects/ISL PROJECT/include_videos/Means_of_Transportation/15. Boat/MVI_3252.MOV,Means_of_Transportation/15. Boat/MVI_3252.MOV,95,Means_of_Transportation__15. Boat__MVI_3252.npy,skipped,,,,
Means_of_Transportation,15. Boat,MVI_4188,/Users/yamini/Desktop/projects/ISL PROJECT/include_videos/Means_of_Transportation/15. Boat/MVI_4188.MOV,Means_of_Transportation/15. Boat/MVI_4188.MOV,95,Means_of_Transportation__15. Boat__MVI_4188.npy,skipped,,,,
Means_of_Transportation,15. Boat,MVI_4189,/Users/yamini/Desktop/projects/ISL PROJECT/include_videos/Means_of_Transportation/15. Boat/MVI_4189.MOV,Means_of_Transportation/15. Boat/MVI_4189.MOV,79,Means_of_Transportation__15. Boat__MVI_4189.npy,skipped,,,,
Means_of_Transportation,15. Boat,MVI_4190,/Users/yamini/Desktop/projects/ISL PROJECT/include_videos/Means_of_Transportation/15. Boat/MVI_4190.MOV,Means_of_Transportation/15. Boat/MVI_4190.MOV,77,Means_of_Transportation__15. Boat__MVI_4190.npy,skipped,,,,
Means_of_Transportation,15. Boat,MVI_8594,/Users/yamini/Desktop/projects/ISL PROJECT/include_videos/Means_of_Transportation/15. Boat/MVI_8594.MOV,Means_of_Transportation/15. Boat/MVI_8594.MOV,95,Means_of_Transportation__15. Boat__MVI_8594.npy,skipped,,,,
Means_of_Transportation,15. Boat,MVI_8595,/Users/yamini/Desktop/projects/ISL PROJECT/include_videos/Means_of_Transportation/15. Boat/MVI_8595.MOV,Means_of_Transportation/15. Boat/MVI_8595.MOV,98,Means_of_Transportation__15. Boat__MVI_8595.npy,skipped,,,,
Means_of_Transportation,16. train ticket,MVI_3132,/Users/yamini/Desktop/projects/ISL PROJECT/include_videos/Means_of_Transportation/16. train ticket/MVI_3132.MOV,Means_of_Transportation/16. train ticket/MVI_3132.MOV,88,Means_of_Transportation__16. train ticket__MVI_3132.npy,skipped,,,,
Means_of_Transportation,16. train ticket,MVI_3133,/Users/yamini/Desktop/projects/ISL PROJECT/include_videos/Means_of_Transportation/16. train ticket/MVI_3133.MOV,Means_of_Transportation/16. train ticket/MVI_3133.MOV,102,Means_of_Transportation__16. train ticket__MVI_3133.npy,skipped,,,,
Means_of_Transportation,16. train ticket,MVI_3134,/Users/yamini/Desktop/projects/ISL PROJECT/include_videos/Means_of_Transportation/16. train ticket/MVI_3134.MOV,Means_of_Transportation/16. train ticket/MVI_3134.MOV,99,Means_of_Transportation__16. train ticket__MVI_3134.npy,skipped,,,,
Means_of_Transportation,16. train ticket,MVI_3162,/Users/yamini/Desktop/projects/ISL PROJECT/include_videos/Means_of_Transportation/16. train ticket/MVI_3162.MOV,Means_of_Transportation/16. train ticket/MVI_3162.MOV,85,Means_of_Transportation__16. train ticket__MVI_3162.npy,skipped,,,,
Means_of_Transportation,16. train ticket,MVI_3163,/Users/yamini/Desktop/projects/ISL PROJECT/include_videos/Means_of_Transportation/16. train ticket/MVI_3163.MOV,Means_of_Transportation/16. train ticket/MVI_3163.MOV,88,Means_of_Transportation__16. train ticket__MVI_3163.npy,skipped,,,,
Means_of_Transportation,16. train ticket,MVI_3164,/Users/yamini/Desktop/projects/ISL PROJECT/include_videos/Means_of_Transportation/16. train ticket/MVI_3164.MOV,Means_of_Transportation/16. train ticket/MVI_3164.MOV,111,Means_of_Transportation__16. train ticket__MVI_3164.npy,skipped,,,,
Means_of_Transportation,16. train ticket,MVI_3194,/Users/yamini/Desktop/projects/ISL PROJECT/include_videos/Means_of_Transportation/16. train ticket/MVI_3194.MOV,Means_of_Transportation/16. train ticket/MVI_3194.MOV,99,Means_of_Transportation__16. train ticket__MVI_3194.npy,skipped,,,,
Means_of_Transportation,16. train ticket,MVI_3195,/Users/yamini/Desktop/projects/ISL PROJECT/include_videos/Means_of_Transportation/16. train ticket/MVI_3195.MOV,Means_of_Transportation/16. train ticket/MVI_3195.MOV,100,Means_of_Transportation__16. train ticket__MVI_3195.npy,skipped,,,,
Means_of_Transportation,16. train ticket,MVI_3196,/Users/yamini/Desktop/projects/ISL PROJECT/include_videos/Means_of_Transportation/16. train ticket/MVI_3196.MOV,Means_of_Transportation/16. train ticket/MVI_3196.MOV,102,Means_of_Transportation__16. train ticket__MVI_3196.npy,skipped,,,,
Means_of_Transportation,16. train ticket,MVI_3197,/Users/yamini/Desktop/projects/ISL PROJECT/include_videos/Means_of_Transportation/16. train ticket/MVI_3197.MOV,Means_of_Transportation/16. train ticket/MVI_3197.MOV,102,Means_of_Transportation__16. train ticket__MVI_3197.npy,skipped,,,,
Means_of_Transportation,16. train ticket,MVI_3224,/Users/yamini/Desktop/projects/ISL PROJECT/include_videos/Means_of_Transportation/16. train ticket/MVI_3224.MOV,Means_of_Transportation/16. train ticket/MVI_3224.MOV,91,Means_of_Transportation__16. train ticket__MVI_3224.npy,skipped,,,,
Means_of_Transportation,16. train ticket,MVI_3225,/Users/yamini/Desktop/projects/ISL PROJECT/include_videos/Means_of_Transportation/16. train ticket/MVI_3225.MOV,Means_of_Transportation/16. train ticket/MVI_3225.MOV,98,Means_of_Transportation__16. train ticket__MVI_3225.npy,skipped,,,,
Means_of_Transportation,16. train ticket,MVI_3226,/Users/yamini/Desktop/projects/ISL PROJECT/include_videos/Means_of_Transportation/16. train ticket/MVI_3226.MOV,Means_of_Transportation/16. train ticket/MVI_3226.MOV,81,Means_of_Transportation__16. train ticket__MVI_3226.npy,skipped,,,,
Means_of_Transportation,16. train ticket,MVI_3253,/Users/yamini/Desktop/projects/ISL PROJECT/include_videos/Means_of_Transportation/16. train ticket/MVI_3253.MOV,Means_of_Transportation/16. train ticket/MVI_3253.MOV,76,Means_of_Transportation__16. train ticket__MVI_3253.npy,skipped,,,,
Means_of_Transportation,16. train ticket,MVI_3254,/Users/yamini/Desktop/projects/ISL PROJECT/include_videos/Means_of_Transportation/16. train ticket/MVI_3254.MOV,Means_of_Transportation/16. train ticket/MVI_3254.MOV,75,Means_of_Transportation__16. train ticket__MVI_3254.npy,skipped,,,,
Means_of_Transportation,16. train ticket,MVI_3255,/Users/yamini/Desktop/projects/ISL PROJECT/include_videos/Means_of_Transportation/16. train ticket/MVI_3255.MOV,Means_of_Transportation/16. train ticket/MVI_3255.MOV,81,Means_of_Transportation__16. train ticket__MVI_3255.npy,skipped,,,,
Means_of_Transportation,16. train ticket,MVI_4191,/Users/yamini/Desktop/projects/ISL PROJECT/include_videos/Means_of_Transportation/16. train ticket/MVI_4191.MOV,Means_of_Transportation/16. train ticket/MVI_4191.MOV,77,Means_of_Transportation__16. train ticket__MVI_4191.npy,skipped,,,,
Means_of_Transportation,16. train ticket,MVI_4192,/Users/yamini/Desktop/projects/ISL PROJECT/include_videos/Means_of_Transportation/16. train ticket/MVI_4192.MOV,Means_of_Transportation/16. train ticket/MVI_4192.MOV,79,Means_of_Transportation__16. train ticket__MVI_4192.npy,skipped,,,,
Means_of_Transportation,16. train ticket,MVI_4193,/Users/yamini/Desktop/projects/ISL PROJECT/include_videos/Means_of_Transportation/16. train ticket/MVI_4193.MOV,Means_of_Transportation/16. train ticket/MVI_4193.MOV,76,Means_of_Transportation__16. train ticket__MVI_4193.npy,skipped,,,,
Means_of_Transportation,16. train ticket,MVI_8596,/Users/yamini/Desktop/projects/ISL PROJECT/include_videos/Means_of_Transportation/16. train ticket/MVI_8596.MOV,Means_of_Transportation/16. train ticket/MVI_8596.MOV,101,Means_of_Transportation__16. train ticket__MVI_8596.npy,skipped,,,,
Means_of_Transportation,16. train ticket,MVI_8597,/Users/yamini/Desktop/projects/ISL PROJECT/include_videos/Means_of_Transportation/16. train ticket/MVI_8597.MOV,Means_of_Transportation/16. train ticket/MVI_8597.MOV,87,Means_of_Transportation__16. train ticket__MVI_8597.npy,skipped,,,,
Means_of_Transportation,17. Transportation,MVI_3135,/Users/yamini/Desktop/projects/ISL PROJECT/include_videos/Means_of_Transportation/17. Transportation/MVI_3135.MOV,Means_of_Transportation/17. Transportation/MVI_3135.MOV,100,Means_of_Transportation__17. Transportation__MVI_3135.npy,skipped,,,,
Means_of_Transportation,17. Transportation,MVI_3136,/Users/yamini/Desktop/projects/ISL PROJECT/include_videos/Means_of_Transportation/17. Transportation/MVI_3136.MOV,Means_of_Transportation/17. Transportation/MVI_3136.MOV,104,Means_of_Transportation__17. Transportation__MVI_3136.npy,skipped,,,,
Means_of_Transportation,17. Transportation,MVI_3137,/Users/yamini/Desktop/projects/ISL PROJECT/include_videos/Means_of_Transportation/17. Transportation/MVI_3137.MOV,Means_of_Transportation/17. Transportation/MVI_3137.MOV,93,Means_of_Transportation__17. Transportation__MVI_3137.npy,skipped,,,,
Means_of_Transportation,17. Transportation,MVI_3165,/Users/yamini/Desktop/projects/ISL PROJECT/include_videos/Means_of_Transportation/17. Transportation/MVI_3165.MOV,Means_of_Transportation/17. Transportation/MVI_3165.MOV,79,Means_of_Transportation__17. Transportation__MVI_3165.npy,skipped,,,,
Means_of_Transportation,17. Transportation,MVI_3166,/Users/yamini/Desktop/projects/ISL PROJECT/include_videos/Means_of_Transportation/17. Transportation/MVI_3166.MOV,Means_of_Transportation/17. Transportation/MVI_3166.MOV,90,Means_of_Transportation__17. Transportation__MVI_3166.npy,skipped,,,,
Means_of_Transportation,17. Transportation,MVI_3167,/Users/yamini/Desktop/projects/ISL PROJECT/include_videos/Means_of_Transportation/17. Transportation/MVI_3167.MOV,Means_of_Transportation/17. Transportation/MVI_3167.MOV,71,Means_of_Transportation__17. Transportation__MVI_3167.npy,skipped,,,,
Means_of_Transportation,17. Transportation,MVI_3198,/Users/yamini/Desktop/projects/ISL PROJECT/include_videos/Means_of_Transportation/17. Transportation/MVI_3198.MOV,Means_of_Transportation/17. Transportation/MVI_3198.MOV,89,Means_of_Transportation__17. Transportation__MVI_3198.npy,skipped,,,,
Means_of_Transportation,17. Transportation,MVI_3199,/Users/yamini/Desktop/projects/ISL PROJECT/include_videos/Means_of_Transportation/17. Transportation/MVI_3199.MOV,Means_of_Transportation/17. Transportation/MVI_3199.MOV,88,Means_of_Transportation__17. Transportation__MVI_3199.npy,skipped,,,,
Means_of_Transportation,17. Transportation,MVI_3200,/Users/yamini/Desktop/projects/ISL PROJECT/include_videos/Means_of_Transportation/17. Transportation/MVI_3200.MOV,Means_of_Transportation/17. Transportation/MVI_3200.MOV,92,Means_of_Transportation__17. Transportation__MVI_3200.npy,skipped,,,,
Means_of_Transportation,17. Transportation,MVI_3201,/Users/yamini/Desktop/projects/ISL PROJECT/include_videos/Means_of_Transportation/17. Transportation/MVI_3201.MOV,Means_of_Transportation/17. Transportation/MVI_3201.MOV,77,Means_of_Transportation__17. Transportation__MVI_3201.npy,skipped,,,,
Means_of_Transportation,17. Transportation,MVI_3227,/Users/yamini/Desktop/projects/ISL PROJECT/include_videos/Means_of_Transportation/17. Transportation/MVI_3227.MOV,Means_of_Transportation/17. Transportation/MVI_3227.MOV,86,Means_of_Transportation__17. Transportation__MVI_3227.npy,skipped,,,,
Means_of_Transportation,17. Transportation,MVI_3228,/Users/yamini/Desktop/projects/ISL PROJECT/include_videos/Means_of_Transportation/17. Transportation/MVI_3228.MOV,Means_of_Transportation/17. Transportation/MVI_3228.MOV,73,Means_of_Transportation__17. Transportation__MVI_3228.npy,skipped,,,,
Means_of_Transportation,17. Transportation,MVI_3229,/Users/yamini/Desktop/projects/ISL PROJECT/include_videos/Means_of_Transportation/17. Transportation/MVI_3229.MOV,Means_of_Transportation/17. Transportation/MVI_3229.MOV,69,Means_of_Transportation__17. Transportation__MVI_3229.npy,skipped,,,,
Means_of_Transportation,17. Transportation,MVI_3256,/Users/yamini/Desktop/projects/ISL PROJECT/include_videos/Means_of_Transportation/17. Transportation/MVI_3256.MOV,Means_of_Transportation/17. Transportation/MVI_3256.MOV,91,Means_of_Transportation__17. Transportation__MVI_3256.npy,skipped,,,,
Means_of_Transportation,17. Transportation,MVI_3257,/Users/yamini/Desktop/projects/ISL PROJECT/include_videos/Means_of_Transportation/17. Transportation/MVI_3257.MOV,Means_of_Transportation/17. Transportation/MVI_3257.MOV,78,Means_of_Transportation__17. Transportation__MVI_3257.npy,skipped,,,,
Means_of_Transportation,17. Transportation,MVI_3258,/Users/yamini/Desktop/projects/ISL PROJECT/include_videos/Means_of_Transportation/17. Transportation/MVI_3258.MOV,Means_of_Transportation/17. Transportation/MVI_3258.MOV,79,Means_of_Transportation__17. Transportation__MVI_3258.npy,skipped,,,,
Means_of_Transportation,17. Transportation,MVI_4194,/Users/yamini/Desktop/projects/ISL PROJECT/include_videos/Means_of_Transportation/17. Transportation/MVI_4194.MOV,Means_of_Transportation/17. Transportation/MVI_4194.MOV,65,Means_of_Transportation__17. Transportation__MVI_4194.npy,skipped,,,,
Means_of_Transportation,17. Transportation,MVI_4195,/Users/yamini/Desktop/projects/ISL PROJECT/include_videos/Means_of_Transportation/17. Transportation/MVI_4195.MOV,Means_of_Transportation/17. Transportation/MVI_4195.MOV,65,Means_of_Transportation__17. Transportation__MVI_4195.npy,skipped,,,,
Means_of_Transportation,17. Transportation,MVI_4196,/Users/yamini/Desktop/projects/ISL PROJECT/include_videos/Means_of_Transportation/17. Transportation/MVI_4196.MOV,Means_of_Transportation/17. Transportation/MVI_4196.MOV,52,Means_of_Transportation__17. Transportation__MVI_4196.npy,skipped,,,,
Means_of_Transportation,17. Transportation,MVI_8598,/Users/yamini/Desktop/projects/ISL PROJECT/include_videos/Means_of_Transportation/17. Transportation/MVI_8598.MOV,Means_of_Transportation/17. Transportation/MVI_8598.MOV,67,Means_of_Transportation__17. Transportation__MVI_8598.npy,skipped,,,,
Means_of_Transportation,17. Transportation,MVI_8599,/Users/yamini/Desktop/projects/ISL PROJECT/include_videos/Means_of_Transportation/17. Transportation/MVI_8599.MOV,Means_of_Transportation/17. Transportation/MVI_8599.MOV,69,Means_of_Transportation__17. Transportation__MVI_8599.npy,skipped,,,,
Means_of_Transportation,9. Train,MVI_3110,/Users/yamini/Desktop/projects/ISL PROJECT/include_videos/Means_of_Transportation/9. Train/MVI_3110.MOV,Means_of_Transportation/9. Train/MVI_3110.MOV,77,Means_of_Transportation__9. Train__MVI_3110.npy,skipped,,,,
Means_of_Transportation,9. Train,MVI_3111,/Users/yamini/Desktop/projects/ISL PROJECT/include_videos/Means_of_Transportation/9. Train/MVI_3111.MOV,Means_of_Transportation/9. Train/MVI_3111.MOV,87,Means_of_Transportation__9. Train__MVI_3111.npy,skipped,,,,
Means_of_Transportation,9. Train,MVI_3112,/Users/yamini/Desktop/projects/ISL PROJECT/include_videos/Means_of_Transportation/9. Train/MVI_3112.MOV,Means_of_Transportation/9. Train/MVI_3112.MOV,84,Means_of_Transportation__9. Train__MVI_3112.npy,skipped,,,,
Means_of_Transportation,9. Train,MVI_3139,/Users/yamini/Desktop/projects/ISL PROJECT/include_videos/Means_of_Transportation/9. Train/MVI_3139.MOV,Means_of_Transportation/9. Train/MVI_3139.MOV,95,Means_of_Transportation__9. Train__MVI_3139.npy,skipped,,,,
Means_of_Transportation,9. Train,MVI_3140,/Users/yamini/Desktop/projects/ISL PROJECT/include_videos/Means_of_Transportation/9. Train/MVI_3140.MOV,Means_of_Transportation/9. Train/MVI_3140.MOV,82,Means_of_Transportation__9. Train__MVI_3140.npy,skipped,,,,
Means_of_Transportation,9. Train,MVI_3141,/Users/yamini/Desktop/projects/ISL PROJECT/include_videos/Means_of_Transportation/9. Train/MVI_3141.MOV,Means_of_Transportation/9. Train/MVI_3141.MOV,81,Means_of_Transportation__9. Train__MVI_3141.npy,skipped,,,,
Means_of_Transportation,9. Train,MVI_3168,/Users/yamini/Desktop/projects/ISL PROJECT/include_videos/Means_of_Transportation/9. Train/MVI_3168.MOV,Means_of_Transportation/9. Train/MVI_3168.MOV,77,Means_of_Transportation__9. Train__MVI_3168.npy,skipped,,,,
Means_of_Transportation,9. Train,MVI_3169,/Users/yamini/Desktop/projects/ISL PROJECT/include_videos/Means_of_Transportation/9. Train/MVI_3169.MOV,Means_of_Transportation/9. Train/MVI_3169.MOV,85,Means_of_Transportation__9. Train__MVI_3169.npy,skipped,,,,
Means_of_Transportation,9. Train,MVI_3170,/Users/yamini/Desktop/projects/ISL PROJECT/include_videos/Means_of_Transportation/9. Train/MVI_3170.MOV,Means_of_Transportation/9. Train/MVI_3170.MOV,76,Means_of_Transportation__9. Train__MVI_3170.npy,skipped,,,,
Means_of_Transportation,9. Train,MVI_3202,/Users/yamini/Desktop/projects/ISL PROJECT/include_videos/Means_of_Transportation/9. Train/MVI_3202.MOV,Means_of_Transportation/9. Train/MVI_3202.MOV,93,Means_of_Transportation__9. Train__MVI_3202.npy,skipped,,,,
Means_of_Transportation,9. Train,MVI_3203,/Users/yamini/Desktop/projects/ISL PROJECT/include_videos/Means_of_Transportation/9. Train/MVI_3203.MOV,Means_of_Transportation/9. Train/MVI_3203.MOV,76,Means_of_Transportation__9. Train__MVI_3203.npy,skipped,,,,
Means_of_Transportation,9. Train,MVI_3204,/Users/yamini/Desktop/projects/ISL PROJECT/include_videos/Means_of_Transportation/9. Train/MVI_3204.MOV,Means_of_Transportation/9. Train/MVI_3204.MOV,68,Means_of_Transportation__9. Train__MVI_3204.npy,skipped,,,,
Means_of_Transportation,9. Train,MVI_3230,/Users/yamini/Desktop/projects/ISL PROJECT/include_videos/Means_of_Transportation/9. Train/MVI_3230.MOV,Means_of_Transportation/9. Train/MVI_3230.MOV,90,Means_of_Transportation__9. Train__MVI_3230.npy,skipped,,,,
Means_of_Transportation,9. Train,MVI_3231,/Users/yamini/Desktop/projects/ISL PROJECT/include_videos/Means_of_Transportation/9. Train/MVI_3231.MOV,Means_of_Transportation/9. Train/MVI_3231.MOV,71,Means_of_Transportation__9. Train__MVI_3231.npy,skipped,,,,
Means_of_Transportation,9. Train,MVI_3232,/Users/yamini/Desktop/projects/ISL PROJECT/include_videos/Means_of_Transportation/9. Train/MVI_3232.MOV,Means_of_Transportation/9. Train/MVI_3232.MOV,59,Means_of_Transportation__9. Train__MVI_3232.npy,skipped,,,,
Means_of_Transportation,9. Train,MVI_3233,/Users/yamini/Desktop/projects/ISL PROJECT/include_videos/Means_of_Transportation/9. Train/MVI_3233.MOV,Means_of_Transportation/9. Train/MVI_3233.MOV,81,Means_of_Transportation__9. Train__MVI_3233.npy,skipped,,,,
Means_of_Transportation,9. Train,MVI_4170,/Users/yamini/Desktop/projects/ISL PROJECT/include_videos/Means_of_Transportation/9. Train/MVI_4170.MOV,Means_of_Transportation/9. Train/MVI_4170.MOV,63,Means_of_Transportation__9. Train__MVI_4170.npy,skipped,,,,
Means_of_Transportation,9. Train,MVI_4171,/Users/yamini/Desktop/projects/ISL PROJECT/include_videos/Means_of_Transportation/9. Train/MVI_4171.MOV,Means_of_Transportation/9. Train/MVI_4171.MOV,59,Means_of_Transportation__9. Train__MVI_4171.npy,skipped,,,,
Means_of_Transportation,9. Train,MVI_4172,/Users/yamini/Desktop/projects/ISL PROJECT/include_videos/Means_of_Transportation/9. Train/MVI_4172.MOV,Means_of_Transportation/9. Train/MVI_4172.MOV,52,Means_of_Transportation__9. Train__MVI_4172.npy,skipped,,,,
Means_of_Transportation,9. Train,MVI_8579,/Users/yamini/Desktop/projects/ISL PROJECT/include_videos/Means_of_Transportation/9. Train/MVI_8579.MOV,Means_of_Transportation/9. Train/MVI_8579.MOV,69,Means_of_Transportation__9. Train__MVI_8579.npy,skipped,,,,
Means_of_Transportation,9. Train,MVI_8580,/Users/yamini/Desktop/projects/ISL PROJECT/include_videos/Means_of_Transportation/9. Train/MVI_8580.MOV,Means_of_Transportation/9. Train/MVI_8580.MOV,57,Means_of_Transportation__9. Train__MVI_8580.npy,skipped,,,,
People,58. Son,MVI_3753,/Users/yamini/Desktop/projects/ISL PROJECT/include_videos/People/58. Son/MVI_3753.MOV,People/58. Son/MVI_3753.MOV,66,People__58. Son__MVI_3753.npy,skipped,,,,
People,58. Son,MVI_3754,/Users/yamini/Desktop/projects/ISL PROJECT/include_videos/People/58. Son/MVI_3754.MOV,People/58. Son/MVI_3754.MOV,49,People__58. Son__MVI_3754.npy,skipped,,,,
People,58. Son,MVI_3755,/Users/yamini/Desktop/projects/ISL PROJECT/include_videos/People/58. Son/MVI_3755.MOV,People/58. Son/MVI_3755.MOV,52,People__58. Son__MVI_3755.npy,skipped,,,,
People,58. Son,MVI_3900,/Users/yamini/Desktop/projects/ISL PROJECT/include_videos/People/58. Son/MVI_3900.MOV,People/58. Son/MVI_3900.MOV,87,People__58. Son__MVI_3900.npy,skipped,,,,
People,58. Son,MVI_3901,/Users/yamini/Desktop/projects/ISL PROJECT/include_videos/People/58. Son/MVI_3901.MOV,People/58. Son/MVI_3901.MOV,77,People__58. Son__MVI_3901.npy,skipped,,,,
People,58. Son,MVI_3902,/Users/yamini/Desktop/projects/ISL PROJECT/include_videos/People/58. Son/MVI_3902.MOV,People/58. Son/MVI_3902.MOV,75,People__58. Son__MVI_3902.npy,skipped,,,,
People,58. Son,MVI_4051,/Users/yamini/Desktop/projects/ISL PROJECT/include_videos/People/58. Son/MVI_4051.MOV,People/58. Son/MVI_4051.MOV,55,People__58. Son__MVI_4051.npy,skipped,,,,
People,58. Son,MVI_4052,/Users/yamini/Desktop/projects/ISL PROJECT/include_videos/People/58. Son/MVI_4052.MOV,People/58. Son/MVI_4052.MOV,61,People__58. Son__MVI_4052.npy,skipped,,,,
People,58. Son,MVI_4053,/Users/yamini/Desktop/projects/ISL PROJECT/include_videos/People/58. Son/MVI_4053.MOV,People/58. Son/MVI_4053.MOV,65,People__58. Son__MVI_4053.npy,skipped,,,,
People,58. Son,MVI_4219,/Users/yamini/Desktop/projects/ISL PROJECT/include_videos/People/58. Son/MVI_4219.MOV,People/58. Son/MVI_4219.MOV,57,People__58. Son__MVI_4219.npy,skipped,,,,
People,58. Son,MVI_4931,/Users/yamini/Desktop/projects/ISL PROJECT/include_videos/People/58. Son/MVI_4931.MOV,People/58. Son/MVI_4931.MOV,61,People__58. Son__MVI_4931.npy,skipped,,,,
People,58. Son,MVI_4932,/Users/yamini/Desktop/projects/ISL PROJECT/include_videos/People/58. Son/MVI_4932.MOV,People/58. Son/MVI_4932.MOV,66,People__58. Son__MVI_4932.npy,skipped,,,,
People,58. Son,MVI_4933,/Users/yamini/Desktop/projects/ISL PROJECT/include_videos/People/58. Son/MVI_4933.MOV,People/58. Son/MVI_4933.MOV,60,People__58. Son__MVI_4933.npy,skipped,,,,
People,58. Son,MVI_5071,/Users/yamini/Desktop/projects/ISL PROJECT/include_videos/People/58. Son/MVI_5071.MOV,People/58. Son/MVI_5071.MOV,59,People__58. Son__MVI_5071.npy,skipped,,,,
People,58. Son,MVI_5072,/Users/yamini/Desktop/projects/ISL PROJECT/include_videos/People/58. Son/MVI_5072.MOV,People/58. Son/MVI_5072.MOV,62,People__58. Son__MVI_5072.npy,skipped,,,,
People,58. Son,MVI_5073,/Users/yamini/Desktop/projects/ISL PROJECT/include_videos/People/58. Son/MVI_5073.MOV,People/58. Son/MVI_5073.MOV,55,People__58. Son__MVI_5073.npy,skipped,,,,
People,58. Son,MVI_5218,/Users/yamini/Desktop/projects/ISL PROJECT/include_videos/People/58. Son/MVI_5218.MOV,People/58. Son/MVI_5218.MOV,68,People__58. Son__MVI_5218.npy,skipped,,,,
People,58. Son,MVI_5219,/Users/yamini/Desktop/projects/ISL PROJECT/include_videos/People/58. Son/MVI_5219.MOV,People/58. Son/MVI_5219.MOV,68,People__58. Son__MVI_5219.npy,skipped,,,,
People,58. Son,MVI_5220,/Users/yamini/Desktop/projects/ISL PROJECT/include_videos/People/58. Son/MVI_5220.MOV,People/58. Son/MVI_5220.MOV,69,People__58. Son__MVI_5220.npy,skipped,,,,
People,58. Son,MVI_8623,/Users/yamini/Desktop/projects/ISL PROJECT/include_videos/People/58. Son/MVI_8623.MOV,People/58. Son/MVI_8623.MOV,70,People__58. Son__MVI_8623.npy,skipped,,,,
People,59. Daughter,MVI_3756,/Users/yamini/Desktop/projects/ISL PROJECT/include_videos/People/59. Daughter/MVI_3756.MOV,People/59. Daughter/MVI_3756.MOV,52,People__59. Daughter__MVI_3756.npy,skipped,,,,
People,59. Daughter,MVI_3757,/Users/yamini/Desktop/projects/ISL PROJECT/include_videos/People/59. Daughter/MVI_3757.MOV,People/59. Daughter/MVI_3757.MOV,40,People__59. Daughter__MVI_3757.npy,skipped,,,,
People,59. Daughter,MVI_3758,/Users/yamini/Desktop/projects/ISL PROJECT/include_videos/People/59. Daughter/MVI_3758.MOV,People/59. Daughter/MVI_3758.MOV,43,People__59. Daughter__MVI_3758.npy,skipped,,,,
People,59. Daughter,MVI_3903,/Users/yamini/Desktop/projects/ISL PROJECT/include_videos/People/59. Daughter/MVI_3903.MOV,People/59. Daughter/MVI_3903.MOV,73,People__59. Daughter__MVI_3903.npy,skipped,,,,
People,59. Daughter,MVI_3904,/Users/yamini/Desktop/projects/ISL PROJECT/include_videos/People/59. Daughter/MVI_3904.MOV,People/59. Daughter/MVI_3904.MOV,70,People__59. Daughter__MVI_3904.npy,skipped,,,,
People,59. Daughter,MVI_3905,/Users/yamini/Desktop/projects/ISL PROJECT/include_videos/People/59. Daughter/MVI_3905.MOV,People/59. Daughter/MVI_3905.MOV,72,People__59. Daughter__MVI_3905.npy,skipped,,,,
People,59. Daughter,MVI_4054,/Users/yamini/Desktop/projects/ISL PROJECT/include_videos/People/59. Daughter/MVI_4054.MOV,People/59. Daughter/MVI_4054.MOV,63,People__59. Daughter__MVI_4054.npy,skipped,,,,
People,59. Daughter,MVI_4055,/Users/yamini/Desktop/projects/ISL PROJECT/include_videos/People/59. Daughter/MVI_4055.MOV,People/59. Daughter/MVI_4055.MOV,58,People__59. Daughter__MVI_4055.npy,skipped,,,,
People,59. Daughter,MVI_4056,/Users/yamini/Desktop/projects/ISL PROJECT/include_videos/People/59. Daughter/MVI_4056.MOV,People/59. Daughter/MVI_4056.MOV,61,People__59. Daughter__MVI_4056.npy,skipped,,,,
People,59. Daughter,MVI_4221,/Users/yamini/Desktop/projects/ISL PROJECT/include_videos/People/59. Daughter/MVI_4221.MOV,People/59. Daughter/MVI_4221.MOV,48,People__59. Daughter__MVI_4221.npy,skipped,,,,
People,59. Daughter,MVI_4934,/Users/yamini/Desktop/projects/ISL PROJECT/include_videos/People/59. Daughter/MVI_4934.MOV,People/59. Daughter/MVI_4934.MOV,61,People__59. Daughter__MVI_4934.npy,skipped,,,,
People,59. Daughter,MVI_4935,/Users/yamini/Desktop/projects/ISL PROJECT/include_videos/People/59. Daughter/MVI_4935.MOV,People/59. Daughter/MVI_4935.MOV,55,People__59. Daughter__MVI_4935.npy,skipped,,,,
People,59. Daughter,MVI_4936,/Users/yamini/Desktop/projects/ISL PROJECT/include_videos/People/59. Daughter/MVI_4936.MOV,People/59. Daughter/MVI_4936.MOV,52,People__59. Daughter__MVI_4936.npy,skipped,,,,
People,59. Daughter,MVI_5074,/Users/yamini/Desktop/projects/ISL PROJECT/include_videos/People/59. Daughter/MVI_5074.MOV,People/59. Daughter/MVI_5074.MOV,64,People__59. Daughter__MVI_5074.npy,skipped,,,,
People,59. Daughter,MVI_5075,/Users/yamini/Desktop/projects/ISL PROJECT/include_videos/People/59. Daughter/MVI_5075.MOV,People/59. Daughter/MVI_5075.MOV,50,People__59. Daughter__MVI_5075.npy,skipped,,,,
People,59. Daughter,MVI_5076,/Users/yamini/Desktop/projects/ISL PROJECT/include_videos/People/59. Daughter/MVI_5076.MOV,People/59. Daughter/MVI_5076.MOV,58,People__59. Daughter__MVI_5076.npy,skipped,,,,
People,59. Daughter,MVI_5221,/Users/yamini/Desktop/projects/ISL PROJECT/include_videos/People/59. Daughter/MVI_5221.MOV,People/59. Daughter/MVI_5221.MOV,59,People__59. Daughter__MVI_5221.npy,skipped,,,,
People,59. Daughter,MVI_5222,/Users/yamini/Desktop/projects/ISL PROJECT/include_videos/People/59. Daughter/MVI_5222.MOV,People/59. Daughter/MVI_5222.MOV,71,People__59. Daughter__MVI_5222.npy,skipped,,,,
People,59. Daughter,MVI_5223,/Users/yamini/Desktop/projects/ISL PROJECT/include_videos/People/59. Daughter/MVI_5223.MOV,People/59. Daughter/MVI_5223.MOV,72,People__59. Daughter__MVI_5223.npy,skipped,,,,
People,59. Daughter,MVI_8624,/Users/yamini/Desktop/projects/ISL PROJECT/include_videos/People/59. Daughter/MVI_8624.MOV,People/59. Daughter/MVI_8624.MOV,67,People__59. Daughter__MVI_8624.npy,skipped,,,,
People,60. Mother,MVI_3760,/Users/yamini/Desktop/projects/ISL PROJECT/include_videos/People/60. Mother/MVI_3760.MOV,People/60. Mother/MVI_3760.MOV,50,People__60. Mother__MVI_3760.npy,skipped,,,,
People,60. Mother,MVI_3761,/Users/yamini/Desktop/projects/ISL PROJECT/include_videos/People/60. Mother/MVI_3761.MOV,People/60. Mother/MVI_3761.MOV,50,People__60. Mother__MVI_3761.npy,skipped,,,,
People,60. Mother,MVI_3762,/Users/yamini/Desktop/projects/ISL PROJECT/include_videos/People/60. Mother/MVI_3762.MOV,People/60. Mother/MVI_3762.MOV,46,People__60. Mother__MVI_3762.npy,skipped,,,,
People,60. Mother,MVI_3906,/Users/yamini/Desktop/projects/ISL PROJECT/include_videos/People/60. Mother/MVI_3906.MOV,People/60. Mother/MVI_3906.MOV,66,People__60. Mother__MVI_3906.npy,skipped,,,,
People,60. Mother,MVI_3907,/Users/yamini/Desktop/projects/ISL PROJECT/include_videos/People/60. Mother/MVI_3907.MOV,People/60. Mother/MVI_3907.MOV,66,People__60. Mother__MVI_3907.npy,skipped,,,,
People,60. Mother,MVI_3908,/Users/yamini/Desktop/projects/ISL PROJECT/include_videos/People/60. Mother/MVI_3908.MOV,People/60. Mother/MVI_3908.MOV,75,People__60. Mother__MVI_3908.npy,skipped,,,,
People,60. Mother,MVI_4057,/Users/yamini/Desktop/projects/ISL PROJECT/include_videos/People/60. Mother/MVI_4057.MOV,People/60. Mother/MVI_4057.MOV,59,People__60. Mother__MVI_4057.npy,skipped,,,,
People,60. Mother,MVI_4058,/Users/yamini/Desktop/projects/ISL PROJECT/include_videos/People/60. Mother/MVI_4058.MOV,People/60. Mother/MVI_4058.MOV,61,People__60. Mother__MVI_4058.npy,skipped,,,,
People,60. Mother,MVI_4059,/Users/yamini/Desktop/projects/ISL PROJECT/include_videos/People/60. Mother/MVI_4059.MOV,People/60. Mother/MVI_4059.MOV,61,People__60. Mother__MVI_4059.npy,skipped,,,,
People,60. Mother,MVI_4222,/Users/yamini/Desktop/projects/ISL PROJECT/include_videos/People/60. Mother/MVI_4222.MOV,People/60. Mother/MVI_4222.MOV,52,People__60. Mother__MVI_4222.npy,skipped,,,,
People,60. Mother,MVI_4937,/Users/yamini/Desktop/projects/ISL PROJECT/include_videos/People/60. Mother/MVI_4937.MOV,People/60. Mother/MVI_4937.MOV,53,People__60. Mother__MVI_4937.npy,skipped,,,,
People,60. Mother,MVI_4938,/Users/yamini/Desktop/projects/ISL PROJECT/include_videos/People/60. Mother/MVI_4938.MOV,People/60. Mother/MVI_4938.MOV,53,People__60. Mother__MVI_4938.npy,skipped,,,,
People,60. Mother,MVI_4939,/Users/yamini/Desktop/projects/ISL PROJECT/include_videos/People/60. Mother/MVI_4939.MOV,People/60. Mother/MVI_4939.MOV,57,People__60. Mother__MVI_4939.npy,skipped,,,,
People,60. Mother,MVI_5077,/Users/yamini/Desktop/projects/ISL PROJECT/include_videos/People/60. Mother/MVI_5077.MOV,People/60. Mother/MVI_5077.MOV,51,People__60. Mother__MVI_5077.npy,skipped,,,,
People,60. Mother,MVI_5078,/Users/yamini/Desktop/projects/ISL PROJECT/include_videos/People/60. Mother/MVI_5078.MOV,People/60. Mother/MVI_5078.MOV,56,People__60. Mother__MVI_5078.npy,skipped,,,,
People,60. Mother,MVI_5079,/Users/yamini/Desktop/projects/ISL PROJECT/include_videos/People/60. Mother/MVI_5079.MOV,People/60. Mother/MVI_5079.MOV,54,People__60. Mother__MVI_5079.npy,skipped,,,,
People,60. Mother,MVI_5224,/Users/yamini/Desktop/projects/ISL PROJECT/include_videos/People/60. Mother/MVI_5224.MOV,People/60. Mother/MVI_5224.MOV,49,People__60. Mother__MVI_5224.npy,skipped,,,,
People,60. Mother,MVI_5225,/Users/yamini/Desktop/projects/ISL PROJECT/include_videos/People/60. Mother/MVI_5225.MOV,People/60. Mother/MVI_5225.MOV,54,People__60. Mother__MVI_5225.npy,skipped,,,,
People,60. Mother,MVI_5226,/Users/yamini/Desktop/projects/ISL PROJECT/include_videos/People/60. Mother/MVI_5226.MOV,People/60. Mother/MVI_5226.MOV,49,People__60. Mother__MVI_5226.npy,skipped,,,,
People,60. Mother,MVI_8625,/Users/yamini/Desktop/projects/ISL PROJECT/include_videos/People/60. Mother/MVI_8625.MOV,People/60. Mother/MVI_8625.MOV,61,People__60. Mother__MVI_8625.npy,skipped,,,,
People,61. Father,MVI_3763,/Users/yamini/Desktop/projects/ISL PROJECT/include_videos/People/61. Father/MVI_3763.MOV,People/61. Father/MVI_3763.MOV,51,People__61. Father__MVI_3763.npy,skipped,,,,
People,61. Father,MVI_3764,/Users/yamini/Desktop/projects/ISL PROJECT/include_videos/People/61. Father/MVI_3764.MOV,People/61. Father/MVI_3764.MOV,56,People__61. Father__MVI_3764.npy,skipped,,,,
People,61. Father,MVI_3765,/Users/yamini/Desktop/projects/ISL PROJECT/include_videos/People/61. Father/MVI_3765.MOV,People/61. Father/MVI_3765.MOV,55,People__61. Father__MVI_3765.npy,skipped,,,,
People,61. Father,MVI_3909,/Users/yamini/Desktop/projects/ISL PROJECT/include_videos/People/61. Father/MVI_3909.MOV,People/61. Father/MVI_3909.MOV,71,People__61. Father__MVI_3909.npy,skipped,,,,
People,61. Father,MVI_3910,/Users/yamini/Desktop/projects/ISL PROJECT/include_videos/People/61. Father/MVI_3910.MOV,People/61. Father/MVI_3910.MOV,71,People__61. Father__MVI_3910.npy,skipped,,,,
People,61. Father,MVI_3912,/Users/yamini/Desktop/projects/ISL PROJECT/include_videos/People/61. Father/MVI_3912.MOV,People/61. Father/MVI_3912.MOV,94,People__61. Father__MVI_3912.npy,skipped,,,,
People,61. Father,MVI_4060,/Users/yamini/Desktop/projects/ISL PROJECT/include_videos/People/61. Father/MVI_4060.MOV,People/61. Father/MVI_4060.MOV,56,People__61. Father__MVI_4060.npy,skipped,,,,
People,61. Father,MVI_4061,/Users/yamini/Desktop/projects/ISL PROJECT/include_videos/People/61. Father/MVI_4061.MOV,People/61. Father/MVI_4061.MOV,57,People__61. Father__MVI_4061.npy,skipped,,,,
People,61. Father,MVI_4062,/Users/yamini/Desktop/projects/ISL PROJECT/include_videos/People/61. Father/MVI_4062.MOV,People/61. Father/MVI_4062.MOV,56,People__61. Father__MVI_4062.npy,skipped,,,,
People,61. Father,MVI_4223,/Users/yamini/Desktop/projects/ISL PROJECT/include_videos/People/61. Father/MVI_4223.MOV,People/61. Father/MVI_4223.MOV,63,People__61. Father__MVI_4223.npy,skipped,,,,
People,61. Father,MVI_4940,/Users/yamini/Desktop/projects/ISL PROJECT/include_videos/People/61. Father/MVI_4940.MOV,People/61. Father/MVI_4940.MOV,60,People__61. Father__MVI_4940.npy,skipped,,,,
People,61. Father,MVI_4941,/Users/yamini/Desktop/projects/ISL PROJECT/include_videos/People/61. Father/MVI_4941.MOV,People/61. Father/MVI_4941.MOV,49,People__61. Father__MVI_4941.npy,skipped,,,,
People,61. Father,MVI_4942,/Users/yamini/Desktop/projects/ISL PROJECT/include_videos/People/61. Father/MVI_4942.MOV,People/61. Father/MVI_4942.MOV,59,People__61. Father__MVI_4942.npy,skipped,,,,
People,61. Father,MVI_5080,/Users/yamini/Desktop/projects/ISL PROJECT/include_videos/People/61. Father/MVI_5080.MOV,People/61. Father/MVI_5080.MOV,58,People__61. Father__MVI_5080.npy,skipped,,,,
People,61. Father,MVI_5081,/Users/yamini/Desktop/projects/ISL PROJECT/include_videos/People/61. Father/MVI_5081.MOV,People/61. Father/MVI_5081.MOV,60,People__61. Father__MVI_5081.npy,skipped,,,,
People,61. Father,MVI_5082,/Users/yamini/Desktop/projects/ISL PROJECT/include_videos/People/61. Father/MVI_5082.MOV,People/61. Father/MVI_5082.MOV,66,People__61. Father__MVI_5082.npy,skipped,,,,
People,61. Father,MVI_5227,/Users/yamini/Desktop/projects/ISL PROJECT/include_videos/People/61. Father/MVI_5227.MOV,People/61. Father/MVI_5227.MOV,50,People__61. Father__MVI_5227.npy,skipped,,,,
People,61. Father,MVI_5228,/Users/yamini/Desktop/projects/ISL PROJECT/include_videos/People/61. Father/MVI_5228.MOV,People/61. Father/MVI_5228.MOV,50,People__61. Father__MVI_5228.npy,skipped,,,,
People,61. Father,MVI_5229,/Users/yamini/Desktop/projects/ISL PROJECT/include_videos/People/61. Father/MVI_5229.MOV,People/61. Father/MVI_5229.MOV,48,People__61. Father__MVI_5229.npy,skipped,,,,
People,61. Father,MVI_8626,/Users/yamini/Desktop/projects/ISL PROJECT/include_videos/People/61. Father/MVI_8626.MOV,People/61. Father/MVI_8626.MOV,66,People__61. Father__MVI_8626.npy,skipped,,,,
People,62. Parent,MVI_3766,/Users/yamini/Desktop/projects/ISL PROJECT/include_videos/People/62. Parent/MVI_3766.MOV,People/62. Parent/MVI_3766.MOV,74,People__62. Parent__MVI_3766.npy,skipped,,,,
People,62. Parent,MVI_3767,/Users/yamini/Desktop/projects/ISL PROJECT/include_videos/People/62. Parent/MVI_3767.MOV,People/62. Parent/MVI_3767.MOV,66,People__62. Parent__MVI_3767.npy,skipped,,,,
People,62. Parent,MVI_3768,/Users/yamini/Desktop/projects/ISL PROJECT/include_videos/People/62. Parent/MVI_3768.MOV,People/62. Parent/MVI_3768.MOV,66,People__62. Parent__MVI_3768.npy,skipped,,,,
People,62. Parent,MVI_3914,/Users/yamini/Desktop/projects/ISL PROJECT/include_videos/People/62. Parent/MVI_3914.MOV,People/62. Parent/MVI_3914.MOV,79,People__62. Parent__MVI_3914.npy,skipped,,,,
People,62. Parent,MVI_3915,/Users/yamini/Desktop/projects/ISL PROJECT/include_videos/People/62. Parent/MVI_3915.MOV,People/62. Parent/MVI_3915.MOV,76,People__62. Parent__MVI_3915.npy,skipped,,,,
People,62. Parent,MVI_3916,/Users/yamini/Desktop/projects/ISL PROJECT/include_videos/People/62. Parent/MVI_3916.MOV,People/62. Parent/MVI_3916.MOV,76,People__62. Parent__MVI_3916.npy,skipped,,,,
People,62. Parent,MVI_4063,/Users/yamini/Desktop/projects/ISL PROJECT/include_videos/People/62. Parent/MVI_4063.MOV,People/62. Parent/MVI_4063.MOV,81,People__62. Parent__MVI_4063.npy,skipped,,,,
People,62. Parent,MVI_4064,/Users/yamini/Desktop/projects/ISL PROJECT/include_videos/People/62. Parent/MVI_4064.MOV,People/62. Parent/MVI_4064.MOV,76,People__62. Parent__MVI_4064.npy,skipped,,,,
People,62. Parent,MVI_4065,/Users/yamini/Desktop/projects/ISL PROJECT/include_videos/People/62. Parent/MVI_4065.MOV,People/62. Parent/MVI_4065.MOV,74,People__62. Parent__MVI_4065.npy,skipped,,,,
People,62. Parent,MVI_4225,/Users/yamini/Desktop/projects/ISL PROJECT/include_videos/People/62. Parent/MVI_4225.MOV,People/62. Parent/MVI_4225.MOV,62,People__62. Parent__MVI_4225.npy,skipped,,,,
People,62. Parent,MVI_4943,/Users/yamini/Desktop/projects/ISL PROJECT/include_videos/People/62. Parent/MVI_4943.MOV,People/62. Parent/MVI_4943.MOV,64,People__62. Parent__MVI_4943.npy,skipped,,,,
People,62. Parent,MVI_4944,/Users/yamini/Desktop/projects/ISL PROJECT/include_videos/People/62. Parent/MVI_4944.MOV,People/62. Parent/MVI_4944.MOV,71,People__62. Parent__MVI_4944.npy,skipped,,,,
People,62. Parent,MVI_4945,/Users/yamini/Desktop/projects/ISL PROJECT/include_videos/People/62. Parent/MVI_4945.MOV,People/62. Parent/MVI_4945.MOV,71,People__62. Parent__MVI_4945.npy,skipped,,,,
People,62. Parent,MVI_5083,/Users/yamini/Desktop/projects/ISL PROJECT/include_videos/People/62. Parent/MVI_5083.MOV,People/62. Parent/MVI_5083.MOV,72,People__62. Parent__MVI_5083.npy,skipped,,,,
People,62. Parent,MVI_5084,/Users/yamini/Desktop/projects/ISL PROJECT/include_videos/People/62. Parent/MVI_5084.MOV,People/62. Parent/MVI_5084.MOV,65,People__62. Parent__MVI_5084.npy,skipped,,,,
People,62. Parent,MVI_5085,/Users/yamini/Desktop/projects/ISL PROJECT/include_videos/People/62. Parent/MVI_5085.MOV,People/62. Parent/MVI_5085.MOV,67,People__62. Parent__MVI_5085.npy,skipped,,,,
People,62. Parent,MVI_5231,/Users/yamini/Desktop/projects/ISL PROJECT/include_videos/People/62. Parent/MVI_5231.MOV,People/62. Parent/MVI_5231.MOV,80,People__62. Parent__MVI_5231.npy,skipped,,,,
People,62. Parent,MVI_5232,/Users/yamini/Desktop/projects/ISL PROJECT/include_videos/People/62. Parent/MVI_5232.MOV,People/62. Parent/MVI_5232.MOV,68,People__62. Parent__MVI_5232.npy,skipped,,,,
People,62. Parent,MVI_5233,/Users/yamini/Desktop/projects/ISL PROJECT/include_videos/People/62. Parent/MVI_5233.MOV,People/62. Parent/MVI_5233.MOV,69,People__62. Parent__MVI_5233.npy,skipped,,,,
People,62. Parent,MVI_8627,/Users/yamini/Desktop/projects/ISL PROJECT/include_videos/People/62. Parent/MVI_8627.MOV,People/62. Parent/MVI_8627.MOV,81,People__62. Parent__MVI_8627.npy,skipped,,,,
People,63. Baby,MVI_3769,/Users/yamini/Desktop/projects/ISL PROJECT/include_videos/People/63. Baby/MVI_3769.MOV,People/63. Baby/MVI_3769.MOV,57,People__63. Baby__MVI_3769.npy,skipped,,,,
People,63. Baby,MVI_3770,/Users/yamini/Desktop/projects/ISL PROJECT/include_videos/People/63. Baby/MVI_3770.MOV,People/63. Baby/MVI_3770.MOV,46,People__63. Baby__MVI_3770.npy,skipped,,,,
People,63. Baby,MVI_3771,/Users/yamini/Desktop/projects/ISL PROJECT/include_videos/People/63. Baby/MVI_3771.MOV,People/63. Baby/MVI_3771.MOV,54,People__63. Baby__MVI_3771.npy,skipped,,,,
People,63. Baby,MVI_3917,/Users/yamini/Desktop/projects/ISL PROJECT/include_videos/People/63. Baby/MVI_3917.MOV,People/63. Baby/MVI_3917.MOV,76,People__63. Baby__MVI_3917.npy,skipped,,,,
People,63. Baby,MVI_3918,/Users/yamini/Desktop/projects/ISL PROJECT/include_videos/People/63. Baby/MVI_3918.MOV,People/63. Baby/MVI_3918.MOV,70,People__63. Baby__MVI_3918.npy,skipped,,,,
People,63. Baby,MVI_3919,/Users/yamini/Desktop/projects/ISL PROJECT/include_videos/People/63. Baby/MVI_3919.MOV,People/63. Baby/MVI_3919.MOV,69,People__63. Baby__MVI_3919.npy,skipped,,,,
People,63. Baby,MVI_4066,/Users/yamini/Desktop/projects/ISL PROJECT/include_videos/People/63. Baby/MVI_4066.MOV,People/63. Baby/MVI_4066.MOV,73,People__63. Baby__MVI_4066.npy,skipped,,,,
People,63. Baby,MVI_4067,/Users/yamini/Desktop/projects/ISL PROJECT/include_videos/People/63. Baby/MVI_4067.MOV,People/63. Baby/MVI_4067.MOV,55,People__63. Baby__MVI_4067.npy,skipped,,,,
People,63. Baby,MVI_4068,/Users/yamini/Desktop/projects/ISL PROJECT/include_videos/People/63. Baby/MVI_4068.MOV,People/63. Baby/MVI_4068.MOV,67,People__63. Baby__MVI_4068.npy,skipped,,,,
People,63. Baby,MVI_4226,/Users/yamini/Desktop/projects/ISL PROJECT/include_videos/People/63. Baby/MVI_4226.MOV,People/63. Baby/MVI_4226.MOV,54,People__63. Baby__MVI_4226.npy,skipped,,,,
People,63. Baby,MVI_4946,/Users/yamini/Desktop/projects/ISL PROJECT/include_videos/People/63. Baby/MVI_4946.MOV,People/63. Baby/MVI_4946.MOV,61,People__63. Baby__MVI_4946.npy,skipped,,,,
People,63. Baby,MVI_4947,/Users/yamini/Desktop/projects/ISL PROJECT/include_videos/People/63. Baby/MVI_4947.MOV,People/63. Baby/MVI_4947.MOV,54,People__63. Baby__MVI_4947.npy,skipped,,,,
People,63. Baby,MVI_4948,/Users/yamini/Desktop/projects/ISL PROJECT/include_videos/People/63. Baby/MVI_4948.MOV,People/63. Baby/MVI_4948.MOV,49,People__63. Baby__MVI_4948.npy,skipped,,,,
People,63. Baby,MVI_5086,/Users/yamini/Desktop/projects/ISL PROJECT/include_videos/People/63. Baby/MVI_5086.MOV,People/63. Baby/MVI_5086.MOV,60,People__63. Baby__MVI_5086.npy,skipped,,,,
People,63. Baby,MVI_5087,/Users/yamini/Desktop/projects/ISL PROJECT/include_videos/People/63. Baby/MVI_5087.MOV,People/63. Baby/MVI_5087.MOV,55,People__63. Baby__MVI_5087.npy,skipped,,,,
People,63. Baby,MVI_5088,/Users/yamini/Desktop/projects/ISL PROJECT/include_videos/People/63. Baby/MVI_5088.MOV,People/63. Baby/MVI_5088.MOV,55,People__63. Baby__MVI_5088.npy,skipped,,,,
People,63. Baby,MVI_5234,/Users/yamini/Desktop/projects/ISL PROJECT/include_videos/People/63. Baby/MVI_5234.MOV,People/63. Baby/MVI_5234.MOV,72,People__63. Baby__MVI_5234.npy,skipped,,,,
People,63. Baby,MVI_5235,/Users/yamini/Desktop/projects/ISL PROJECT/include_videos/People/63. Baby/MVI_5235.MOV,People/63. Baby/MVI_5235.MOV,63,People__63. Baby__MVI_5235.npy,skipped,,,,
People,63. Baby,MVI_5236,/Users/yamini/Desktop/projects/ISL PROJECT/include_videos/People/63. Baby/MVI_5236.MOV,People/63. Baby/MVI_5236.MOV,71,People__63. Baby__MVI_5236.npy,skipped,,,,
People,63. Baby,MVI_8628,/Users/yamini/Desktop/projects/ISL PROJECT/include_videos/People/63. Baby/MVI_8628.MOV,People/63. Baby/MVI_8628.MOV,69,People__63. Baby__MVI_8628.npy,skipped,,,,
People,64. Man,MVI_3772,/Users/yamini/Desktop/projects/ISL PROJECT/include_videos/People/64. Man/MVI_3772.MOV,People/64. Man/MVI_3772.MOV,64,People__64. Man__MVI_3772.npy,skipped,,,,
People,64. Man,MVI_3773,/Users/yamini/Desktop/projects/ISL PROJECT/include_videos/People/64. Man/MVI_3773.MOV,People/64. Man/MVI_3773.MOV,51,People__64. Man__MVI_3773.npy,skipped,,,,
People,64. Man,MVI_3774,/Users/yamini/Desktop/projects/ISL PROJECT/include_videos/People/64. Man/MVI_3774.MOV,People/64. Man/MVI_3774.MOV,47,People__64. Man__MVI_3774.npy,skipped,,,,
People,64. Man,MVI_3921,/Users/yamini/Desktop/projects/ISL PROJECT/include_videos/People/64. Man/MVI_3921.MOV,People/64. Man/MVI_3921.MOV,67,People__64. Man__MVI_3921.npy,skipped,,,,
People,64. Man,MVI_3922,/Users/yamini/Desktop/projects/ISL PROJECT/include_videos/People/64. Man/MVI_3922.MOV,People/64. Man/MVI_3922.MOV,77,People__64. Man__MVI_3922.npy,skipped,,,,
People,64. Man,MVI_3923,/Users/yamini/Desktop/projects/ISL PROJECT/include_videos/People/64. Man/MVI_3923.MOV,People/64. Man/MVI_3923.MOV,60,People__64. Man__MVI_3923.npy,skipped,,,,
People,64. Man,MVI_4069,/Users/yamini/Desktop/projects/ISL PROJECT/include_videos/People/64. Man/MVI_4069.MOV,People/64. Man/MVI_4069.MOV,63,People__64. Man__MVI_4069.npy,skipped,,,,
People,64. Man,MVI_4070,/Users/yamini/Desktop/projects/ISL PROJECT/include_videos/People/64. Man/MVI_4070.MOV,People/64. Man/MVI_4070.MOV,56,People__64. Man__MVI_4070.npy,skipped,,,,
People,64. Man,MVI_4071,/Users/yamini/Desktop/projects/ISL PROJECT/include_videos/People/64. Man/MVI_4071.MOV,People/64. Man/MVI_4071.MOV,61,People__64. Man__MVI_4071.npy,skipped,,,,
People,64. Man,MVI_4227,/Users/yamini/Desktop/projects/ISL PROJECT/include_videos/People/64. Man/MVI_4227.MOV,People/64. Man/MVI_4227.MOV,49,People__64. Man__MVI_4227.npy,skipped,,,,
People,64. Man,MVI_4949,/Users/yamini/Desktop/projects/ISL PROJECT/include_videos/People/64. Man/MVI_4949.MOV,People/64. Man/MVI_4949.MOV,52,People__64. Man__MVI_4949.npy,skipped,,,,
People,64. Man,MVI_4950,/Users/yamini/Desktop/projects/ISL PROJECT/include_videos/People/64. Man/MVI_4950.MOV,People/64. Man/MVI_4950.MOV,40,People__64. Man__MVI_4950.npy,skipped,,,,
People,64. Man,MVI_4951,/Users/yamini/Desktop/projects/ISL PROJECT/include_videos/People/64. Man/MVI_4951.MOV,People/64. Man/MVI_4951.MOV,41,People__64. Man__MVI_4951.npy,skipped,,,,
People,64. Man,MVI_5089,/Users/yamini/Desktop/projects/ISL PROJECT/include_videos/People/64. Man/MVI_5089.MOV,People/64. Man/MVI_5089.MOV,56,People__64. Man__MVI_5089.npy,skipped,,,,
People,64. Man,MVI_5090,/Users/yamini/Desktop/projects/ISL PROJECT/include_videos/People/64. Man/MVI_5090.MOV,People/64. Man/MVI_5090.MOV,50,People__64. Man__MVI_5090.npy,skipped,,,,
People,64. Man,MVI_5091,/Users/yamini/Desktop/projects/ISL PROJECT/include_videos/People/64. Man/MVI_5091.MOV,People/64. Man/MVI_5091.MOV,60,People__64. Man__MVI_5091.npy,skipped,,,,
People,64. Man,MVI_5237,/Users/yamini/Desktop/projects/ISL PROJECT/include_videos/People/64. Man/MVI_5237.MOV,People/64. Man/MVI_5237.MOV,62,People__64. Man__MVI_5237.npy,skipped,,,,
People,64. Man,MVI_5238,/Users/yamini/Desktop/projects/ISL PROJECT/include_videos/People/64. Man/MVI_5238.MOV,People/64. Man/MVI_5238.MOV,58,People__64. Man__MVI_5238.npy,skipped,,,,
People,64. Man,MVI_5239,/Users/yamini/Desktop/projects/ISL PROJECT/include_videos/People/64. Man/MVI_5239.MOV,People/64. Man/MVI_5239.MOV,53,People__64. Man__MVI_5239.npy,skipped,,,,
People,64. Man,MVI_8629,/Users/yamini/Desktop/projects/ISL PROJECT/include_videos/People/64. Man/MVI_8629.MOV,People/64. Man/MVI_8629.MOV,56,People__64. Man__MVI_8629.npy,skipped,,,,
People,65. Woman,MVI_3775,/Users/yamini/Desktop/projects/ISL PROJECT/include_videos/People/65. Woman/MVI_3775.MOV,People/65. Woman/MVI_3775.MOV,53,People__65. Woman__MVI_3775.npy,skipped,,,,
People,65. Woman,MVI_3776,/Users/yamini/Desktop/projects/ISL PROJECT/include_videos/People/65. Woman/MVI_3776.MOV,People/65. Woman/MVI_3776.MOV,48,People__65. Woman__MVI_3776.npy,skipped,,,,
People,65. Woman,MVI_3777,/Users/yamini/Desktop/projects/ISL PROJECT/include_videos/People/65. Woman/MVI_3777.MOV,People/65. Woman/MVI_3777.MOV,46,People__65. Woman__MVI_3777.npy,skipped,,,,
People,65. Woman,MVI_3924,/Users/yamini/Desktop/projects/ISL PROJECT/include_videos/People/65. Woman/MVI_3924.MOV,People/65. Woman/MVI_3924.MOV,70,People__65. Woman__MVI_3924.npy,skipped,,,,
People,65. Woman,MVI_3925,/Users/yamini/Desktop/projects/ISL PROJECT/include_videos/People/65. Woman/MVI_3925.MOV,People/65. Woman/MVI_3925.MOV,64,People__65. Woman__MVI_3925.npy,skipped,,,,
People,65. Woman,MVI_3926,/Users/yamini/Desktop/projects/ISL PROJECT/include_videos/People/65. Woman/MVI_3926.MOV,People/65. Woman/MVI_3926.MOV,57,People__65. Woman__MVI_3926.npy,skipped,,,,
People,65. Woman,MVI_4072,/Users/yamini/Desktop/projects/ISL PROJECT/include_videos/People/65. Woman/MVI_4072.MOV,People/65. Woman/MVI_4072.MOV,52,People__65. Woman__MVI_4072.npy,skipped,,,,
People,65. Woman,MVI_4073,/Users/yamini/Desktop/projects/ISL PROJECT/include_videos/People/65. Woman/MVI_4073.MOV,People/65. Woman/MVI_4073.MOV,49,People__65. Woman__MVI_4073.npy,skipped,,,,
People,65. Woman,MVI_4074,/Users/yamini/Desktop/projects/ISL PROJECT/include_videos/People/65. Woman/MVI_4074.MOV,People/65. Woman/MVI_4074.MOV,51,People__65. Woman__MVI_4074.npy,skipped,,,,
People,65. Woman,MVI_4229,/Users/yamini/Desktop/projects/ISL PROJECT/include_videos/People/65. Woman/MVI_4229.MOV,People/65. Woman/MVI_4229.MOV,46,People__65. Woman__MVI_4229.npy,skipped,,,,
People,65. Woman,MVI_4952,/Users/yamini/Desktop/projects/ISL PROJECT/include_videos/People/65. Woman/MVI_4952.MOV,People/65. Woman/MVI_4952.MOV,65,People__65. Woman__MVI_4952.npy,skipped,,,,
People,65. Woman,MVI_4953,/Users/yamini/Desktop/projects/ISL PROJECT/include_videos/People/65. Woman/MVI_4953.MOV,People/65. Woman/MVI_4953.MOV,51,People__65. Woman__MVI_4953.npy,skipped,,,,
People,65. Woman,MVI_4954,/Users/yamini/Desktop/projects/ISL PROJECT/include_videos/People/65. Woman/MVI_4954.MOV,People/65. Woman/MVI_4954.MOV,50,People__65. Woman__MVI_4954.npy,skipped,,,,
People,65. Woman,MVI_5092,/Users/yamini/Desktop/projects/ISL PROJECT/include_videos/People/65. Woman/MVI_5092.MOV,People/65. Woman/MVI_5092.MOV,56,People__65. Woman__MVI_5092.npy,skipped,,,,
People,65. Woman,MVI_5093,/Users/yamini/Desktop/projects/ISL PROJECT/include_videos/People/65. Woman/MVI_5093.MOV,People/65. Woman/MVI_5093.MOV,65,People__65. Woman__MVI_5093.npy,skipped,,,,
People,65. Woman,MVI_5094,/Users/yamini/Desktop/projects/ISL PROJECT/include_videos/People/65. Woman/MVI_5094.MOV,People/65. Woman/MVI_5094.MOV,66,People__65. Woman__MVI_5094.npy,skipped,,,,
People,65. Woman,MVI_5240,/Users/yamini/Desktop/projects/ISL PROJECT/include_videos/People/65. Woman/MVI_5240.MOV,People/65. Woman/MVI_5240.MOV,61,People__65. Woman__MVI_5240.npy,skipped,,,,
People,65. Woman,MVI_5241,/Users/yamini/Desktop/projects/ISL PROJECT/include_videos/People/65. Woman/MVI_5241.MOV,People/65. Woman/MVI_5241.MOV,61,People__65. Woman__MVI_5241.npy,skipped,,,,
People,65. Woman,MVI_5242,/Users/yamini/Desktop/projects/ISL PROJECT/include_videos/People/65. Woman/MVI_5242.MOV,People/65. Woman/MVI_5242.MOV,43,People__65. Woman__MVI_5242.npy,skipped,,,,
People,65. Woman,MVI_8630,/Users/yamini/Desktop/projects/ISL PROJECT/include_videos/People/65. Woman/MVI_8630.MOV,People/65. Woman/MVI_8630.MOV,56,People__65. Woman__MVI_8630.npy,skipped,,,,
People,66. Brother,MVI_3778,/Users/yamini/Desktop/projects/ISL PROJECT/include_videos/People/66. Brother/MVI_3778.MOV,People/66. Brother/MVI_3778.MOV,59,People__66. Brother__MVI_3778.npy,skipped,,,,
People,66. Brother,MVI_3779,/Users/yamini/Desktop/projects/ISL PROJECT/include_videos/People/66. Brother/MVI_3779.MOV,People/66. Brother/MVI_3779.MOV,57,People__66. Brother__MVI_3779.npy,skipped,,,,
People,66. Brother,MVI_3780,/Users/yamini/Desktop/projects/ISL PROJECT/include_videos/People/66. Brother/MVI_3780.MOV,People/66. Brother/MVI_3780.MOV,58,People__66. Brother__MVI_3780.npy,skipped,,,,
People,66. Brother,MVI_3781,/Users/yamini/Desktop/projects/ISL PROJECT/include_videos/People/66. Brother/MVI_3781.MOV,People/66. Brother/MVI_3781.MOV,61,People__66. Brother__MVI_3781.npy,skipped,,,,
People,66. Brother,MVI_3927,/Users/yamini/Desktop/projects/ISL PROJECT/include_videos/People/66. Brother/MVI_3927.MOV,People/66. Brother/MVI_3927.MOV,83,People__66. Brother__MVI_3927.npy,skipped,,,,
People,66. Brother,MVI_3928,/Users/yamini/Desktop/projects/ISL PROJECT/include_videos/People/66. Brother/MVI_3928.MOV,People/66. Brother/MVI_3928.MOV,85,People__66. Brother__MVI_3928.npy,skipped,,,,
People,66. Brother,MVI_3929,/Users/yamini/Desktop/projects/ISL PROJECT/include_videos/People/66. Brother/MVI_3929.MOV,People/66. Brother/MVI_3929.MOV,72,People__66. Brother__MVI_3929.npy,skipped,,,,
People,66. Brother,MVI_4075,/Users/yamini/Desktop/projects/ISL PROJECT/include_videos/People/66. Brother/MVI_4075.MOV,People/66. Brother/MVI_4075.MOV,61,People__66. Brother__MVI_4075.npy,skipped,,,,
People,66. Brother,MVI_4076,/Users/yamini/Desktop/projects/ISL PROJECT/include_videos/People/66. Brother/MVI_4076.MOV,People/66. Brother/MVI_4076.MOV,56,People__66. Brother__MVI_4076.npy,skipped,,,,
People,66. Brother,MVI_4077,/Users/yamini/Desktop/projects/ISL PROJECT/include_videos/People/66. Brother/MVI_4077.MOV,People/66. Brother/MVI_4077.MOV,53,People__66. Brother__MVI_4077.npy,skipped,,,,
People,66. Brother,MVI_4230,/Users/yamini/Desktop/projects/ISL PROJECT/include_videos/People/66. Brother/MVI_4230.MOV,People/66. Brother/MVI_4230.MOV,51,People__66. Brother__MVI_4230.npy,skipped,,,,
People,66. Brother,MVI_4955,/Users/yamini/Desktop/projects/ISL PROJECT/include_videos/People/66. Brother/MVI_4955.MOV,People/66. Brother/MVI_4955.MOV,41,People__66. Brother__MVI_4955.npy,skipped,,,,
People,66. Brother,MVI_4956,/Users/yamini/Desktop/projects/ISL PROJECT/include_videos/People/66. Brother/MVI_4956.MOV,People/66. Brother/MVI_4956.MOV,52,People__66. Brother__MVI_4956.npy,skipped,,,,
People,66. Brother,MVI_4957,/Users/yamini/Desktop/projects/ISL PROJECT/include_videos/People/66. Brother/MVI_4957.MOV,People/66. Brother/MVI_4957.MOV,54,People__66. Brother__MVI_4957.npy,skipped,,,,
People,66. Brother,MVI_5095,/Users/yamini/Desktop/projects/ISL PROJECT/include_videos/People/66. Brother/MVI_5095.MOV,People/66. Brother/MVI_5095.MOV,59,People__66. Brother__MVI_5095.npy,skipped,,,,
People,66. Brother,MVI_5096,/Users/yamini/Desktop/projects/ISL PROJECT/include_videos/People/66. Brother/MVI_5096.MOV,People/66. Brother/MVI_5096.MOV,63,People__66. Brother__MVI_5096.npy,skipped,,,,
People,66. Brother,MVI_5097,/Users/yamini/Desktop/projects/ISL PROJECT/include_videos/People/66. Brother/MVI_5097.MOV,People/66. Brother/MVI_5097.MOV,67,People__66. Brother__MVI_5097.npy,skipped,,,,
People,66. Brother,MVI_5243,/Users/yamini/Desktop/projects/ISL PROJECT/include_videos/People/66. Brother/MVI_5243.MOV,People/66. Brother/MVI_5243.MOV,57,People__66. Brother__MVI_5243.npy,skipped,,,,
People,66. Brother,MVI_5244,/Users/yamini/Desktop/projects/ISL PROJECT/include_videos/People/66. Brother/MVI_5244.MOV,People/66. Brother/MVI_5244.MOV,61,People__66. Brother__MVI_5244.npy,skipped,,,,
People,66. Brother,MVI_5245,/Users/yamini/Desktop/projects/ISL PROJECT/include_videos/People/66. Brother/MVI_5245.MOV,People/66. Brother/MVI_5245.MOV,62,People__66. Brother__MVI_5245.npy,skipped,,,,
People,66. Brother,MVI_8631,/Users/yamini/Desktop/projects/ISL PROJECT/include_videos/People/66. Brother/MVI_8631.MOV,People/66. Brother/MVI_8631.MOV,63,People__66. Brother__MVI_8631.npy,skipped,,,,
People,67. Sister,MVI_3782,/Users/yamini/Desktop/projects/ISL PROJECT/include_videos/People/67. Sister/MVI_3782.MOV,People/67. Sister/MVI_3782.MOV,55,People__67. Sister__MVI_3782.npy,skipped,,,,
People,67. Sister,MVI_3784,/Users/yamini/Desktop/projects/ISL PROJECT/include_videos/People/67. Sister/MVI_3784.MOV,People/67. Sister/MVI_3784.MOV,52,People__67. Sister__MVI_3784.npy,skipped,,,,
People,67. Sister,MVI_3785,/Users/yamini/Desktop/projects/ISL PROJECT/include_videos/People/67. Sister/MVI_3785.MOV,People/67. Sister/MVI_3785.MOV,49,People__67. Sister__MVI_3785.npy,skipped,,,,
People,67. Sister,MVI_3930,/Users/yamini/Desktop/projects/ISL PROJECT/include_videos/People/67. Sister/MVI_3930.MOV,People/67. Sister/MVI_3930.MOV,84,People__67. Sister__MVI_3930.npy,skipped,,,,
People,67. Sister,MVI_3931,/Users/yamini/Desktop/projects/ISL PROJECT/include_videos/People/67. Sister/MVI_3931.MOV,People/67. Sister/MVI_3931.MOV,74,People__67. Sister__MVI_3931.npy,skipped,,,,
People,67. Sister,MVI_3932,/Users/yamini/Desktop/projects/ISL PROJECT/include_videos/People/67. Sister/MVI_3932.MOV,People/67. Sister/MVI_3932.MOV,82,People__67. Sister__MVI_3932.npy,skipped,,,,
People,67. Sister,MVI_4078,/Users/yamini/Desktop/projects/ISL PROJECT/include_videos/People/67. Sister/MVI_4078.MOV,People/67. Sister/MVI_4078.MOV,56,People__67. Sister__MVI_4078.npy,skipped,,,,
People,67. Sister,MVI_4079,/Users/yamini/Desktop/projects/ISL PROJECT/include_videos/People/67. Sister/MVI_4079.MOV,People/67. Sister/MVI_4079.MOV,59,People__67. Sister__MVI_4079.npy,skipped,,,,
People,67. Sister,MVI_4080,/Users/yamini/Desktop/projects/ISL PROJECT/include_videos/People/67. Sister/MVI_4080.MOV,People/67. Sister/MVI_4080.MOV,56,People__67. Sister__MVI_4080.npy,skipped,,,,
People,67. Sister,MVI_4231,/Users/yamini/Desktop/projects/ISL PROJECT/include_videos/People/67. Sister/MVI_4231.MOV,People/67. Sister/MVI_4231.MOV,52,People__67. Sister__MVI_4231.npy,skipped,,,,
People,67. Sister,MVI_4958,/Users/yamini/Desktop/projects/ISL PROJECT/include_videos/People/67. Sister/MVI_4958.MOV,People/67. Sister/MVI_4958.MOV,54,People__67. Sister__MVI_4958.npy,skipped,,,,
People,67. Sister,MVI_4959,/Users/yamini/Desktop/projects/ISL PROJECT/include_videos/People/67. Sister/MVI_4959.MOV,People/67. Sister/MVI_4959.MOV,43,People__67. Sister__MVI_4959.npy,skipped,,,,
People,67. Sister,MVI_4960,/Users/yamini/Desktop/projects/ISL PROJECT/include_videos/People/67. Sister/MVI_4960.MOV,People/67. Sister/MVI_4960.MOV,54,People__67. Sister__MVI_4960.npy,skipped,,,,
People,67. Sister,MVI_5098,/Users/yamini/Desktop/projects/ISL PROJECT/include_videos/People/67. Sister/MVI_5098.MOV,People/67. Sister/MVI_5098.MOV,59,People__67. Sister__MVI_5098.npy,skipped,,,,
People,67. Sister,MVI_5099,/Users/yamini/Desktop/projects/ISL PROJECT/include_videos/People/67. Sister/MVI_5099.MOV,People/67. Sister/MVI_5099.MOV,58,People__67. Sister__MVI_5099.npy,skipped,,,,
People,67. Sister,MVI_5100,/Users/yamini/Desktop/projects/ISL PROJECT/include_videos/People/67. Sister/MVI_5100.MOV,People/67. Sister/MVI_5100.MOV,54,People__67. Sister__MVI_5100.npy,skipped,,,,
People,67. Sister,MVI_5246,/Users/yamini/Desktop/projects/ISL PROJECT/include_videos/People/67. Sister/MVI_5246.MOV,People/67. Sister/MVI_5246.MOV,49,People__67. Sister__MVI_5246.npy,skipped,,,,
People,67. Sister,MVI_5247,/Users/yamini/Desktop/projects/ISL PROJECT/include_videos/People/67. Sister/MVI_5247.MOV,People/67. Sister/MVI_5247.MOV,57,People__67. Sister__MVI_5247.npy,skipped,,,,
People,67. Sister,MVI_5248,/Users/yamini/Desktop/projects/ISL PROJECT/include_videos/People/67. Sister/MVI_5248.MOV,People/67. Sister/MVI_5248.MOV,56,People__67. Sister__MVI_5248.npy,skipped,,,,
People,67. Sister,MVI_8632,/Users/yamini/Desktop/projects/ISL PROJECT/include_videos/People/67. Sister/MVI_8632.MOV,People/67. Sister/MVI_8632.MOV,63,People__67. Sister__MVI_8632.npy,skipped,,,,
People,68. Family,MVI_3787,/Users/yamini/Desktop/projects/ISL PROJECT/include_videos/People/68. Family/MVI_3787.MOV,People/68. Family/MVI_3787.MOV,66,People__68. Family__MVI_3787.npy,skipped,,,,
People,68. Family,MVI_3788,/Users/yamini/Desktop/projects/ISL PROJECT/include_videos/People/68. Family/MVI_3788.MOV,People/68. Family/MVI_3788.MOV,54,People__68. Family__MVI_3788.npy,skipped,,,,
People,68. Family,MVI_3789,/Users/yamini/Desktop/projects/ISL PROJECT/include_videos/People/68. Family/MVI_3789.MOV,People/68. Family/MVI_3789.MOV,54,People__68. Family__MVI_3789.npy,skipped,,,,
People,68. Family,MVI_3933,/Users/yamini/Desktop/projects/ISL PROJECT/include_videos/People/68. Family/MVI_3933.MOV,People/68. Family/MVI_3933.MOV,63,People__68. Family__MVI_3933.npy,skipped,,,,
People,68. Family,MVI_3934,/Users/yamini/Desktop/projects/ISL PROJECT/include_videos/People/68. Family/MVI_3934.MOV,People/68. Family/MVI_3934.MOV,65,People__68. Family__MVI_3934.npy,skipped,,,,
People,68. Family,MVI_3935,/Users/yamini/Desktop/projects/ISL PROJECT/include_videos/People/68. Family/MVI_3935.MOV,People/68. Family/MVI_3935.MOV,62,People__68. Family__MVI_3935.npy,skipped,,,,
People,68. Family,MVI_4081,/Users/yamini/Desktop/projects/ISL PROJECT/include_videos/People/68. Family/MVI_4081.MOV,People/68. Family/MVI_4081.MOV,62,People__68. Family__MVI_4081.npy,skipped,,,,
People,68. Family,MVI_4082,/Users/yamini/Desktop/projects/ISL PROJECT/include_videos/People/68. Family/MVI_4082.MOV,People/68. Family/MVI_4082.MOV,52,People__68. Family__MVI_4082.npy,skipped,,,,
People,68. Family,MVI_4083,/Users/yamini/Desktop/projects/ISL PROJECT/include_videos/People/68. Family/MVI_4083.MOV,People/68. Family/MVI_4083.MOV,62,People__68. Family__MVI_4083.npy,skipped,,,,
People,68. Family,MVI_4232,/Users/yamini/Desktop/projects/ISL PROJECT/include_videos/People/68. Family/MVI_4232.MOV,People/68. Family/MVI_4232.MOV,49,People__68. Family__MVI_4232.npy,skipped,,,,
People,68. Family,MVI_5101,/Users/yamini/Desktop/projects/ISL PROJECT/include_videos/People/68. Family/MVI_5101.MOV,People/68. Family/MVI_5101.MOV,61,People__68. Family__MVI_5101.npy,skipped,,,,
People,68. Family,MVI_5102,/Users/yamini/Desktop/projects/ISL PROJECT/include_videos/People/68. Family/MVI_5102.MOV,People/68. Family/MVI_5102.MOV,62,People__68. Family__MVI_5102.npy,skipped,,,,
People,68. Family,MVI_5103,/Users/yamini/Desktop/projects/ISL PROJECT/include_videos/People/68. Family/MVI_5103.MOV,People/68. Family/MVI_5103.MOV,64,People__68. Family__MVI_5103.npy,skipped,,,,
People,68. Family,MVI_5249,/Users/yamini/Desktop/projects/ISL PROJECT/include_videos/People/68. Family/MVI_5249.MOV,People/68. Family/MVI_5249.MOV,54,People__68. Family__MVI_5249.npy,skipped,,,,
People,68. Family,MVI_5250,/Users/yamini/Desktop/projects/ISL PROJECT/include_videos/People/68. Family/MVI_5250.MOV,People/68. Family/MVI_5250.MOV,57,People__68. Family__MVI_5250.npy,skipped,,,,
People,68. Family,MVI_5251,/Users/yamini/Desktop/projects/ISL PROJECT/include_videos/People/68. Family/MVI_5251.MOV,People/68. Family/MVI_5251.MOV,53,People__68. Family__MVI_5251.npy,skipped,,,,
People,68. Family,MVI_8635,/Users/yamini/Desktop/projects/ISL PROJECT/include_videos/People/68. Family/MVI_8635.MOV,People/68. Family/MVI_8635.MOV,79,People__68. Family__MVI_8635.npy,skipped,,,,
People,69. Grandfather,MVI_3790,/Users/yamini/Desktop/projects/ISL PROJECT/include_videos/People/69. Grandfather/MVI_3790.MOV,People/69. Grandfather/MVI_3790.MOV,78,People__69. Grandfather__MVI_3790.npy,skipped,,,,
People,69. Grandfather,MVI_3791,/Users/yamini/Desktop/projects/ISL PROJECT/include_videos/People/69. Grandfather/MVI_3791.MOV,People/69. Grandfather/MVI_3791.MOV,87,People__69. Grandfather__MVI_3791.npy,skipped,,,,
People,69. Grandfather,MVI_3792,/Users/yamini/Desktop/projects/ISL PROJECT/include_videos/People/69. Grandfather/MVI_3792.MOV,People/69. Grandfather/MVI_3792.MOV,75,People__69. Grandfather__MVI_3792.npy,skipped,,,,
People,69. Grandfather,MVI_3937,/Users/yamini/Desktop/projects/ISL PROJECT/include_videos/People/69. Grandfather/MVI_3937.MOV,People/69. Grandfather/MVI_3937.MOV,84,People__69. Grandfather__MVI_3937.npy,skipped,,,,
People,69. Grandfather,MVI_3938,/Users/yamini/Desktop/projects/ISL PROJECT/include_videos/People/69. Grandfather/MVI_3938.MOV,People/69. Grandfather/MVI_3938.MOV,97,People__69. Grandfather__MVI_3938.npy,skipped,,,,
People,69. Grandfather,MVI_3939,/Users/yamini/Desktop/projects/ISL PROJECT/include_videos/People/69. Grandfather/MVI_3939.MOV,People/69. Grandfather/MVI_3939.MOV,82,People__69. Grandfather__MVI_3939.npy,skipped,,,,
People,69. Grandfather,MVI_4084,/Users/yamini/Desktop/projects/ISL PROJECT/include_videos/People/69. Grandfather/MVI_4084.MOV,People/69. Grandfather/MVI_4084.MOV,103,People__69. Grandfather__MVI_4084.npy,skipped,,,,
People,69. Grandfather,MVI_4085,/Users/yamini/Desktop/projects/ISL PROJECT/include_videos/People/69. Grandfather/MVI_4085.MOV,People/69. Grandfather/MVI_4085.MOV,77,People__69. Grandfather__MVI_4085.npy,skipped,,,,
People,69. Grandfather,MVI_4086,/Users/yamini/Desktop/projects/ISL PROJECT/include_videos/People/69. Grandfather/MVI_4086.MOV,People/69. Grandfather/MVI_4086.MOV,83,People__69. Grandfather__MVI_4086.npy,skipped,,,,
People,69. Grandfather,MVI_4234,/Users/yamini/Desktop/projects/ISL PROJECT/include_videos/People/69. Grandfather/MVI_4234.MOV,People/69. Grandfather/MVI_4234.MOV,86,People__69. Grandfather__MVI_4234.npy,skipped,,,,
People,69. Grandfather,MVI_5104,/Users/yamini/Desktop/projects/ISL PROJECT/include_videos/People/69. Grandfather/MVI_5104.MOV,People/69. Grandfather/MVI_5104.MOV,87,People__69. Grandfather__MVI_5104.npy,skipped,,,,
People,69. Grandfather,MVI_5105,/Users/yamini/Desktop/projects/ISL PROJECT/include_videos/People/69. Grandfather/MVI_5105.MOV,People/69. Grandfather/MVI_5105.MOV,79,People__69. Grandfather__MVI_5105.npy,skipped,,,,
People,69. Grandfather,MVI_5106,/Users/yamini/Desktop/projects/ISL PROJECT/include_videos/People/69. Grandfather/MVI_5106.MOV,People/69. Grandfather/MVI_5106.MOV,87,People__69. Grandfather__MVI_5106.npy,skipped,,,,
People,69. Grandfather,MVI_5252,/Users/yamini/Desktop/projects/ISL PROJECT/include_videos/People/69. Grandfather/MVI_5252.MOV,People/69. Grandfather/MVI_5252.MOV,78,People__69. Grandfather__MVI_5252.npy,skipped,,,,
People,69. Grandfather,MVI_5255,/Users/yamini/Desktop/projects/ISL PROJECT/include_videos/People/69. Grandfather/MVI_5255.MOV,People/69. Grandfather/MVI_5255.MOV,89,People__69. Grandfather__MVI_5255.npy,skipped,,,,
People,69. Grandfather,MVI_5256,/Users/yamini/Desktop/projects/ISL PROJECT/include_videos/People/69. Grandfather/MVI_5256.MOV,People/69. Grandfather/MVI_5256.MOV,75,People__69. Grandfather__MVI_5256.npy,skipped,,,,
People,69. Grandfather,MVI_8636,/Users/yamini/Desktop/projects/ISL PROJECT/include_videos/People/69. Grandfather/MVI_8636.MOV,People/69. Grandfather/MVI_8636.MOV,86,People__69. Grandfather__MVI_8636.npy,skipped,,,,
People,70. Grandmother,MVI_3793,/Users/yamini/Desktop/projects/ISL PROJECT/include_videos/People/70. Grandmother/MVI_3793.MOV,People/70. Grandmother/MVI_3793.MOV,66,People__70. Grandmother__MVI_3793.npy,skipped,,,,
People,70. Grandmother,MVI_3794,/Users/yamini/Desktop/projects/ISL PROJECT/include_videos/People/70. Grandmother/MVI_3794.MOV,People/70. Grandmother/MVI_3794.MOV,69,People__70. Grandmother__MVI_3794.npy,skipped,,,,
People,70. Grandmother,MVI_3795,/Users/yamini/Desktop/projects/ISL PROJECT/include_videos/People/70. Grandmother/MVI_3795.MOV,People/70. Grandmother/MVI_3795.MOV,67,People__70. Grandmother__MVI_3795.npy,skipped,,,,
People,70. Grandmother,MVI_3940,/Users/yamini/Desktop/projects/ISL PROJECT/include_videos/People/70. Grandmother/MVI_3940.MOV,People/70. Grandmother/MVI_3940.MOV,83,People__70. Grandmother__MVI_3940.npy,skipped,,,,
People,70. Grandmother,MVI_3941,/Users/yamini/Desktop/projects/ISL PROJECT/include_videos/People/70. Grandmother/MVI_3941.MOV,People/70. Grandmother/MVI_3941.MOV,105,People__70. Grandmother__MVI_3941.npy,skipped,,,,
People,70. Grandmother,MVI_3942,/Users/yamini/Desktop/projects/ISL PROJECT/include_videos/People/70. Grandmother/MVI_3942.MOV,People/70. Grandmother/MVI_3942.MOV,101,People__70. Grandmother__MVI_3942.npy,skipped,,,,
People,70. Grandmother,MVI_4087,/Users/yamini/Desktop/projects/ISL PROJECT/include_videos/People/70. Grandmother/MVI_4087.MOV,People/70. Grandmother/MVI_4087.MOV,82,People__70. Grandmother__MVI_4087.npy,skipped,,,,
People,70. Grandmother,MVI_4088,/Users/yamini/Desktop/projects/ISL PROJECT/include_videos/People/70. Grandmother/MVI_4088.MOV,People/70. Grandmother/MVI_4088.MOV,68,People__70. Grandmother__MVI_4088.npy,skipped,,,,
People,70. Grandmother,MVI_4089,/Users/yamini/Desktop/projects/ISL PROJECT/include_videos/People/70. Grandmother/MVI_4089.MOV,People/70. Grandmother/MVI_4089.MOV,80,People__70. Grandmother__MVI_4089.npy,skipped,,,,
People,70. Grandmother,MVI_4235,/Users/yamini/Desktop/projects/ISL PROJECT/include_videos/People/70. Grandmother/MVI_4235.MOV,People/70. Grandmother/MVI_4235.MOV,85,People__70. Grandmother__MVI_4235.npy,skipped,,,,
People,70. Grandmother,MVI_5107,/Users/yamini/Desktop/projects/ISL PROJECT/include_videos/People/70. Grandmother/MVI_5107.MOV,People/70. Grandmother/MVI_5107.MOV,77,People__70. Grandmother__MVI_5107.npy,skipped,,,,
People,70. Grandmother,MVI_5108,/Users/yamini/Desktop/projects/ISL PROJECT/include_videos/People/70. Grandmother/MVI_5108.MOV,People/70. Grandmother/MVI_5108.MOV,77,People__70. Grandmother__MVI_5108.npy,skipped,,,,
People,70. Grandmother,MVI_5109,/Users/yamini/Desktop/projects/ISL PROJECT/include_videos/People/70. Grandmother/MVI_5109.MOV,People/70. Grandmother/MVI_5109.MOV,80,People__70. Grandmother__MVI_5109.npy,skipped,,,,
People,70. Grandmother,MVI_5257,/Users/yamini/Desktop/projects/ISL PROJECT/include_videos/People/70. Grandmother/MVI_5257.MOV,People/70. Grandmother/MVI_5257.MOV,72,People__70. Grandmother__MVI_5257.npy,skipped,,,,
People,70. Grandmother,MVI_5258,/Users/yamini/Desktop/projects/ISL PROJECT/include_videos/People/70. Grandmother/MVI_5258.MOV,People/70. Grandmother/MVI_5258.MOV,71,People__70. Grandmother__MVI_5258.npy,skipped,,,,
People,70. Grandmother,MVI_5260,/Users/yamini/Desktop/projects/ISL PROJECT/include_videos/People/70. Grandmother/MVI_5260.MOV,People/70. Grandmother/MVI_5260.MOV,71,People__70. Grandmother__MVI_5260.npy,skipped,,,,
People,70. Grandmother,MVI_8637,/Users/yamini/Desktop/projects/ISL PROJECT/include_videos/People/70. Grandmother/MVI_8637.MOV,People/70. Grandmother/MVI_8637.MOV,103,People__70. Grandmother__MVI_8637.npy,skipped,,,,
People,71. Husband,MVI_3796,/Users/yamini/Desktop/projects/ISL PROJECT/include_videos/People/71. Husband/MVI_3796.MOV,People/71. Husband/MVI_3796.MOV,51,People__71. Husband__MVI_3796.npy,skipped,,,,
People,71. Husband,MVI_3797,/Users/yamini/Desktop/projects/ISL PROJECT/include_videos/People/71. Husband/MVI_3797.MOV,People/71. Husband/MVI_3797.MOV,55,People__71. Husband__MVI_3797.npy,skipped,,,,
People,71. Husband,MVI_3798,/Users/yamini/Desktop/projects/ISL PROJECT/include_videos/People/71. Husband/MVI_3798.MOV,People/71. Husband/MVI_3798.MOV,51,People__71. Husband__MVI_3798.npy,skipped,,,,
People,71. Husband,MVI_3943,/Users/yamini/Desktop/projects/ISL PROJECT/include_videos/People/71. Husband/MVI_3943.MOV,People/71. Husband/MVI_3943.MOV,79,People__71. Husband__MVI_3943.npy,skipped,,,,
People,71. Husband,MVI_3944,/Users/yamini/Desktop/projects/ISL PROJECT/include_videos/People/71. Husband/MVI_3944.MOV,People/71. Husband/MVI_3944.MOV,75,People__71. Husband__MVI_3944.npy,skipped,,,,
People,71. Husband,MVI_3945,/Users/yamini/Desktop/projects/ISL PROJECT/include_videos/People/71. Husband/MVI_3945.MOV,People/71. Husband/MVI_3945.MOV,74,People__71. Husband__MVI_3945.npy,skipped,,,,
People,71. Husband,MVI_4090,/Users/yamini/Desktop/projects/ISL PROJECT/include_videos/People/71. Husband/MVI_4090.MOV,People/71. Husband/MVI_4090.MOV,65,People__71. Husband__MVI_4090.npy,skipped,,,,
People,71. Husband,MVI_4091,/Users/yamini/Desktop/projects/ISL PROJECT/include_videos/People/71. Husband/MVI_4091.MOV,People/71. Husband/MVI_4091.MOV,66,People__71. Husband__MVI_4091.npy,skipped,,,,
People,71. Husband,MVI_4092,/Users/yamini/Desktop/projects/ISL PROJECT/include_videos/People/71. Husband/MVI_4092.MOV,People/71. Husband/MVI_4092.MOV,69,People__71. Husband__MVI_4092.npy,skipped,,,,
People,71. Husband,MVI_4236,/Users/yamini/Desktop/projects/ISL PROJECT/include_videos/People/71. Husband/MVI_4236.MOV,People/71. Husband/MVI_4236.MOV,68,People__71. Husband__MVI_4236.npy,skipped,,,,
People,71. Husband,MVI_4961,/Users/yamini/Desktop/projects/ISL PROJECT/include_videos/People/71. Husband/MVI_4961.MOV,People/71. Husband/MVI_4961.MOV,47,People__71. Husband__MVI_4961.npy,skipped,,,,
People,71. Husband,MVI_4962,/Users/yamini/Desktop/projects/ISL PROJECT/include_videos/People/71. Husband/MVI_4962.MOV,People/71. Husband/MVI_4962.MOV,54,People__71. Husband__MVI_4962.npy,skipped,,,,
People,71. Husband,MVI_4963,/Users/yamini/Desktop/projects/ISL PROJECT/include_videos/People/71. Husband/MVI_4963.MOV,People/71. Husband/MVI_4963.MOV,58,People__71. Husband__MVI_4963.npy,skipped,,,,
People,71. Husband,MVI_5112,/Users/yamini/Desktop/projects/ISL PROJECT/include_videos/People/71. Husband/MVI_5112.MOV,People/71. Husband/MVI_5112.MOV,63,People__71. Husband__MVI_5112.npy,skipped,,,,
People,71. Husband,MVI_5113,/Users/yamini/Desktop/projects/ISL PROJECT/include_videos/People/71. Husband/MVI_5113.MOV,People/71. Husband/MVI_5113.MOV,60,People__71. Husband__MVI_5113.npy,skipped,,,,
People,71. Husband,MVI_5114,/Users/yamini/Desktop/projects/ISL PROJECT/include_videos/People/71. Husband/MVI_5114.MOV,People/71. Husband/MVI_5114.MOV,76,People__71. Husband__MVI_5114.npy,skipped,,,,
People,71. Husband,MVI_5261,/Users/yamini/Desktop/projects/ISL PROJECT/include_videos/People/71. Husband/MVI_5261.MOV,People/71. Husband/MVI_5261.MOV,60,People__71. Husband__MVI_5261.npy,skipped,,,,
People,71. Husband,MVI_5262,/Users/yamini/Desktop/projects/ISL PROJECT/include_videos/People/71. Husband/MVI_5262.MOV,People/71. Husband/MVI_5262.MOV,45,People__71. Husband__MVI_5262.npy,skipped,,,,
People,71. Husband,MVI_5263,/Users/yamini/Desktop/projects/ISL PROJECT/include_videos/People/71. Husband/MVI_5263.MOV,People/71. Husband/MVI_5263.MOV,56,People__71. Husband__MVI_5263.npy,skipped,,,,
People,71. Husband,MVI_8638,/Users/yamini/Desktop/projects/ISL PROJECT/include_videos/People/71. Husband/MVI_8638.MOV,People/71. Husband/MVI_8638.MOV,75,People__71. Husband__MVI_8638.npy,skipped,,,,
People,72. Wife,MVI_3799,/Users/yamini/Desktop/projects/ISL PROJECT/include_videos/People/72. Wife/MVI_3799.MOV,People/72. Wife/MVI_3799.MOV,53,People__72. Wife__MVI_3799.npy,skipped,,,,
People,72. Wife,MVI_3800,/Users/yamini/Desktop/projects/ISL PROJECT/include_videos/People/72. Wife/MVI_3800.MOV,People/72. Wife/MVI_3800.MOV,53,People__72. Wife__MVI_3800.npy,skipped,,,,
People,72. Wife,MVI_3801,/Users/yamini/Desktop/projects/ISL PROJECT/include_videos/People/72. Wife/MVI_3801.MOV,People/72. Wife/MVI_3801.MOV,51,People__72. Wife__MVI_3801.npy,skipped,,,,
People,72. Wife,MVI_3947,/Users/yamini/Desktop/projects/ISL PROJECT/include_videos/People/72. Wife/MVI_3947.MOV,People/72. Wife/MVI_3947.MOV,64,People__72. Wife__MVI_3947.npy,skipped,,,,
People,72. Wife,MVI_3948,/Users/yamini/Desktop/projects/ISL PROJECT/include_videos/People/72. Wife/MVI_3948.MOV,People/72. Wife/MVI_3948.MOV,67,People__72. Wife__MVI_3948.npy,skipped,,,,
People,72. Wife,MVI_3949,/Users/yamini/Desktop/projects/ISL PROJECT/include_videos/People/72. Wife/MVI_3949.MOV,People/72. Wife/MVI_3949.MOV,69,People__72. Wife__MVI_3949.npy,skipped,,,,
People,72. Wife,MVI_4093,/Users/yamini/Desktop/projects/ISL PROJECT/include_videos/People/72. Wife/MVI_4093.MOV,People/72. Wife/MVI_4093.MOV,69,People__72. Wife__MVI_4093.npy,skipped,,,,
People,72. Wife,MVI_4094,/Users/yamini/Desktop/projects/ISL PROJECT/include_videos/People/72. Wife/MVI_4094.MOV,People/72. Wife/MVI_4094.MOV,62,People__72. Wife__MVI_4094.npy,skipped,,,,
People,72. Wife,MVI_4095,/Users/yamini/Desktop/projects/ISL PROJECT/include_videos/People/72. Wife/MVI_4095.MOV,People/72. Wife/MVI_4095.MOV,68,People__72. Wife__MVI_4095.npy,skipped,,,,
People,72. Wife,MVI_4237,/Users/yamini/Desktop/projects/ISL PROJECT/include_videos/People/72. Wife/MVI_4237.MOV,People/72. Wife/MVI_4237.MOV,53,People__72. Wife__MVI_4237.npy,skipped,,,,
People,72. Wife,MVI_4964,/Users/yamini/Desktop/projects/ISL PROJECT/include_videos/People/72. Wife/MVI_4964.MOV,People/72. Wife/MVI_4964.MOV,46,People__72. Wife__MVI_4964.npy,skipped,,,,
People,72. Wife,MVI_4965,/Users/yamini/Desktop/projects/ISL PROJECT/include_videos/People/72. Wife/MVI_4965.MOV,People/72. Wife/MVI_4965.MOV,50,People__72. Wife__MVI_4965.npy,skipped,,,,
People,72. Wife,MVI_4967,/Users/yamini/Desktop/projects/ISL PROJECT/include_videos/People/72. Wife/MVI_4967.MOV,People/72. Wife/MVI_4967.MOV,53,People__72. Wife__MVI_4967.npy,skipped,,,,
People,72. Wife,MVI_5117,/Users/yamini/Desktop/projects/ISL PROJECT/include_videos/People/72. Wife/MVI_5117.MOV,People/72. Wife/MVI_5117.MOV,75,People__72. Wife__MVI_5117.npy,skipped,,,,
People,72. Wife,MVI_5118,/Users/yamini/Desktop/projects/ISL PROJECT/include_videos/People/72. Wife/MVI_5118.MOV,People/72. Wife/MVI_5118.MOV,58,People__72. Wife__MVI_5118.npy,skipped,,,,
People,72. Wife,MVI_5119,/Users/yamini/Desktop/projects/ISL PROJECT/include_videos/People/72. Wife/MVI_5119.MOV,People/72. Wife/MVI_5119.MOV,59,People__72. Wife__MVI_5119.npy,skipped,,,,
People,72. Wife,MVI_5264,/Users/yamini/Desktop/projects/ISL PROJECT/include_videos/People/72. Wife/MVI_5264.MOV,People/72. Wife/MVI_5264.MOV,59,People__72. Wife__MVI_5264.npy,skipped,,,,
People,72. Wife,MVI_5265,/Users/yamini/Desktop/projects/ISL PROJECT/include_videos/People/72. Wife/MVI_5265.MOV,People/72. Wife/MVI_5265.MOV,59,People__72. Wife__MVI_5265.npy,skipped,,,,
People,72. Wife,MVI_5266,/Users/yamini/Desktop/projects/ISL PROJECT/include_videos/People/72. Wife/MVI_5266.MOV,People/72. Wife/MVI_5266.MOV,60,People__72. Wife__MVI_5266.npy,skipped,,,,
People,72. Wife,MVI_8639,/Users/yamini/Desktop/projects/ISL PROJECT/include_videos/People/72. Wife/MVI_8639.MOV,People/72. Wife/MVI_8639.MOV,61,People__72. Wife__MVI_8639.npy,skipped,,,,
People,73. King,MVI_3802,/Users/yamini/Desktop/projects/ISL PROJECT/include_videos/People/73. King/MVI_3802.MOV,People/73. King/MVI_3802.MOV,69,People__73. King__MVI_3802.npy,skipped,,,,
People,73. King,MVI_3803,/Users/yamini/Desktop/projects/ISL PROJECT/include_videos/People/73. King/MVI_3803.MOV,People/73. King/MVI_3803.MOV,57,People__73. King__MVI_3803.npy,skipped,,,,
People,73. King,MVI_3804,/Users/yamini/Desktop/projects/ISL PROJECT/include_videos/People/73. King/MVI_3804.MOV,People/73. King/MVI_3804.MOV,51,People__73. King__MVI_3804.npy,skipped,,,,
People,73. King,MVI_3950,/Users/yamini/Desktop/projects/ISL PROJECT/include_videos/People/73. King/MVI_3950.MOV,People/73. King/MVI_3950.MOV,72,People__73. King__MVI_3950.npy,skipped,,,,
People,73. King,MVI_3951,/Users/yamini/Desktop/projects/ISL PROJECT/include_videos/People/73. King/MVI_3951.MOV,People/73. King/MVI_3951.MOV,87,People__73. King__MVI_3951.npy,skipped,,,,
People,73. King,MVI_3952,/Users/yamini/Desktop/projects/ISL PROJECT/include_videos/People/73. King/MVI_3952.MOV,People/73. King/MVI_3952.MOV,73,People__73. King__MVI_3952.npy,skipped,,,,
People,73. King,MVI_4096,/Users/yamini/Desktop/projects/ISL PROJECT/include_videos/People/73. King/MVI_4096.MOV,People/73. King/MVI_4096.MOV,69,People__73. King__MVI_4096.npy,skipped,,,,
People,73. King,MVI_4097,/Users/yamini/Desktop/projects/ISL PROJECT/include_videos/People/73. King/MVI_4097.MOV,People/73. King/MVI_4097.MOV,60,People__73. King__MVI_4097.npy,skipped,,,,
People,73. King,MVI_4098,/Users/yamini/Desktop/projects/ISL PROJECT/include_videos/People/73. King/MVI_4098.MOV,People/73. King/MVI_4098.MOV,64,People__73. King__MVI_4098.npy,skipped,,,,
People,73. King,MVI_4238,/Users/yamini/Desktop/projects/ISL PROJECT/include_videos/People/73. King/MVI_4238.MOV,People/73. King/MVI_4238.MOV,53,People__73. King__MVI_4238.npy,skipped,,,,
People,73. King,MVI_4968,/Users/yamini/Desktop/projects/ISL PROJECT/include_videos/People/73. King/MVI_4968.MOV,People/73. King/MVI_4968.MOV,49,People__73. King__MVI_4968.npy,skipped,,,,
People,73. King,MVI_4969,/Users/yamini/Desktop/projects/ISL PROJECT/include_videos/People/73. King/MVI_4969.MOV,People/73. King/MVI_4969.MOV,53,People__73. King__MVI_4969.npy,skipped,,,,
People,73. King,MVI_4970,/Users/yamini/Desktop/projects/ISL PROJECT/include_videos/People/73. King/MVI_4970.MOV,People/73. King/MVI_4970.MOV,52,People__73. King__MVI_4970.npy,skipped,,,,
People,73. King,MVI_5120,/Users/yamini/Desktop/projects/ISL PROJECT/include_videos/People/73. King/MVI_5120.MOV,People/73. King/MVI_5120.MOV,62,People__73. King__MVI_5120.npy,skipped,,,,
People,73. King,MVI_5121,/Users/yamini/Desktop/projects/ISL PROJECT/include_videos/People/73. King/MVI_5121.MOV,People/73. King/MVI_5121.MOV,60,People__73. King__MVI_5121.npy,skipped,,,,
People,73. King,MVI_5122,/Users/yamini/Desktop/projects/ISL PROJECT/include_videos/People/73. King/MVI_5122.MOV,People/73. King/MVI_5122.MOV,65,People__73. King__MVI_5122.npy,skipped,,,,
People,73. King,MVI_5268,/Users/yamini/Desktop/projects/ISL PROJECT/include_videos/People/73. King/MVI_5268.MOV,People/73. King/MVI_5268.MOV,56,People__73. King__MVI_5268.npy,skipped,,,,
People,73. King,MVI_5269,/Users/yamini/Desktop/projects/ISL PROJECT/include_videos/People/73. King/MVI_5269.MOV,People/73. King/MVI_5269.MOV,61,People__73. King__MVI_5269.npy,skipped,,,,
People,73. King,MVI_5270,/Users/yamini/Desktop/projects/ISL PROJECT/include_videos/People/73. King/MVI_5270.MOV,People/73. King/MVI_5270.MOV,56,People__73. King__MVI_5270.npy,skipped,,,,
People,73. King,MVI_8640,/Users/yamini/Desktop/projects/ISL PROJECT/include_videos/People/73. King/MVI_8640.MOV,People/73. King/MVI_8640.MOV,66,People__73. King__MVI_8640.npy,skipped,,,,
People,74. Queen,MVI_3805,/Users/yamini/Desktop/projects/ISL PROJECT/include_videos/People/74. Queen/MVI_3805.MOV,People/74. Queen/MVI_3805.MOV,57,People__74. Queen__MVI_3805.npy,skipped,,,,
People,74. Queen,MVI_3806,/Users/yamini/Desktop/projects/ISL PROJECT/include_videos/People/74. Queen/MVI_3806.MOV,People/74. Queen/MVI_3806.MOV,63,People__74. Queen__MVI_3806.npy,skipped,,,,
People,74. Queen,MVI_3807,/Users/yamini/Desktop/projects/ISL PROJECT/include_videos/People/74. Queen/MVI_3807.MOV,People/74. Queen/MVI_3807.MOV,61,People__74. Queen__MVI_3807.npy,skipped,,,,
People,74. Queen,MVI_3953,/Users/yamini/Desktop/projects/ISL PROJECT/include_videos/People/74. Queen/MVI_3953.MOV,People/74. Queen/MVI_3953.MOV,79,People__74. Queen__MVI_3953.npy,skipped,,,,
People,74. Queen,MVI_3954,/Users/yamini/Desktop/projects/ISL PROJECT/include_videos/People/74. Queen/MVI_3954.MOV,People/74. Queen/MVI_3954.MOV,81,People__74. Queen__MVI_3954.npy,skipped,,,,
People,74. Queen,MVI_3955,/Users/yamini/Desktop/projects/ISL PROJECT/include_videos/People/74. Queen/MVI_3955.MOV,People/74. Queen/MVI_3955.MOV,74,People__74. Queen__MVI_3955.npy,skipped,,,,
People,74. Queen,MVI_4099,/Users/yamini/Desktop/projects/ISL PROJECT/include_videos/People/74. Queen/MVI_4099.MOV,People/74. Queen/MVI_4099.MOV,62,People__74. Queen__MVI_4099.npy,skipped,,,,
People,74. Queen,MVI_4100,/Users/yamini/Desktop/projects/ISL PROJECT/include_videos/People/74. Queen/MVI_4100.MOV,People/74. Queen/MVI_4100.MOV,60,People__74. Queen__MVI_4100.npy,skipped,,,,
People,74. Queen,MVI_4101,/Users/yamini/Desktop/projects/ISL PROJECT/include_videos/People/74. Queen/MVI_4101.MOV,People/74. Queen/MVI_4101.MOV,58,People__74. Queen__MVI_4101.npy,skipped,,,,
People,74. Queen,MVI_4239,/Users/yamini/Desktop/projects/ISL PROJECT/include_videos/People/74. Queen/MVI_4239.MOV,People/74. Queen/MVI_4239.MOV,51,People__74. Queen__MVI_4239.npy,skipped,,,,
People,74. Queen,MVI_4972,/Users/yamini/Desktop/projects/ISL PROJECT/include_videos/People/74. Queen/MVI_4972.MOV,People/74. Queen/MVI_4972.MOV,50,People__74. Queen__MVI_4972.npy,skipped,,,,
People,74. Queen,MVI_4973,/Users/yamini/Desktop/projects/ISL PROJECT/include_videos/People/74. Queen/MVI_4973.MOV,People/74. Queen/MVI_4973.MOV,49,People__74. Queen__MVI_4973.npy,skipped,,,,
People,74. Queen,MVI_4974,/Users/yamini/Desktop/projects/ISL PROJECT/include_videos/People/74. Queen/MVI_4974.MOV,People/74. Queen/MVI_4974.MOV,43,People__74. Queen__MVI_4974.npy,skipped,,,,
People,74. Queen,MVI_5123,/Users/yamini/Desktop/projects/ISL PROJECT/include_videos/People/74. Queen/MVI_5123.MOV,People/74. Queen/MVI_5123.MOV,64,People__74. Queen__MVI_5123.npy,skipped,,,,
People,74. Queen,MVI_5124,/Users/yamini/Desktop/projects/ISL PROJECT/include_videos/People/74. Queen/MVI_5124.MOV,People/74. Queen/MVI_5124.MOV,60,People__74. Queen__MVI_5124.npy,skipped,,,,
People,74. Queen,MVI_5125,/Users/yamini/Desktop/projects/ISL PROJECT/include_videos/People/74. Queen/MVI_5125.MOV,People/74. Queen/MVI_5125.MOV,58,People__74. Queen__MVI_5125.npy,skipped,,,,
People,74. Queen,MVI_5271,/Users/yamini/Desktop/projects/ISL PROJECT/include_videos/People/74. Queen/MVI_5271.MOV,People/74. Queen/MVI_5271.MOV,45,People__74. Queen__MVI_5271.npy,skipped,,,,
People,74. Queen,MVI_5272,/Users/yamini/Desktop/projects/ISL PROJECT/include_videos/People/74. Queen/MVI_5272.MOV,People/74. Queen/MVI_5272.MOV,52,People__74. Queen__MVI_5272.npy,skipped,,,,
People,74. Queen,MVI_5273,/Users/yamini/Desktop/projects/ISL PROJECT/include_videos/People/74. Queen/MVI_5273.MOV,People/74. Queen/MVI_5273.MOV,59,People__74. Queen__MVI_5273.npy,skipped,,,,
People,74. Queen,MVI_8641,/Users/yamini/Desktop/projects/ISL PROJECT/include_videos/People/74. Queen/MVI_8641.MOV,People/74. Queen/MVI_8641.MOV,68,People__74. Queen__MVI_8641.npy,skipped,,,,
People,75. President,MVI_3808,/Users/yamini/Desktop/projects/ISL PROJECT/include_videos/People/75. President/MVI_3808.MOV,People/75. President/MVI_3808.MOV,63,People__75. President__MVI_3808.npy,skipped,,,,
People,75. President,MVI_3809,/Users/yamini/Desktop/projects/ISL PROJECT/include_videos/People/75. President/MVI_3809.MOV,People/75. President/MVI_3809.MOV,64,People__75. President__MVI_3809.npy,skipped,,,,
People,75. President,MVI_3810,/Users/yamini/Desktop/projects/ISL PROJECT/include_videos/People/75. President/MVI_3810.MOV,People/75. President/MVI_3810.MOV,65,People__75. President__MVI_3810.npy,skipped,,,,
People,75. President,MVI_3956,/Users/yamini/Desktop/projects/ISL PROJECT/include_videos/People/75. President/MVI_3956.MOV,People/75. President/MVI_3956.MOV,67,People__75. President__MVI_3956.npy,skipped,,,,
People,75. President,MVI_3957,/Users/yamini/Desktop/projects/ISL PROJECT/include_videos/People/75. President/MVI_3957.MOV,People/75. President/MVI_3957.MOV,71,People__75. President__MVI_3957.npy,skipped,,,,
People,75. President,MVI_3958,/Users/yamini/Desktop/projects/ISL PROJECT/include_videos/People/75. President/MVI_3958.MOV,People/75. President/MVI_3958.MOV,66,People__75. President__MVI_3958.npy,skipped,,,,
People,75. President,MVI_4102,/Users/yamini/Desktop/projects/ISL PROJECT/include_videos/People/75. President/MVI_4102.MOV,People/75. President/MVI_4102.MOV,83,People__75. President__MVI_4102.npy,skipped,,,,
People,75. President,MVI_4103,/Users/yamini/Desktop/projects/ISL PROJECT/include_videos/People/75. President/MVI_4103.MOV,People/75. President/MVI_4103.MOV,62,People__75. President__MVI_4103.npy,skipped,,,,
People,75. President,MVI_4104,/Users/yamini/Desktop/projects/ISL PROJECT/include_videos/People/75. President/MVI_4104.MOV,People/75. President/MVI_4104.MOV,66,People__75. President__MVI_4104.npy,skipped,,,,
People,75. President,MVI_4240,/Users/yamini/Desktop/projects/ISL PROJECT/include_videos/People/75. President/MVI_4240.MOV,People/75. President/MVI_4240.MOV,59,People__75. President__MVI_4240.npy,skipped,,,,
People,75. President,MVI_4975,/Users/yamini/Desktop/projects/ISL PROJECT/include_videos/People/75. President/MVI_4975.MOV,People/75. President/MVI_4975.MOV,52,People__75. President__MVI_4975.npy,skipped,,,,
People,75. President,MVI_4976,/Users/yamini/Desktop/projects/ISL PROJECT/include_videos/People/75. President/MVI_4976.MOV,People/75. President/MVI_4976.MOV,51,People__75. President__MVI_4976.npy,skipped,,,,
People,75. President,MVI_4977,/Users/yamini/Desktop/projects/ISL PROJECT/include_videos/People/75. President/MVI_4977.MOV,People/75. President/MVI_4977.MOV,52,People__75. President__MVI_4977.npy,skipped,,,,
People,75. President,MVI_5126,/Users/yamini/Desktop/projects/ISL PROJECT/include_videos/People/75. President/MVI_5126.MOV,People/75. President/MVI_5126.MOV,75,People__75. President__MVI_5126.npy,skipped,,,,
People,75. President,MVI_5127,/Users/yamini/Desktop/projects/ISL PROJECT/include_videos/People/75. President/MVI_5127.MOV,People/75. President/MVI_5127.MOV,57,People__75. President__MVI_5127.npy,skipped,,,,
People,75. President,MVI_5128,/Users/yamini/Desktop/projects/ISL PROJECT/include_videos/People/75. President/MVI_5128.MOV,People/75. President/MVI_5128.MOV,67,People__75. President__MVI_5128.npy,skipped,,,,
People,75. President,MVI_5274,/Users/yamini/Desktop/projects/ISL PROJECT/include_videos/People/75. President/MVI_5274.MOV,People/75. President/MVI_5274.MOV,49,People__75. President__MVI_5274.npy,skipped,,,,
People,75. President,MVI_5275,/Users/yamini/Desktop/projects/ISL PROJECT/include_videos/People/75. President/MVI_5275.MOV,People/75. President/MVI_5275.MOV,55,People__75. President__MVI_5275.npy,skipped,,,,
People,75. President,MVI_5276,/Users/yamini/Desktop/projects/ISL PROJECT/include_videos/People/75. President/MVI_5276.MOV,People/75. President/MVI_5276.MOV,56,People__75. President__MVI_5276.npy,skipped,,,,
People,75. President,MVI_8642,/Users/yamini/Desktop/projects/ISL PROJECT/include_videos/People/75. President/MVI_8642.MOV,People/75. President/MVI_8642.MOV,55,People__75. President__MVI_8642.npy,skipped,,,,
People,76. Neighbour,MVI_3811,/Users/yamini/Desktop/projects/ISL PROJECT/include_videos/People/76. Neighbour/MVI_3811.MOV,People/76. Neighbour/MVI_3811.MOV,60,People__76. Neighbour__MVI_3811.npy,skipped,,,,
People,76. Neighbour,MVI_3812,/Users/yamini/Desktop/projects/ISL PROJECT/include_videos/People/76. Neighbour/MVI_3812.MOV,People/76. Neighbour/MVI_3812.MOV,53,People__76. Neighbour__MVI_3812.npy,skipped,,,,
People,76. Neighbour,MVI_3813,/Users/yamini/Desktop/projects/ISL PROJECT/include_videos/People/76. Neighbour/MVI_3813.MOV,People/76. Neighbour/MVI_3813.MOV,63,People__76. Neighbour__MVI_3813.npy,skipped,,,,
People,76. Neighbour,MVI_3959,/Users/yamini/Desktop/projects/ISL PROJECT/include_videos/People/76. Neighbour/MVI_3959.MOV,People/76. Neighbour/MVI_3959.MOV,85,People__76. Neighbour__MVI_3959.npy,skipped,,,,
People,76. Neighbour,MVI_3960,/Users/yamini/Desktop/projects/ISL PROJECT/include_videos/People/76. Neighbour/MVI_3960.MOV,People/76. Neighbour/MVI_3960.MOV,77,People__76. Neighbour__MVI_3960.npy,skipped,,,,
People,76. Neighbour,MVI_3961,/Users/yamini/Desktop/projects/ISL PROJECT/include_videos/People/76. Neighbour/MVI_3961.MOV,People/76. Neighbour/MVI_3961.MOV,72,People__76. Neighbour__MVI_3961.npy,skipped,,,,
People,76. Neighbour,MVI_4105,/Users/yamini/Desktop/projects/ISL PROJECT/include_videos/People/76. Neighbour/MVI_4105.MOV,People/76. Neighbour/MVI_4105.MOV,68,People__76. Neighbour__MVI_4105.npy,skipped,,,,
People,76. Neighbour,MVI_4106,/Users/yamini/Desktop/projects/ISL PROJECT/include_videos/People/76. Neighbour/MVI_4106.MOV,People/76. Neighbour/MVI_4106.MOV,66,People__76. Neighbour__MVI_4106.npy,skipped,,,,
People,76. Neighbour,MVI_4107,/Users/yamini/Desktop/projects/ISL PROJECT/include_videos/People/76. Neighbour/MVI_4107.MOV,People/76. Neighbour/MVI_4107.MOV,67,People__76. Neighbour__MVI_4107.npy,skipped,,,,
People,76. Neighbour,MVI_4241,/Users/yamini/Desktop/projects/ISL PROJECT/include_videos/People/76. Neighbour/MVI_4241.MOV,People/76. Neighbour/MVI_4241.MOV,64,People__76. Neighbour__MVI_4241.npy,skipped,,,,
People,76. Neighbour,MVI_4978,/Users/yamini/Desktop/projects/ISL PROJECT/include_videos/People/76. Neighbour/MVI_4978.MOV,People/76. Neighbour/MVI_4978.MOV,48,People__76. Neighbour__MVI_4978.npy,skipped,,,,
People,76. Neighbour,MVI_4979,/Users/yamini/Desktop/projects/ISL PROJECT/include_videos/People/76. Neighbour/MVI_4979.MOV,People/76. Neighbour/MVI_4979.MOV,49,People__76. Neighbour__MVI_4979.npy,skipped,,,,
People,76. Neighbour,MVI_4980,/Users/yamini/Desktop/projects/ISL PROJECT/include_videos/People/76. Neighbour/MVI_4980.MOV,People/76. Neighbour/MVI_4980.MOV,49,People__76. Neighbour__MVI_4980.npy,skipped,,,,
People,76. Neighbour,MVI_5129,/Users/yamini/Desktop/projects/ISL PROJECT/include_videos/People/76. Neighbour/MVI_5129.MOV,People/76. Neighbour/MVI_5129.MOV,69,People__76. Neighbour__MVI_5129.npy,skipped,,,,
People,76. Neighbour,MVI_5130,/Users/yamini/Desktop/projects/ISL PROJECT/include_videos/People/76. Neighbour/MVI_5130.MOV,People/76. Neighbour/MVI_5130.MOV,64,People__76. Neighbour__MVI_5130.npy,skipped,,,,
People,76. Neighbour,MVI_5131,/Users/yamini/Desktop/projects/ISL PROJECT/include_videos/People/76. Neighbour/MVI_5131.MOV,People/76. Neighbour/MVI_5131.MOV,62,People__76. Neighbour__MVI_5131.npy,skipped,,,,
People,76. Neighbour,MVI_5277,/Users/yamini/Desktop/projects/ISL PROJECT/include_videos/People/76. Neighbour/MVI_5277.MOV,People/76. Neighbour/MVI_5277.MOV,55,People__76. Neighbour__MVI_5277.npy,skipped,,,,
People,76. Neighbour,MVI_5278,/Users/yamini/Desktop/projects/ISL PROJECT/include_videos/People/76. Neighbour/MVI_5278.MOV,People/76. Neighbour/MVI_5278.MOV,60,People__76. Neighbour__MVI_5278.npy,skipped,,,,
People,76. Neighbour,MVI_5279,/Users/yamini/Desktop/projects/ISL PROJECT/include_videos/People/76. Neighbour/MVI_5279.MOV,People/76. Neighbour/MVI_5279.MOV,54,People__76. Neighbour__MVI_5279.npy,skipped,,,,
People,76. Neighbour,MVI_8643,/Users/yamini/Desktop/projects/ISL PROJECT/include_videos/People/76. Neighbour/MVI_8643.MOV,People/76. Neighbour/MVI_8643.MOV,76,People__76. Neighbour__MVI_8643.npy,skipped,,,,
People,77. Boy,MVI_3814,/Users/yamini/Desktop/projects/ISL PROJECT/include_videos/People/77. Boy/MVI_3814.MOV,People/77. Boy/MVI_3814.MOV,63,People__77. Boy__MVI_3814.npy,skipped,,,,
People,77. Boy,MVI_3815,/Users/yamini/Desktop/projects/ISL PROJECT/include_videos/People/77. Boy/MVI_3815.MOV,People/77. Boy/MVI_3815.MOV,58,People__77. Boy__MVI_3815.npy,skipped,,,,
People,77. Boy,MVI_3816,/Users/yamini/Desktop/projects/ISL PROJECT/include_videos/People/77. Boy/MVI_3816.MOV,People/77. Boy/MVI_3816.MOV,54,People__77. Boy__MVI_3816.npy,skipped,,,,
People,77. Boy,MVI_3962,/Users/yamini/Desktop/projects/ISL PROJECT/include_videos/People/77. Boy/MVI_3962.MOV,People/77. Boy/MVI_3962.MOV,71,People__77. Boy__MVI_3962.npy,skipped,,,,
People,77. Boy,MVI_3963,/Users/yamini/Desktop/projects/ISL PROJECT/include_videos/People/77. Boy/MVI_3963.MOV,People/77. Boy/MVI_3963.MOV,81,People__77. Boy__MVI_3963.npy,skipped,,,,
People,77. Boy,MVI_3964,/Users/yamini/Desktop/projects/ISL PROJECT/include_videos/People/77. Boy/MVI_3964.MOV,People/77. Boy/MVI_3964.MOV,68,People__77. Boy__MVI_3964.npy,skipped,,,,
People,77. Boy,MVI_4109,/Users/yamini/Desktop/projects/ISL PROJECT/include_videos/People/77. Boy/MVI_4109.MOV,People/77. Boy/MVI_4109.MOV,72,People__77. Boy__MVI_4109.npy,skipped,,,,
People,77. Boy,MVI_4110,/Users/yamini/Desktop/projects/ISL PROJECT/include_videos/People/77. Boy/MVI_4110.MOV,People/77. Boy/MVI_4110.MOV,66,People__77. Boy__MVI_4110.npy,skipped,,,,
People,77. Boy,MVI_4111,/Users/yamini/Desktop/projects/ISL PROJECT/include_videos/People/77. Boy/MVI_4111.MOV,People/77. Boy/MVI_4111.MOV,63,People__77. Boy__MVI_4111.npy,skipped,,,,
People,77. Boy,MVI_4112,/Users/yamini/Desktop/projects/ISL PROJECT/include_videos/People/77. Boy/MVI_4112.MOV,People/77. Boy/MVI_4112.MOV,66,People__77. Boy__MVI_4112.npy,skipped,,,,
People,77. Boy,MVI_4242,/Users/yamini/Desktop/projects/ISL PROJECT/include_videos/People/77. Boy/MVI_4242.MOV,People/77. Boy/MVI_4242.MOV,63,People__77. Boy__MVI_4242.npy,skipped,,,,
People,77. Boy,MVI_4981,/Users/yamini/Desktop/projects/ISL PROJECT/include_videos/People/77. Boy/MVI_4981.MOV,People/77. Boy/MVI_4981.MOV,54,People__77. Boy__MVI_4981.npy,skipped,,,,
People,77. Boy,MVI_4982,/Users/yamini/Desktop/projects/ISL PROJECT/include_videos/People/77. Boy/MVI_4982.MOV,People/77. Boy/MVI_4982.MOV,51,People__77. Boy__MVI_4982.npy,skipped,,,,
People,77. Boy,MVI_4983,/Users/yamini/Desktop/projects/ISL PROJECT/include_videos/People/77. Boy/MVI_4983.MOV,People/77. Boy/MVI_4983.MOV,50,People__77. Boy__MVI_4983.npy,skipped,,,,
People,77. Boy,MVI_5132,/Users/yamini/Desktop/projects/ISL PROJECT/include_videos/People/77. Boy/MVI_5132.MOV,People/77. Boy/MVI_5132.MOV,59,People__77. Boy__MVI_5132.npy,skipped,,,,
People,77. Boy,MVI_5133,/Users/yamini/Desktop/projects/ISL PROJECT/include_videos/People/77. Boy/MVI_5133.MOV,People/77. Boy/MVI_5133.MOV,58,People__77. Boy__MVI_5133.npy,skipped,,,,
People,77. Boy,MVI_5134,/Users/yamini/Desktop/projects/ISL PROJECT/include_videos/People/77. Boy/MVI_5134.MOV,People/77. Boy/MVI_5134.MOV,60,People__77. Boy__MVI_5134.npy,skipped,,,,
People,77. Boy,MVI_5285,/Users/yamini/Desktop/projects/ISL PROJECT/include_videos/People/77. Boy/MVI_5285.MOV,People/77. Boy/MVI_5285.MOV,55,People__77. Boy__MVI_5285.npy,skipped,,,,
People,77. Boy,MVI_5286,/Users/yamini/Desktop/projects/ISL PROJECT/include_videos/People/77. Boy/MVI_5286.MOV,People/77. Boy/MVI_5286.MOV,52,People__77. Boy__MVI_5286.npy,skipped,,,,
People,77. Boy,MVI_5287,/Users/yamini/Desktop/projects/ISL PROJECT/include_videos/People/77. Boy/MVI_5287.MOV,People/77. Boy/MVI_5287.MOV,52,People__77. Boy__MVI_5287.npy,skipped,,,,
People,77. Boy,MVI_8644,/Users/yamini/Desktop/projects/ISL PROJECT/include_videos/People/77. Boy/MVI_8644.MOV,People/77. Boy/MVI_8644.MOV,68,People__77. Boy__MVI_8644.npy,skipped,,,,
People,78. Girl,MVI_3817,/Users/yamini/Desktop/projects/ISL PROJECT/include_videos/People/78. Girl/MVI_3817.MOV,People/78. Girl/MVI_3817.MOV,51,People__78. Girl__MVI_3817.npy,skipped,,,,
People,78. Girl,MVI_3818,/Users/yamini/Desktop/projects/ISL PROJECT/include_videos/People/78. Girl/MVI_3818.MOV,People/78. Girl/MVI_3818.MOV,52,People__78. Girl__MVI_3818.npy,skipped,,,,
People,78. Girl,MVI_3819,/Users/yamini/Desktop/projects/ISL PROJECT/include_videos/People/78. Girl/MVI_3819.MOV,People/78. Girl/MVI_3819.MOV,58,People__78. Girl__MVI_3819.npy,skipped,,,,
People,78. Girl,MVI_3965,/Users/yamini/Desktop/projects/ISL PROJECT/include_videos/People/78. Girl/MVI_3965.MOV,People/78. Girl/MVI_3965.MOV,74,People__78. Girl__MVI_3965.npy,skipped,,,,
People,78. Girl,MVI_3966,/Users/yamini/Desktop/projects/ISL PROJECT/include_videos/People/78. Girl/MVI_3966.MOV,People/78. Girl/MVI_3966.MOV,68,People__78. Girl__MVI_3966.npy,skipped,,,,
People,78. Girl,MVI_3967,/Users/yamini/Desktop/projects/ISL PROJECT/include_videos/People/78. Girl/MVI_3967.MOV,People/78. Girl/MVI_3967.MOV,75,People__78. Girl__MVI_3967.npy,skipped,,,,
People,78. Girl,MVI_4113,/Users/yamini/Desktop/projects/ISL PROJECT/include_videos/People/78. Girl/MVI_4113.MOV,People/78. Girl/MVI_4113.MOV,53,People__78. Girl__MVI_4113.npy,skipped,,,,
People,78. Girl,MVI_4114,/Users/yamini/Desktop/projects/ISL PROJECT/include_videos/People/78. Girl/MVI_4114.MOV,People/78. Girl/MVI_4114.MOV,65,People__78. Girl__MVI_4114.npy,skipped,,,,
People,78. Girl,MVI_4115,/Users/yamini/Desktop/projects/ISL PROJECT/include_videos/People/78. Girl/MVI_4115.MOV,People/78. Girl/MVI_4115.MOV,92,People__78. Girl__MVI_4115.npy,skipped,,,,
People,78. Girl,MVI_4243,/Users/yamini/Desktop/projects/ISL PROJECT/include_videos/People/78. Girl/MVI_4243.MOV,People/78. Girl/MVI_4243.MOV,64,People__78. Girl__MVI_4243.npy,skipped,,,,
People,78. Girl,MVI_4984,/Users/yamini/Desktop/projects/ISL PROJECT/include_videos/People/78. Girl/MVI_4984.MOV,People/78. Girl/MVI_4984.MOV,48,People__78. Girl__MVI_4984.npy,skipped,,,,
People,78. Girl,MVI_4985,/Users/yamini/Desktop/projects/ISL PROJECT/include_videos/People/78. Girl/MVI_4985.MOV,People/78. Girl/MVI_4985.MOV,46,People__78. Girl__MVI_4985.npy,skipped,,,,
People,78. Girl,MVI_4986,/Users/yamini/Desktop/projects/ISL PROJECT/include_videos/People/78. Girl/MVI_4986.MOV,People/78. Girl/MVI_4986.MOV,44,People__78. Girl__MVI_4986.npy,skipped,,,,
People,78. Girl,MVI_5135,/Users/yamini/Desktop/projects/ISL PROJECT/include_videos/People/78. Girl/MVI_5135.MOV,People/78. Girl/MVI_5135.MOV,54,People__78. Girl__MVI_5135.npy,skipped,,,,
People,78. Girl,MVI_5136,/Users/yamini/Desktop/projects/ISL PROJECT/include_videos/People/78. Girl/MVI_5136.MOV,People/78. Girl/MVI_5136.MOV,50,People__78. Girl__MVI_5136.npy,skipped,,,,
People,78. Girl,MVI_5137,/Users/yamini/Desktop/projects/ISL PROJECT/include_videos/People/78. Girl/MVI_5137.MOV,People/78. Girl/MVI_5137.MOV,58,People__78. Girl__MVI_5137.npy,skipped,,,,
People,78. Girl,MVI_5288,/Users/yamini/Desktop/projects/ISL PROJECT/include_videos/People/78. Girl/MVI_5288.MOV,People/78. Girl/MVI_5288.MOV,48,People__78. Girl__MVI_5288.npy,skipped,,,,
People,78. Girl,MVI_5289,/Users/yamini/Desktop/projects/ISL PROJECT/include_videos/People/78. Girl/MVI_5289.MOV,People/78. Girl/MVI_5289.MOV,49,People__78. Girl__MVI_5289.npy,skipped,,,,
People,78. Girl,MVI_5290,/Users/yamini/Desktop/projects/ISL PROJECT/include_videos/People/78. Girl/MVI_5290.MOV,People/78. Girl/MVI_5290.MOV,57,People__78. Girl__MVI_5290.npy,skipped,,,,
People,78. Girl,MVI_8645,/Users/yamini/Desktop/projects/ISL PROJECT/include_videos/People/78. Girl/MVI_8645.MOV,People/78. Girl/MVI_8645.MOV,62,People__78. Girl__MVI_8645.npy,skipped,,,,
People,79. Child,MVI_3820,/Users/yamini/Desktop/projects/ISL PROJECT/include_videos/People/79. Child/MVI_3820.MOV,People/79. Child/MVI_3820.MOV,58,People__79. Child__MVI_3820.npy,skipped,,,,
People,79. Child,MVI_3821,/Users/yamini/Desktop/projects/ISL PROJECT/include_videos/People/79. Child/MVI_3821.MOV,People/79. Child/MVI_3821.MOV,51,People__79. Child__MVI_3821.npy,skipped,,,,
People,79. Child,MVI_3822,/Users/yamini/Desktop/projects/ISL PROJECT/include_videos/People/79. Child/MVI_3822.MOV,People/79. Child/MVI_3822.MOV,56,People__79. Child__MVI_3822.npy,skipped,,,,
People,79. Child,MVI_3968,/Users/yamini/Desktop/projects/ISL PROJECT/include_videos/People/79. Child/MVI_3968.MOV,People/79. Child/MVI_3968.MOV,95,People__79. Child__MVI_3968.npy,skipped,,,,
People,79. Child,MVI_3969,/Users/yamini/Desktop/projects/ISL PROJECT/include_videos/People/79. Child/MVI_3969.MOV,People/79. Child/MVI_3969.MOV,92,People__79. Child__MVI_3969.npy,skipped,,,,
People,79. Child,MVI_3970,/Users/yamini/Desktop/projects/ISL PROJECT/include_videos/People/79. Child/MVI_3970.MOV,People/79. Child/MVI_3970.MOV,92,People__79. Child__MVI_3970.npy,skipped,,,,
People,79. Child,MVI_4116,/Users/yamini/Desktop/projects/ISL PROJECT/include_videos/People/79. Child/MVI_4116.MOV,People/79. Child/MVI_4116.MOV,53,People__79. Child__MVI_4116.npy,skipped,,,,
People,79. Child,MVI_4117,/Users/yamini/Desktop/projects/ISL PROJECT/include_videos/People/79. Child/MVI_4117.MOV,People/79. Child/MVI_4117.MOV,44,People__79. Child__MVI_4117.npy,skipped,,,,
People,79. Child,MVI_4118,/Users/yamini/Desktop/projects/ISL PROJECT/include_videos/People/79. Child/MVI_4118.MOV,People/79. Child/MVI_4118.MOV,48,People__79. Child__MVI_4118.npy,skipped,,,,
People,79. Child,MVI_4244,/Users/yamini/Desktop/projects/ISL PROJECT/include_videos/People/79. Child/MVI_4244.MOV,People/79. Child/MVI_4244.MOV,44,People__79. Child__MVI_4244.npy,skipped,,,,
People,79. Child,MVI_4991,/Users/yamini/Desktop/projects/ISL PROJECT/include_videos/People/79. Child/MVI_4991.MOV,People/79. Child/MVI_4991.MOV,39,People__79. Child__MVI_4991.npy,skipped,,,,
People,79. Child,MVI_4992,/Users/yamini/Desktop/projects/ISL PROJECT/include_videos/People/79. Child/MVI_4992.MOV,People/79. Child/MVI_4992.MOV,37,People__79. Child__MVI_4992.npy,skipped,,,,
People,79. Child,MVI_4993,/Users/yamini/Desktop/projects/ISL PROJECT/include_videos/People/79. Child/MVI_4993.MOV,People/79. Child/MVI_4993.MOV,37,People__79. Child__MVI_4993.npy,skipped,,,,
People,79. Child,MVI_5138,/Users/yamini/Desktop/projects/ISL PROJECT/include_videos/People/79. Child/MVI_5138.MOV,People/79. Child/MVI_5138.MOV,49,People__79. Child__MVI_5138.npy,skipped,,,,
People,79. Child,MVI_5139,/Users/yamini/Desktop/projects/ISL PROJECT/include_videos/People/79. Child/MVI_5139.MOV,People/79. Child/MVI_5139.MOV,52,People__79. Child__MVI_5139.npy,skipped,,,,
People,79. Child,MVI_5140,/Users/yamini/Desktop/projects/ISL PROJECT/include_videos/People/79. Child/MVI_5140.MOV,People/79. Child/MVI_5140.MOV,52,People__79. Child__MVI_5140.npy,skipped,,,,
People,79. Child,MVI_5293,/Users/yamini/Desktop/projects/ISL PROJECT/include_videos/People/79. Child/MVI_5293.MOV,People/79. Child/MVI_5293.MOV,47,People__79. Child__MVI_5293.npy,skipped,,,,
People,79. Child,MVI_5294,/Users/yamini/Desktop/projects/ISL PROJECT/include_videos/People/79. Child/MVI_5294.MOV,People/79. Child/MVI_5294.MOV,53,People__79. Child__MVI_5294.npy,skipped,,,,
People,79. Child,MVI_5295,/Users/yamini/Desktop/projects/ISL PROJECT/include_videos/People/79. Child/MVI_5295.MOV,People/79. Child/MVI_5295.MOV,49,People__79. Child__MVI_5295.npy,skipped,,,,
People,79. Child,MVI_8646,/Users/yamini/Desktop/projects/ISL PROJECT/include_videos/People/79. Child/MVI_8646.MOV,People/79. Child/MVI_8646.MOV,52,People__79. Child__MVI_8646.npy,skipped,,,,
People,80. Adult,MVI_3823,/Users/yamini/Desktop/projects/ISL PROJECT/include_videos/People/80. Adult/MVI_3823.MOV,People/80. Adult/MVI_3823.MOV,72,People__80. Adult__MVI_3823.npy,skipped,,,,
People,80. Adult,MVI_3824,/Users/yamini/Desktop/projects/ISL PROJECT/include_videos/People/80. Adult/MVI_3824.MOV,People/80. Adult/MVI_3824.MOV,75,People__80. Adult__MVI_3824.npy,skipped,,,,
People,80. Adult,MVI_3825,/Users/yamini/Desktop/projects/ISL PROJECT/include_videos/People/80. Adult/MVI_3825.MOV,People/80. Adult/MVI_3825.MOV,75,People__80. Adult__MVI_3825.npy,skipped,,,,
People,80. Adult,MVI_3971,/Users/yamini/Desktop/projects/ISL PROJECT/include_videos/People/80. Adult/MVI_3971.MOV,People/80. Adult/MVI_3971.MOV,65,People__80. Adult__MVI_3971.npy,skipped,,,,
People,80. Adult,MVI_3972,/Users/yamini/Desktop/projects/ISL PROJECT/include_videos/People/80. Adult/MVI_3972.MOV,People/80. Adult/MVI_3972.MOV,68,People__80. Adult__MVI_3972.npy,skipped,,,,
People,80. Adult,MVI_3973,/Users/yamini/Desktop/projects/ISL PROJECT/include_videos/People/80. Adult/MVI_3973.MOV,People/80. Adult/MVI_3973.MOV,78,People__80. Adult__MVI_3973.npy,skipped,,,,
People,80. Adult,MVI_4119,/Users/yamini/Desktop/projects/ISL PROJECT/include_videos/People/80. Adult/MVI_4119.MOV,People/80. Adult/MVI_4119.MOV,77,People__80. Adult__MVI_4119.npy,skipped,,,,
People,80. Adult,MVI_4120,/Users/yamini/Desktop/projects/ISL PROJECT/include_videos/People/80. Adult/MVI_4120.MOV,People/80. Adult/MVI_4120.MOV,74,People__80. Adult__MVI_4120.npy,skipped,,,,
People,80. Adult,MVI_4121,/Users/yamini/Desktop/projects/ISL PROJECT/include_videos/People/80. Adult/MVI_4121.MOV,People/80. Adult/MVI_4121.MOV,74,People__80. Adult__MVI_4121.npy,skipped,,,,
People,80. Adult,MVI_4245,/Users/yamini/Desktop/projects/ISL PROJECT/include_videos/People/80. Adult/MVI_4245.MOV,People/80. Adult/MVI_4245.MOV,77,People__80. Adult__MVI_4245.npy,skipped,,,,
People,80. Adult,MVI_4994,/Users/yamini/Desktop/projects/ISL PROJECT/include_videos/People/80. Adult/MVI_4994.MOV,People/80. Adult/MVI_4994.MOV,67,People__80. Adult__MVI_4994.npy,skipped,,,,
People,80. Adult,MVI_4995,/Users/yamini/Desktop/projects/ISL PROJECT/include_videos/People/80. Adult/MVI_4995.MOV,People/80. Adult/MVI_4995.MOV,69,People__80. Adult__MVI_4995.npy,skipped,,,,
People,80. Adult,MVI_4996,/Users/yamini/Desktop/projects/ISL PROJECT/include_videos/People/80. Adult/MVI_4996.MOV,People/80. Adult/MVI_4996.MOV,67,People__80. Adult__MVI_4996.npy,skipped,,,,
People,80. Adult,MVI_5141,/Users/yamini/Desktop/projects/ISL PROJECT/include_videos/People/80. Adult/MVI_5141.MOV,People/80. Adult/MVI_5141.MOV,81,People__80. Adult__MVI_5141.npy,skipped,,,,
People,80. Adult,MVI_5142,/Users/yamini/Desktop/projects/ISL PROJECT/include_videos/People/80. Adult/MVI_5142.MOV,People/80. Adult/MVI_5142.MOV,80,People__80. Adult__MVI_5142.npy,skipped,,,,
People,80. Adult,MVI_5143,/Users/yamini/Desktop/projects/ISL PROJECT/include_videos/People/80. Adult/MVI_5143.MOV,People/80. Adult/MVI_5143.MOV,84,People__80. Adult__MVI_5143.npy,skipped,,,,
People,80. Adult,MVI_5296,/Users/yamini/Desktop/projects/ISL PROJECT/include_videos/People/80. Adult/MVI_5296.MOV,People/80. Adult/MVI_5296.MOV,84,People__80. Adult__MVI_5296.npy,skipped,,,,
People,80. Adult,MVI_5297,/Users/yamini/Desktop/projects/ISL PROJECT/include_videos/People/80. Adult/MVI_5297.MOV,People/80. Adult/MVI_5297.MOV,81,People__80. Adult__MVI_5297.npy,skipped,,,,
People,80. Adult,MVI_5298,/Users/yamini/Desktop/projects/ISL PROJECT/include_videos/People/80. Adult/MVI_5298.MOV,People/80. Adult/MVI_5298.MOV,75,People__80. Adult__MVI_5298.npy,skipped,,,,
People,80. Adult,MVI_8647,/Users/yamini/Desktop/projects/ISL PROJECT/include_videos/People/80. Adult/MVI_8647.MOV,People/80. Adult/MVI_8647.MOV,89,People__80. Adult__MVI_8647.npy,skipped,,,,
People,81. Friend,MVI_3826,/Users/yamini/Desktop/projects/ISL PROJECT/include_videos/People/81. Friend/MVI_3826.MOV,People/81. Friend/MVI_3826.MOV,61,People__81. Friend__MVI_3826.npy,skipped,,,,
People,81. Friend,MVI_3827,/Users/yamini/Desktop/projects/ISL PROJECT/include_videos/People/81. Friend/MVI_3827.MOV,People/81. Friend/MVI_3827.MOV,59,People__81. Friend__MVI_3827.npy,skipped,,,,
People,81. Friend,MVI_3828,/Users/yamini/Desktop/projects/ISL PROJECT/include_videos/People/81. Friend/MVI_3828.MOV,People/81. Friend/MVI_3828.MOV,61,People__81. Friend__MVI_3828.npy,skipped,,,,
People,81. Friend,MVI_3975,/Users/yamini/Desktop/projects/ISL PROJECT/include_videos/People/81. Friend/MVI_3975.MOV,People/81. Friend/MVI_3975.MOV,64,People__81. Friend__MVI_3975.npy,skipped,,,,
People,81. Friend,MVI_3976,/Users/yamini/Desktop/projects/ISL PROJECT/include_videos/People/81. Friend/MVI_3976.MOV,People/81. Friend/MVI_3976.MOV,72,People__81. Friend__MVI_3976.npy,skipped,,,,
People,81. Friend,MVI_3977,/Users/yamini/Desktop/projects/ISL PROJECT/include_videos/People/81. Friend/MVI_3977.MOV,People/81. Friend/MVI_3977.MOV,56,People__81. Friend__MVI_3977.npy,skipped,,,,
People,81. Friend,MVI_4122,/Users/yamini/Desktop/projects/ISL PROJECT/include_videos/People/81. Friend/MVI_4122.MOV,People/81. Friend/MVI_4122.MOV,56,People__81. Friend__MVI_4122.npy,skipped,,,,
People,81. Friend,MVI_4123,/Users/yamini/Desktop/projects/ISL PROJECT/include_videos/People/81. Friend/MVI_4123.MOV,People/81. Friend/MVI_4123.MOV,51,People__81. Friend__MVI_4123.npy,skipped,,,,
People,81. Friend,MVI_4124,/Users/yamini/Desktop/projects/ISL PROJECT/include_videos/People/81. Friend/MVI_4124.MOV,People/81. Friend/MVI_4124.MOV,55,People__81. Friend__MVI_4124.npy,skipped,,,,
People,81. Friend,MVI_4246,/Users/yamini/Desktop/projects/ISL PROJECT/include_videos/People/81. Friend/MVI_4246.MOV,People/81. Friend/MVI_4246.MOV,61,People__81. Friend__MVI_4246.npy,skipped,,,,
People,81. Friend,MVI_4997,/Users/yamini/Desktop/projects/ISL PROJECT/include_videos/People/81. Friend/MVI_4997.MOV,People/81. Friend/MVI_4997.MOV,46,People__81. Friend__MVI_4997.npy,skipped,,,,
People,81. Friend,MVI_4998,/Users/yamini/Desktop/projects/ISL PROJECT/include_videos/People/81. Friend/MVI_4998.MOV,People/81. Friend/MVI_4998.MOV,48,People__81. Friend__MVI_4998.npy,skipped,,,,
People,81. Friend,MVI_4999,/Users/yamini/Desktop/projects/ISL PROJECT/include_videos/People/81. Friend/MVI_4999.MOV,People/81. Friend/MVI_4999.MOV,46,People__81. Friend__MVI_4999.npy,skipped,,,,
People,81. Friend,MVI_5145,/Users/yamini/Desktop/projects/ISL PROJECT/include_videos/People/81. Friend/MVI_5145.MOV,People/81. Friend/MVI_5145.MOV,56,People__81. Friend__MVI_5145.npy,skipped,,,,
People,81. Friend,MVI_5146,/Users/yamini/Desktop/projects/ISL PROJECT/include_videos/People/81. Friend/MVI_5146.MOV,People/81. Friend/MVI_5146.MOV,58,People__81. Friend__MVI_5146.npy,skipped,,,,
People,81. Friend,MVI_5147,/Users/yamini/Desktop/projects/ISL PROJECT/include_videos/People/81. Friend/MVI_5147.MOV,People/81. Friend/MVI_5147.MOV,54,People__81. Friend__MVI_5147.npy,skipped,,,,
People,81. Friend,MVI_5299,/Users/yamini/Desktop/projects/ISL PROJECT/include_videos/People/81. Friend/MVI_5299.MOV,People/81. Friend/MVI_5299.MOV,49,People__81. Friend__MVI_5299.npy,skipped,,,,
People,81. Friend,MVI_5300,/Users/yamini/Desktop/projects/ISL PROJECT/include_videos/People/81. Friend/MVI_5300.MOV,People/81. Friend/MVI_5300.MOV,52,People__81. Friend__MVI_5300.npy,skipped,,,,
People,81. Friend,MVI_5301,/Users/yamini/Desktop/projects/ISL PROJECT/include_videos/People/81. Friend/MVI_5301.MOV,People/81. Friend/MVI_5301.MOV,62,People__81. Friend__MVI_5301.npy,skipped,,,,
People,81. Friend,MVI_8648,/Users/yamini/Desktop/projects/ISL PROJECT/include_videos/People/81. Friend/MVI_8648.MOV,People/81. Friend/MVI_8648.MOV,59,People__81. Friend__MVI_8648.npy,skipped,,,,
People,82. Player,MVI_3829,/Users/yamini/Desktop/projects/ISL PROJECT/include_videos/People/82. Player/MVI_3829.MOV,People/82. Player/MVI_3829.MOV,62,People__82. Player__MVI_3829.npy,skipped,,,,
People,82. Player,MVI_3830,/Users/yamini/Desktop/projects/ISL PROJECT/include_videos/People/82. Player/MVI_3830.MOV,People/82. Player/MVI_3830.MOV,59,People__82. Player__MVI_3830.npy,skipped,,,,
People,82. Player,MVI_3831,/Users/yamini/Desktop/projects/ISL PROJECT/include_videos/People/82. Player/MVI_3831.MOV,People/82. Player/MVI_3831.MOV,67,People__82. Player__MVI_3831.npy,skipped,,,,
People,82. Player,MVI_3978,/Users/yamini/Desktop/projects/ISL PROJECT/include_videos/People/82. Player/MVI_3978.MOV,People/82. Player/MVI_3978.MOV,77,People__82. Player__MVI_3978.npy,skipped,,,,
People,82. Player,MVI_3979,/Users/yamini/Desktop/projects/ISL PROJECT/include_videos/People/82. Player/MVI_3979.MOV,People/82. Player/MVI_3979.MOV,76,People__82. Player__MVI_3979.npy,skipped,,,,
People,82. Player,MVI_3980,/Users/yamini/Desktop/projects/ISL PROJECT/include_videos/People/82. Player/MVI_3980.MOV,People/82. Player/MVI_3980.MOV,71,People__82. Player__MVI_3980.npy,skipped,,,,
People,82. Player,MVI_4125,/Users/yamini/Desktop/projects/ISL PROJECT/include_videos/People/82. Player/MVI_4125.MOV,People/82. Player/MVI_4125.MOV,58,People__82. Player__MVI_4125.npy,skipped,,,,
People,82. Player,MVI_4126,/Users/yamini/Desktop/projects/ISL PROJECT/include_videos/People/82. Player/MVI_4126.MOV,People/82. Player/MVI_4126.MOV,62,People__82. Player__MVI_4126.npy,skipped,,,,
People,82. Player,MVI_4127,/Users/yamini/Desktop/projects/ISL PROJECT/include_videos/People/82. Player/MVI_4127.MOV,People/82. Player/MVI_4127.MOV,68,People__82. Player__MVI_4127.npy,skipped,,,,
People,82. Player,MVI_4247,/Users/yamini/Desktop/projects/ISL PROJECT/include_videos/People/82. Player/MVI_4247.MOV,People/82. Player/MVI_4247.MOV,60,People__82. Player__MVI_4247.npy,skipped,,,,
People,82. Player,MVI_5000,/Users/yamini/Desktop/projects/ISL PROJECT/include_videos/People/82. Player/MVI_5000.MOV,People/82. Player/MVI_5000.MOV,57,People__82. Player__MVI_5000.npy,skipped,,,,
People,82. Player,MVI_5001,/Users/yamini/Desktop/projects/ISL PROJECT/include_videos/People/82. Player/MVI_5001.MOV,People/82. Player/MVI_5001.MOV,66,People__82. Player__MVI_5001.npy,skipped,,,,
People,82. Player,MVI_5002,/Users/yamini/Desktop/projects/ISL PROJECT/include_videos/People/82. Player/MVI_5002.MOV,People/82. Player/MVI_5002.MOV,52,People__82. Player__MVI_5002.npy,skipped,,,,
People,82. Player,MVI_5148,/Users/yamini/Desktop/projects/ISL PROJECT/include_videos/People/82. Player/MVI_5148.MOV,People/82. Player/MVI_5148.MOV,63,People__82. Player__MVI_5148.npy,skipped,,,,
People,82. Player,MVI_5149,/Users/yamini/Desktop/projects/ISL PROJECT/include_videos/People/82. Player/MVI_5149.MOV,People/82. Player/MVI_5149.MOV,61,People__82. Player__MVI_5149.npy,skipped,,,,
People,82. Player,MVI_5150,/Users/yamini/Desktop/projects/ISL PROJECT/include_videos/People/82. Player/MVI_5150.MOV,People/82. Player/MVI_5150.MOV,72,People__82. Player__MVI_5150.npy,skipped,,,,
People,82. Player,MVI_5303,/Users/yamini/Desktop/projects/ISL PROJECT/include_videos/People/82. Player/MVI_5303.MOV,People/82. Player/MVI_5303.MOV,56,People__82. Player__MVI_5303.npy,skipped,,,,
People,82. Player,MVI_5304,/Users/yamini/Desktop/projects/ISL PROJECT/include_videos/People/82. Player/MVI_5304.MOV,People/82. Player/MVI_5304.MOV,64,People__82. Player__MVI_5304.npy,skipped,,,,
People,82. Player,MVI_5305,/Users/yamini/Desktop/projects/ISL PROJECT/include_videos/People/82. Player/MVI_5305.MOV,People/82. Player/MVI_5305.MOV,59,People__82. Player__MVI_5305.npy,skipped,,,,
People,82. Player,MVI_8649,/Users/yamini/Desktop/projects/ISL PROJECT/include_videos/People/82. Player/MVI_8649.MOV,People/82. Player/MVI_8649.MOV,65,People__82. Player__MVI_8649.npy,skipped,,,,
People,83. Crowd,MVI_3832,/Users/yamini/Desktop/projects/ISL PROJECT/include_videos/People/83. Crowd/MVI_3832.MOV,People/83. Crowd/MVI_3832.MOV,57,People__83. Crowd__MVI_3832.npy,skipped,,,,
People,83. Crowd,MVI_3833,/Users/yamini/Desktop/projects/ISL PROJECT/include_videos/People/83. Crowd/MVI_3833.MOV,People/83. Crowd/MVI_3833.MOV,54,People__83. Crowd__MVI_3833.npy,skipped,,,,
People,83. Crowd,MVI_3834,/Users/yamini/Desktop/projects/ISL PROJECT/include_videos/People/83. Crowd/MVI_3834.MOV,People/83. Crowd/MVI_3834.MOV,61,People__83. Crowd__MVI_3834.npy,skipped,,,,
People,83. Crowd,MVI_3981,/Users/yamini/Desktop/projects/ISL PROJECT/include_videos/People/83. Crowd/MVI_3981.MOV,People/83. Crowd/MVI_3981.MOV,74,People__83. Crowd__MVI_3981.npy,skipped,,,,
People,83. Crowd,MVI_3982,/Users/yamini/Desktop/projects/ISL PROJECT/include_videos/People/83. Crowd/MVI_3982.MOV,People/83. Crowd/MVI_3982.MOV,70,People__83. Crowd__MVI_3982.npy,skipped,,,,
People,83. Crowd,MVI_3983,/Users/yamini/Desktop/projects/ISL PROJECT/include_videos/People/83. Crowd/MVI_3983.MOV,People/83. Crowd/MVI_3983.MOV,62,People__83. Crowd__MVI_3983.npy,skipped,,,,
People,83. Crowd,MVI_4128,/Users/yamini/Desktop/projects/ISL PROJECT/include_videos/People/83. Crowd/MVI_4128.MOV,People/83. Crowd/MVI_4128.MOV,57,People__83. Crowd__MVI_4128.npy,skipped,,,,
People,83. Crowd,MVI_4129,/Users/yamini/Desktop/projects/ISL PROJECT/include_videos/People/83. Crowd/MVI_4129.MOV,People/83. Crowd/MVI_4129.MOV,53,People__83. Crowd__MVI_4129.npy,skipped,,,,
People,83. Crowd,MVI_4130,/Users/yamini/Desktop/projects/ISL PROJECT/include_videos/People/83. Crowd/MVI_4130.MOV,People/83. Crowd/MVI_4130.MOV,56,People__83. Crowd__MVI_4130.npy,skipped,,,,
People,83. Crowd,MVI_4248,/Users/yamini/Desktop/projects/ISL PROJECT/include_videos/People/83. Crowd/MVI_4248.MOV,People/83. Crowd/MVI_4248.MOV,61,People__83. Crowd__MVI_4248.npy,skipped,,,,
People,83. Crowd,MVI_5003,/Users/yamini/Desktop/projects/ISL PROJECT/include_videos/People/83. Crowd/MVI_5003.MOV,People/83. Crowd/MVI_5003.MOV,51,People__83. Crowd__MVI_5003.npy,skipped,,,,
People,83. Crowd,MVI_5004,/Users/yamini/Desktop/projects/ISL PROJECT/include_videos/People/83. Crowd/MVI_5004.MOV,People/83. Crowd/MVI_5004.MOV,50,People__83. Crowd__MVI_5004.npy,skipped,,,,
People,83. Crowd,MVI_5005,/Users/yamini/Desktop/projects/ISL PROJECT/include_videos/People/83. Crowd/MVI_5005.MOV,People/83. Crowd/MVI_5005.MOV,54,People__83. Crowd__MVI_5005.npy,skipped,,,,
People,83. Crowd,MVI_5151,/Users/yamini/Desktop/projects/ISL PROJECT/include_videos/People/83. Crowd/MVI_5151.MOV,People/83. Crowd/MVI_5151.MOV,57,People__83. Crowd__MVI_5151.npy,skipped,,,,
People,83. Crowd,MVI_5152,/Users/yamini/Desktop/projects/ISL PROJECT/include_videos/People/83. Crowd/MVI_5152.MOV,People/83. Crowd/MVI_5152.MOV,53,People__83. Crowd__MVI_5152.npy,skipped,,,,
People,83. Crowd,MVI_5153,/Users/yamini/Desktop/projects/ISL PROJECT/include_videos/People/83. Crowd/MVI_5153.MOV,People/83. Crowd/MVI_5153.MOV,59,People__83. Crowd__MVI_5153.npy,skipped,,,,
People,83. Crowd,MVI_5306,/Users/yamini/Desktop/projects/ISL PROJECT/include_videos/People/83. Crowd/MVI_5306.MOV,People/83. Crowd/MVI_5306.MOV,53,People__83. Crowd__MVI_5306.npy,skipped,,,,
People,83. Crowd,MVI_5307,/Users/yamini/Desktop/projects/ISL PROJECT/include_videos/People/83. Crowd/MVI_5307.MOV,People/83. Crowd/MVI_5307.MOV,58,People__83. Crowd__MVI_5307.npy,skipped,,,,
People,83. Crowd,MVI_5308,/Users/yamini/Desktop/projects/ISL PROJECT/include_videos/People/83. Crowd/MVI_5308.MOV,People/83. Crowd/MVI_5308.MOV,53,People__83. Crowd__MVI_5308.npy,skipped,,,,
People,83. Crowd,MVI_8650,/Users/yamini/Desktop/projects/ISL PROJECT/include_videos/People/83. Crowd/MVI_8650.MOV,People/83. Crowd/MVI_8650.MOV,64,People__83. Crowd__MVI_8650.npy,skipped,,,,
Places,18. City,MVI_3263,/Users/yamini/Desktop/projects/ISL PROJECT/include_videos/Places/18. City/MVI_3263.MOV,Places/18. City/MVI_3263.MOV,90,Places__18. City__MVI_3263.npy,skipped,,,,
Places,18. City,MVI_3264,/Users/yamini/Desktop/projects/ISL PROJECT/include_videos/Places/18. City/MVI_3264.MOV,Places/18. City/MVI_3264.MOV,65,Places__18. City__MVI_3264.npy,skipped,,,,
Places,18. City,MVI_3265,/Users/yamini/Desktop/projects/ISL PROJECT/include_videos/Places/18. City/MVI_3265.MOV,Places/18. City/MVI_3265.MOV,84,Places__18. City__MVI_3265.npy,skipped,,,,
Places,18. City,MVI_3266,/Users/yamini/Desktop/projects/ISL PROJECT/include_videos/Places/18. City/MVI_3266.MOV,Places/18. City/MVI_3266.MOV,81,Places__18. City__MVI_3266.npy,skipped,,,,
Places,18. City,MVI_3345,/Users/yamini/Desktop/projects/ISL PROJECT/include_videos/Places/18. City/MVI_3345.MOV,Places/18. City/MVI_3345.MOV,92,Places__18. City__MVI_3345.npy,skipped,,,,
Places,18. City,MVI_3346,/Users/yamini/Desktop/projects/ISL PROJECT/include_videos/Places/18. City/MVI_3346.MOV,Places/18. City/MVI_3346.MOV,64,Places__18. City__MVI_3346.npy,skipped,,,,
Places,18. City,MVI_3347,/Users/yamini/Desktop/projects/ISL PROJECT/include_videos/Places/18. City/MVI_3347.MOV,Places/18. City/MVI_3347.MOV,63,Places__18. City__MVI_3347.npy,skipped,,,,
Places,18. City,MVI_3348,/Users/yamini/Desktop/projects/ISL PROJECT/include_videos/Places/18. City/MVI_3348.MOV,Places/18. City/MVI_3348.MOV,57,Places__18. City__MVI_3348.npy,skipped,,,,
Places,18. City,MVI_3430,/Users/yamini/Desktop/projects/ISL PROJECT/include_videos/Places/18. City/MVI_3430.MOV,Places/18. City/MVI_3430.MOV,72,Places__18. City__MVI_3430.npy,skipped,,,,
Places,18. City,MVI_3431,/Users/yamini/Desktop/projects/ISL PROJECT/include_videos/Places/18. City/MVI_3431.MOV,Places/18. City/MVI_3431.MOV,68,Places__18. City__MVI_3431.npy,skipped,,,,
Places,18. City,MVI_3432,/Users/yamini/Desktop/projects/ISL PROJECT/include_videos/Places/18. City/MVI_3432.MOV,Places/18. City/MVI_3432.MOV,64,Places__18. City__MVI_3432.npy,skipped,,,,
Places,18. City,MVI_3434,/Users/yamini/Desktop/projects/ISL PROJECT/include_videos/Places/18. City/MVI_3434.MOV,Places/18. City/MVI_3434.MOV,70,Places__18. City__MVI_3434.npy,skipped,,,,
Places,18. City,MVI_3508,/Users/yamini/Desktop/projects/ISL PROJECT/include_videos/Places/18. City/MVI_3508.MOV,Places/18. City/MVI_3508.MOV,68,Places__18. City__MVI_3508.npy,skipped,,,,
Places,18. City,MVI_3509,/Users/yamini/Desktop/projects/ISL PROJECT/include_videos/Places/18. City/MVI_3509.MOV,Places/18. City/MVI_3509.MOV,59,Places__18. City__MVI_3509.npy,skipped,,,,
Places,18. City,MVI_3510,/Users/yamini/Desktop/projects/ISL PROJECT/include_videos/Places/18. City/MVI_3510.MOV,Places/18. City/MVI_3510.MOV,70,Places__18. City__MVI_3510.npy,skipped,,,,
Places,18. City,MVI_3512,/Users/yamini/Desktop/projects/ISL PROJECT/include_videos/Places/18. City/MVI_3512.MOV,Places/18. City/MVI_3512.MOV,60,Places__18. City__MVI_3512.npy,skipped,,,,
Places,18. City,MVI_3589,/Users/yamini/Desktop/projects/ISL PROJECT/include_videos/Places/18. City/MVI_3589.MOV,Places/18. City/MVI_3589.MOV,70,Places__18. City__MVI_3589.npy,skipped,,,,
Places,18. City,MVI_3590,/Users/yamini/Desktop/projects/ISL PROJECT/include_videos/Places/18. City/MVI_3590.MOV,Places/18. City/MVI_3590.MOV,63,Places__18. City__MVI_3590.npy,skipped,,,,
Places,18. City,MVI_3591,/Users/yamini/Desktop/projects/ISL PROJECT/include_videos/Places/18. City/MVI_3591.MOV,Places/18. City/MVI_3591.MOV,60,Places__18. City__MVI_3591.npy,skipped,,,,
Places,18. City,MVI_3592,/Users/yamini/Desktop/projects/ISL PROJECT/include_videos/Places/18. City/MVI_3592.MOV,Places/18. City/MVI_3592.MOV,54,Places__18. City__MVI_3592.npy,skipped,,,,
Places,19. House,MVI_3439,/Users/yamini/Desktop/projects/ISL PROJECT/include_videos/Places/19. House/Extra/MVI_3439.MOV,Places/19. House/Extra/MVI_3439.MOV,57,Places__19. House__MVI_3439.npy,ok,14.0,14.0,0.0,8.0
Places,19. House,MVI_3267,/Users/yamini/Desktop/projects/ISL PROJECT/include_videos/Places/19. House/MVI_3267.MOV,Places/19. House/MVI_3267.MOV,78,Places__19. House__MVI_3267.npy,skipped,,,,
Places,19. House,MVI_3268,/Users/yamini/Desktop/projects/ISL PROJECT/include_videos/Places/19. House/MVI_3268.MOV,Places/19. House/MVI_3268.MOV,75,Places__19. House__MVI_3268.npy,skipped,,,,
Places,19. House,MVI_3269,/Users/yamini/Desktop/projects/ISL PROJECT/include_videos/Places/19. House/MVI_3269.MOV,Places/19. House/MVI_3269.MOV,61,Places__19. House__MVI_3269.npy,skipped,,,,
Places,19. House,MVI_3270,/Users/yamini/Desktop/projects/ISL PROJECT/include_videos/Places/19. House/MVI_3270.MOV,Places/19. House/MVI_3270.MOV,74,Places__19. House__MVI_3270.npy,skipped,,,,
Places,19. House,MVI_3349,/Users/yamini/Desktop/projects/ISL PROJECT/include_videos/Places/19. House/MVI_3349.MOV,Places/19. House/MVI_3349.MOV,66,Places__19. House__MVI_3349.npy,skipped,,,,
Places,19. House,MVI_3350,/Users/yamini/Desktop/projects/ISL PROJECT/include_videos/Places/19. House/MVI_3350.MOV,Places/19. House/MVI_3350.MOV,54,Places__19. House__MVI_3350.npy,skipped,,,,
Places,19. House,MVI_3351,/Users/yamini/Desktop/projects/ISL PROJECT/include_videos/Places/19. House/MVI_3351.MOV,Places/19. House/MVI_3351.MOV,58,Places__19. House__MVI_3351.npy,skipped,,,,
Places,19. House,MVI_3352,/Users/yamini/Desktop/projects/ISL PROJECT/include_videos/Places/19. House/MVI_3352.MOV,Places/19. House/MVI_3352.MOV,56,Places__19. House__MVI_3352.npy,skipped,,,,
Places,19. House,MVI_3435,/Users/yamini/Desktop/projects/ISL PROJECT/include_videos/Places/19. House/MVI_3435.MOV,Places/19. House/MVI_3435.MOV,65,Places__19. House__MVI_3435.npy,skipped,,,,
Places,19. House,MVI_3436,/Users/yamini/Desktop/projects/ISL PROJECT/include_videos/Places/19. House/MVI_3436.MOV,Places/19. House/MVI_3436.MOV,64,Places__19. House__MVI_3436.npy,skipped,,,,
Places,19. House,MVI_3437,/Users/yamini/Desktop/projects/ISL PROJECT/include_videos/Places/19. House/MVI_3437.MOV,Places/19. House/MVI_3437.MOV,67,Places__19. House__MVI_3437.npy,skipped,,,,
Places,19. House,MVI_3438,/Users/yamini/Desktop/projects/ISL PROJECT/include_videos/Places/19. House/MVI_3438.MOV,Places/19. House/MVI_3438.MOV,58,Places__19. House__MVI_3438.npy,skipped,,,,
Places,19. House,MVI_3513,/Users/yamini/Desktop/projects/ISL PROJECT/include_videos/Places/19. House/MVI_3513.MOV,Places/19. House/MVI_3513.MOV,53,Places__19. House__MVI_3513.npy,skipped,,,,
Places,19. House,MVI_3514,/Users/yamini/Desktop/projects/ISL PROJECT/include_videos/Places/19. House/MVI_3514.MOV,Places/19. House/MVI_3514.MOV,48,Places__19. House__MVI_3514.npy,skipped,,,,
Places,19. House,MVI_3515,/Users/yamini/Desktop/projects/ISL PROJECT/include_videos/Places/19. House/MVI_3515.MOV,Places/19. House/MVI_3515.MOV,45,Places__19. House__MVI_3515.npy,skipped,,,,
Places,19. House,MVI_3516,/Users/yamini/Desktop/projects/ISL PROJECT/include_videos/Places/19. House/MVI_3516.MOV,Places/19. House/MVI_3516.MOV,48,Places__19. House__MVI_3516.npy,skipped,,,,
Places,19. House,MVI_3593,/Users/yamini/Desktop/projects/ISL PROJECT/include_videos/Places/19. House/MVI_3593.MOV,Places/19. House/MVI_3593.MOV,63,Places__19. House__MVI_3593.npy,skipped,,,,
Places,19. House,MVI_3594,/Users/yamini/Desktop/projects/ISL PROJECT/include_videos/Places/19. House/MVI_3594.MOV,Places/19. House/MVI_3594.MOV,57,Places__19. House__MVI_3594.npy,skipped,,,,
Places,19. House,MVI_3595,/Users/yamini/Desktop/projects/ISL PROJECT/include_videos/Places/19. House/MVI_3595.MOV,Places/19. House/MVI_3595.MOV,58,Places__19. House__MVI_3595.npy,skipped,,,,
Places,19. House,MVI_3596,/Users/yamini/Desktop/projects/ISL PROJECT/include_videos/Places/19. House/MVI_3596.MOV,Places/19. House/MVI_3596.MOV,54,Places__19. House__MVI_3596.npy,skipped,,,,
Places,20. Street or Road,MVI_3271,/Users/yamini/Desktop/projects/ISL PROJECT/include_videos/Places/20. Street or Road/MVI_3271.MOV,Places/20. Street or Road/MVI_3271.MOV,60,Places__20. Street or Road__MVI_3271.npy,skipped,,,,
Places,20. Street or Road,MVI_3272,/Users/yamini/Desktop/projects/ISL PROJECT/include_videos/Places/20. Street or Road/MVI_3272.MOV,Places/20. Street or Road/MVI_3272.MOV,75,Places__20. Street or Road__MVI_3272.npy,skipped,,,,
Places,20. Street or Road,MVI_3273,/Users/yamini/Desktop/projects/ISL PROJECT/include_videos/Places/20. Street or Road/MVI_3273.MOV,Places/20. Street or Road/MVI_3273.MOV,62,Places__20. Street or Road__MVI_3273.npy,skipped,,,,
Places,20. Street or Road,MVI_3274,/Users/yamini/Desktop/projects/ISL PROJECT/include_videos/Places/20. Street or Road/MVI_3274.MOV,Places/20. Street or Road/MVI_3274.MOV,73,Places__20. Street or Road__MVI_3274.npy,skipped,,,,
Places,20. Street or Road,MVI_3353,/Users/yamini/Desktop/projects/ISL PROJECT/include_videos/Places/20. Street or Road/MVI_3353.MOV,Places/20. Street or Road/MVI_3353.MOV,63,Places__20. Street or Road__MVI_3353.npy,skipped,,,,
Places,20. Street or Road,MVI_3354,/Users/yamini/Desktop/projects/ISL PROJECT/include_videos/Places/20. Street or Road/MVI_3354.MOV,Places/20. Street or Road/MVI_3354.MOV,63,Places__20. Street or Road__MVI_3354.npy,skipped,,,,
Places,20. Street or Road,MVI_3355,/Users/yamini/Desktop/projects/ISL PROJECT/include_videos/Places/20. Street or Road/MVI_3355.MOV,Places/20. Street or Road/MVI_3355.MOV,58,Places__20. Street or Road__MVI_3355.npy,skipped,,,,
Places,20. Street or Road,MVI_3356,/Users/yamini/Desktop/projects/ISL PROJECT/include_videos/Places/20. Street or Road/MVI_3356.MOV,Places/20. Street or Road/MVI_3356.MOV,55,Places__20. Street or Road__MVI_3356.npy,skipped,,,,
Places,20. Street or Road,MVI_3440,/Users/yamini/Desktop/projects/ISL PROJECT/include_videos/Places/20. Street or Road/MVI_3440.MOV,Places/20. Street or Road/MVI_3440.MOV,59,Places__20. Street or Road__MVI_3440.npy,skipped,,,,
Places,20. Street or Road,MVI_3441,/Users/yamini/Desktop/projects/ISL PROJECT/include_videos/Places/20. Street or Road/MVI_3441.MOV,Places/20. Street or Road/MVI_3441.MOV,51,Places__20. Street or Road__MVI_3441.npy,skipped,,,,
Places,20. Street or Road,MVI_3442,/Users/yamini/Desktop/projects/ISL PROJECT/include_videos/Places/20. Street or Road/MVI_3442.MOV,Places/20. Street or Road/MVI_3442.MOV,54,Places__20. Street or Road__MVI_3442.npy,skipped,,,,
Places,20. Street or Road,MVI_3443,/Users/yamini/Desktop/projects/ISL PROJECT/include_videos/Places/20. Street or Road/MVI_3443.MOV,Places/20. Street or Road/MVI_3443.MOV,57,Places__20. Street or Road__MVI_3443.npy,skipped,,,,
Places,20. Street or Road,MVI_3517,/Users/yamini/Desktop/projects/ISL PROJECT/include_videos/Places/20. Street or Road/MVI_3517.MOV,Places/20. Street or Road/MVI_3517.MOV,63,Places__20. Street or Road__MVI_3517.npy,skipped,,,,
Places,20. Street or Road,MVI_3518,/Users/yamini/Desktop/projects/ISL PROJECT/include_videos/Places/20. Street or Road/MVI_3518.MOV,Places/20. Street or Road/MVI_3518.MOV,61,Places__20. Street or Road__MVI_3518.npy,skipped,,,,
Places,20. Street or Road,MVI_3519,/Users/yamini/Desktop/projects/ISL PROJECT/include_videos/Places/20. Street or Road/MVI_3519.MOV,Places/20. Street or Road/MVI_3519.MOV,55,Places__20. Street or Road__MVI_3519.npy,skipped,,,,
Places,20. Street or Road,MVI_3520,/Users/yamini/Desktop/projects/ISL PROJECT/include_videos/Places/20. Street or Road/MVI_3520.MOV,Places/20. Street or Road/MVI_3520.MOV,58,Places__20. Street or Road__MVI_3520.npy,skipped,,,,
Places,20. Street or Road,MVI_3597,/Users/yamini/Desktop/projects/ISL PROJECT/include_videos/Places/20. Street or Road/MVI_3597.MOV,Places/20. Street or Road/MVI_3597.MOV,57,Places__20. Street or Road__MVI_3597.npy,skipped,,,,
Places,20. Street or Road,MVI_3598,/Users/yamini/Desktop/projects/ISL PROJECT/include_videos/Places/20. Street or Road/MVI_3598.MOV,Places/20. Street or Road/MVI_3598.MOV,49,Places__20. Street or Road__MVI_3598.npy,skipped,,,,
Places,20. Street or Road,MVI_3599,/Users/yamini/Desktop/projects/ISL PROJECT/include_videos/Places/20. Street or Road/MVI_3599.MOV,Places/20. Street or Road/MVI_3599.MOV,47,Places__20. Street or Road__MVI_3599.npy,skipped,,,,
Places,20. Street or Road,MVI_3600,/Users/yamini/Desktop/projects/ISL PROJECT/include_videos/Places/20. Street or Road/MVI_3600.MOV,Places/20. Street or Road/MVI_3600.MOV,50,Places__20. Street or Road__MVI_3600.npy,skipped,,,,
Places,21. Train Station,MVI_3279,/Users/yamini/Desktop/projects/ISL PROJECT/include_videos/Places/21. Train Station/Extra/MVI_3279.MOV,Places/21. Train Station/Extra/MVI_3279.MOV,84,Places__21. Train Station__MVI_3279.npy,ok,8.0,20.0,0.0,8.0
Places,21. Train Station,MVI_3526,/Users/yamini/Desktop/projects/ISL PROJECT/include_videos/Places/21. Train Station/Extra/MVI_3526.MOV,Places/21. Train Station/Extra/MVI_3526.MOV,63,Places__21. Train Station__MVI_3526.npy,ok,24.0,33.0,12.0,15.0
Places,21. Train Station,MVI_3275,/Users/yamini/Desktop/projects/ISL PROJECT/include_videos/Places/21. Train Station/MVI_3275.MOV,Places/21. Train Station/MVI_3275.MOV,78,Places__21. Train Station__MVI_3275.npy,skipped,,,,
Places,21. Train Station,MVI_3276,/Users/yamini/Desktop/projects/ISL PROJECT/include_videos/Places/21. Train Station/MVI_3276.MOV,Places/21. Train Station/MVI_3276.MOV,85,Places__21. Train Station__MVI_3276.npy,skipped,,,,
Places,21. Train Station,MVI_3277,/Users/yamini/Desktop/projects/ISL PROJECT/include_videos/Places/21. Train Station/MVI_3277.MOV,Places/21. Train Station/MVI_3277.MOV,80,Places__21. Train Station__MVI_3277.npy,skipped,,,,
Places,21. Train Station,MVI_3278,/Users/yamini/Desktop/projects/ISL PROJECT/include_videos/Places/21. Train Station/MVI_3278.MOV,Places/21. Train Station/MVI_3278.MOV,77,Places__21. Train Station__MVI_3278.npy,skipped,,,,
Places,21. Train Station,MVI_3357,/Users/yamini/Desktop/projects/ISL PROJECT/include_videos/Places/21. Train Station/MVI_3357.MOV,Places/21. Train Station/MVI_3357.MOV,69,Places__21. Train Station__MVI_3357.npy,skipped,,,,
Places,21. Train Station,MVI_3358,/Users/yamini/Desktop/projects/ISL PROJECT/include_videos/Places/21. Train Station/MVI_3358.MOV,Places/21. Train Station/MVI_3358.MOV,60,Places__21. Train Station__MVI_3358.npy,skipped,,,,
Places,21. Train Station,MVI_3359,/Users/yamini/Desktop/projects/ISL PROJECT/include_videos/Places/21. Train Station/MVI_3359.MOV,Places/21. Train Station/MVI_3359.MOV,67,Places__21. Train Station__MVI_3359.npy,skipped,,,,
Places,21. Train Station,MVI_3360,/Users/yamini/Desktop/projects/ISL PROJECT/include_videos/Places/21. Train Station/MVI_3360.MOV,Places/21. Train Station/MVI_3360.MOV,63,Places__21. Train Station__MVI_3360.npy,skipped,,,,
Places,21. Train Station,MVI_3444,/Users/yamini/Desktop/projects/ISL PROJECT/include_videos/Places/21. Train Station/MVI_3444.MOV,Places/21. Train Station/MVI_3444.MOV,65,Places__21. Train Station__MVI_3444.npy,skipped,,,,
Places,21. Train Station,MVI_3445,/Users/yamini/Desktop/projects/ISL PROJECT/include_videos/Places/21. Train Station/MVI_3445.MOV,Places/21. Train Station/MVI_3445.MOV,56,Places__21. Train Station__MVI_3445.npy,skipped,,,,
Places,21. Train Station,MVI_3446,/Users/yamini/Desktop/projects/ISL PROJECT/include_videos/Places/21. Train Station/MVI_3446.MOV,Places/21. Train Station/MVI_3446.MOV,54,Places__21. Train Station__MVI_3446.npy,skipped,,,,
Places,21. Train Station,MVI_3447,/Users/yamini/Desktop/projects/ISL PROJECT/include_videos/Places/21. Train Station/MVI_3447.MOV,Places/21. Train Station/MVI_3447.MOV,69,Places__21. Train Station__MVI_3447.npy,skipped,,,,
Places,21. Train Station,MVI_3521,/Users/yamini/Desktop/projects/ISL PROJECT/include_videos/Places/21. Train Station/MVI_3521.MOV,Places/21. Train Station/MVI_3521.MOV,56,Places__21. Train Station__MVI_3521.npy,skipped,,,,
Places,21. Train Station,MVI_3522,/Users/yamini/Desktop/projects/ISL PROJECT/include_videos/Places/21. Train Station/MVI_3522.MOV,Places/21. Train Station/MVI_3522.MOV,51,Places__21. Train Station__MVI_3522.npy,skipped,,,,
Places,21. Train Station,MVI_3524,/Users/yamini/Desktop/projects/ISL PROJECT/include_videos/Places/21. Train Station/MVI_3524.MOV,Places/21. Train Station/MVI_3524.MOV,55,Places__21. Train Station__MVI_3524.npy,skipped,,,,
Places,21. Train Station,MVI_3525,/Users/yamini/Desktop/projects/ISL PROJECT/include_videos/Places/21. Train Station/MVI_3525.MOV,Places/21. Train Station/MVI_3525.MOV,55,Places__21. Train Station__MVI_3525.npy,skipped,,,,
Places,21. Train Station,MVI_3601,/Users/yamini/Desktop/projects/ISL PROJECT/include_videos/Places/21. Train Station/MVI_3601.MOV,Places/21. Train Station/MVI_3601.MOV,64,Places__21. Train Station__MVI_3601.npy,skipped,,,,
Places,21. Train Station,MVI_3602,/Users/yamini/Desktop/projects/ISL PROJECT/include_videos/Places/21. Train Station/MVI_3602.MOV,Places/21. Train Station/MVI_3602.MOV,60,Places__21. Train Station__MVI_3602.npy,skipped,,,,
Places,21. Train Station,MVI_3603,/Users/yamini/Desktop/projects/ISL PROJECT/include_videos/Places/21. Train Station/MVI_3603.MOV,Places/21. Train Station/MVI_3603.MOV,49,Places__21. Train Station__MVI_3603.npy,skipped,,,,
Places,21. Train Station,MVI_3604,/Users/yamini/Desktop/projects/ISL PROJECT/include_videos/Places/21. Train Station/MVI_3604.MOV,Places/21. Train Station/MVI_3604.MOV,61,Places__21. Train Station__MVI_3604.npy,skipped,,,,
Places,22. Restaurant,MVI_3280,/Users/yamini/Desktop/projects/ISL PROJECT/include_videos/Places/22. Restaurant/MVI_3280.MOV,Places/22. Restaurant/MVI_3280.MOV,70,Places__22. Restaurant__MVI_3280.npy,skipped,,,,
Places,22. Restaurant,MVI_3281,/Users/yamini/Desktop/projects/ISL PROJECT/include_videos/Places/22. Restaurant/MVI_3281.MOV,Places/22. Restaurant/MVI_3281.MOV,71,Places__22. Restaurant__MVI_3281.npy,skipped,,,,
Places,22. Restaurant,MVI_3282,/Users/yamini/Desktop/projects/ISL PROJECT/include_videos/Places/22. Restaurant/MVI_3282.MOV,Places/22. Restaurant/MVI_3282.MOV,65,Places__22. Restaurant__MVI_3282.npy,skipped,,,,
Places,22. Restaurant,MVI_3283,/Users/yamini/Desktop/projects/ISL PROJECT/include_videos/Places/22. Restaurant/MVI_3283.MOV,Places/22. Restaurant/MVI_3283.MOV,65,Places__22. Restaurant__MVI_3283.npy,skipped,,,,
Places,22. Restaurant,MVI_3361,/Users/yamini/Desktop/projects/ISL PROJECT/include_videos/Places/22. Restaurant/MVI_3361.MOV,Places/22. Restaurant/MVI_3361.MOV,68,Places__22. Restaurant__MVI_3361.npy,skipped,,,,
Places,22. Restaurant,MVI_3362,/Users/yamini/Desktop/projects/ISL PROJECT/include_videos/Places/22. Restaurant/MVI_3362.MOV,Places/22. Restaurant/MVI_3362.MOV,64,Places__22. Restaurant__MVI_3362.npy,skipped,,,,
Places,22. Restaurant,MVI_3363,/Users/yamini/Desktop/projects/ISL PROJECT/include_videos/Places/22. Restaurant/MVI_3363.MOV,Places/22. Restaurant/MVI_3363.MOV,59,Places__22. Restaurant__MVI_3363.npy,skipped,,,,
Places,22. Restaurant,MVI_3364,/Users/yamini/Desktop/projects/ISL PROJECT/include_videos/Places/22. Restaurant/MVI_3364.MOV,Places/22. Restaurant/MVI_3364.MOV,61,Places__22. Restaurant__MVI_3364.npy,skipped,,,,
Places,22. Restaurant,MVI_3448,/Users/yamini/Desktop/projects/ISL PROJECT/include_videos/Places/22. Restaurant/MVI_3448.MOV,Places/22. Restaurant/MVI_3448.MOV,61,Places__22. Restaurant__MVI_3448.npy,skipped,,,,
Places,22. Restaurant,MVI_3449,/Users/yamini/Desktop/projects/ISL PROJECT/include_videos/Places/22. Restaurant/MVI_3449.MOV,Places/22. Restaurant/MVI_3449.MOV,54,Places__22. Restaurant__MVI_3449.npy,skipped,,,,
Places,22. Restaurant,MVI_3450,/Users/yamini/Desktop/projects/ISL PROJECT/include_videos/Places/22. Restaurant/MVI_3450.MOV,Places/22. Restaurant/MVI_3450.MOV,52,Places__22. Restaurant__MVI_3450.npy,skipped,,,,
Places,22. Restaurant,MVI_3451,/Users/yamini/Desktop/projects/ISL PROJECT/include_videos/Places/22. Restaurant/MVI_3451.MOV,Places/22. Restaurant/MVI_3451.MOV,49,Places__22. Restaurant__MVI_3451.npy,skipped,,,,
Places,22. Restaurant,MVI_3527,/Users/yamini/Desktop/projects/ISL PROJECT/include_videos/Places/22. Restaurant/MVI_3527.MOV,Places/22. Restaurant/MVI_3527.MOV,61,Places__22. Restaurant__MVI_3527.npy,skipped,,,,
Places,22. Restaurant,MVI_3528,/Users/yamini/Desktop/projects/ISL PROJECT/include_videos/Places/22. Restaurant/MVI_3528.MOV,Places/22. Restaurant/MVI_3528.MOV,59,Places__22. Restaurant__MVI_3528.npy,skipped,,,,
Places,22. Restaurant,MVI_3529,/Users/yamini/Desktop/projects/ISL PROJECT/include_videos/Places/22. Restaurant/MVI_3529.MOV,Places/22. Restaurant/MVI_3529.MOV,58,Places__22. Restaurant__MVI_3529.npy,skipped,,,,
Places,22. Restaurant,MVI_3530,/Users/yamini/Desktop/projects/ISL PROJECT/include_videos/Places/22. Restaurant/MVI_3530.MOV,Places/22. Restaurant/MVI_3530.MOV,55,Places__22. Restaurant__MVI_3530.npy,skipped,,,,
Places,22. Restaurant,MVI_3605,/Users/yamini/Desktop/projects/ISL PROJECT/include_videos/Places/22. Restaurant/MVI_3605.MOV,Places/22. Restaurant/MVI_3605.MOV,59,Places__22. Restaurant__MVI_3605.npy,skipped,,,,
Places,22. Restaurant,MVI_3606,/Users/yamini/Desktop/projects/ISL PROJECT/include_videos/Places/22. Restaurant/MVI_3606.MOV,Places/22. Restaurant/MVI_3606.MOV,51,Places__22. Restaurant__MVI_3606.npy,skipped,,,,
Places,22. Restaurant,MVI_3607,/Users/yamini/Desktop/projects/ISL PROJECT/include_videos/Places/22. Restaurant/MVI_3607.MOV,Places/22. Restaurant/MVI_3607.MOV,45,Places__22. Restaurant__MVI_3607.npy,skipped,,,,
Places,22. Restaurant,MVI_3608,/Users/yamini/Desktop/projects/ISL PROJECT/include_videos/Places/22. Restaurant/MVI_3608.MOV,Places/22. Restaurant/MVI_3608.MOV,47,Places__22. Restaurant__MVI_3608.npy,skipped,,,,
Places,23. Court,MVI_3288,/Users/yamini/Desktop/projects/ISL PROJECT/include_videos/Places/23. Court/Extra/MVI_3288.MOV,Places/23. Court/Extra/MVI_3288.MOV,76,Places__23. Court__MVI_3288.npy,ok,11.0,18.0,7.0,8.0
Places,23. Court,MVI_3368,/Users/yamini/Desktop/projects/ISL PROJECT/include_videos/Places/23. Court/Extra/MVI_3368.MOV,Places/23. Court/Extra/MVI_3368.MOV,66,Places__23. Court__MVI_3368.npy,ok,29.0,43.0,24.0,43.0
Places,23. Court,MVI_3613,/Users/yamini/Desktop/projects/ISL PROJECT/include_videos/Places/23. Court/Extra/MVI_3613.MOV,Places/23. Court/Extra/MVI_3613.MOV,66,Places__23. Court__MVI_3613.npy,ok,13.0,12.0,13.0,6.0
Places,23. Court,MVI_3284,/Users/yamini/Desktop/projects/ISL PROJECT/include_videos/Places/23. Court/MVI_3284.MOV,Places/23. Court/MVI_3284.MOV,74,Places__23. Court__MVI_3284.npy,skipped,,,,
Places,23. Court,MVI_3285,/Users/yamini/Desktop/projects/ISL PROJECT/include_videos/Places/23. Court/MVI_3285.MOV,Places/23. Court/MVI_3285.MOV,68,Places__23. Court__MVI_3285.npy,skipped,,,,
Places,23. Court,MVI_3286,/Users/yamini/Desktop/projects/ISL PROJECT/include_videos/Places/23. Court/MVI_3286.MOV,Places/23. Court/MVI_3286.MOV,68,Places__23. Court__MVI_3286.npy,skipped,,,,
Places,23. Court,MVI_3287,/Users/yamini/Desktop/projects/ISL PROJECT/include_videos/Places/23. Court/MVI_3287.MOV,Places/23. Court/MVI_3287.MOV,84,Places__23. Court__MVI_3287.npy,skipped,,,,
Places,23. Court,MVI_3365,/Users/yamini/Desktop/projects/ISL PROJECT/include_videos/Places/23. Court/MVI_3365.MOV,Places/23. Court/MVI_3365.MOV,87,Places__23. Court__MVI_3365.npy,skipped,,,,
Places,23. Court,MVI_3366,/Users/yamini/Desktop/projects/ISL PROJECT/include_videos/Places/23. Court/MVI_3366.MOV,Places/23. Court/MVI_3366.MOV,61,Places__23. Court__MVI_3366.npy,skipped,,,,
Places,23. Court,MVI_3367,/Users/yamini/Desktop/projects/ISL PROJECT/include_videos/Places/23. Court/MVI_3367.MOV,Places/23. Court/MVI_3367.MOV,69,Places__23. Court__MVI_3367.npy,skipped,,,,
Places,23. Court,MVI_3370,/Users/yamini/Desktop/projects/ISL PROJECT/include_videos/Places/23. Court/MVI_3370.MOV,Places/23. Court/MVI_3370.MOV,81,Places__23. Court__MVI_3370.npy,skipped,,,,
Places,23. Court,MVI_3452,/Users/yamini/Desktop/projects/ISL PROJECT/include_videos/Places/23. Court/MVI_3452.MOV,Places/23. Court/MVI_3452.MOV,68,Places__23. Court__MVI_3452.npy,skipped,,,,
Places,23. Court,MVI_3453,/Users/yamini/Desktop/projects/ISL PROJECT/include_videos/Places/23. Court/MVI_3453.MOV,Places/23. Court/MVI_3453.MOV,58,Places__23. Court__MVI_3453.npy,skipped,,,,
Places,23. Court,MVI_3454,/Users/yamini/Desktop/projects/ISL PROJECT/include_videos/Places/23. Court/MVI_3454.MOV,Places/23. Court/MVI_3454.MOV,59,Places__23. Court__MVI_3454.npy,skipped,,,,
Places,23. Court,MVI_3455,/Users/yamini/Desktop/projects/ISL PROJECT/include_videos/Places/23. Court/MVI_3455.MOV,Places/23. Court/MVI_3455.MOV,59,Places__23. Court__MVI_3455.npy,skipped,,,,
Places,23. Court,MVI_3531,/Users/yamini/Desktop/projects/ISL PROJECT/include_videos/Places/23. Court/MVI_3531.MOV,Places/23. Court/MVI_3531.MOV,70,Places__23. Court__MVI_3531.npy,skipped,,,,
Places,23. Court,MVI_3532,/Users/yamini/Desktop/projects/ISL PROJECT/include_videos/Places/23. Court/MVI_3532.MOV,Places/23. Court/MVI_3532.MOV,56,Places__23. Court__MVI_3532.npy,skipped,,,,
Places,23. Court,MVI_3533,/Users/yamini/Desktop/projects/ISL PROJECT/include_videos/Places/23. Court/MVI_3533.MOV,Places/23. Court/MVI_3533.MOV,54,Places__23. Court__MVI_3533.npy,skipped,,,,
Places,23. Court,MVI_3534,/Users/yamini/Desktop/projects/ISL PROJECT/include_videos/Places/23. Court/MVI_3534.MOV,Places/23. Court/MVI_3534.MOV,60,Places__23. Court__MVI_3534.npy,skipped,,,,
Places,23. Court,MVI_3609,/Users/yamini/Desktop/projects/ISL PROJECT/include_videos/Places/23. Court/MVI_3609.MOV,Places/23. Court/MVI_3609.MOV,62,Places__23. Court__MVI_3609.npy,skipped,,,,
Places,23. Court,MVI_3610,/Users/yamini/Desktop/projects/ISL PROJECT/include_videos/Places/23. Court/MVI_3610.MOV,Places/23. Court/MVI_3610.MOV,56,Places__23. Court__MVI_3610.npy,skipped,,,,
Places,23. Court,MVI_3611,/Users/yamini/Desktop/projects/ISL PROJECT/include_videos/Places/23. Court/MVI_3611.MOV,Places/23. Court/MVI_3611.MOV,58,Places__23. Court__MVI_3611.npy,skipped,,,,
Places,23. Court,MVI_3612,/Users/yamini/Desktop/projects/ISL PROJECT/include_videos/Places/23. Court/MVI_3612.MOV,Places/23. Court/MVI_3612.MOV,61,Places__23. Court__MVI_3612.npy,skipped,,,,
Places,24. School,MVI_3290,/Users/yamini/Desktop/projects/ISL PROJECT/include_videos/Places/24. School/MVI_3290.MOV,Places/24. School/MVI_3290.MOV,72,Places__24. School__MVI_3290.npy,skipped,,,,
Places,24. School,MVI_3291,/Users/yamini/Desktop/projects/ISL PROJECT/include_videos/Places/24. School/MVI_3291.MOV,Places/24. School/MVI_3291.MOV,69,Places__24. School__MVI_3291.npy,skipped,,,,
Places,24. School,MVI_3292,/Users/yamini/Desktop/projects/ISL PROJECT/include_videos/Places/24. School/MVI_3292.MOV,Places/24. School/MVI_3292.MOV,65,Places__24. School__MVI_3292.npy,skipped,,,,
Places,24. School,MVI_3293,/Users/yamini/Desktop/projects/ISL PROJECT/include_videos/Places/24. School/MVI_3293.MOV,Places/24. School/MVI_3293.MOV,72,Places__24. School__MVI_3293.npy,skipped,,,,
Places,24. School,MVI_3371,/Users/yamini/Desktop/projects/ISL PROJECT/include_videos/Places/24. School/MVI_3371.MOV,Places/24. School/MVI_3371.MOV,75,Places__24. School__MVI_3371.npy,skipped,,,,
Places,24. School,MVI_3372,/Users/yamini/Desktop/projects/ISL PROJECT/include_videos/Places/24. School/MVI_3372.MOV,Places/24. School/MVI_3372.MOV,61,Places__24. School__MVI_3372.npy,skipped,,,,
Places,24. School,MVI_3373,/Users/yamini/Desktop/projects/ISL PROJECT/include_videos/Places/24. School/MVI_3373.MOV,Places/24. School/MVI_3373.MOV,66,Places__24. School__MVI_3373.npy,skipped,,,,
Places,24. School,MVI_3374,/Users/yamini/Desktop/projects/ISL PROJECT/include_videos/Places/24. School/MVI_3374.MOV,Places/24. School/MVI_3374.MOV,66,Places__24. School__MVI_3374.npy,skipped,,,,
Places,24. School,MVI_3456,/Users/yamini/Desktop/projects/ISL PROJECT/include_videos/Places/24. School/MVI_3456.MOV,Places/24. School/MVI_3456.MOV,47,Places__24. School__MVI_3456.npy,skipped,,,,
Places,24. School,MVI_3457,/Users/yamini/Desktop/projects/ISL PROJECT/include_videos/Places/24. School/MVI_3457.MOV,Places/24. School/MVI_3457.MOV,51,Places__24. School__MVI_3457.npy,skipped,,,,
Places,24. School,MVI_3458,/Users/yamini/Desktop/projects/ISL PROJECT/include_videos/Places/24. School/MVI_3458.MOV,Places/24. School/MVI_3458.MOV,55,Places__24. School__MVI_3458.npy,skipped,,,,
Places,24. School,MVI_3459,/Users/yamini/Desktop/projects/ISL PROJECT/include_videos/Places/24. School/MVI_3459.MOV,Places/24. School/MVI_3459.MOV,56,Places__24. School__MVI_3459.npy,skipped,,,,
Places,24. School,MVI_3535,/Users/yamini/Desktop/projects/ISL PROJECT/include_videos/Places/24. School/MVI_3535.MOV,Places/24. School/MVI_3535.MOV,55,Places__24. School__MVI_3535.npy,skipped,,,,
Places,24. School,MVI_3536,/Users/yamini/Desktop/projects/ISL PROJECT/include_videos/Places/24. School/MVI_3536.MOV,Places/24. School/MVI_3536.MOV,53,Places__24. School__MVI_3536.npy,skipped,,,,
Places,24. School,MVI_3537,/Users/yamini/Desktop/projects/ISL PROJECT/include_videos/Places/24. School/MVI_3537.MOV,Places/24. School/MVI_3537.MOV,43,Places__24. School__MVI_3537.npy,skipped,,,,
Places,24. School,MVI_3538,/Users/yamini/Desktop/projects/ISL PROJECT/include_videos/Places/24. School/MVI_3538.MOV,Places/24. School/MVI_3538.MOV,56,Places__24. School__MVI_3538.npy,skipped,,,,
Places,24. School,MVI_3614,/Users/yamini/Desktop/projects/ISL PROJECT/include_videos/Places/24. School/MVI_3614.MOV,Places/24. School/MVI_3614.MOV,56,Places__24. School__MVI_3614.npy,skipped,,,,
Places,24. School,MVI_3615,/Users/yamini/Desktop/projects/ISL PROJECT/include_videos/Places/24. School/MVI_3615.MOV,Places/24. School/MVI_3615.MOV,55,Places__24. School__MVI_3615.npy,skipped,,,,
Places,24. School,MVI_3616,/Users/yamini/Desktop/projects/ISL PROJECT/include_videos/Places/24. School/MVI_3616.MOV,Places/24. School/MVI_3616.MOV,46,Places__24. School__MVI_3616.npy,skipped,,,,
Places,24. School,MVI_3617,/Users/yamini/Desktop/projects/ISL PROJECT/include_videos/Places/24. School/MVI_3617.MOV,Places/24. School/MVI_3617.MOV,49,Places__24. School__MVI_3617.npy,skipped,,,,
Places,25. Office,MVI_3294,/Users/yamini/Desktop/projects/ISL PROJECT/include_videos/Places/25. Office/MVI_3294.MOV,Places/25. Office/MVI_3294.MOV,80,Places__25. Office__MVI_3294.npy,skipped,,,,
Places,25. Office,MVI_3295,/Users/yamini/Desktop/projects/ISL PROJECT/include_videos/Places/25. Office/MVI_3295.MOV,Places/25. Office/MVI_3295.MOV,68,Places__25. Office__MVI_3295.npy,skipped,,,,
Places,25. Office,MVI_3296,/Users/yamini/Desktop/projects/ISL PROJECT/include_videos/Places/25. Office/MVI_3296.MOV,Places/25. Office/MVI_3296.MOV,64,Places__25. Office__MVI_3296.npy,skipped,,,,
Places,25. Office,MVI_3297,/Users/yamini/Desktop/projects/ISL PROJECT/include_videos/Places/25. Office/MVI_3297.MOV,Places/25. Office/MVI_3297.MOV,60,Places__25. Office__MVI_3297.npy,skipped,,,,
Places,25. Office,MVI_3460,/Users/yamini/Desktop/projects/ISL PROJECT/include_videos/Places/25. Office/MVI_3460.MOV,Places/25. Office/MVI_3460.MOV,47,Places__25. Office__MVI_3460.npy,skipped,,,,
Places,25. Office,MVI_3461,/Users/yamini/Desktop/projects/ISL PROJECT/include_videos/Places/25. Office/MVI_3461.MOV,Places/25. Office/MVI_3461.MOV,56,Places__25. Office__MVI_3461.npy,skipped,,,,
Places,25. Office,MVI_3462,/Users/yamini/Desktop/projects/ISL PROJECT/include_videos/Places/25. Office/MVI_3462.MOV,Places/25. Office/MVI_3462.MOV,59,Places__25. Office__MVI_3462.npy,skipped,,,,
Places,25. Office,MVI_3463,/Users/yamini/Desktop/projects/ISL PROJECT/include_videos/Places/25. Office/MVI_3463.MOV,Places/25. Office/MVI_3463.MOV,49,Places__25. Office__MVI_3463.npy,skipped,,,,
Places,25. Office,MVI_3539,/Users/yamini/Desktop/projects/ISL PROJECT/include_videos/Places/25. Office/MVI_3539.MOV,Places/25. Office/MVI_3539.MOV,49,Places__25. Office__MVI_3539.npy,skipped,,,,
Places,25. Office,MVI_3540,/Users/yamini/Desktop/projects/ISL PROJECT/include_videos/Places/25. Office/MVI_3540.MOV,Places/25. Office/MVI_3540.MOV,46,Places__25. Office__MVI_3540.npy,skipped,,,,
Places,25. Office,MVI_3541,/Users/yamini/Desktop/projects/ISL PROJECT/include_videos/Places/25. Office/MVI_3541.MOV,Places/25. Office/MVI_3541.MOV,52,Places__25. Office__MVI_3541.npy,skipped,,,,
Places,25. Office,MVI_3542,/Users/yamini/Desktop/projects/ISL PROJECT/include_videos/Places/25. Office/MVI_3542.MOV,Places/25. Office/MVI_3542.MOV,45,Places__25. Office__MVI_3542.npy,skipped,,,,
Places,25. Office,MVI_3618,/Users/yamini/Desktop/projects/ISL PROJECT/include_videos/Places/25. Office/MVI_3618.MOV,Places/25. Office/MVI_3618.MOV,52,Places__25. Office__MVI_3618.npy,skipped,,,,
Places,25. Office,MVI_3619,/Users/yamini/Desktop/projects/ISL PROJECT/include_videos/Places/25. Office/MVI_3619.MOV,Places/25. Office/MVI_3619.MOV,50,Places__25. Office__MVI_3619.npy,skipped,,,,
Places,25. Office,MVI_3620,/Users/yamini/Desktop/projects/ISL PROJECT/include_videos/Places/25. Office/MVI_3620.MOV,Places/25. Office/MVI_3620.MOV,44,Places__25. Office__MVI_3620.npy,skipped,,,,
Places,25. Office,MVI_3621,/Users/yamini/Desktop/projects/ISL PROJECT/include_videos/Places/25. Office/MVI_3621.MOV,Places/25. Office/MVI_3621.MOV,54,Places__25. Office__MVI_3621.npy,skipped,,,,
Places,25. Office,MVI_3675,/Users/yamini/Desktop/projects/ISL PROJECT/include_videos/Places/25. Office/MVI_3675.MOV,Places/25. Office/MVI_3675.MOV,66,Places__25. Office__MVI_3675.npy,skipped,,,,
Places,25. Office,MVI_3676,/Users/yamini/Desktop/projects/ISL PROJECT/include_videos/Places/25. Office/MVI_3676.MOV,Places/25. Office/MVI_3676.MOV,60,Places__25. Office__MVI_3676.npy,skipped,,,,
Places,25. Office,MVI_3677,/Users/yamini/Desktop/projects/ISL PROJECT/include_videos/Places/25. Office/MVI_3677.MOV,Places/25. Office/MVI_3677.MOV,59,Places__25. Office__MVI_3677.npy,skipped,,,,
Places,25. Office,MVI_3678,/Users/yamini/Desktop/projects/ISL PROJECT/include_videos/Places/25. Office/MVI_3678.MOV,Places/25. Office/MVI_3678.MOV,62,Places__25. Office__MVI_3678.npy,skipped,,,,
Places,26. University,MVI_3626,/Users/yamini/Desktop/projects/ISL PROJECT/include_videos/Places/26. University/Extra/MVI_3626.MOV,Places/26. University/Extra/MVI_3626.MOV,41,Places__26. University__MVI_3626.npy,ok,0.0,13.0,0.0,0.0
Places,26. University,MVI_3298,/Users/yamini/Desktop/projects/ISL PROJECT/include_videos/Places/26. University/MVI_3298.MOV,Places/26. University/MVI_3298.MOV,68,Places__26. University__MVI_3298.npy,skipped,,,,
Places,26. University,MVI_3299,/Users/yamini/Desktop/projects/ISL PROJECT/include_videos/Places/26. University/MVI_3299.MOV,Places/26. University/MVI_3299.MOV,64,Places__26. University__MVI_3299.npy,skipped,,,,
Places,26. University,MVI_3300,/Users/yamini/Desktop/projects/ISL PROJECT/include_videos/Places/26. University/MVI_3300.MOV,Places/26. University/MVI_3300.MOV,58,Places__26. University__MVI_3300.npy,skipped,,,,
Places,26. University,MVI_3301,/Users/yamini/Desktop/projects/ISL PROJECT/include_videos/Places/26. University/MVI_3301.MOV,Places/26. University/MVI_3301.MOV,56,Places__26. University__MVI_3301.npy,skipped,,,,
Places,26. University,MVI_3375,/Users/yamini/Desktop/projects/ISL PROJECT/include_videos/Places/26. University/MVI_3375.MOV,Places/26. University/MVI_3375.MOV,66,Places__26. University__MVI_3375.npy,skipped,,,,
Places,26. University,MVI_3376,/Users/yamini/Desktop/projects/ISL PROJECT/include_videos/Places/26. University/MVI_3376.MOV,Places/26. University/MVI_3376.MOV,53,Places__26. University__MVI_3376.npy,skipped,,,,
Places,26. University,MVI_3377,/Users/yamini/Desktop/projects/ISL PROJECT/include_videos/Places/26. University/MVI_3377.MOV,Places/26. University/MVI_3377.MOV,57,Places__26. University__MVI_3377.npy,skipped,,,,
Places,26. University,MVI_3378,/Users/yamini/Desktop/projects/ISL PROJECT/include_videos/Places/26. University/MVI_3378.MOV,Places/26. University/MVI_3378.MOV,61,Places__26. University__MVI_3378.npy,skipped,,,,
Places,26. University,MVI_3464,/Users/yamini/Desktop/projects/ISL PROJECT/include_videos/Places/26. University/MVI_3464.MOV,Places/26. University/MVI_3464.MOV,48,Places__26. University__MVI_3464.npy,skipped,,,,
Places,26. University,MVI_3465,/Users/yamini/Desktop/projects/ISL PROJECT/include_videos/Places/26. University/MVI_3465.MOV,Places/26. University/MVI_3465.MOV,55,Places__26. University__MVI_3465.npy,skipped,,,,
Places,26. University,MVI_3466,/Users/yamini/Desktop/projects/ISL PROJECT/include_videos/Places/26. University/MVI_3466.MOV,Places/26. University/MVI_3466.MOV,43,Places__26. University__MVI_3466.npy,skipped,,,,
Places,26. University,MVI_3467,/Users/yamini/Desktop/projects/ISL PROJECT/include_videos/Places/26. University/MVI_3467.MOV,Places/26. University/MVI_3467.MOV,67,Places__26. University__MVI_3467.npy,skipped,,,,
Places,26. University,MVI_3543,/Users/yamini/Desktop/projects/ISL PROJECT/include_videos/Places/26. University/MVI_3543.MOV,Places/26. University/MVI_3543.MOV,44,Places__26. University__MVI_3543.npy,skipped,,,,
Places,26. University,MVI_3544,/Users/yamini/Desktop/projects/ISL PROJECT/include_videos/Places/26. University/MVI_3544.MOV,Places/26. University/MVI_3544.MOV,42,Places__26. University__MVI_3544.npy,skipped,,,,
Places,26. University,MVI_3545,/Users/yamini/Desktop/projects/ISL PROJECT/include_videos/Places/26. University/MVI_3545.MOV,Places/26. University/MVI_3545.MOV,46,Places__26. University__MVI_3545.npy,skipped,,,,
Places,26. University,MVI_3546,/Users/yamini/Desktop/projects/ISL PROJECT/include_videos/Places/26. University/MVI_3546.MOV,Places/26. University/MVI_3546.MOV,49,Places__26. University__MVI_3546.npy,skipped,,,,
Places,26. University,MVI_3622,/Users/yamini/Desktop/projects/ISL PROJECT/include_videos/Places/26. University/MVI_3622.MOV,Places/26. University/MVI_3622.MOV,49,Places__26. University__MVI_3622.npy,skipped,,,,
Places,26. University,MVI_3623,/Users/yamini/Desktop/projects/ISL PROJECT/include_videos/Places/26. University/MVI_3623.MOV,Places/26. University/MVI_3623.MOV,46,Places__26. University__MVI_3623.npy,skipped,,,,
Places,26. University,MVI_3624,/Users/yamini/Desktop/projects/ISL PROJECT/include_videos/Places/26. University/MVI_3624.MOV,Places/26. University/MVI_3624.MOV,43,Places__26. University__MVI_3624.npy,skipped,,,,
Places,26. University,MVI_3625,/Users/yamini/Desktop/projects/ISL PROJECT/include_videos/Places/26. University/MVI_3625.MOV,Places/26. University/MVI_3625.MOV,44,Places__26. University__MVI_3625.npy,skipped,,,,
Places,27. Park,MVI_3306,/Users/yamini/Desktop/projects/ISL PROJECT/include_videos/Places/27. Park/Extra/MVI_3306.MOV,Places/27. Park/Extra/MVI_3306.MOV,66,Places__27. Park__MVI_3306.npy,ok,20.0,19.0,16.0,6.0
Places,27. Park,MVI_3631,/Users/yamini/Desktop/projects/ISL PROJECT/include_videos/Places/27. Park/Extra/MVI_3631.MOV,Places/27. Park/Extra/MVI_3631.MOV,44,Places__27. Park__MVI_3631.npy,ok,18.0,13.0,0.0,6.0
Places,27. Park,MVI_3302,/Users/yamini/Desktop/projects/ISL PROJECT/include_videos/Places/27. Park/MVI_3302.MOV,Places/27. Park/MVI_3302.MOV,69,Places__27. Park__MVI_3302.npy,skipped,,,,
Places,27. Park,MVI_3303,/Users/yamini/Desktop/projects/ISL PROJECT/include_videos/Places/27. Park/MVI_3303.MOV,Places/27. Park/MVI_3303.MOV,64,Places__27. Park__MVI_3303.npy,skipped,,,,
Places,27. Park,MVI_3304,/Users/yamini/Desktop/projects/ISL PROJECT/include_videos/Places/27. Park/MVI_3304.MOV,Places/27. Park/MVI_3304.MOV,65,Places__27. Park__MVI_3304.npy,skipped,,,,
Places,27. Park,MVI_3305,/Users/yamini/Desktop/projects/ISL PROJECT/include_videos/Places/27. Park/MVI_3305.MOV,Places/27. Park/MVI_3305.MOV,67,Places__27. Park__MVI_3305.npy,skipped,,,,
Places,27. Park,MVI_3380,/Users/yamini/Desktop/projects/ISL PROJECT/include_videos/Places/27. Park/MVI_3380.MOV,Places/27. Park/MVI_3380.MOV,66,Places__27. Park__MVI_3380.npy,skipped,,,,
Places,27. Park,MVI_3381,/Users/yamini/Desktop/projects/ISL PROJECT/include_videos/Places/27. Park/MVI_3381.MOV,Places/27. Park/MVI_3381.MOV,65,Places__27. Park__MVI_3381.npy,skipped,,,,
Places,27. Park,MVI_3382,/Users/yamini/Desktop/projects/ISL PROJECT/include_videos/Places/27. Park/MVI_3382.MOV,Places/27. Park/MVI_3382.MOV,66,Places__27. Park__MVI_3382.npy,skipped,,,,
Places,27. Park,MVI_3383,/Users/yamini/Desktop/projects/ISL PROJECT/include_videos/Places/27. Park/MVI_3383.MOV,Places/27. Park/MVI_3383.MOV,66,Places__27. Park__MVI_3383.npy,skipped,,,,
Places,27. Park,MVI_3468,/Users/yamini/Desktop/projects/ISL PROJECT/include_videos/Places/27. Park/MVI_3468.MOV,Places/27. Park/MVI_3468.MOV,55,Places__27. Park__MVI_3468.npy,skipped,,,,
Places,27. Park,MVI_3469,/Users/yamini/Desktop/projects/ISL PROJECT/include_videos/Places/27. Park/MVI_3469.MOV,Places/27. Park/MVI_3469.MOV,60,Places__27. Park__MVI_3469.npy,skipped,,,,
Places,27. Park,MVI_3470,/Users/yamini/Desktop/projects/ISL PROJECT/include_videos/Places/27. Park/MVI_3470.MOV,Places/27. Park/MVI_3470.MOV,59,Places__27. Park__MVI_3470.npy,skipped,,,,
Places,27. Park,MVI_3471,/Users/yamini/Desktop/projects/ISL PROJECT/include_videos/Places/27. Park/MVI_3471.MOV,Places/27. Park/MVI_3471.MOV,53,Places__27. Park__MVI_3471.npy,skipped,,,,
Places,27. Park,MVI_3548,/Users/yamini/Desktop/projects/ISL PROJECT/include_videos/Places/27. Park/MVI_3548.MOV,Places/27. Park/MVI_3548.MOV,54,Places__27. Park__MVI_3548.npy,skipped,,,,
Places,27. Park,MVI_3549,/Users/yamini/Desktop/projects/ISL PROJECT/include_videos/Places/27. Park/MVI_3549.MOV,Places/27. Park/MVI_3549.MOV,59,Places__27. Park__MVI_3549.npy,skipped,,,,
Places,27. Park,MVI_3550,/Users/yamini/Desktop/projects/ISL PROJECT/include_videos/Places/27. Park/MVI_3550.MOV,Places/27. Park/MVI_3550.MOV,62,Places__27. Park__MVI_3550.npy,skipped,,,,
Places,27. Park,MVI_3551,/Users/yamini/Desktop/projects/ISL PROJECT/include_videos/Places/27. Park/MVI_3551.MOV,Places/27. Park/MVI_3551.MOV,76,Places__27. Park__MVI_3551.npy,skipped,,,,
Places,27. Park,MVI_3627,/Users/yamini/Desktop/projects/ISL PROJECT/include_videos/Places/27. Park/MVI_3627.MOV,Places/27. Park/MVI_3627.MOV,47,Places__27. Park__MVI_3627.npy,skipped,,,,
Places,27. Park,MVI_3628,/Users/yamini/Desktop/projects/ISL PROJECT/include_videos/Places/27. Park/MVI_3628.MOV,Places/27. Park/MVI_3628.MOV,45,Places__27. Park__MVI_3628.npy,skipped,,,,
Places,27. Park,MVI_3629,/Users/yamini/Desktop/projects/ISL PROJECT/include_videos/Places/27. Park/MVI_3629.MOV,Places/27. Park/MVI_3629.MOV,47,Places__27. Park__MVI_3629.npy,skipped,,,,
Places,27. Park,MVI_3630,/Users/yamini/Desktop/projects/ISL PROJECT/include_videos/Places/27. Park/MVI_3630.MOV,Places/27. Park/MVI_3630.MOV,45,Places__27. Park__MVI_3630.npy,skipped,,,,
Places,28. Store or Shop,MVI_3636,/Users/yamini/Desktop/projects/ISL PROJECT/include_videos/Places/28. Store or Shop/Extra/MVI_3636.MOV,Places/28. Store or Shop/Extra/MVI_3636.MOV,46,Places__28. Store or Shop__MVI_3636.npy,ok,20.0,18.0,16.0,6.0
Places,28. Store or Shop,MVI_3637,/Users/yamini/Desktop/projects/ISL PROJECT/include_videos/Places/28. Store or Shop/Extra/MVI_3637.MOV,Places/28. Store or Shop/Extra/MVI_3637.MOV,48,Places__28. Store or Shop__MVI_3637.npy,ok,24.0,23.0,16.0,18.0
Places,28. Store or Shop,MVI_3307,/Users/yamini/Desktop/projects/ISL PROJECT/include_videos/Places/28. Store or Shop/MVI_3307.MOV,Places/28. Store or Shop/MVI_3307.MOV,59,Places__28. Store or Shop__MVI_3307.npy,skipped,,,,
Places,28. Store or Shop,MVI_3308,/Users/yamini/Desktop/projects/ISL PROJECT/include_videos/Places/28. Store or Shop/MVI_3308.MOV,Places/28. Store or Shop/MVI_3308.MOV,61,Places__28. Store or Shop__MVI_3308.npy,skipped,,,,
Places,28. Store or Shop,MVI_3309,/Users/yamini/Desktop/projects/ISL PROJECT/include_videos/Places/28. Store or Shop/MVI_3309.MOV,Places/28. Store or Shop/MVI_3309.MOV,63,Places__28. Store or Shop__MVI_3309.npy,skipped,,,,
Places,28. Store or Shop,MVI_3310,/Users/yamini/Desktop/projects/ISL PROJECT/include_videos/Places/28. Store or Shop/MVI_3310.MOV,Places/28. Store or Shop/MVI_3310.MOV,56,Places__28. Store or Shop__MVI_3310.npy,skipped,,,,
Places,28. Store or Shop,MVI_3384,/Users/yamini/Desktop/projects/ISL PROJECT/include_videos/Places/28. Store or Shop/MVI_3384.MOV,Places/28. Store or Shop/MVI_3384.MOV,62,Places__28. Store or Shop__MVI_3384.npy,skipped,,,,
Places,28. Store or Shop,MVI_3385,/Users/yamini/Desktop/projects/ISL PROJECT/include_videos/Places/28. Store or Shop/MVI_3385.MOV,Places/28. Store or Shop/MVI_3385.MOV,64,Places__28. Store or Shop__MVI_3385.npy,skipped,,,,
Places,28. Store or Shop,MVI_3386,/Users/yamini/Desktop/projects/ISL PROJECT/include_videos/Places/28. Store or Shop/MVI_3386.MOV,Places/28. Store or Shop/MVI_3386.MOV,59,Places__28. Store or Shop__MVI_3386.npy,skipped,,,,
Places,28. Store or Shop,MVI_3387,/Users/yamini/Desktop/projects/ISL PROJECT/include_videos/Places/28. Store or Shop/MVI_3387.MOV,Places/28. Store or Shop/MVI_3387.MOV,52,Places__28. Store or Shop__MVI_3387.npy,skipped,,,,
Places,28. Store or Shop,MVI_3472,/Users/yamini/Desktop/projects/ISL PROJECT/include_videos/Places/28. Store or Shop/MVI_3472.MOV,Places/28. Store or Shop/MVI_3472.MOV,50,Places__28. Store or Shop__MVI_3472.npy,skipped,,,,
Places,28. Store or Shop,MVI_3473,/Users/yamini/Desktop/projects/ISL PROJECT/include_videos/Places/28. Store or Shop/MVI_3473.MOV,Places/28. Store or Shop/MVI_3473.MOV,43,Places__28. Store or Shop__MVI_3473.npy,skipped,,,,
Places,28. Store or Shop,MVI_3474,/Users/yamini/Desktop/projects/ISL PROJECT/include_videos/Places/28. Store or Shop/MVI_3474.MOV,Places/28. Store or Shop/MVI_3474.MOV,45,Places__28. Store or Shop__MVI_3474.npy,skipped,,,,
Places,28. Store or Shop,MVI_3475,/Users/yamini/Desktop/projects/ISL PROJECT/include_videos/Places/28. Store or Shop/MVI_3475.MOV,Places/28. Store or Shop/MVI_3475.MOV,46,Places__28. Store or Shop__MVI_3475.npy,skipped,,,,
Places,28. Store or Shop,MVI_3552,/Users/yamini/Desktop/projects/ISL PROJECT/include_videos/Places/28. Store or Shop/MVI_3552.MOV,Places/28. Store or Shop/MVI_3552.MOV,46,Places__28. Store or Shop__MVI_3552.npy,skipped,,,,
Places,28. Store or Shop,MVI_3553,/Users/yamini/Desktop/projects/ISL PROJECT/include_videos/Places/28. Store or Shop/MVI_3553.MOV,Places/28. Store or Shop/MVI_3553.MOV,49,Places__28. Store or Shop__MVI_3553.npy,skipped,,,,
Places,28. Store or Shop,MVI_3554,/Users/yamini/Desktop/projects/ISL PROJECT/include_videos/Places/28. Store or Shop/MVI_3554.MOV,Places/28. Store or Shop/MVI_3554.MOV,56,Places__28. Store or Shop__MVI_3554.npy,skipped,,,,
Places,28. Store or Shop,MVI_3555,/Users/yamini/Desktop/projects/ISL PROJECT/include_videos/Places/28. Store or Shop/MVI_3555.MOV,Places/28. Store or Shop/MVI_3555.MOV,52,Places__28. Store or Shop__MVI_3555.npy,skipped,,,,
Places,28. Store or Shop,MVI_3632,/Users/yamini/Desktop/projects/ISL PROJECT/include_videos/Places/28. Store or Shop/MVI_3632.MOV,Places/28. Store or Shop/MVI_3632.MOV,54,Places__28. Store or Shop__MVI_3632.npy,skipped,,,,
Places,28. Store or Shop,MVI_3633,/Users/yamini/Desktop/projects/ISL PROJECT/include_videos/Places/28. Store or Shop/MVI_3633.MOV,Places/28. Store or Shop/MVI_3633.MOV,49,Places__28. Store or Shop__MVI_3633.npy,skipped,,,,
Places,28. Store or Shop,MVI_3634,/Users/yamini/Desktop/projects/ISL PROJECT/include_videos/Places/28. Store or Shop/MVI_3634.MOV,Places/28. Store or Shop/MVI_3634.MOV,50,Places__28. Store or Shop__MVI_3634.npy,skipped,,,,
Places,28. Store or Shop,MVI_3635,/Users/yamini/Desktop/projects/ISL PROJECT/include_videos/Places/28. Store or Shop/MVI_3635.MOV,Places/28. Store or Shop/MVI_3635.MOV,52,Places__28. Store or Shop__MVI_3635.npy,skipped,,,,
Places,29. Library,MVI_3311,/Users/yamini/Desktop/projects/ISL PROJECT/include_videos/Places/29. Library/MVI_3311.MOV,Places/29. Library/MVI_3311.MOV,75,Places__29. Library__MVI_3311.npy,skipped,,,,
Places,29. Library,MVI_3312,/Users/yamini/Desktop/projects/ISL PROJECT/include_videos/Places/29. Library/MVI_3312.MOV,Places/29. Library/MVI_3312.MOV,75,Places__29. Library__MVI_3312.npy,skipped,,,,
Places,29. Library,MVI_3313,/Users/yamini/Desktop/projects/ISL PROJECT/include_videos/Places/29. Library/MVI_3313.MOV,Places/29. Library/MVI_3313.MOV,72,Places__29. Library__MVI_3313.npy,skipped,,,,
Places,29. Library,MVI_3314,/Users/yamini/Desktop/projects/ISL PROJECT/include_videos/Places/29. Library/MVI_3314.MOV,Places/29. Library/MVI_3314.MOV,72,Places__29. Library__MVI_3314.npy,skipped,,,,
Places,29. Library,MVI_3389,/Users/yamini/Desktop/projects/ISL PROJECT/include_videos/Places/29. Library/MVI_3389.MOV,Places/29. Library/MVI_3389.MOV,83,Places__29. Library__MVI_3389.npy,skipped,,,,
Places,29. Library,MVI_3390,/Users/yamini/Desktop/projects/ISL PROJECT/include_videos/Places/29. Library/MVI_3390.MOV,Places/29. Library/MVI_3390.MOV,75,Places__29. Library__MVI_3390.npy,skipped,,,,
Places,29. Library,MVI_3391,/Users/yamini/Desktop/projects/ISL PROJECT/include_videos/Places/29. Library/MVI_3391.MOV,Places/29. Library/MVI_3391.MOV,70,Places__29. Library__MVI_3391.npy,skipped,,,,
Places,29. Library,MVI_3392,/Users/yamini/Desktop/projects/ISL PROJECT/include_videos/Places/29. Library/MVI_3392.MOV,Places/29. Library/MVI_3392.MOV,70,Places__29. Library__MVI_3392.npy,skipped,,,,
Places,29. Library,MVI_3476,/Users/yamini/Desktop/projects/ISL PROJECT/include_videos/Places/29. Library/MVI_3476.MOV,Places/29. Library/MVI_3476.MOV,63,Places__29. Library__MVI_3476.npy,skipped,,,,
Places,29. Library,MVI_3477,/Users/yamini/Desktop/projects/ISL PROJECT/include_videos/Places/29. Library/MVI_3477.MOV,Places/29. Library/MVI_3477.MOV,67,Places__29. Library__MVI_3477.npy,skipped,,,,
Places,29. Library,MVI_3478,/Users/yamini/Desktop/projects/ISL PROJECT/include_videos/Places/29. Library/MVI_3478.MOV,Places/29. Library/MVI_3478.MOV,64,Places__29. Library__MVI_3478.npy,skipped,,,,
Places,29. Library,MVI_3479,/Users/yamini/Desktop/projects/ISL PROJECT/include_videos/Places/29. Library/MVI_3479.MOV,Places/29. Library/MVI_3479.MOV,56,Places__29. Library__MVI_3479.npy,skipped,,,,
Places,29. Library,MVI_3556,/Users/yamini/Desktop/projects/ISL PROJECT/include_videos/Places/29. Library/MVI_3556.MOV,Places/29. Library/MVI_3556.MOV,63,Places__29. Library__MVI_3556.npy,skipped,,,,
Places,29. Library,MVI_3557,/Users/yamini/Desktop/projects/ISL PROJECT/include_videos/Places/29. Library/MVI_3557.MOV,Places/29. Library/MVI_3557.MOV,60,Places__29. Library__MVI_3557.npy,skipped,,,,
Places,29. Library,MVI_3558,/Users/yamini/Desktop/projects/ISL PROJECT/include_videos/Places/29. Library/MVI_3558.MOV,Places/29. Library/MVI_3558.MOV,58,Places__29. Library__MVI_3558.npy,skipped,,,,
Places,29. Library,MVI_3559,/Users/yamini/Desktop/projects/ISL PROJECT/include_videos/Places/29. Library/MVI_3559.MOV,Places/29. Library/MVI_3559.MOV,71,Places__29. Library__MVI_3559.npy,skipped,,,,
Places,29. Library,MVI_3665,/Users/yamini/Desktop/projects/ISL PROJECT/include_videos/Places/29. Library/MVI_3665.MOV,Places/29. Library/MVI_3665.MOV,76,Places__29. Library__MVI_3665.npy,skipped,,,,
Places,29. Library,MVI_3666,/Users/yamini/Desktop/projects/ISL PROJECT/include_videos/Places/29. Library/MVI_3666.MOV,Places/29. Library/MVI_3666.MOV,62,Places__29. Library__MVI_3666.npy,skipped,,,,
Places,29. Library,MVI_3667,/Users/yamini/Desktop/projects/ISL PROJECT/include_videos/Places/29. Library/MVI_3667.MOV,Places/29. Library/MVI_3667.MOV,67,Places__29. Library__MVI_3667.npy,skipped,,,,
Places,29. Library,MVI_3668,/Users/yamini/Desktop/projects/ISL PROJECT/include_videos/Places/29. Library/MVI_3668.MOV,Places/29. Library/MVI_3668.MOV,100,Places__29. Library__MVI_3668.npy,skipped,,,,
Places,30. Hospital,MVI_3315,/Users/yamini/Desktop/projects/ISL PROJECT/include_videos/Places/30. Hospital/MVI_3315.MOV,Places/30. Hospital/MVI_3315.MOV,81,Places__30. Hospital__MVI_3315.npy,skipped,,,,
Places,30. Hospital,MVI_3316,/Users/yamini/Desktop/projects/ISL PROJECT/include_videos/Places/30. Hospital/MVI_3316.MOV,Places/30. Hospital/MVI_3316.MOV,75,Places__30. Hospital__MVI_3316.npy,skipped,,,,
Places,30. Hospital,MVI_3317,/Users/yamini/Desktop/projects/ISL PROJECT/include_videos/Places/30. Hospital/MVI_3317.MOV,Places/30. Hospital/MVI_3317.MOV,71,Places__30. Hospital__MVI_3317.npy,skipped,,,,
Places,30. Hospital,MVI_3318,/Users/yamini/Desktop/projects/ISL PROJECT/include_videos/Places/30. Hospital/MVI_3318.MOV,Places/30. Hospital/MVI_3318.MOV,72,Places__30. Hospital__MVI_3318.npy,skipped,,,,
Places,30. Hospital,MVI_3397,/Users/yamini/Desktop/projects/ISL PROJECT/include_videos/Places/30. Hospital/MVI_3397.MOV,Places/30. Hospital/MVI_3397.MOV,78,Places__30. Hospital__MVI_3397.npy,skipped,,,,
Places,30. Hospital,MVI_3398,/Users/yamini/Desktop/projects/ISL PROJECT/include_videos/Places/30. Hospital/MVI_3398.MOV,Places/30. Hospital/MVI_3398.MOV,70,Places__30. Hospital__MVI_3398.npy,skipped,,,,
Places,30. Hospital,MVI_3399,/Users/yamini/Desktop/projects/ISL PROJECT/include_videos/Places/30. Hospital/MVI_3399.MOV,Places/30. Hospital/MVI_3399.MOV,65,Places__30. Hospital__MVI_3399.npy,skipped,,,,
Places,30. Hospital,MVI_3400,/Users/yamini/Desktop/projects/ISL PROJECT/include_videos/Places/30. Hospital/MVI_3400.MOV,Places/30. Hospital/MVI_3400.MOV,71,Places__30. Hospital__MVI_3400.npy,skipped,,,,
Places,30. Hospital,MVI_3480,/Users/yamini/Desktop/projects/ISL PROJECT/include_videos/Places/30. Hospital/MVI_3480.MOV,Places/30. Hospital/MVI_3480.MOV,66,Places__30. Hospital__MVI_3480.npy,skipped,,,,
Places,30. Hospital,MVI_3481,/Users/yamini/Desktop/projects/ISL PROJECT/include_videos/Places/30. Hospital/MVI_3481.MOV,Places/30. Hospital/MVI_3481.MOV,69,Places__30. Hospital__MVI_3481.npy,skipped,,,,
Places,30. Hospital,MVI_3482,/Users/yamini/Desktop/projects/ISL PROJECT/include_videos/Places/30. Hospital/MVI_3482.MOV,Places/30. Hospital/MVI_3482.MOV,63,Places__30. Hospital__MVI_3482.npy,skipped,,,,
Places,30. Hospital,MVI_3483,/Users/yamini/Desktop/projects/ISL PROJECT/include_videos/Places/30. Hospital/MVI_3483.MOV,Places/30. Hospital/MVI_3483.MOV,61,Places__30. Hospital__MVI_3483.npy,skipped,,,,
Places,30. Hospital,MVI_3560,/Users/yamini/Desktop/projects/ISL PROJECT/include_videos/Places/30. Hospital/MVI_3560.MOV,Places/30. Hospital/MVI_3560.MOV,59,Places__30. Hospital__MVI_3560.npy,skipped,,,,
Places,30. Hospital,MVI_3561,/Users/yamini/Desktop/projects/ISL PROJECT/include_videos/Places/30. Hospital/MVI_3561.MOV,Places/30. Hospital/MVI_3561.MOV,56,Places__30. Hospital__MVI_3561.npy,skipped,,,,
Places,30. Hospital,MVI_3562,/Users/yamini/Desktop/projects/ISL PROJECT/include_videos/Places/30. Hospital/MVI_3562.MOV,Places/30. Hospital/MVI_3562.MOV,59,Places__30. Hospital__MVI_3562.npy,skipped,,,,
Places,30. Hospital,MVI_3563,/Users/yamini/Desktop/projects/ISL PROJECT/include_videos/Places/30. Hospital/MVI_3563.MOV,Places/30. Hospital/MVI_3563.MOV,65,Places__30. Hospital__MVI_3563.npy,skipped,,,,
Places,30. Hospital,MVI_3638,/Users/yamini/Desktop/projects/ISL PROJECT/include_videos/Places/30. Hospital/MVI_3638.MOV,Places/30. Hospital/MVI_3638.MOV,65,Places__30. Hospital__MVI_3638.npy,skipped,,,,
Places,30. Hospital,MVI_3639,/Users/yamini/Desktop/projects/ISL PROJECT/include_videos/Places/30. Hospital/MVI_3639.MOV,Places/30. Hospital/MVI_3639.MOV,54,Places__30. Hospital__MVI_3639.npy,skipped,,,,
Places,30. Hospital,MVI_3640,/Users/yamini/Desktop/projects/ISL PROJECT/include_videos/Places/30. Hospital/MVI_3640.MOV,Places/30. Hospital/MVI_3640.MOV,56,Places__30. Hospital__MVI_3640.npy,skipped,,,,
Places,30. Hospital,MVI_3641,/Users/yamini/Desktop/projects/ISL PROJECT/include_videos/Places/30. Hospital/MVI_3641.MOV,Places/30. Hospital/MVI_3641.MOV,58,Places__30. Hospital__MVI_3641.npy,skipped,,,,
Places,31. Temple,MVI_3646,/Users/yamini/Desktop/projects/ISL PROJECT/include_videos/Places/31. Temple/Extra/MVI_3646.MOV,Places/31. Temple/Extra/MVI_3646.MOV,71,Places__31. Temple__MVI_3646.npy,ok,22.0,22.0,17.0,7.0
Places,31. Temple,MVI_3319,/Users/yamini/Desktop/projects/ISL PROJECT/include_videos/Places/31. Temple/MVI_3319.MOV,Places/31. Temple/MVI_3319.MOV,78,Places__31. Temple__MVI_3319.npy,skipped,,,,
Places,31. Temple,MVI_3320,/Users/yamini/Desktop/projects/ISL PROJECT/include_videos/Places/31. Temple/MVI_3320.MOV,Places/31. Temple/MVI_3320.MOV,94,Places__31. Temple__MVI_3320.npy,skipped,,,,
Places,31. Temple,MVI_3321,/Users/yamini/Desktop/projects/ISL PROJECT/include_videos/Places/31. Temple/MVI_3321.MOV,Places/31. Temple/MVI_3321.MOV,81,Places__31. Temple__MVI_3321.npy,skipped,,,,
Places,31. Temple,MVI_3322,/Users/yamini/Desktop/projects/ISL PROJECT/include_videos/Places/31. Temple/MVI_3322.MOV,Places/31. Temple/MVI_3322.MOV,83,Places__31. Temple__MVI_3322.npy,skipped,,,,
Places,31. Temple,MVI_3401,/Users/yamini/Desktop/projects/ISL PROJECT/include_videos/Places/31. Temple/MVI_3401.MOV,Places/31. Temple/MVI_3401.MOV,78,Places__31. Temple__MVI_3401.npy,skipped,,,,
Places,31. Temple,MVI_3402,/Users/yamini/Desktop/projects/ISL PROJECT/include_videos/Places/31. Temple/MVI_3402.MOV,Places/31. Temple/MVI_3402.MOV,66,Places__31. Temple__MVI_3402.npy,skipped,,,,
Places,31. Temple,MVI_3403,/Users/yamini/Desktop/projects/ISL PROJECT/include_videos/Places/31. Temple/MVI_3403.MOV,Places/31. Temple/MVI_3403.MOV,62,Places__31. Temple__MVI_3403.npy,skipped,,,,
Places,31. Temple,MVI_3404,/Users/yamini/Desktop/projects/ISL PROJECT/include_videos/Places/31. Temple/MVI_3404.MOV,Places/31. Temple/MVI_3404.MOV,73,Places__31. Temple__MVI_3404.npy,skipped,,,,
Places,31. Temple,MVI_3484,/Users/yamini/Desktop/projects/ISL PROJECT/include_videos/Places/31. Temple/MVI_3484.MOV,Places/31. Temple/MVI_3484.MOV,82,Places__31. Temple__MVI_3484.npy,skipped,,,,
Places,31. Temple,MVI_3485,/Users/yamini/Desktop/projects/ISL PROJECT/include_videos/Places/31. Temple/MVI_3485.MOV,Places/31. Temple/MVI_3485.MOV,82,Places__31. Temple__MVI_3485.npy,skipped,,,,
Places,31. Temple,MVI_3486,/Users/yamini/Desktop/projects/ISL PROJECT/include_videos/Places/31. Temple/MVI_3486.MOV,Places/31. Temple/MVI_3486.MOV,91,Places__31. Temple__MVI_3486.npy,skipped,,,,
Places,31. Temple,MVI_3487,/Users/yamini/Desktop/projects/ISL PROJECT/include_videos/Places/31. Temple/MVI_3487.MOV,Places/31. Temple/MVI_3487.MOV,83,Places__31. Temple__MVI_3487.npy,skipped,,,,
Places,31. Temple,MVI_3564,/Users/yamini/Desktop/projects/ISL PROJECT/include_videos/Places/31. Temple/MVI_3564.MOV,Places/31. Temple/MVI_3564.MOV,70,Places__31. Temple__MVI_3564.npy,skipped,,,,
Places,31. Temple,MVI_3565,/Users/yamini/Desktop/projects/ISL PROJECT/include_videos/Places/31. Temple/MVI_3565.MOV,Places/31. Temple/MVI_3565.MOV,75,Places__31. Temple__MVI_3565.npy,skipped,,,,
Places,31. Temple,MVI_3566,/Users/yamini/Desktop/projects/ISL PROJECT/include_videos/Places/31. Temple/MVI_3566.MOV,Places/31. Temple/MVI_3566.MOV,76,Places__31. Temple__MVI_3566.npy,skipped,,,,
Places,31. Temple,MVI_3567,/Users/yamini/Desktop/projects/ISL PROJECT/include_videos/Places/31. Temple/MVI_3567.MOV,Places/31. Temple/MVI_3567.MOV,79,Places__31. Temple__MVI_3567.npy,skipped,,,,
Places,31. Temple,MVI_3642,/Users/yamini/Desktop/projects/ISL PROJECT/include_videos/Places/31. Temple/MVI_3642.MOV,Places/31. Temple/MVI_3642.MOV,77,Places__31. Temple__MVI_3642.npy,skipped,,,,
Places,31. Temple,MVI_3643,/Users/yamini/Desktop/projects/ISL PROJECT/include_videos/Places/31. Temple/MVI_3643.MOV,Places/31. Temple/MVI_3643.MOV,63,Places__31. Temple__MVI_3643.npy,skipped,,,,
Places,31. Temple,MVI_3644,/Users/yamini/Desktop/projects/ISL PROJECT/include_videos/Places/31. Temple/MVI_3644.MOV,Places/31. Temple/MVI_3644.MOV,63,Places__31. Temple__MVI_3644.npy,skipped,,,,
Places,31. Temple,MVI_3645,/Users/yamini/Desktop/projects/ISL PROJECT/include_videos/Places/31. Temple/MVI_3645.MOV,Places/31. Temple/MVI_3645.MOV,75,Places__31. Temple__MVI_3645.npy,skipped,,,,
Places,32. Market,MVI_3409,/Users/yamini/Desktop/projects/ISL PROJECT/include_videos/Places/32. Market/Extra/MVI_3409.MOV,Places/32. Market/Extra/MVI_3409.MOV,59,Places__32. Market__MVI_3409.npy,ok,41.0,36.0,40.0,36.0
Places,32. Market,MVI_3323,/Users/yamini/Desktop/projects/ISL PROJECT/include_videos/Places/32. Market/MVI_3323.MOV,Places/32. Market/MVI_3323.MOV,69,Places__32. Market__MVI_3323.npy,skipped,,,,
Places,32. Market,MVI_3324,/Users/yamini/Desktop/projects/ISL PROJECT/include_videos/Places/32. Market/MVI_3324.MOV,Places/32. Market/MVI_3324.MOV,69,Places__32. Market__MVI_3324.npy,skipped,,,,
Places,32. Market,MVI_3325,/Users/yamini/Desktop/projects/ISL PROJECT/include_videos/Places/32. Market/MVI_3325.MOV,Places/32. Market/MVI_3325.MOV,62,Places__32. Market__MVI_3325.npy,skipped,,,,
Places,32. Market,MVI_3326,/Users/yamini/Desktop/projects/ISL PROJECT/include_videos/Places/32. Market/MVI_3326.MOV,Places/32. Market/MVI_3326.MOV,66,Places__32. Market__MVI_3326.npy,skipped,,,,
Places,32. Market,MVI_3405,/Users/yamini/Desktop/projects/ISL PROJECT/include_videos/Places/32. Market/MVI_3405.MOV,Places/32. Market/MVI_3405.MOV,89,Places__32. Market__MVI_3405.npy,skipped,,,,
Places,32. Market,MVI_3406,/Users/yamini/Desktop/projects/ISL PROJECT/include_videos/Places/32. Market/MVI_3406.MOV,Places/32. Market/MVI_3406.MOV,57,Places__32. Market__MVI_3406.npy,skipped,,,,
Places,32. Market,MVI_3407,/Users/yamini/Desktop/projects/ISL PROJECT/include_videos/Places/32. Market/MVI_3407.MOV,Places/32. Market/MVI_3407.MOV,61,Places__32. Market__MVI_3407.npy,skipped,,,,
Places,32. Market,MVI_3408,/Users/yamini/Desktop/projects/ISL PROJECT/include_videos/Places/32. Market/MVI_3408.MOV,Places/32. Market/MVI_3408.MOV,57,Places__32. Market__MVI_3408.npy,skipped,,,,
Places,32. Market,MVI_3488,/Users/yamini/Desktop/projects/ISL PROJECT/include_videos/Places/32. Market/MVI_3488.MOV,Places/32. Market/MVI_3488.MOV,50,Places__32. Market__MVI_3488.npy,skipped,,,,
Places,32. Market,MVI_3489,/Users/yamini/Desktop/projects/ISL PROJECT/include_videos/Places/32. Market/MVI_3489.MOV,Places/32. Market/MVI_3489.MOV,44,Places__32. Market__MVI_3489.npy,skipped,,,,
Places,32. Market,MVI_3490,/Users/yamini/Desktop/projects/ISL PROJECT/include_videos/Places/32. Market/MVI_3490.MOV,Places/32. Market/MVI_3490.MOV,56,Places__32. Market__MVI_3490.npy,skipped,,,,
Places,32. Market,MVI_3491,/Users/yamini/Desktop/projects/ISL PROJECT/include_videos/Places/32. Market/MVI_3491.MOV,Places/32. Market/MVI_3491.MOV,49,Places__32. Market__MVI_3491.npy,skipped,,,,
Places,32. Market,MVI_3569,/Users/yamini/Desktop/projects/ISL PROJECT/include_videos/Places/32. Market/MVI_3569.MOV,Places/32. Market/MVI_3569.MOV,59,Places__32. Market__MVI_3569.npy,skipped,,,,
Places,32. Market,MVI_3570,/Users/yamini/Desktop/projects/ISL PROJECT/include_videos/Places/32. Market/MVI_3570.MOV,Places/32. Market/MVI_3570.MOV,50,Places__32. Market__MVI_3570.npy,skipped,,,,
Places,32. Market,MVI_3571,/Users/yamini/Desktop/projects/ISL PROJECT/include_videos/Places/32. Market/MVI_3571.MOV,Places/32. Market/MVI_3571.MOV,49,Places__32. Market__MVI_3571.npy,skipped,,,,
Places,32. Market,MVI_3572,/Users/yamini/Desktop/projects/ISL PROJECT/include_videos/Places/32. Market/MVI_3572.MOV,Places/32. Market/MVI_3572.MOV,51,Places__32. Market__MVI_3572.npy,skipped,,,,
Places,32. Market,MVI_3647,/Users/yamini/Desktop/projects/ISL PROJECT/include_videos/Places/32. Market/MVI_3647.MOV,Places/32. Market/MVI_3647.MOV,53,Places__32. Market__MVI_3647.npy,skipped,,,,
Places,32. Market,MVI_3648,/Users/yamini/Desktop/projects/ISL PROJECT/include_videos/Places/32. Market/MVI_3648.MOV,Places/32. Market/MVI_3648.MOV,50,Places__32. Market__MVI_3648.npy,skipped,,,,
Places,32. Market,MVI_3649,/Users/yamini/Desktop/projects/ISL PROJECT/include_videos/Places/32. Market/MVI_3649.MOV,Places/32. Market/MVI_3649.MOV,48,Places__32. Market__MVI_3649.npy,skipped,,,,
Places,32. Market,MVI_3650,/Users/yamini/Desktop/projects/ISL PROJECT/include_videos/Places/32. Market/MVI_3650.MOV,Places/32. Market/MVI_3650.MOV,49,Places__32. Market__MVI_3650.npy,skipped,,,,
Places,33. India,MVI_3655,/Users/yamini/Desktop/projects/ISL PROJECT/include_videos/Places/33. India/Extra/MVI_3655.MOV,Places/33. India/Extra/MVI_3655.MOV,54,Places__33. India__MVI_3655.npy,ok,0.0,18.0,0.0,16.0
Places,33. India,MVI_3327,/Users/yamini/Desktop/projects/ISL PROJECT/include_videos/Places/33. India/MVI_3327.MOV,Places/33. India/MVI_3327.MOV,70,Places__33. India__MVI_3327.npy,skipped,,,,
Places,33. India,MVI_3328,/Users/yamini/Desktop/projects/ISL PROJECT/include_videos/Places/33. India/MVI_3328.MOV,Places/33. India/MVI_3328.MOV,60,Places__33. India__MVI_3328.npy,skipped,,,,
Places,33. India,MVI_3329,/Users/yamini/Desktop/projects/ISL PROJECT/include_videos/Places/33. India/MVI_3329.MOV,Places/33. India/MVI_3329.MOV,63,Places__33. India__MVI_3329.npy,skipped,,,,
Places,33. India,MVI_3330,/Users/yamini/Desktop/projects/ISL PROJECT/include_videos/Places/33. India/MVI_3330.MOV,Places/33. India/MVI_3330.MOV,62,Places__33. India__MVI_3330.npy,skipped,,,,
Places,33. India,MVI_3410,/Users/yamini/Desktop/projects/ISL PROJECT/include_videos/Places/33. India/MVI_3410.MOV,Places/33. India/MVI_3410.MOV,62,Places__33. India__MVI_3410.npy,skipped,,,,
Places,33. India,MVI_3411,/Users/yamini/Desktop/projects/ISL PROJECT/include_videos/Places/33. India/MVI_3411.MOV,Places/33. India/MVI_3411.MOV,68,Places__33. India__MVI_3411.npy,skipped,,,,
Places,33. India,MVI_3412,/Users/yamini/Desktop/projects/ISL PROJECT/include_videos/Places/33. India/MVI_3412.MOV,Places/33. India/MVI_3412.MOV,53,Places__33. India__MVI_3412.npy,skipped,,,,
Places,33. India,MVI_3413,/Users/yamini/Desktop/projects/ISL PROJECT/include_videos/Places/33. India/MVI_3413.MOV,Places/33. India/MVI_3413.MOV,59,Places__33. India__MVI_3413.npy,skipped,,,,
Places,33. India,MVI_3492,/Users/yamini/Desktop/projects/ISL PROJECT/include_videos/Places/33. India/MVI_3492.MOV,Places/33. India/MVI_3492.MOV,48,Places__33. India__MVI_3492.npy,skipped,,,,
Places,33. India,MVI_3493,/Users/yamini/Desktop/projects/ISL PROJECT/include_videos/Places/33. India/MVI_3493.MOV,Places/33. India/MVI_3493.MOV,51,Places__33. India__MVI_3493.npy,skipped,,,,
Places,33. India,MVI_3494,/Users/yamini/Desktop/projects/ISL PROJECT/include_videos/Places/33. India/MVI_3494.MOV,Places/33. India/MVI_3494.MOV,44,Places__33. India__MVI_3494.npy,skipped,,,,
Places,33. India,MVI_3495,/Users/yamini/Desktop/projects/ISL PROJECT/include_videos/Places/33. India/MVI_3495.MOV,Places/33. India/MVI_3495.MOV,49,Places__33. India__MVI_3495.npy,skipped,,,,
Places,33. India,MVI_3573,/Users/yamini/Desktop/projects/ISL PROJECT/include_videos/Places/33. India/MVI_3573.MOV,Places/33. India/MVI_3573.MOV,54,Places__33. India__MVI_3573.npy,skipped,,,,
Places,33. India,MVI_3574,/Users/yamini/Desktop/projects/ISL PROJECT/include_videos/Places/33. India/MVI_3574.MOV,Places/33. India/MVI_3574.MOV,40,Places__33. India__MVI_3574.npy,skipped,,,,
Places,33. India,MVI_3575,/Users/yamini/Desktop/projects/ISL PROJECT/include_videos/Places/33. India/MVI_3575.MOV,Places/33. India/MVI_3575.MOV,49,Places__33. India__MVI_3575.npy,skipped,,,,
Places,33. India,MVI_3576,/Users/yamini/Desktop/projects/ISL PROJECT/include_videos/Places/33. India/MVI_3576.MOV,Places/33. India/MVI_3576.MOV,48,Places__33. India__MVI_3576.npy,skipped,,,,
Places,33. India,MVI_3651,/Users/yamini/Desktop/projects/ISL PROJECT/include_videos/Places/33. India/MVI_3651.MOV,Places/33. India/MVI_3651.MOV,50,Places__33. India__MVI_3651.npy,skipped,,,,
Places,33. India,MVI_3652,/Users/yamini/Desktop/projects/ISL PROJECT/include_videos/Places/33. India/MVI_3652.MOV,Places/33. India/MVI_3652.MOV,49,Places__33. India__MVI_3652.npy,skipped,,,,
Places,33. India,MVI_3653,/Users/yamini/Desktop/projects/ISL PROJECT/include_videos/Places/33. India/MVI_3653.MOV,Places/33. India/MVI_3653.MOV,43,Places__33. India__MVI_3653.npy,skipped,,,,
Places,33. India,MVI_3654,/Users/yamini/Desktop/projects/ISL PROJECT/include_videos/Places/33. India/MVI_3654.MOV,Places/33. India/MVI_3654.MOV,55,Places__33. India__MVI_3654.npy,skipped,,,,
Places,34. Ground,MVI_3660,/Users/yamini/Desktop/projects/ISL PROJECT/include_videos/Places/34. Ground/Extra/MVI_3660.MOV,Places/34. Ground/Extra/MVI_3660.MOV,49,Places__34. Ground__MVI_3660.npy,ok,15.0,13.0,13.0,12.0
Places,34. Ground,MVI_3331,/Users/yamini/Desktop/projects/ISL PROJECT/include_videos/Places/34. Ground/MVI_3331.MOV,Places/34. Ground/MVI_3331.MOV,73,Places__34. Ground__MVI_3331.npy,skipped,,,,
Places,34. Ground,MVI_3332,/Users/yamini/Desktop/projects/ISL PROJECT/include_videos/Places/34. Ground/MVI_3332.MOV,Places/34. Ground/MVI_3332.MOV,65,Places__34. Ground__MVI_3332.npy,skipped,,,,
Places,34. Ground,MVI_3333,/Users/yamini/Desktop/projects/ISL PROJECT/include_videos/Places/34. Ground/MVI_3333.MOV,Places/34. Ground/MVI_3333.MOV,64,Places__34. Ground__MVI_3333.npy,skipped,,,,
Places,34. Ground,MVI_3334,/Users/yamini/Desktop/projects/ISL PROJECT/include_videos/Places/34. Ground/MVI_3334.MOV,Places/34. Ground/MVI_3334.MOV,65,Places__34. Ground__MVI_3334.npy,skipped,,,,
Places,34. Ground,MVI_3414,/Users/yamini/Desktop/projects/ISL PROJECT/include_videos/Places/34. Ground/MVI_3414.MOV,Places/34. Ground/MVI_3414.MOV,69,Places__34. Ground__MVI_3414.npy,skipped,,,,
Places,34. Ground,MVI_3415,/Users/yamini/Desktop/projects/ISL PROJECT/include_videos/Places/34. Ground/MVI_3415.MOV,Places/34. Ground/MVI_3415.MOV,73,Places__34. Ground__MVI_3415.npy,skipped,,,,
Places,34. Ground,MVI_3416,/Users/yamini/Desktop/projects/ISL PROJECT/include_videos/Places/34. Ground/MVI_3416.MOV,Places/34. Ground/MVI_3416.MOV,64,Places__34. Ground__MVI_3416.npy,skipped,,,,
Places,34. Ground,MVI_3417,/Users/yamini/Desktop/projects/ISL PROJECT/include_videos/Places/34. Ground/MVI_3417.MOV,Places/34. Ground/MVI_3417.MOV,71,Places__34. Ground__MVI_3417.npy,skipped,,,,
Places,34. Ground,MVI_3496,/Users/yamini/Desktop/projects/ISL PROJECT/include_videos/Places/34. Ground/MVI_3496.MOV,Places/34. Ground/MVI_3496.MOV,51,Places__34. Ground__MVI_3496.npy,skipped,,,,
Places,34. Ground,MVI_3497,/Users/yamini/Desktop/projects/ISL PROJECT/include_videos/Places/34. Ground/MVI_3497.MOV,Places/34. Ground/MVI_3497.MOV,48,Places__34. Ground__MVI_3497.npy,skipped,,,,
Places,34. Ground,MVI_3498,/Users/yamini/Desktop/projects/ISL PROJECT/include_videos/Places/34. Ground/MVI_3498.MOV,Places/34. Ground/MVI_3498.MOV,55,Places__34. Ground__MVI_3498.npy,skipped,,,,
Places,34. Ground,MVI_3499,/Users/yamini/Desktop/projects/ISL PROJECT/include_videos/Places/34. Ground/MVI_3499.MOV,Places/34. Ground/MVI_3499.MOV,44,Places__34. Ground__MVI_3499.npy,skipped,,,,
Places,34. Ground,MVI_3577,/Users/yamini/Desktop/projects/ISL PROJECT/include_videos/Places/34. Ground/MVI_3577.MOV,Places/34. Ground/MVI_3577.MOV,53,Places__34. Ground__MVI_3577.npy,skipped,,,,
Places,34. Ground,MVI_3578,/Users/yamini/Desktop/projects/ISL PROJECT/include_videos/Places/34. Ground/MVI_3578.MOV,Places/34. Ground/MVI_3578.MOV,53,Places__34. Ground__MVI_3578.npy,skipped,,,,
Places,34. Ground,MVI_3579,/Users/yamini/Desktop/projects/ISL PROJECT/include_videos/Places/34. Ground/MVI_3579.MOV,Places/34. Ground/MVI_3579.MOV,51,Places__34. Ground__MVI_3579.npy,skipped,,,,
Places,34. Ground,MVI_3580,/Users/yamini/Desktop/projects/ISL PROJECT/include_videos/Places/34. Ground/MVI_3580.MOV,Places/34. Ground/MVI_3580.MOV,49,Places__34. Ground__MVI_3580.npy,skipped,,,,
Places,34. Ground,MVI_3656,/Users/yamini/Desktop/projects/ISL PROJECT/include_videos/Places/34. Ground/MVI_3656.MOV,Places/34. Ground/MVI_3656.MOV,57,Places__34. Ground__MVI_3656.npy,skipped,,,,
Places,34. Ground,MVI_3657,/Users/yamini/Desktop/projects/ISL PROJECT/include_videos/Places/34. Ground/MVI_3657.MOV,Places/34. Ground/MVI_3657.MOV,58,Places__34. Ground__MVI_3657.npy,skipped,,,,
Places,34. Ground,MVI_3658,/Users/yamini/Desktop/projects/ISL PROJECT/include_videos/Places/34. Ground/MVI_3658.MOV,Places/34. Ground/MVI_3658.MOV,56,Places__34. Ground__MVI_3658.npy,skipped,,,,
Places,34. Ground,MVI_3659,/Users/yamini/Desktop/projects/ISL PROJECT/include_videos/Places/34. Ground/MVI_3659.MOV,Places/34. Ground/MVI_3659.MOV,56,Places__34. Ground__MVI_3659.npy,skipped,,,,
Places,35. Bank,MVI_3339,/Users/yamini/Desktop/projects/ISL PROJECT/include_videos/Places/35. Bank/Extra/MVI_3339.MOV,Places/35. Bank/Extra/MVI_3339.MOV,63,Places__35. Bank__MVI_3339.npy,ok,22.0,16.0,7.0,6.0
Places,35. Bank,MVI_3420,/Users/yamini/Desktop/projects/ISL PROJECT/include_videos/Places/35. Bank/Extra/MVI_3420.MOV,Places/35. Bank/Extra/MVI_3420.MOV,66,Places__35. Bank__MVI_3420.npy,ok,43.0,15.0,35.0,14.0
Places,35. Bank,MVI_3335,/Users/yamini/Desktop/projects/ISL PROJECT/include_videos/Places/35. Bank/MVI_3335.MOV,Places/35. Bank/MVI_3335.MOV,74,Places__35. Bank__MVI_3335.npy,skipped,,,,
Places,35. Bank,MVI_3336,/Users/yamini/Desktop/projects/ISL PROJECT/include_videos/Places/35. Bank/MVI_3336.MOV,Places/35. Bank/MVI_3336.MOV,63,Places__35. Bank__MVI_3336.npy,skipped,,,,
Places,35. Bank,MVI_3337,/Users/yamini/Desktop/projects/ISL PROJECT/include_videos/Places/35. Bank/MVI_3337.MOV,Places/35. Bank/MVI_3337.MOV,62,Places__35. Bank__MVI_3337.npy,skipped,,,,
Places,35. Bank,MVI_3338,/Users/yamini/Desktop/projects/ISL PROJECT/include_videos/Places/35. Bank/MVI_3338.MOV,Places/35. Bank/MVI_3338.MOV,63,Places__35. Bank__MVI_3338.npy,skipped,,,,
Places,35. Bank,MVI_3419,/Users/yamini/Desktop/projects/ISL PROJECT/include_videos/Places/35. Bank/MVI_3419.MOV,Places/35. Bank/MVI_3419.MOV,82,Places__35. Bank__MVI_3419.npy,skipped,,,,
Places,35. Bank,MVI_3421,/Users/yamini/Desktop/projects/ISL PROJECT/include_videos/Places/35. Bank/MVI_3421.MOV,Places/35. Bank/MVI_3421.MOV,59,Places__35. Bank__MVI_3421.npy,skipped,,,,
Places,35. Bank,MVI_3422,/Users/yamini/Desktop/projects/ISL PROJECT/include_videos/Places/35. Bank/MVI_3422.MOV,Places/35. Bank/MVI_3422.MOV,59,Places__35. Bank__MVI_3422.npy,skipped,,,,
Places,35. Bank,MVI_3423,/Users/yamini/Desktop/projects/ISL PROJECT/include_videos/Places/35. Bank/MVI_3423.MOV,Places/35. Bank/MVI_3423.MOV,70,Places__35. Bank__MVI_3423.npy,skipped,,,,
Places,35. Bank,MVI_3500,/Users/yamini/Desktop/projects/ISL PROJECT/include_videos/Places/35. Bank/MVI_3500.MOV,Places/35. Bank/MVI_3500.MOV,44,Places__35. Bank__MVI_3500.npy,skipped,,,,
Places,35. Bank,MVI_3501,/Users/yamini/Desktop/projects/ISL PROJECT/include_videos/Places/35. Bank/MVI_3501.MOV,Places/35. Bank/MVI_3501.MOV,41,Places__35. Bank__MVI_3501.npy,skipped,,,,
Places,35. Bank,MVI_3502,/Users/yamini/Desktop/projects/ISL PROJECT/include_videos/Places/35. Bank/MVI_3502.MOV,Places/35. Bank/MVI_3502.MOV,48,Places__35. Bank__MVI_3502.npy,skipped,,,,
Places,35. Bank,MVI_3503,/Users/yamini/Desktop/projects/ISL PROJECT/include_videos/Places/35. Bank/MVI_3503.MOV,Places/35. Bank/MVI_3503.MOV,45,Places__35. Bank__MVI_3503.npy,skipped,,,,
Places,35. Bank,MVI_3581,/Users/yamini/Desktop/projects/ISL PROJECT/include_videos/Places/35. Bank/MVI_3581.MOV,Places/35. Bank/MVI_3581.MOV,50,Places__35. Bank__MVI_3581.npy,skipped,,,,
Places,35. Bank,MVI_3582,/Users/yamini/Desktop/projects/ISL PROJECT/include_videos/Places/35. Bank/MVI_3582.MOV,Places/35. Bank/MVI_3582.MOV,51,Places__35. Bank__MVI_3582.npy,skipped,,,,
Places,35. Bank,MVI_3583,/Users/yamini/Desktop/projects/ISL PROJECT/include_videos/Places/35. Bank/MVI_3583.MOV,Places/35. Bank/MVI_3583.MOV,45,Places__35. Bank__MVI_3583.npy,skipped,,,,
Places,35. Bank,MVI_3584,/Users/yamini/Desktop/projects/ISL PROJECT/include_videos/Places/35. Bank/MVI_3584.MOV,Places/35. Bank/MVI_3584.MOV,50,Places__35. Bank__MVI_3584.npy,skipped,,,,
Places,35. Bank,MVI_3661,/Users/yamini/Desktop/projects/ISL PROJECT/include_videos/Places/35. Bank/MVI_3661.MOV,Places/35. Bank/MVI_3661.MOV,44,Places__35. Bank__MVI_3661.npy,skipped,,,,
Places,35. Bank,MVI_3662,/Users/yamini/Desktop/projects/ISL PROJECT/include_videos/Places/35. Bank/MVI_3662.MOV,Places/35. Bank/MVI_3662.MOV,43,Places__35. Bank__MVI_3662.npy,skipped,,,,
Places,35. Bank,MVI_3663,/Users/yamini/Desktop/projects/ISL PROJECT/include_videos/Places/35. Bank/MVI_3663.MOV,Places/35. Bank/MVI_3663.MOV,44,Places__35. Bank__MVI_3663.npy,skipped,,,,
Places,35. Bank,MVI_3664,/Users/yamini/Desktop/projects/ISL PROJECT/include_videos/Places/35. Bank/MVI_3664.MOV,Places/35. Bank/MVI_3664.MOV,47,Places__35. Bank__MVI_3664.npy,skipped,,,,
Places,36. Location,MVI_3429,/Users/yamini/Desktop/projects/ISL PROJECT/include_videos/Places/36. Location/Extra/MVI_3429.MOV,Places/36. Location/Extra/MVI_3429.MOV,63,Places__36. Location__MVI_3429.npy,ok,33.0,16.0,33.0,15.0
Places,36. Location,MVI_3674,/Users/yamini/Desktop/projects/ISL PROJECT/include_videos/Places/36. Location/Extra/MVI_3674.MOV,Places/36. Location/Extra/MVI_3674.MOV,63,Places__36. Location__MVI_3674.npy,ok,26.0,28.0,18.0,6.0
Places,36. Location,MVI_3341,/Users/yamini/Desktop/projects/ISL PROJECT/include_videos/Places/36. Location/MVI_3341.MOV,Places/36. Location/MVI_3341.MOV,70,Places__36. Location__MVI_3341.npy,skipped,,,,
Places,36. Location,MVI_3342,/Users/yamini/Desktop/projects/ISL PROJECT/include_videos/Places/36. Location/MVI_3342.MOV,Places/36. Location/MVI_3342.MOV,74,Places__36. Location__MVI_3342.npy,skipped,,,,
Places,36. Location,MVI_3343,/Users/yamini/Desktop/projects/ISL PROJECT/include_videos/Places/36. Location/MVI_3343.MOV,Places/36. Location/MVI_3343.MOV,56,Places__36. Location__MVI_3343.npy,skipped,,,,
Places,36. Location,MVI_3344,/Users/yamini/Desktop/projects/ISL PROJECT/include_videos/Places/36. Location/MVI_3344.MOV,Places/36. Location/MVI_3344.MOV,63,Places__36. Location__MVI_3344.npy,skipped,,,,
Places,36. Location,MVI_3425,/Users/yamini/Desktop/projects/ISL PROJECT/include_videos/Places/36. Location/MVI_3425.MOV,Places/36. Location/MVI_3425.MOV,60,Places__36. Location__MVI_3425.npy,skipped,,,,
Places,36. Location,MVI_3426,/Users/yamini/Desktop/projects/ISL PROJECT/include_videos/Places/36. Location/MVI_3426.MOV,Places/36. Location/MVI_3426.MOV,61,Places__36. Location__MVI_3426.npy,skipped,,,,
Places,36. Location,MVI_3427,/Users/yamini/Desktop/projects/ISL PROJECT/include_videos/Places/36. Location/MVI_3427.MOV,Places/36. Location/MVI_3427.MOV,61,Places__36. Location__MVI_3427.npy,skipped,,,,
Places,36. Location,MVI_3428,/Users/yamini/Desktop/projects/ISL PROJECT/include_videos/Places/36. Location/MVI_3428.MOV,Places/36. Location/MVI_3428.MOV,57,Places__36. Location__MVI_3428.npy,skipped,,,,
Places,36. Location,MVI_3504,/Users/yamini/Desktop/projects/ISL PROJECT/include_videos/Places/36. Location/MVI_3504.MOV,Places/36. Location/MVI_3504.MOV,44,Places__36. Location__MVI_3504.npy,skipped,,,,
Places,36. Location,MVI_3505,/Users/yamini/Desktop/projects/ISL PROJECT/include_videos/Places/36. Location/MVI_3505.MOV,Places/36. Location/MVI_3505.MOV,42,Places__36. Location__MVI_3505.npy,skipped,,,,
Places,36. Location,MVI_3506,/Users/yamini/Desktop/projects/ISL PROJECT/include_videos/Places/36. Location/MVI_3506.MOV,Places/36. Location/MVI_3506.MOV,49,Places__36. Location__MVI_3506.npy,skipped,,,,
Places,36. Location,MVI_3507,/Users/yamini/Desktop/projects/ISL PROJECT/include_videos/Places/36. Location/MVI_3507.MOV,Places/36. Location/MVI_3507.MOV,51,Places__36. Location__MVI_3507.npy,skipped,,,,
Places,36. Location,MVI_3585,/Users/yamini/Desktop/projects/ISL PROJECT/include_videos/Places/36. Location/MVI_3585.MOV,Places/36. Location/MVI_3585.MOV,52,Places__36. Location__MVI_3585.npy,skipped,,,,
Places,36. Location,MVI_3586,/Users/yamini/Desktop/projects/ISL PROJECT/include_videos/Places/36. Location/MVI_3586.MOV,Places/36. Location/MVI_3586.MOV,41,Places__36. Location__MVI_3586.npy,skipped,,,,
Places,36. Location,MVI_3587,/Users/yamini/Desktop/projects/ISL PROJECT/include_videos/Places/36. Location/MVI_3587.MOV,Places/36. Location/MVI_3587.MOV,56,Places__36. Location__MVI_3587.npy,skipped,,,,
Places,36. Location,MVI_3588,/Users/yamini/Desktop/projects/ISL PROJECT/include_videos/Places/36. Location/MVI_3588.MOV,Places/36. Location/MVI_3588.MOV,51,Places__36. Location__MVI_3588.npy,skipped,,,,
Places,36. Location,MVI_3669,/Users/yamini/Desktop/projects/ISL PROJECT/include_videos/Places/36. Location/MVI_3669.MOV,Places/36. Location/MVI_3669.MOV,71,Places__36. Location__MVI_3669.npy,skipped,,,,
Places,36. Location,MVI_3671,/Users/yamini/Desktop/projects/ISL PROJECT/include_videos/Places/36. Location/MVI_3671.MOV,Places/36. Location/MVI_3671.MOV,64,Places__36. Location__MVI_3671.npy,skipped,,,,
Places,36. Location,MVI_3672,/Users/yamini/Desktop/projects/ISL PROJECT/include_videos/Places/36. Location/MVI_3672.MOV,Places/36. Location/MVI_3672.MOV,67,Places__36. Location__MVI_3672.npy,skipped,,,,
Places,36. Location,MVI_3673,/Users/yamini/Desktop/projects/ISL PROJECT/include_videos/Places/36. Location/MVI_3673.MOV,Places/36. Location/MVI_3673.MOV,71,Places__36. Location__MVI_3673.npy,skipped,,,,
Pronouns,40. I,MVI_0001,/Users/yamini/Desktop/projects/ISL PROJECT/include_videos/Pronouns/40. I/MVI_0001.MOV,Pronouns/40. I/MVI_0001.MOV,66,Pronouns__40. I__MVI_0001.npy,skipped,,,,
Pronouns,40. I,MVI_0002,/Users/yamini/Desktop/projects/ISL PROJECT/include_videos/Pronouns/40. I/MVI_0002.MOV,Pronouns/40. I/MVI_0002.MOV,89,Pronouns__40. I__MVI_0002.npy,skipped,,,,
Pronouns,40. I,MVI_0003,/Users/yamini/Desktop/projects/ISL PROJECT/include_videos/Pronouns/40. I/MVI_0003.MOV,Pronouns/40. I/MVI_0003.MOV,52,Pronouns__40. I__MVI_0003.npy,skipped,,,,
Pronouns,40. I,MVI_0012,/Users/yamini/Desktop/projects/ISL PROJECT/include_videos/Pronouns/40. I/MVI_0012.MOV,Pronouns/40. I/MVI_0012.MOV,45,Pronouns__40. I__MVI_0012.npy,skipped,,,,
Pronouns,40. I,MVI_0013,/Users/yamini/Desktop/projects/ISL PROJECT/include_videos/Pronouns/40. I/MVI_0013.MOV,Pronouns/40. I/MVI_0013.MOV,43,Pronouns__40. I__MVI_0013.npy,skipped,,,,
Pronouns,40. I,MVI_0014,/Users/yamini/Desktop/projects/ISL PROJECT/include_videos/Pronouns/40. I/MVI_0014.MOV,Pronouns/40. I/MVI_0014.MOV,45,Pronouns__40. I__MVI_0014.npy,skipped,,,,
Pronouns,40. I,MVI_0064,/Users/yamini/Desktop/projects/ISL PROJECT/include_videos/Pronouns/40. I/MVI_0064.MOV,Pronouns/40. I/MVI_0064.MOV,65,Pronouns__40. I__MVI_0064.npy,skipped,,,,
Pronouns,40. I,MVI_0065,/Users/yamini/Desktop/projects/ISL PROJECT/include_videos/Pronouns/40. I/MVI_0065.MOV,Pronouns/40. I/MVI_0065.MOV,71,Pronouns__40. I__MVI_0065.npy,skipped,,,,
Pronouns,40. I,MVI_0066,/Users/yamini/Desktop/projects/ISL PROJECT/include_videos/Pronouns/40. I/MVI_0066.MOV,Pronouns/40. I/MVI_0066.MOV,65,Pronouns__40. I__MVI_0066.npy,skipped,,,,
Pronouns,40. I,MVI_9878,/Users/yamini/Desktop/projects/ISL PROJECT/include_videos/Pronouns/40. I/MVI_9878.MOV,Pronouns/40. I/MVI_9878.MOV,48,Pronouns__40. I__MVI_9878.npy,skipped,,,,
Pronouns,40. I,MVI_9879,/Users/yamini/Desktop/projects/ISL PROJECT/include_videos/Pronouns/40. I/MVI_9879.MOV,Pronouns/40. I/MVI_9879.MOV,53,Pronouns__40. I__MVI_9879.npy,skipped,,,,
Pronouns,40. I,MVI_9880,/Users/yamini/Desktop/projects/ISL PROJECT/include_videos/Pronouns/40. I/MVI_9880.MOV,Pronouns/40. I/MVI_9880.MOV,54,Pronouns__40. I__MVI_9880.npy,skipped,,,,
Pronouns,40. I,MVI_9881,/Users/yamini/Desktop/projects/ISL PROJECT/include_videos/Pronouns/40. I/MVI_9881.MOV,Pronouns/40. I/MVI_9881.MOV,50,Pronouns__40. I__MVI_9881.npy,skipped,,,,
Pronouns,40. I,MVI_9918,/Users/yamini/Desktop/projects/ISL PROJECT/include_videos/Pronouns/40. I/MVI_9918.MOV,Pronouns/40. I/MVI_9918.MOV,83,Pronouns__40. I__MVI_9918.npy,skipped,,,,
Pronouns,40. I,MVI_9919,/Users/yamini/Desktop/projects/ISL PROJECT/include_videos/Pronouns/40. I/MVI_9919.MOV,Pronouns/40. I/MVI_9919.MOV,81,Pronouns__40. I__MVI_9919.npy,skipped,,,,
Pronouns,40. I,MVI_9920,/Users/yamini/Desktop/projects/ISL PROJECT/include_videos/Pronouns/40. I/MVI_9920.MOV,Pronouns/40. I/MVI_9920.MOV,80,Pronouns__40. I__MVI_9920.npy,skipped,,,,
Pronouns,40. I,MVI_9922,/Users/yamini/Desktop/projects/ISL PROJECT/include_videos/Pronouns/40. I/MVI_9922.MOV,Pronouns/40. I/MVI_9922.MOV,68,Pronouns__40. I__MVI_9922.npy,skipped,,,,
Pronouns,40. I,MVI_9957,/Users/yamini/Desktop/projects/ISL PROJECT/include_videos/Pronouns/40. I/MVI_9957.MOV,Pronouns/40. I/MVI_9957.MOV,46,Pronouns__40. I__MVI_9957.npy,skipped,,,,
Pronouns,40. I,MVI_9958,/Users/yamini/Desktop/projects/ISL PROJECT/include_videos/Pronouns/40. I/MVI_9958.MOV,Pronouns/40. I/MVI_9958.MOV,47,Pronouns__40. I__MVI_9958.npy,skipped,,,,
Pronouns,40. I,MVI_9959,/Users/yamini/Desktop/projects/ISL PROJECT/include_videos/Pronouns/40. I/MVI_9959.MOV,Pronouns/40. I/MVI_9959.MOV,50,Pronouns__40. I__MVI_9959.npy,skipped,,,,
Pronouns,40. I,MVI_9995,/Users/yamini/Desktop/projects/ISL PROJECT/include_videos/Pronouns/40. I/MVI_9995.MOV,Pronouns/40. I/MVI_9995.MOV,74,Pronouns__40. I__MVI_9995.npy,skipped,,,,
Pronouns,41. you,MVI_0015,/Users/yamini/Desktop/projects/ISL PROJECT/include_videos/Pronouns/41. you/MVI_0015.MOV,Pronouns/41. you/MVI_0015.MOV,46,Pronouns__41. you__MVI_0015.npy,skipped,,,,
Pronouns,41. you,MVI_0016,/Users/yamini/Desktop/projects/ISL PROJECT/include_videos/Pronouns/41. you/MVI_0016.MOV,Pronouns/41. you/MVI_0016.MOV,56,Pronouns__41. you__MVI_0016.npy,skipped,,,,
Pronouns,41. you,MVI_0017,/Users/yamini/Desktop/projects/ISL PROJECT/include_videos/Pronouns/41. you/MVI_0017.MOV,Pronouns/41. you/MVI_0017.MOV,48,Pronouns__41. you__MVI_0017.npy,skipped,,,,
Pronouns,41. you,MVI_0067,/Users/yamini/Desktop/projects/ISL PROJECT/include_videos/Pronouns/41. you/MVI_0067.MOV,Pronouns/41. you/MVI_0067.MOV,63,Pronouns__41. you__MVI_0067.npy,skipped,,,,
Pronouns,41. you,MVI_0068,/Users/yamini/Desktop/projects/ISL PROJECT/include_videos/Pronouns/41. you/MVI_0068.MOV,Pronouns/41. you/MVI_0068.MOV,63,Pronouns__41. you__MVI_0068.npy,skipped,,,,
Pronouns,41. you,MVI_0069,/Users/yamini/Desktop/projects/ISL PROJECT/include_videos/Pronouns/41. you/MVI_0069.MOV,Pronouns/41. you/MVI_0069.MOV,64,Pronouns__41. you__MVI_0069.npy,skipped,,,,
Pronouns,41. you,MVI_9885,/Users/yamini/Desktop/projects/ISL PROJECT/include_videos/Pronouns/41. you/MVI_9885.MOV,Pronouns/41. you/MVI_9885.MOV,42,Pronouns__41. you__MVI_9885.npy,skipped,,,,
Pronouns,41. you,MVI_9886,/Users/yamini/Desktop/projects/ISL PROJECT/include_videos/Pronouns/41. you/MVI_9886.MOV,Pronouns/41. you/MVI_9886.MOV,45,Pronouns__41. you__MVI_9886.npy,skipped,,,,
Pronouns,41. you,MVI_9887,/Users/yamini/Desktop/projects/ISL PROJECT/include_videos/Pronouns/41. you/MVI_9887.MOV,Pronouns/41. you/MVI_9887.MOV,46,Pronouns__41. you__MVI_9887.npy,skipped,,,,
Pronouns,41. you,MVI_9888,/Users/yamini/Desktop/projects/ISL PROJECT/include_videos/Pronouns/41. you/MVI_9888.MOV,Pronouns/41. you/MVI_9888.MOV,39,Pronouns__41. you__MVI_9888.npy,skipped,,,,
Pronouns,41. you,MVI_9923,/Users/yamini/Desktop/projects/ISL PROJECT/include_videos/Pronouns/41. you/MVI_9923.MOV,Pronouns/41. you/MVI_9923.MOV,68,Pronouns__41. you__MVI_9923.npy,skipped,,,,
Pronouns,41. you,MVI_9924,/Users/yamini/Desktop/projects/ISL PROJECT/include_videos/Pronouns/41. you/MVI_9924.MOV,Pronouns/41. you/MVI_9924.MOV,92,Pronouns__41. you__MVI_9924.npy,skipped,,,,
Pronouns,41. you,MVI_9925,/Users/yamini/Desktop/projects/ISL PROJECT/include_videos/Pronouns/41. you/MVI_9925.MOV,Pronouns/41. you/MVI_9925.MOV,83,Pronouns__41. you__MVI_9925.npy,skipped,,,,
Pronouns,41. you,MVI_9926,/Users/yamini/Desktop/projects/ISL PROJECT/include_videos/Pronouns/41. you/MVI_9926.MOV,Pronouns/41. you/MVI_9926.MOV,88,Pronouns__41. you__MVI_9926.npy,skipped,,,,
Pronouns,41. you,MVI_9960,/Users/yamini/Desktop/projects/ISL PROJECT/include_videos/Pronouns/41. you/MVI_9960.MOV,Pronouns/41. you/MVI_9960.MOV,48,Pronouns__41. you__MVI_9960.npy,skipped,,,,
Pronouns,41. you,MVI_9961,/Users/yamini/Desktop/projects/ISL PROJECT/include_videos/Pronouns/41. you/MVI_9961.MOV,Pronouns/41. you/MVI_9961.MOV,48,Pronouns__41. you__MVI_9961.npy,skipped,,,,
Pronouns,41. you,MVI_9962,/Users/yamini/Desktop/projects/ISL PROJECT/include_videos/Pronouns/41. you/MVI_9962.MOV,Pronouns/41. you/MVI_9962.MOV,43,Pronouns__41. you__MVI_9962.npy,skipped,,,,
Pronouns,41. you,MVI_9996,/Users/yamini/Desktop/projects/ISL PROJECT/include_videos/Pronouns/41. you/MVI_9996.MOV,Pronouns/41. you/MVI_9996.MOV,68,Pronouns__41. you__MVI_9996.npy,skipped,,,,
Pronouns,41. you,MVI_9997,/Users/yamini/Desktop/projects/ISL PROJECT/include_videos/Pronouns/41. you/MVI_9997.MOV,Pronouns/41. you/MVI_9997.MOV,64,Pronouns__41. you__MVI_9997.npy,skipped,,,,
Pronouns,41. you,MVI_9998,/Users/yamini/Desktop/projects/ISL PROJECT/include_videos/Pronouns/41. you/MVI_9998.MOV,Pronouns/41. you/MVI_9998.MOV,69,Pronouns__41. you__MVI_9998.npy,skipped,,,,
Pronouns,41. you,MVI_9999,/Users/yamini/Desktop/projects/ISL PROJECT/include_videos/Pronouns/41. you/MVI_9999.MOV,Pronouns/41. you/MVI_9999.MOV,71,Pronouns__41. you__MVI_9999.npy,skipped,,,,
Pronouns,42. he,MVI_0005,/Users/yamini/Desktop/projects/ISL PROJECT/include_videos/Pronouns/42. he/MVI_0005.MOV,Pronouns/42. he/MVI_0005.MOV,75,Pronouns__42. he__MVI_0005.npy,skipped,,,,
Pronouns,42. he,MVI_0006,/Users/yamini/Desktop/projects/ISL PROJECT/include_videos/Pronouns/42. he/MVI_0006.MOV,Pronouns/42. he/MVI_0006.MOV,79,Pronouns__42. he__MVI_0006.npy,skipped,,,,
Pronouns,42. he,MVI_0007,/Users/yamini/Desktop/projects/ISL PROJECT/include_videos/Pronouns/42. he/MVI_0007.MOV,Pronouns/42. he/MVI_0007.MOV,75,Pronouns__42. he__MVI_0007.npy,skipped,,,,
Pronouns,42. he,MVI_0008,/Users/yamini/Desktop/projects/ISL PROJECT/include_videos/Pronouns/42. he/MVI_0008.MOV,Pronouns/42. he/MVI_0008.MOV,70,Pronouns__42. he__MVI_0008.npy,skipped,,,,
Pronouns,42. he,MVI_0018,/Users/yamini/Desktop/projects/ISL PROJECT/include_videos/Pronouns/42. he/MVI_0018.MOV,Pronouns/42. he/MVI_0018.MOV,42,Pronouns__42. he__MVI_0018.npy,skipped,,,,
Pronouns,42. he,MVI_0019,/Users/yamini/Desktop/projects/ISL PROJECT/include_videos/Pronouns/42. he/MVI_0019.MOV,Pronouns/42. he/MVI_0019.MOV,57,Pronouns__42. he__MVI_0019.npy,skipped,,,,
Pronouns,42. he,MVI_0020,/Users/yamini/Desktop/projects/ISL PROJECT/include_videos/Pronouns/42. he/MVI_0020.MOV,Pronouns/42. he/MVI_0020.MOV,53,Pronouns__42. he__MVI_0020.npy,skipped,,,,
Pronouns,42. he,MVI_0070,/Users/yamini/Desktop/projects/ISL PROJECT/include_videos/Pronouns/42. he/MVI_0070.MOV,Pronouns/42. he/MVI_0070.MOV,72,Pronouns__42. he__MVI_0070.npy,skipped,,,,
Pronouns,42. he,MVI_0071,/Users/yamini/Desktop/projects/ISL PROJECT/include_videos/Pronouns/42. he/MVI_0071.MOV,Pronouns/42. he/MVI_0071.MOV,78,Pronouns__42. he__MVI_0071.npy,skipped,,,,
Pronouns,42. he,MVI_0072,/Users/yamini/Desktop/projects/ISL PROJECT/include_videos/Pronouns/42. he/MVI_0072.MOV,Pronouns/42. he/MVI_0072.MOV,78,Pronouns__42. he__MVI_0072.npy,skipped,,,,
Pronouns,42. he,MVI_9889,/Users/yamini/Desktop/projects/ISL PROJECT/include_videos/Pronouns/42. he/MVI_9889.MOV,Pronouns/42. he/MVI_9889.MOV,49,Pronouns__42. he__MVI_9889.npy,skipped,,,,
Pronouns,42. he,MVI_9890,/Users/yamini/Desktop/projects/ISL PROJECT/include_videos/Pronouns/42. he/MVI_9890.MOV,Pronouns/42. he/MVI_9890.MOV,54,Pronouns__42. he__MVI_9890.npy,skipped,,,,
Pronouns,42. he,MVI_9891,/Users/yamini/Desktop/projects/ISL PROJECT/include_videos/Pronouns/42. he/MVI_9891.MOV,Pronouns/42. he/MVI_9891.MOV,51,Pronouns__42. he__MVI_9891.npy,skipped,,,,
Pronouns,42. he,MVI_9892,/Users/yamini/Desktop/projects/ISL PROJECT/include_videos/Pronouns/42. he/MVI_9892.MOV,Pronouns/42. he/MVI_9892.MOV,50,Pronouns__42. he__MVI_9892.npy,skipped,,,,
Pronouns,42. he,MVI_9927,/Users/yamini/Desktop/projects/ISL PROJECT/include_videos/Pronouns/42. he/MVI_9927.MOV,Pronouns/42. he/MVI_9927.MOV,95,Pronouns__42. he__MVI_9927.npy,skipped,,,,
Pronouns,42. he,MVI_9928,/Users/yamini/Desktop/projects/ISL PROJECT/include_videos/Pronouns/42. he/MVI_9928.MOV,Pronouns/42. he/MVI_9928.MOV,92,Pronouns__42. he__MVI_9928.npy,skipped,,,,
Pronouns,42. he,MVI_9930,/Users/yamini/Desktop/projects/ISL PROJECT/include_videos/Pronouns/42. he/MVI_9930.MOV,Pronouns/42. he/MVI_9930.MOV,76,Pronouns__42. he__MVI_9930.npy,skipped,,,,
Pronouns,42. he,MVI_9931,/Users/yamini/Desktop/projects/ISL PROJECT/include_videos/Pronouns/42. he/MVI_9931.MOV,Pronouns/42. he/MVI_9931.MOV,86,Pronouns__42. he__MVI_9931.npy,skipped,,,,
Pronouns,42. he,MVI_9963,/Users/yamini/Desktop/projects/ISL PROJECT/include_videos/Pronouns/42. he/MVI_9963.MOV,Pronouns/42. he/MVI_9963.MOV,51,Pronouns__42. he__MVI_9963.npy,skipped,,,,
Pronouns,42. he,MVI_9964,/Users/yamini/Desktop/projects/ISL PROJECT/include_videos/Pronouns/42. he/MVI_9964.MOV,Pronouns/42. he/MVI_9964.MOV,61,Pronouns__42. he__MVI_9964.npy,skipped,,,,
Pronouns,42. he,MVI_9965,/Users/yamini/Desktop/projects/ISL PROJECT/include_videos/Pronouns/42. he/MVI_9965.MOV,Pronouns/42. he/MVI_9965.MOV,56,Pronouns__42. he__MVI_9965.npy,skipped,,,,
Pronouns,43. she,MVI_0009,/Users/yamini/Desktop/projects/ISL PROJECT/include_videos/Pronouns/43. she/MVI_0009.MOV,Pronouns/43. she/MVI_0009.MOV,74,Pronouns__43. she__MVI_0009.npy,skipped,,,,
Pronouns,43. she,MVI_0010,/Users/yamini/Desktop/projects/ISL PROJECT/include_videos/Pronouns/43. she/MVI_0010.MOV,Pronouns/43. she/MVI_0010.MOV,80,Pronouns__43. she__MVI_0010.npy,skipped,,,,
Pronouns,43. she,MVI_0011,/Users/yamini/Desktop/projects/ISL PROJECT/include_videos/Pronouns/43. she/MVI_0011.MOV,Pronouns/43. she/MVI_0011.MOV,77,Pronouns__43. she__MVI_0011.npy,skipped,,,,
Pronouns,43. she,MVI_0012,/Users/yamini/Desktop/projects/ISL PROJECT/include_videos/Pronouns/43. she/MVI_0012.MOV,Pronouns/43. she/MVI_0012.MOV,81,Pronouns__43. she__MVI_0012.npy,skipped,,,,
Pronouns,43. she,MVI_0021,/Users/yamini/Desktop/projects/ISL PROJECT/include_videos/Pronouns/43. she/MVI_0021.MOV,Pronouns/43. she/MVI_0021.MOV,41,Pronouns__43. she__MVI_0021.npy,skipped,,,,
Pronouns,43. she,MVI_0022,/Users/yamini/Desktop/projects/ISL PROJECT/include_videos/Pronouns/43. she/MVI_0022.MOV,Pronouns/43. she/MVI_0022.MOV,50,Pronouns__43. she__MVI_0022.npy,skipped,,,,
Pronouns,43. she,MVI_0023,/Users/yamini/Desktop/projects/ISL PROJECT/include_videos/Pronouns/43. she/MVI_0023.MOV,Pronouns/43. she/MVI_0023.MOV,51,Pronouns__43. she__MVI_0023.npy,skipped,,,,
Pronouns,43. she,MVI_0073,/Users/yamini/Desktop/projects/ISL PROJECT/include_videos/Pronouns/43. she/MVI_0073.MOV,Pronouns/43. she/MVI_0073.MOV,74,Pronouns__43. she__MVI_0073.npy,skipped,,,,
Pronouns,43. she,MVI_0074,/Users/yamini/Desktop/projects/ISL PROJECT/include_videos/Pronouns/43. she/MVI_0074.MOV,Pronouns/43. she/MVI_0074.MOV,72,Pronouns__43. she__MVI_0074.npy,skipped,,,,
Pronouns,43. she,MVI_0075,/Users/yamini/Desktop/projects/ISL PROJECT/include_videos/Pronouns/43. she/MVI_0075.MOV,Pronouns/43. she/MVI_0075.MOV,68,Pronouns__43. she__MVI_0075.npy,skipped,,,,
Pronouns,43. she,MVI_9893,/Users/yamini/Desktop/projects/ISL PROJECT/include_videos/Pronouns/43. she/MVI_9893.MOV,Pronouns/43. she/MVI_9893.MOV,48,Pronouns__43. she__MVI_9893.npy,skipped,,,,
Pronouns,43. she,MVI_9894,/Users/yamini/Desktop/projects/ISL PROJECT/include_videos/Pronouns/43. she/MVI_9894.MOV,Pronouns/43. she/MVI_9894.MOV,49,Pronouns__43. she__MVI_9894.npy,skipped,,,,
Pronouns,43. she,MVI_9895,/Users/yamini/Desktop/projects/ISL PROJECT/include_videos/Pronouns/43. she/MVI_9895.MOV,Pronouns/43. she/MVI_9895.MOV,54,Pronouns__43. she__MVI_9895.npy,skipped,,,,
Pronouns,43. she,MVI_9896,/Users/yamini/Desktop/projects/ISL PROJECT/include_videos/Pronouns/43. she/MVI_9896.MOV,Pronouns/43. she/MVI_9896.MOV,51,Pronouns__43. she__MVI_9896.npy,skipped,,,,
Pronouns,43. she,MVI_9932,/Users/yamini/Desktop/projects/ISL PROJECT/include_videos/Pronouns/43. she/MVI_9932.MOV,Pronouns/43. she/MVI_9932.MOV,109,Pronouns__43. she__MVI_9932.npy,skipped,,,,
Pronouns,43. she,MVI_9933,/Users/yamini/Desktop/projects/ISL PROJECT/include_videos/Pronouns/43. she/MVI_9933.MOV,Pronouns/43. she/MVI_9933.MOV,94,Pronouns__43. she__MVI_9933.npy,skipped,,,,
Pronouns,43. she,MVI_9934,/Users/yamini/Desktop/projects/ISL PROJECT/include_videos/Pronouns/43. she/MVI_9934.MOV,Pronouns/43. she/MVI_9934.MOV,88,Pronouns__43. she__MVI_9934.npy,skipped,,,,
Pronouns,43. she,MVI_9935,/Users/yamini/Desktop/projects/ISL PROJECT/include_videos/Pronouns/43. she/MVI_9935.MOV,Pronouns/43. she/MVI_9935.MOV,97,Pronouns__43. she__MVI_9935.npy,skipped,,,,
Pronouns,43. she,MVI_9966,/Users/yamini/Desktop/projects/ISL PROJECT/include_videos/Pronouns/43. she/MVI_9966.MOV,Pronouns/43. she/MVI_9966.MOV,48,Pronouns__43. she__MVI_9966.npy,skipped,,,,
Pronouns,43. she,MVI_9967,/Users/yamini/Desktop/projects/ISL PROJECT/include_videos/Pronouns/43. she/MVI_9967.MOV,Pronouns/43. she/MVI_9967.MOV,51,Pronouns__43. she__MVI_9967.npy,skipped,,,,
Pronouns,43. she,MVI_9968,/Users/yamini/Desktop/projects/ISL PROJECT/include_videos/Pronouns/43. she/MVI_9968.MOV,Pronouns/43. she/MVI_9968.MOV,54,Pronouns__43. she__MVI_9968.npy,skipped,,,,
Pronouns,44. it,MVI_0013,/Users/yamini/Desktop/projects/ISL PROJECT/include_videos/Pronouns/44. it/MVI_0013.MOV,Pronouns/44. it/MVI_0013.MOV,66,Pronouns__44. it__MVI_0013.npy,skipped,,,,
Pronouns,44. it,MVI_0014,/Users/yamini/Desktop/projects/ISL PROJECT/include_videos/Pronouns/44. it/MVI_0014.MOV,Pronouns/44. it/MVI_0014.MOV,78,Pronouns__44. it__MVI_0014.npy,skipped,,,,
Pronouns,44. it,MVI_0015,/Users/yamini/Desktop/projects/ISL PROJECT/include_videos/Pronouns/44. it/MVI_0015.MOV,Pronouns/44. it/MVI_0015.MOV,73,Pronouns__44. it__MVI_0015.npy,skipped,,,,
Pronouns,44. it,MVI_0016,/Users/yamini/Desktop/projects/ISL PROJECT/include_videos/Pronouns/44. it/MVI_0016.MOV,Pronouns/44. it/MVI_0016.MOV,70,Pronouns__44. it__MVI_0016.npy,skipped,,,,
Pronouns,44. it,MVI_0024,/Users/yamini/Desktop/projects/ISL PROJECT/include_videos/Pronouns/44. it/MVI_0024.MOV,Pronouns/44. it/MVI_0024.MOV,43,Pronouns__44. it__MVI_0024.npy,skipped,,,,
Pronouns,44. it,MVI_0025,/Users/yamini/Desktop/projects/ISL PROJECT/include_videos/Pronouns/44. it/MVI_0025.MOV,Pronouns/44. it/MVI_0025.MOV,40,Pronouns__44. it__MVI_0025.npy,skipped,,,,
Pronouns,44. it,MVI_0026,/Users/yamini/Desktop/projects/ISL PROJECT/include_videos/Pronouns/44. it/MVI_0026.MOV,Pronouns/44. it/MVI_0026.MOV,43,Pronouns__44. it__MVI_0026.npy,skipped,,,,
Pronouns,44. it,MVI_0076,/Users/yamini/Desktop/projects/ISL PROJECT/include_videos/Pronouns/44. it/MVI_0076.MOV,Pronouns/44. it/MVI_0076.MOV,61,Pronouns__44. it__MVI_0076.npy,skipped,,,,
Pronouns,44. it,MVI_0077,/Users/yamini/Desktop/projects/ISL PROJECT/include_videos/Pronouns/44. it/MVI_0077.MOV,Pronouns/44. it/MVI_0077.MOV,68,Pronouns__44. it__MVI_0077.npy,skipped,,,,
Pronouns,44. it,MVI_0078,/Users/yamini/Desktop/projects/ISL PROJECT/include_videos/Pronouns/44. it/MVI_0078.MOV,Pronouns/44. it/MVI_0078.MOV,58,Pronouns__44. it__MVI_0078.npy,skipped,,,,
Pronouns,44. it,MVI_9897,/Users/yamini/Desktop/projects/ISL PROJECT/include_videos/Pronouns/44. it/MVI_9897.MOV,Pronouns/44. it/MVI_9897.MOV,44,Pronouns__44. it__MVI_9897.npy,skipped,,,,
Pronouns,44. it,MVI_9898,/Users/yamini/Desktop/projects/ISL PROJECT/include_videos/Pronouns/44. it/MVI_9898.MOV,Pronouns/44. it/MVI_9898.MOV,46,Pronouns__44. it__MVI_9898.npy,skipped,,,,
Pronouns,44. it,MVI_9899,/Users/yamini/Desktop/projects/ISL PROJECT/include_videos/Pronouns/44. it/MVI_9899.MOV,Pronouns/44. it/MVI_9899.MOV,44,Pronouns__44. it__MVI_9899.npy,skipped,,,,
Pronouns,44. it,MVI_9900,/Users/yamini/Desktop/projects/ISL PROJECT/include_videos/Pronouns/44. it/MVI_9900.MOV,Pronouns/44. it/MVI_9900.MOV,50,Pronouns__44. it__MVI_9900.npy,skipped,,,,
Pronouns,44. it,MVI_9936,/Users/yamini/Desktop/projects/ISL PROJECT/include_videos/Pronouns/44. it/MVI_9936.MOV,Pronouns/44. it/MVI_9936.MOV,74,Pronouns__44. it__MVI_9936.npy,skipped,,,,
Pronouns,44. it,MVI_9937,/Users/yamini/Desktop/projects/ISL PROJECT/include_videos/Pronouns/44. it/MVI_9937.MOV,Pronouns/44. it/MVI_9937.MOV,87,Pronouns__44. it__MVI_9937.npy,skipped,,,,
Pronouns,44. it,MVI_9938,/Users/yamini/Desktop/projects/ISL PROJECT/include_videos/Pronouns/44. it/MVI_9938.MOV,Pronouns/44. it/MVI_9938.MOV,68,Pronouns__44. it__MVI_9938.npy,skipped,,,,
Pronouns,44. it,MVI_9939,/Users/yamini/Desktop/projects/ISL PROJECT/include_videos/Pronouns/44. it/MVI_9939.MOV,Pronouns/44. it/MVI_9939.MOV,74,Pronouns__44. it__MVI_9939.npy,skipped,,,,
Pronouns,44. it,MVI_9969,/Users/yamini/Desktop/projects/ISL PROJECT/include_videos/Pronouns/44. it/MVI_9969.MOV,Pronouns/44. it/MVI_9969.MOV,44,Pronouns__44. it__MVI_9969.npy,skipped,,,,
Pronouns,44. it,MVI_9970,/Users/yamini/Desktop/projects/ISL PROJECT/include_videos/Pronouns/44. it/MVI_9970.MOV,Pronouns/44. it/MVI_9970.MOV,48,Pronouns__44. it__MVI_9970.npy,skipped,,,,
Pronouns,44. it,MVI_9971,/Users/yamini/Desktop/projects/ISL PROJECT/include_videos/Pronouns/44. it/MVI_9971.MOV,Pronouns/44. it/MVI_9971.MOV,47,Pronouns__44. it__MVI_9971.npy,skipped,,,,
Pronouns,45. we,MVI_0017,/Users/yamini/Desktop/projects/ISL PROJECT/include_videos/Pronouns/45. we/MVI_0017.MOV,Pronouns/45. we/MVI_0017.MOV,83,Pronouns__45. we__MVI_0017.npy,skipped,,,,
Pronouns,45. we,MVI_0018,/Users/yamini/Desktop/projects/ISL PROJECT/include_videos/Pronouns/45. we/MVI_0018.MOV,Pronouns/45. we/MVI_0018.MOV,81,Pronouns__45. we__MVI_0018.npy,skipped,,,,
Pronouns,45. we,MVI_0019,/Users/yamini/Desktop/projects/ISL PROJECT/include_videos/Pronouns/45. we/MVI_0019.MOV,Pronouns/45. we/MVI_0019.MOV,83,Pronouns__45. we__MVI_0019.npy,skipped,,,,
Pronouns,45. we,MVI_0020,/Users/yamini/Desktop/projects/ISL PROJECT/include_videos/Pronouns/45. we/MVI_0020.MOV,Pronouns/45. we/MVI_0020.MOV,79,Pronouns__45. we__MVI_0020.npy,skipped,,,,
Pronouns,45. we,MVI_0027,/Users/yamini/Desktop/projects/ISL PROJECT/include_videos/Pronouns/45. we/MVI_0027.MOV,Pronouns/45. we/MVI_0027.MOV,51,Pronouns__45. we__MVI_0027.npy,skipped,,,,
Pronouns,45. we,MVI_0028,/Users/yamini/Desktop/projects/ISL PROJECT/include_videos/Pronouns/45. we/MVI_0028.MOV,Pronouns/45. we/MVI_0028.MOV,57,Pronouns__45. we__MVI_0028.npy,skipped,,,,
Pronouns,45. we,MVI_0029,/Users/yamini/Desktop/projects/ISL PROJECT/include_videos/Pronouns/45. we/MVI_0029.MOV,Pronouns/45. we/MVI_0029.MOV,62,Pronouns__45. we__MVI_0029.npy,skipped,,,,
Pronouns,45. we,MVI_0079,/Users/yamini/Desktop/projects/ISL PROJECT/include_videos/Pronouns/45. we/MVI_0079.MOV,Pronouns/45. we/MVI_0079.MOV,72,Pronouns__45. we__MVI_0079.npy,skipped,,,,
Pronouns,45. we,MVI_0080,/Users/yamini/Desktop/projects/ISL PROJECT/include_videos/Pronouns/45. we/MVI_0080.MOV,Pronouns/45. we/MVI_0080.MOV,73,Pronouns__45. we__MVI_0080.npy,skipped,,,,
Pronouns,45. we,MVI_0081,/Users/yamini/Desktop/projects/ISL PROJECT/include_videos/Pronouns/45. we/MVI_0081.MOV,Pronouns/45. we/MVI_0081.MOV,76,Pronouns__45. we__MVI_0081.npy,skipped,,,,
Pronouns,45. we,MVI_9901,/Users/yamini/Desktop/projects/ISL PROJECT/include_videos/Pronouns/45. we/MVI_9901.MOV,Pronouns/45. we/MVI_9901.MOV,47,Pronouns__45. we__MVI_9901.npy,skipped,,,,
Pronouns,45. we,MVI_9902,/Users/yamini/Desktop/projects/ISL PROJECT/include_videos/Pronouns/45. we/MVI_9902.MOV,Pronouns/45. we/MVI_9902.MOV,54,Pronouns__45. we__MVI_9902.npy,skipped,,,,
Pronouns,45. we,MVI_9903,/Users/yamini/Desktop/projects/ISL PROJECT/include_videos/Pronouns/45. we/MVI_9903.MOV,Pronouns/45. we/MVI_9903.MOV,54,Pronouns__45. we__MVI_9903.npy,skipped,,,,
Pronouns,45. we,MVI_9904,/Users/yamini/Desktop/projects/ISL PROJECT/include_videos/Pronouns/45. we/MVI_9904.MOV,Pronouns/45. we/MVI_9904.MOV,57,Pronouns__45. we__MVI_9904.npy,skipped,,,,
Pronouns,45. we,MVI_9940,/Users/yamini/Desktop/projects/ISL PROJECT/include_videos/Pronouns/45. we/MVI_9940.MOV,Pronouns/45. we/MVI_9940.MOV,77,Pronouns__45. we__MVI_9940.npy,skipped,,,,
Pronouns,45. we,MVI_9941,/Users/yamini/Desktop/projects/ISL PROJECT/include_videos/Pronouns/45. we/MVI_9941.MOV,Pronouns/45. we/MVI_9941.MOV,83,Pronouns__45. we__MVI_9941.npy,skipped,,,,
Pronouns,45. we,MVI_9942,/Users/yamini/Desktop/projects/ISL PROJECT/include_videos/Pronouns/45. we/MVI_9942.MOV,Pronouns/45. we/MVI_9942.MOV,78,Pronouns__45. we__MVI_9942.npy,skipped,,,,
Pronouns,45. we,MVI_9943,/Users/yamini/Desktop/projects/ISL PROJECT/include_videos/Pronouns/45. we/MVI_9943.MOV,Pronouns/45. we/MVI_9943.MOV,89,Pronouns__45. we__MVI_9943.npy,skipped,,,,
Pronouns,45. we,MVI_9972,/Users/yamini/Desktop/projects/ISL PROJECT/include_videos/Pronouns/45. we/MVI_9972.MOV,Pronouns/45. we/MVI_9972.MOV,53,Pronouns__45. we__MVI_9972.npy,skipped,,,,
Pronouns,45. we,MVI_9973,/Users/yamini/Desktop/projects/ISL PROJECT/include_videos/Pronouns/45. we/MVI_9973.MOV,Pronouns/45. we/MVI_9973.MOV,46,Pronouns__45. we__MVI_9973.npy,skipped,,,,
Pronouns,45. we,MVI_9974,/Users/yamini/Desktop/projects/ISL PROJECT/include_videos/Pronouns/45. we/MVI_9974.MOV,Pronouns/45. we/MVI_9974.MOV,48,Pronouns__45. we__MVI_9974.npy,skipped,,,,
Pronouns,46. you (plural),MVI_0021,/Users/yamini/Desktop/projects/ISL PROJECT/include_videos/Pronouns/46. you (plural)/MVI_0021.MOV,Pronouns/46. you (plural)/MVI_0021.MOV,75,Pronouns__46. you (plural)__MVI_0021.npy,skipped,,,,
Pronouns,46. you (plural),MVI_0022,/Users/yamini/Desktop/projects/ISL PROJECT/include_videos/Pronouns/46. you (plural)/MVI_0022.MOV,Pronouns/46. you (plural)/MVI_0022.MOV,84,Pronouns__46. you (plural)__MVI_0022.npy,skipped,,,,
Pronouns,46. you (plural),MVI_0023,/Users/yamini/Desktop/projects/ISL PROJECT/include_videos/Pronouns/46. you (plural)/MVI_0023.MOV,Pronouns/46. you (plural)/MVI_0023.MOV,92,Pronouns__46. you (plural)__MVI_0023.npy,skipped,,,,
Pronouns,46. you (plural),MVI_0024,/Users/yamini/Desktop/projects/ISL PROJECT/include_videos/Pronouns/46. you (plural)/MVI_0024.MOV,Pronouns/46. you (plural)/MVI_0024.MOV,74,Pronouns__46. you (plural)__MVI_0024.npy,skipped,,,,
Pronouns,46. you (plural),MVI_0030,/Users/yamini/Desktop/projects/ISL PROJECT/include_videos/Pronouns/46. you (plural)/MVI_0030.MOV,Pronouns/46. you (plural)/MVI_0030.MOV,61,Pronouns__46. you (plural)__MVI_0030.npy,skipped,,,,
Pronouns,46. you (plural),MVI_0031,/Users/yamini/Desktop/projects/ISL PROJECT/include_videos/Pronouns/46. you (plural)/MVI_0031.MOV,Pronouns/46. you (plural)/MVI_0031.MOV,61,Pronouns__46. you (plural)__MVI_0031.npy,skipped,,,,
Pronouns,46. you (plural),MVI_0032,/Users/yamini/Desktop/projects/ISL PROJECT/include_videos/Pronouns/46. you (plural)/MVI_0032.MOV,Pronouns/46. you (plural)/MVI_0032.MOV,56,Pronouns__46. you (plural)__MVI_0032.npy,skipped,,,,
Pronouns,46. you (plural),MVI_0082,/Users/yamini/Desktop/projects/ISL PROJECT/include_videos/Pronouns/46. you (plural)/MVI_0082.MOV,Pronouns/46. you (plural)/MVI_0082.MOV,70,Pronouns__46. you (plural)__MVI_0082.npy,skipped,,,,
Pronouns,46. you (plural),MVI_0083,/Users/yamini/Desktop/projects/ISL PROJECT/include_videos/Pronouns/46. you (plural)/MVI_0083.MOV,Pronouns/46. you (plural)/MVI_0083.MOV,78,Pronouns__46. you (plural)__MVI_0083.npy,skipped,,,,
Pronouns,46. you (plural),MVI_0084,/Users/yamini/Desktop/projects/ISL PROJECT/include_videos/Pronouns/46. you (plural)/MVI_0084.MOV,Pronouns/46. you (plural)/MVI_0084.MOV,72,Pronouns__46. you (plural)__MVI_0084.npy,skipped,,,,
Pronouns,46. you (plural),MVI_9905,/Users/yamini/Desktop/projects/ISL PROJECT/include_videos/Pronouns/46. you (plural)/MVI_9905.MOV,Pronouns/46. you (plural)/MVI_9905.MOV,56,Pronouns__46. you (plural)__MVI_9905.npy,skipped,,,,
Pronouns,46. you (plural),MVI_9907,/Users/yamini/Desktop/projects/ISL PROJECT/include_videos/Pronouns/46. you (plural)/MVI_9907.MOV,Pronouns/46. you (plural)/MVI_9907.MOV,53,Pronouns__46. you (plural)__MVI_9907.npy,skipped,,,,
Pronouns,46. you (plural),MVI_9908,/Users/yamini/Desktop/projects/ISL PROJECT/include_videos/Pronouns/46. you (plural)/MVI_9908.MOV,Pronouns/46. you (plural)/MVI_9908.MOV,51,Pronouns__46. you (plural)__MVI_9908.npy,skipped,,,,
Pronouns,46. you (plural),MVI_9909,/Users/yamini/Desktop/projects/ISL PROJECT/include_videos/Pronouns/46. you (plural)/MVI_9909.MOV,Pronouns/46. you (plural)/MVI_9909.MOV,57,Pronouns__46. you (plural)__MVI_9909.npy,skipped,,,,
Pronouns,46. you (plural),MVI_9945,/Users/yamini/Desktop/projects/ISL PROJECT/include_videos/Pronouns/46. you (plural)/MVI_9945.MOV,Pronouns/46. you (plural)/MVI_9945.MOV,72,Pronouns__46. you (plural)__MVI_9945.npy,skipped,,,,
Pronouns,46. you (plural),MVI_9946,/Users/yamini/Desktop/projects/ISL PROJECT/include_videos/Pronouns/46. you (plural)/MVI_9946.MOV,Pronouns/46. you (plural)/MVI_9946.MOV,87,Pronouns__46. you (plural)__MVI_9946.npy,skipped,,,,
Pronouns,46. you (plural),MVI_9947,/Users/yamini/Desktop/projects/ISL PROJECT/include_videos/Pronouns/46. you (plural)/MVI_9947.MOV,Pronouns/46. you (plural)/MVI_9947.MOV,64,Pronouns__46. you (plural)__MVI_9947.npy,skipped,,,,
Pronouns,46. you (plural),MVI_9948,/Users/yamini/Desktop/projects/ISL PROJECT/include_videos/Pronouns/46. you (plural)/MVI_9948.MOV,Pronouns/46. you (plural)/MVI_9948.MOV,93,Pronouns__46. you (plural)__MVI_9948.npy,skipped,,,,
Pronouns,46. you (plural),MVI_9975,/Users/yamini/Desktop/projects/ISL PROJECT/include_videos/Pronouns/46. you (plural)/MVI_9975.MOV,Pronouns/46. you (plural)/MVI_9975.MOV,73,Pronouns__46. you (plural)__MVI_9975.npy,skipped,,,,
Pronouns,46. you (plural),MVI_9976,/Users/yamini/Desktop/projects/ISL PROJECT/include_videos/Pronouns/46. you (plural)/MVI_9976.MOV,Pronouns/46. you (plural)/MVI_9976.MOV,74,Pronouns__46. you (plural)__MVI_9976.npy,skipped,,,,
Pronouns,46. you (plural),MVI_9977,/Users/yamini/Desktop/projects/ISL PROJECT/include_videos/Pronouns/46. you (plural)/MVI_9977.MOV,Pronouns/46. you (plural)/MVI_9977.MOV,80,Pronouns__46. you (plural)__MVI_9977.npy,skipped,,,,
Pronouns,47. they,MVI_0025,/Users/yamini/Desktop/projects/ISL PROJECT/include_videos/Pronouns/47. they/MVI_0025.MOV,Pronouns/47. they/MVI_0025.MOV,76,Pronouns__47. they__MVI_0025.npy,skipped,,,,
Pronouns,47. they,MVI_0026,/Users/yamini/Desktop/projects/ISL PROJECT/include_videos/Pronouns/47. they/MVI_0026.MOV,Pronouns/47. they/MVI_0026.MOV,78,Pronouns__47. they__MVI_0026.npy,skipped,,,,
Pronouns,47. they,MVI_0027,/Users/yamini/Desktop/projects/ISL PROJECT/include_videos/Pronouns/47. they/MVI_0027.MOV,Pronouns/47. they/MVI_0027.MOV,72,Pronouns__47. they__MVI_0027.npy,skipped,,,,
Pronouns,47. they,MVI_0028,/Users/yamini/Desktop/projects/ISL PROJECT/include_videos/Pronouns/47. they/MVI_0028.MOV,Pronouns/47. they/MVI_0028.MOV,82,Pronouns__47. they__MVI_0028.npy,skipped,,,,
Pronouns,47. they,MVI_0033,/Users/yamini/Desktop/projects/ISL PROJECT/include_videos/Pronouns/47. they/MVI_0033.MOV,Pronouns/47. they/MVI_0033.MOV,52,Pronouns__47. they__MVI_0033.npy,skipped,,,,
Pronouns,47. they,MVI_0034,/Users/yamini/Desktop/projects/ISL PROJECT/include_videos/Pronouns/47. they/MVI_0034.MOV,Pronouns/47. they/MVI_0034.MOV,54,Pronouns__47. they__MVI_0034.npy,skipped,,,,
Pronouns,47. they,MVI_0035,/Users/yamini/Desktop/projects/ISL PROJECT/include_videos/Pronouns/47. they/MVI_0035.MOV,Pronouns/47. they/MVI_0035.MOV,51,Pronouns__47. they__MVI_0035.npy,skipped,,,,
Pronouns,47. they,MVI_0085,/Users/yamini/Desktop/projects/ISL PROJECT/include_videos/Pronouns/47. they/MVI_0085.MOV,Pronouns/47. they/MVI_0085.MOV,68,Pronouns__47. they__MVI_0085.npy,skipped,,,,
Pronouns,47. they,MVI_0087,/Users/yamini/Desktop/projects/ISL PROJECT/include_videos/Pronouns/47. they/MVI_0087.MOV,Pronouns/47. they/MVI_0087.MOV,66,Pronouns__47. they__MVI_0087.npy,skipped,,,,
Pronouns,47. they,MVI_0088,/Users/yamini/Desktop/projects/ISL PROJECT/include_videos/Pronouns/47. they/MVI_0088.MOV,Pronouns/47. they/MVI_0088.MOV,71,Pronouns__47. they__MVI_0088.npy,skipped,,,,
Pronouns,47. they,MVI_9910,/Users/yamini/Desktop/projects/ISL PROJECT/include_videos/Pronouns/47. they/MVI_9910.MOV,Pronouns/47. they/MVI_9910.MOV,59,Pronouns__47. they__MVI_9910.npy,skipped,,,,
Pronouns,47. they,MVI_9911,/Users/yamini/Desktop/projects/ISL PROJECT/include_videos/Pronouns/47. they/MVI_9911.MOV,Pronouns/47. they/MVI_9911.MOV,70,Pronouns__47. they__MVI_9911.npy,skipped,,,,
Pronouns,47. they,MVI_9912,/Users/yamini/Desktop/projects/ISL PROJECT/include_videos/Pronouns/47. they/MVI_9912.MOV,Pronouns/47. they/MVI_9912.MOV,62,Pronouns__47. they__MVI_9912.npy,skipped,,,,
Pronouns,47. they,MVI_9913,/Users/yamini/Desktop/projects/ISL PROJECT/include_videos/Pronouns/47. they/MVI_9913.MOV,Pronouns/47. they/MVI_9913.MOV,61,Pronouns__47. they__MVI_9913.npy,skipped,,,,
Pronouns,47. they,MVI_9950,/Users/yamini/Desktop/projects/ISL PROJECT/include_videos/Pronouns/47. they/MVI_9950.MOV,Pronouns/47. they/MVI_9950.MOV,87,Pronouns__47. they__MVI_9950.npy,skipped,,,,
Pronouns,47. they,MVI_9951,/Users/yamini/Desktop/projects/ISL PROJECT/include_videos/Pronouns/47. they/MVI_9951.MOV,Pronouns/47. they/MVI_9951.MOV,99,Pronouns__47. they__MVI_9951.npy,skipped,,,,
Pronouns,47. they,MVI_9952,/Users/yamini/Desktop/projects/ISL PROJECT/include_videos/Pronouns/47. they/MVI_9952.MOV,Pronouns/47. they/MVI_9952.MOV,101,Pronouns__47. they__MVI_9952.npy,skipped,,,,
Pronouns,47. they,MVI_9953,/Users/yamini/Desktop/projects/ISL PROJECT/include_videos/Pronouns/47. they/MVI_9953.MOV,Pronouns/47. they/MVI_9953.MOV,96,Pronouns__47. they__MVI_9953.npy,skipped,,,,
Pronouns,47. they,MVI_9979,/Users/yamini/Desktop/projects/ISL PROJECT/include_videos/Pronouns/47. they/MVI_9979.MOV,Pronouns/47. they/MVI_9979.MOV,56,Pronouns__47. they__MVI_9979.npy,skipped,,,,
Pronouns,47. they,MVI_9980,/Users/yamini/Desktop/projects/ISL PROJECT/include_videos/Pronouns/47. they/MVI_9980.MOV,Pronouns/47. they/MVI_9980.MOV,54,Pronouns__47. they__MVI_9980.npy,skipped,,,,
Pronouns,47. they,MVI_9981,/Users/yamini/Desktop/projects/ISL PROJECT/include_videos/Pronouns/47. they/MVI_9981.MOV,Pronouns/47. they/MVI_9981.MOV,55,Pronouns__47. they__MVI_9981.npy,skipped,,,,
Seasons,61. Summer,MVI_4565,/Users/yamini/Desktop/projects/ISL PROJECT/include_videos/Seasons/61. Summer/MVI_4565.MOV,Seasons/61. Summer/MVI_4565.MOV,78,Seasons__61. Summer__MVI_4565.npy,skipped,,,,
Seasons,61. Summer,MVI_4566,/Users/yamini/Desktop/projects/ISL PROJECT/include_videos/Seasons/61. Summer/MVI_4566.MOV,Seasons/61. Summer/MVI_4566.MOV,75,Seasons__61. Summer__MVI_4566.npy,skipped,,,,
Seasons,61. Summer,MVI_4567,/Users/yamini/Desktop/projects/ISL PROJECT/include_videos/Seasons/61. Summer/MVI_4567.MOV,Seasons/61. Summer/MVI_4567.MOV,67,Seasons__61. Summer__MVI_4567.npy,skipped,,,,
Seasons,61. Summer,MVI_4568,/Users/yamini/Desktop/projects/ISL PROJECT/include_videos/Seasons/61. Summer/MVI_4568.MOV,Seasons/61. Summer/MVI_4568.MOV,80,Seasons__61. Summer__MVI_4568.npy,skipped,,,,
Seasons,61. Summer,MVI_4990,/Users/yamini/Desktop/projects/ISL PROJECT/include_videos/Seasons/61. Summer/MVI_4990.MOV,Seasons/61. Summer/MVI_4990.MOV,63,Seasons__61. Summer__MVI_4990.npy,skipped,,,,
Seasons,61. Summer,MVI_4991,/Users/yamini/Desktop/projects/ISL PROJECT/include_videos/Seasons/61. Summer/MVI_4991.MOV,Seasons/61. Summer/MVI_4991.MOV,61,Seasons__61. Summer__MVI_4991.npy,skipped,,,,
Seasons,61. Summer,MVI_4992,/Users/yamini/Desktop/projects/ISL PROJECT/include_videos/Seasons/61. Summer/MVI_4992.MOV,Seasons/61. Summer/MVI_4992.MOV,60,Seasons__61. Summer__MVI_4992.npy,skipped,,,,
Seasons,61. Summer,MVI_5420,/Users/yamini/Desktop/projects/ISL PROJECT/include_videos/Seasons/61. Summer/MVI_5420.MOV,Seasons/61. Summer/MVI_5420.MOV,64,Seasons__61. Summer__MVI_5420.npy,skipped,,,,
Seasons,61. Summer,MVI_5421,/Users/yamini/Desktop/projects/ISL PROJECT/include_videos/Seasons/61. Summer/MVI_5421.MOV,Seasons/61. Summer/MVI_5421.MOV,70,Seasons__61. Summer__MVI_5421.npy,skipped,,,,
Seasons,61. Summer,MVI_5422,/Users/yamini/Desktop/projects/ISL PROJECT/include_videos/Seasons/61. Summer/MVI_5422.MOV,Seasons/61. Summer/MVI_5422.MOV,58,Seasons__61. Summer__MVI_5422.npy,skipped,,,,
Seasons,61. Summer,MVI_5424,/Users/yamini/Desktop/projects/ISL PROJECT/include_videos/Seasons/61. Summer/MVI_5424.MOV,Seasons/61. Summer/MVI_5424.MOV,58,Seasons__61. Summer__MVI_5424.npy,skipped,,,,
Seasons,61. Summer,MVI_9122,/Users/yamini/Desktop/projects/ISL PROJECT/include_videos/Seasons/61. Summer/MVI_9122.MOV,Seasons/61. Summer/MVI_9122.MOV,74,Seasons__61. Summer__MVI_9122.npy,skipped,,,,
Seasons,61. Summer,MVI_9123,/Users/yamini/Desktop/projects/ISL PROJECT/include_videos/Seasons/61. Summer/MVI_9123.MOV,Seasons/61. Summer/MVI_9123.MOV,71,Seasons__61. Summer__MVI_9123.npy,skipped,,,,
Seasons,61. Summer,MVI_9124,/Users/yamini/Desktop/projects/ISL PROJECT/include_videos/Seasons/61. Summer/MVI_9124.MOV,Seasons/61. Summer/MVI_9124.MOV,75,Seasons__61. Summer__MVI_9124.npy,skipped,,,,
Seasons,62. Spring,MVI_4569,/Users/yamini/Desktop/projects/ISL PROJECT/include_videos/Seasons/62. Spring/MVI_4569.MOV,Seasons/62. Spring/MVI_4569.MOV,92,Seasons__62. Spring__MVI_4569.npy,skipped,,,,
Seasons,62. Spring,MVI_4570,/Users/yamini/Desktop/projects/ISL PROJECT/include_videos/Seasons/62. Spring/MVI_4570.MOV,Seasons/62. Spring/MVI_4570.MOV,82,Seasons__62. Spring__MVI_4570.npy,skipped,,,,
Seasons,62. Spring,MVI_4571,/Users/yamini/Desktop/projects/ISL PROJECT/include_videos/Seasons/62. Spring/MVI_4571.MOV,Seasons/62. Spring/MVI_4571.MOV,93,Seasons__62. Spring__MVI_4571.npy,skipped,,,,
Seasons,62. Spring,MVI_4572,/Users/yamini/Desktop/projects/ISL PROJECT/include_videos/Seasons/62. Spring/MVI_4572.MOV,Seasons/62. Spring/MVI_4572.MOV,101,Seasons__62. Spring__MVI_4572.npy,skipped,,,,
Seasons,62. Spring,MVI_4993,/Users/yamini/Desktop/projects/ISL PROJECT/include_videos/Seasons/62. Spring/MVI_4993.MOV,Seasons/62. Spring/MVI_4993.MOV,71,Seasons__62. Spring__MVI_4993.npy,skipped,,,,
Seasons,62. Spring,MVI_4994,/Users/yamini/Desktop/projects/ISL PROJECT/include_videos/Seasons/62. Spring/MVI_4994.MOV,Seasons/62. Spring/MVI_4994.MOV,73,Seasons__62. Spring__MVI_4994.npy,skipped,,,,
Seasons,62. Spring,MVI_4995,/Users/yamini/Desktop/projects/ISL PROJECT/include_videos/Seasons/62. Spring/MVI_4995.MOV,Seasons/62. Spring/MVI_4995.MOV,64,Seasons__62. Spring__MVI_4995.npy,skipped,,,,
Seasons,62. Spring,MVI_5425,/Users/yamini/Desktop/projects/ISL PROJECT/include_videos/Seasons/62. Spring/MVI_5425.MOV,Seasons/62. Spring/MVI_5425.MOV,82,Seasons__62. Spring__MVI_5425.npy,skipped,,,,
Seasons,62. Spring,MVI_5426,/Users/yamini/Desktop/projects/ISL PROJECT/include_videos/Seasons/62. Spring/MVI_5426.MOV,Seasons/62. Spring/MVI_5426.MOV,86,Seasons__62. Spring__MVI_5426.npy,skipped,,,,
Seasons,62. Spring,MVI_5427,/Users/yamini/Desktop/projects/ISL PROJECT/include_videos/Seasons/62. Spring/MVI_5427.MOV,Seasons/62. Spring/MVI_5427.MOV,87,Seasons__62. Spring__MVI_5427.npy,skipped,,,,
Seasons,62. Spring,MVI_5428,/Users/yamini/Desktop/projects/ISL PROJECT/include_videos/Seasons/62. Spring/MVI_5428.MOV,Seasons/62. Spring/MVI_5428.MOV,83,Seasons__62. Spring__MVI_5428.npy,skipped,,,,
Seasons,62. Spring,MVI_9125,/Users/yamini/Desktop/projects/ISL PROJECT/include_videos/Seasons/62. Spring/MVI_9125.MOV,Seasons/62. Spring/MVI_9125.MOV,96,Seasons__62. Spring__MVI_9125.npy,skipped,,,,
Seasons,62. Spring,MVI_9126,/Users/yamini/Desktop/projects/ISL PROJECT/include_videos/Seasons/62. Spring/MVI_9126.MOV,Seasons/62. Spring/MVI_9126.MOV,88,Seasons__62. Spring__MVI_9126.npy,skipped,,,,
Seasons,62. Spring,MVI_9127,/Users/yamini/Desktop/projects/ISL PROJECT/include_videos/Seasons/62. Spring/MVI_9127.MOV,Seasons/62. Spring/MVI_9127.MOV,95,Seasons__62. Spring__MVI_9127.npy,skipped,,,,
Seasons,63. Winter,MVI_4573,/Users/yamini/Desktop/projects/ISL PROJECT/include_videos/Seasons/63. Winter/MVI_4573.MOV,Seasons/63. Winter/MVI_4573.MOV,63,Seasons__63. Winter__MVI_4573.npy,skipped,,,,
Seasons,63. Winter,MVI_4574,/Users/yamini/Desktop/projects/ISL PROJECT/include_videos/Seasons/63. Winter/MVI_4574.MOV,Seasons/63. Winter/MVI_4574.MOV,51,Seasons__63. Winter__MVI_4574.npy,skipped,,,,
Seasons,63. Winter,MVI_4575,/Users/yamini/Desktop/projects/ISL PROJECT/include_videos/Seasons/63. Winter/MVI_4575.MOV,Seasons/63. Winter/MVI_4575.MOV,52,Seasons__63. Winter__MVI_4575.npy,skipped,,,,
Seasons,63. Winter,MVI_4576,/Users/yamini/Desktop/projects/ISL PROJECT/include_videos/Seasons/63. Winter/MVI_4576.MOV,Seasons/63. Winter/MVI_4576.MOV,53,Seasons__63. Winter__MVI_4576.npy,skipped,,,,
Seasons,63. Winter,MVI_4996,/Users/yamini/Desktop/projects/ISL PROJECT/include_videos/Seasons/63. Winter/MVI_4996.MOV,Seasons/63. Winter/MVI_4996.MOV,56,Seasons__63. Winter__MVI_4996.npy,skipped,,,,
Seasons,63. Winter,MVI_4997,/Users/yamini/Desktop/projects/ISL PROJECT/include_videos/Seasons/63. Winter/MVI_4997.MOV,Seasons/63. Winter/MVI_4997.MOV,51,Seasons__63. Winter__MVI_4997.npy,skipped,,,,
Seasons,63. Winter,MVI_4998,/Users/yamini/Desktop/projects/ISL PROJECT/include_videos/Seasons/63. Winter/MVI_4998.MOV,Seasons/63. Winter/MVI_4998.MOV,52,Seasons__63. Winter__MVI_4998.npy,skipped,,,,
Seasons,63. Winter,MVI_5429,/Users/yamini/Desktop/projects/ISL PROJECT/include_videos/Seasons/63. Winter/MVI_5429.MOV,Seasons/63. Winter/MVI_5429.MOV,50,Seasons__63. Winter__MVI_5429.npy,skipped,,,,
Seasons,63. Winter,MVI_5430,/Users/yamini/Desktop/projects/ISL PROJECT/include_videos/Seasons/63. Winter/MVI_5430.MOV,Seasons/63. Winter/MVI_5430.MOV,53,Seasons__63. Winter__MVI_5430.npy,skipped,,,,
Seasons,63. Winter,MVI_5431,/Users/yamini/Desktop/projects/ISL PROJECT/include_videos/Seasons/63. Winter/MVI_5431.MOV,Seasons/63. Winter/MVI_5431.MOV,56,Seasons__63. Winter__MVI_5431.npy,skipped,,,,
Seasons,63. Winter,MVI_5432,/Users/yamini/Desktop/projects/ISL PROJECT/include_videos/Seasons/63. Winter/MVI_5432.MOV,Seasons/63. Winter/MVI_5432.MOV,61,Seasons__63. Winter__MVI_5432.npy,skipped,,,,
Seasons,63. Winter,MVI_9129,/Users/yamini/Desktop/projects/ISL PROJECT/include_videos/Seasons/63. Winter/MVI_9129.MOV,Seasons/63. Winter/MVI_9129.MOV,74,Seasons__63. Winter__MVI_9129.npy,skipped,,,,
Seasons,63. Winter,MVI_9130,/Users/yamini/Desktop/projects/ISL PROJECT/include_videos/Seasons/63. Winter/MVI_9130.MOV,Seasons/63. Winter/MVI_9130.MOV,77,Seasons__63. Winter__MVI_9130.npy,skipped,,,,
Seasons,63. Winter,MVI_9131,/Users/yamini/Desktop/projects/ISL PROJECT/include_videos/Seasons/63. Winter/MVI_9131.MOV,Seasons/63. Winter/MVI_9131.MOV,76,Seasons__63. Winter__MVI_9131.npy,skipped,,,,
Seasons,64. Fall,MVI_4577,/Users/yamini/Desktop/projects/ISL PROJECT/include_videos/Seasons/64. Fall/MVI_4577.MOV,Seasons/64. Fall/MVI_4577.MOV,71,Seasons__64. Fall__MVI_4577.npy,skipped,,,,
Seasons,64. Fall,MVI_4578,/Users/yamini/Desktop/projects/ISL PROJECT/include_videos/Seasons/64. Fall/MVI_4578.MOV,Seasons/64. Fall/MVI_4578.MOV,57,Seasons__64. Fall__MVI_4578.npy,skipped,,,,
Seasons,64. Fall,MVI_4579,/Users/yamini/Desktop/projects/ISL PROJECT/include_videos/Seasons/64. Fall/MVI_4579.MOV,Seasons/64. Fall/MVI_4579.MOV,64,Seasons__64. Fall__MVI_4579.npy,skipped,,,,
Seasons,64. Fall,MVI_4580,/Users/yamini/Desktop/projects/ISL PROJECT/include_videos/Seasons/64. Fall/MVI_4580.MOV,Seasons/64. Fall/MVI_4580.MOV,60,Seasons__64. Fall__MVI_4580.npy,skipped,,,,
Seasons,64. Fall,MVI_4999,/Users/yamini/Desktop/projects/ISL PROJECT/include_videos/Seasons/64. Fall/MVI_4999.MOV,Seasons/64. Fall/MVI_4999.MOV,44,Seasons__64. Fall__MVI_4999.npy,skipped,,,,
Seasons,64. Fall,MVI_5000,/Users/yamini/Desktop/projects/ISL PROJECT/include_videos/Seasons/64. Fall/MVI_5000.MOV,Seasons/64. Fall/MVI_5000.MOV,38,Seasons__64. Fall__MVI_5000.npy,skipped,,,,
Seasons,64. Fall,MVI_5001,/Users/yamini/Desktop/projects/ISL PROJECT/include_videos/Seasons/64. Fall/MVI_5001.MOV,Seasons/64. Fall/MVI_5001.MOV,42,Seasons__64. Fall__MVI_5001.npy,skipped,,,,
Seasons,64. Fall,MVI_5433,/Users/yamini/Desktop/projects/ISL PROJECT/include_videos/Seasons/64. Fall/MVI_5433.MOV,Seasons/64. Fall/MVI_5433.MOV,55,Seasons__64. Fall__MVI_5433.npy,skipped,,,,
Seasons,64. Fall,MVI_5434,/Users/yamini/Desktop/projects/ISL PROJECT/include_videos/Seasons/64. Fall/MVI_5434.MOV,Seasons/64. Fall/MVI_5434.MOV,53,Seasons__64. Fall__MVI_5434.npy,skipped,,,,
Seasons,64. Fall,MVI_5435,/Users/yamini/Desktop/projects/ISL PROJECT/include_videos/Seasons/64. Fall/MVI_5435.MOV,Seasons/64. Fall/MVI_5435.MOV,59,Seasons__64. Fall__MVI_5435.npy,skipped,,,,
Seasons,64. Fall,MVI_5436,/Users/yamini/Desktop/projects/ISL PROJECT/include_videos/Seasons/64. Fall/MVI_5436.MOV,Seasons/64. Fall/MVI_5436.MOV,52,Seasons__64. Fall__MVI_5436.npy,skipped,,,,
Seasons,64. Fall,MVI_9132,/Users/yamini/Desktop/projects/ISL PROJECT/include_videos/Seasons/64. Fall/MVI_9132.MOV,Seasons/64. Fall/MVI_9132.MOV,68,Seasons__64. Fall__MVI_9132.npy,skipped,,,,
Seasons,64. Fall,MVI_9133,/Users/yamini/Desktop/projects/ISL PROJECT/include_videos/Seasons/64. Fall/MVI_9133.MOV,Seasons/64. Fall/MVI_9133.MOV,76,Seasons__64. Fall__MVI_9133.npy,skipped,,,,
Seasons,64. Fall,MVI_9134,/Users/yamini/Desktop/projects/ISL PROJECT/include_videos/Seasons/64. Fall/MVI_9134.MOV,Seasons/64. Fall/MVI_9134.MOV,76,Seasons__64. Fall__MVI_9134.npy,skipped,,,,
Seasons,64. Fall,MVI_9135,/Users/yamini/Desktop/projects/ISL PROJECT/include_videos/Seasons/64. Fall/MVI_9135.MOV,Seasons/64. Fall/MVI_9135.MOV,71,Seasons__64. Fall__MVI_9135.npy,skipped,,,,
Seasons,65. Season,MVI_4581,/Users/yamini/Desktop/projects/ISL PROJECT/include_videos/Seasons/65. Season/MVI_4581.MOV,Seasons/65. Season/MVI_4581.MOV,130,Seasons__65. Season__MVI_4581.npy,skipped,,,,
Seasons,65. Season,MVI_4582,/Users/yamini/Desktop/projects/ISL PROJECT/include_videos/Seasons/65. Season/MVI_4582.MOV,Seasons/65. Season/MVI_4582.MOV,138,Seasons__65. Season__MVI_4582.npy,skipped,,,,
Seasons,65. Season,MVI_4584,/Users/yamini/Desktop/projects/ISL PROJECT/include_videos/Seasons/65. Season/MVI_4584.MOV,Seasons/65. Season/MVI_4584.MOV,127,Seasons__65. Season__MVI_4584.npy,skipped,,,,
Seasons,65. Season,MVI_4585,/Users/yamini/Desktop/projects/ISL PROJECT/include_videos/Seasons/65. Season/MVI_4585.MOV,Seasons/65. Season/MVI_4585.MOV,126,Seasons__65. Season__MVI_4585.npy,skipped,,,,
Seasons,65. Season,MVI_5002,/Users/yamini/Desktop/projects/ISL PROJECT/include_videos/Seasons/65. Season/MVI_5002.MOV,Seasons/65. Season/MVI_5002.MOV,90,Seasons__65. Season__MVI_5002.npy,skipped,,,,
Seasons,65. Season,MVI_5003,/Users/yamini/Desktop/projects/ISL PROJECT/include_videos/Seasons/65. Season/MVI_5003.MOV,Seasons/65. Season/MVI_5003.MOV,91,Seasons__65. Season__MVI_5003.npy,skipped,,,,
Seasons,65. Season,MVI_5004,/Users/yamini/Desktop/projects/ISL PROJECT/include_videos/Seasons/65. Season/MVI_5004.MOV,Seasons/65. Season/MVI_5004.MOV,88,Seasons__65. Season__MVI_5004.npy,skipped,,,,
Seasons,65. Season,MVI_5437,/Users/yamini/Desktop/projects/ISL PROJECT/include_videos/Seasons/65. Season/MVI_5437.MOV,Seasons/65. Season/MVI_5437.MOV,119,Seasons__65. Season__MVI_5437.npy,skipped,,,,
Seasons,65. Season,MVI_5438,/Users/yamini/Desktop/projects/ISL PROJECT/include_videos/Seasons/65. Season/MVI_5438.MOV,Seasons/65. Season/MVI_5438.MOV,122,Seasons__65. Season__MVI_5438.npy,skipped,,,,
Seasons,65. Season,MVI_5439,/Users/yamini/Desktop/projects/ISL PROJECT/include_videos/Seasons/65. Season/MVI_5439.MOV,Seasons/65. Season/MVI_5439.MOV,128,Seasons__65. Season__MVI_5439.npy,skipped,,,,
Seasons,65. Season,MVI_5441,/Users/yamini/Desktop/projects/ISL PROJECT/include_videos/Seasons/65. Season/MVI_5441.MOV,Seasons/65. Season/MVI_5441.MOV,107,Seasons__65. Season__MVI_5441.npy,skipped,,,,
Seasons,65. Season,MVI_9136,/Users/yamini/Desktop/projects/ISL PROJECT/include_videos/Seasons/65. Season/MVI_9136.MOV,Seasons/65. Season/MVI_9136.MOV,114,Seasons__65. Season__MVI_9136.npy,skipped,,,,
Seasons,65. Season,MVI_9137,/Users/yamini/Desktop/projects/ISL PROJECT/include_videos/Seasons/65. Season/MVI_9137.MOV,Seasons/65. Season/MVI_9137.MOV,127,Seasons__65. Season__MVI_9137.npy,skipped,,,,
Seasons,65. Season,MVI_9138,/Users/yamini/Desktop/projects/ISL PROJECT/include_videos/Seasons/65. Season/MVI_9138.MOV,Seasons/65. Season/MVI_9138.MOV,112,Seasons__65. Season__MVI_9138.npy,skipped,,,,
Seasons,Ex. Monsoon,MVI_4671,/Users/yamini/Desktop/projects/ISL PROJECT/include_videos/Seasons/Ex. Monsoon/MVI_4671.MOV,Seasons/Ex. Monsoon/MVI_4671.MOV,58,Seasons__Ex. Monsoon__MVI_4671.npy,skipped,,,,
Seasons,Ex. Monsoon,MVI_4672,/Users/yamini/Desktop/projects/ISL PROJECT/include_videos/Seasons/Ex. Monsoon/MVI_4672.MOV,Seasons/Ex. Monsoon/MVI_4672.MOV,64,Seasons__Ex. Monsoon__MVI_4672.npy,skipped,,,,
Seasons,Ex. Monsoon,MVI_4673,/Users/yamini/Desktop/projects/ISL PROJECT/include_videos/Seasons/Ex. Monsoon/MVI_4673.MOV,Seasons/Ex. Monsoon/MVI_4673.MOV,62,Seasons__Ex. Monsoon__MVI_4673.npy,skipped,,,,
Seasons,Ex. Monsoon,MVI_4674,/Users/yamini/Desktop/projects/ISL PROJECT/include_videos/Seasons/Ex. Monsoon/MVI_4674.MOV,Seasons/Ex. Monsoon/MVI_4674.MOV,63,Seasons__Ex. Monsoon__MVI_4674.npy,skipped,,,,
Seasons,Ex. Monsoon,MVI_5080,/Users/yamini/Desktop/projects/ISL PROJECT/include_videos/Seasons/Ex. Monsoon/MVI_5080.MOV,Seasons/Ex. Monsoon/MVI_5080.MOV,47,Seasons__Ex. Monsoon__MVI_5080.npy,skipped,,,,
Seasons,Ex. Monsoon,MVI_5081,/Users/yamini/Desktop/projects/ISL PROJECT/include_videos/Seasons/Ex. Monsoon/MVI_5081.MOV,Seasons/Ex. Monsoon/MVI_5081.MOV,48,Seasons__Ex. Monsoon__MVI_5081.npy,skipped,,,,
Seasons,Ex. Monsoon,MVI_5082,/Users/yamini/Desktop/projects/ISL PROJECT/include_videos/Seasons/Ex. Monsoon/MVI_5082.MOV,Seasons/Ex. Monsoon/MVI_5082.MOV,49,Seasons__Ex. Monsoon__MVI_5082.npy,skipped,,,,
Seasons,Ex. Monsoon,MVI_5528,/Users/yamini/Desktop/projects/ISL PROJECT/include_videos/Seasons/Ex. Monsoon/MVI_5528.MOV,Seasons/Ex. Monsoon/MVI_5528.MOV,44,Seasons__Ex. Monsoon__MVI_5528.npy,skipped,,,,
Seasons,Ex. Monsoon,MVI_5529,/Users/yamini/Desktop/projects/ISL PROJECT/include_videos/Seasons/Ex. Monsoon/MVI_5529.MOV,Seasons/Ex. Monsoon/MVI_5529.MOV,48,Seasons__Ex. Monsoon__MVI_5529.npy,skipped,,,,
Seasons,Ex. Monsoon,MVI_5530,/Users/yamini/Desktop/projects/ISL PROJECT/include_videos/Seasons/Ex. Monsoon/MVI_5530.MOV,Seasons/Ex. Monsoon/MVI_5530.MOV,46,Seasons__Ex. Monsoon__MVI_5530.npy,skipped,,,,
Seasons,Ex. Monsoon,MVI_5531,/Users/yamini/Desktop/projects/ISL PROJECT/include_videos/Seasons/Ex. Monsoon/MVI_5531.MOV,Seasons/Ex. Monsoon/MVI_5531.MOV,54,Seasons__Ex. Monsoon__MVI_5531.npy,skipped,,,,
Seasons,Ex. Monsoon,MVI_9205,/Users/yamini/Desktop/projects/ISL PROJECT/include_videos/Seasons/Ex. Monsoon/MVI_9205.MOV,Seasons/Ex. Monsoon/MVI_9205.MOV,62,Seasons__Ex. Monsoon__MVI_9205.npy,skipped,,,,
Seasons,Ex. Monsoon,MVI_9206,/Users/yamini/Desktop/projects/ISL PROJECT/include_videos/Seasons/Ex. Monsoon/MVI_9206.MOV,Seasons/Ex. Monsoon/MVI_9206.MOV,68,Seasons__Ex. Monsoon__MVI_9206.npy,skipped,,,,
Seasons,Ex. Monsoon,MVI_9207,/Users/yamini/Desktop/projects/ISL PROJECT/include_videos/Seasons/Ex. Monsoon/MVI_9207.MOV,Seasons/Ex. Monsoon/MVI_9207.MOV,70,Seasons__Ex. Monsoon__MVI_9207.npy,skipped,,,,
Society,1. Religion,MVI_4251,/Users/yamini/Desktop/projects/ISL PROJECT/include_videos/Society/1. Religion/MVI_4251.MOV,Society/1. Religion/MVI_4251.MOV,107,Society__1. Religion__MVI_4251.npy,skipped,,,,
Society,1. Religion,MVI_4252,/Users/yamini/Desktop/projects/ISL PROJECT/include_videos/Society/1. Religion/MVI_4252.MOV,Society/1. Religion/MVI_4252.MOV,109,Society__1. Religion__MVI_4252.npy,skipped,,,,
Society,1. Religion,MVI_4253,/Users/yamini/Desktop/projects/ISL PROJECT/include_videos/Society/1. Religion/MVI_4253.MOV,Society/1. Religion/MVI_4253.MOV,113,Society__1. Religion__MVI_4253.npy,skipped,,,,
Society,1. Religion,MVI_4254,/Users/yamini/Desktop/projects/ISL PROJECT/include_videos/Society/1. Religion/MVI_4254.MOV,Society/1. Religion/MVI_4254.MOV,124,Society__1. Religion__MVI_4254.npy,skipped,,,,
Society,1. Religion,MVI_4797,/Users/yamini/Desktop/projects/ISL PROJECT/include_videos/Society/1. Religion/MVI_4797.MOV,Society/1. Religion/MVI_4797.MOV,111,Society__1. Religion__MVI_4797.npy,skipped,,,,
Society,1. Religion,MVI_4798,/Users/yamini/Desktop/projects/ISL PROJECT/include_videos/Society/1. Religion/MVI_4798.MOV,Society/1. Religion/MVI_4798.MOV,125,Society__1. Religion__MVI_4798.npy,skipped,,,,
Society,1. Religion,MVI_4799,/Users/yamini/Desktop/projects/ISL PROJECT/include_videos/Society/1. Religion/MVI_4799.MOV,Society/1. Religion/MVI_4799.MOV,119,Society__1. Religion__MVI_4799.npy,skipped,,,,
Society,1. Religion,MVI_8657,/Users/yamini/Desktop/projects/ISL PROJECT/include_videos/Society/1. Religion/MVI_8657.MOV,Society/1. Religion/MVI_8657.MOV,118,Society__1. Religion__MVI_8657.npy,skipped,,,,
Society,1. Religion,MVI_8658,/Users/yamini/Desktop/projects/ISL PROJECT/include_videos/Society/1. Religion/MVI_8658.MOV,Society/1. Religion/MVI_8658.MOV,148,Society__1. Religion__MVI_8658.npy,skipped,,,,
Society,1. Religion,MVI_8659,/Users/yamini/Desktop/projects/ISL PROJECT/include_videos/Society/1. Religion/MVI_8659.MOV,Society/1. Religion/MVI_8659.MOV,125,Society__1. Religion__MVI_8659.npy,skipped,,,,
Society,1. Religion,MVI_8660,/Users/yamini/Desktop/projects/ISL PROJECT/include_videos/Society/1. Religion/MVI_8660.MOV,Society/1. Religion/MVI_8660.MOV,124,Society__1. Religion__MVI_8660.npy,skipped,,,,
Society,1. Religion,MVI_8927,/Users/yamini/Desktop/projects/ISL PROJECT/include_videos/Society/1. Religion/MVI_8927.MOV,Society/1. Religion/MVI_8927.MOV,113,Society__1. Religion__MVI_8927.npy,skipped,,,,
Society,1. Religion,MVI_8928,/Users/yamini/Desktop/projects/ISL PROJECT/include_videos/Society/1. Religion/MVI_8928.MOV,Society/1. Religion/MVI_8928.MOV,105,Society__1. Religion__MVI_8928.npy,skipped,,,,
Society,1. Religion,MVI_8929,/Users/yamini/Desktop/projects/ISL PROJECT/include_videos/Society/1. Religion/MVI_8929.MOV,Society/1. Religion/MVI_8929.MOV,118,Society__1. Religion__MVI_8929.npy,skipped,,,,
Society,10. Energy,MVI_4287,/Users/yamini/Desktop/projects/ISL PROJECT/include_videos/Society/10. Energy/MVI_4287.MOV,Society/10. Energy/MVI_4287.MOV,46,Society__10. Energy__MVI_4287.npy,skipped,,,,
Society,10. Energy,MVI_4288,/Users/yamini/Desktop/projects/ISL PROJECT/include_videos/Society/10. Energy/MVI_4288.MOV,Society/10. Energy/MVI_4288.MOV,49,Society__10. Energy__MVI_4288.npy,skipped,,,,
Society,10. Energy,MVI_4289,/Users/yamini/Desktop/projects/ISL PROJECT/include_videos/Society/10. Energy/MVI_4289.MOV,Society/10. Energy/MVI_4289.MOV,48,Society__10. Energy__MVI_4289.npy,skipped,,,,
Society,10. Energy,MVI_4290,/Users/yamini/Desktop/projects/ISL PROJECT/include_videos/Society/10. Energy/MVI_4290.MOV,Society/10. Energy/MVI_4290.MOV,42,Society__10. Energy__MVI_4290.npy,skipped,,,,
Society,10. Energy,MVI_4827,/Users/yamini/Desktop/projects/ISL PROJECT/include_videos/Society/10. Energy/MVI_4827.MOV,Society/10. Energy/MVI_4827.MOV,51,Society__10. Energy__MVI_4827.npy,skipped,,,,
Society,10. Energy,MVI_4828,/Users/yamini/Desktop/projects/ISL PROJECT/include_videos/Society/10. Energy/MVI_4828.MOV,Society/10. Energy/MVI_4828.MOV,52,Society__10. Energy__MVI_4828.npy,skipped,,,,
Society,10. Energy,MVI_4829,/Users/yamini/Desktop/projects/ISL PROJECT/include_videos/Society/10. Energy/MVI_4829.MOV,Society/10. Energy/MVI_4829.MOV,60,Society__10. Energy__MVI_4829.npy,skipped,,,,
Society,10. Energy,MVI_8693,/Users/yamini/Desktop/projects/ISL PROJECT/include_videos/Society/10. Energy/MVI_8693.MOV,Society/10. Energy/MVI_8693.MOV,66,Society__10. Energy__MVI_8693.npy,skipped,,,,
Society,10. Energy,MVI_8694,/Users/yamini/Desktop/projects/ISL PROJECT/include_videos/Society/10. Energy/MVI_8694.MOV,Society/10. Energy/MVI_8694.MOV,64,Society__10. Energy__MVI_8694.npy,skipped,,,,
Society,10. Energy,MVI_8695,/Users/yamini/Desktop/projects/ISL PROJECT/include_videos/Society/10. Energy/MVI_8695.MOV,Society/10. Energy/MVI_8695.MOV,68,Society__10. Energy__MVI_8695.npy,skipped,,,,
Society,10. Energy,MVI_8696,/Users/yamini/Desktop/projects/ISL PROJECT/include_videos/Society/10. Energy/MVI_8696.MOV,Society/10. Energy/MVI_8696.MOV,62,Society__10. Energy__MVI_8696.npy,skipped,,,,
Society,10. Energy,MVI_8954,/Users/yamini/Desktop/projects/ISL PROJECT/include_videos/Society/10. Energy/MVI_8954.MOV,Society/10. Energy/MVI_8954.MOV,68,Society__10. Energy__MVI_8954.npy,skipped,,,,
Society,10. Energy,MVI_8955,/Users/yamini/Desktop/projects/ISL PROJECT/include_videos/Society/10. Energy/MVI_8955.MOV,Society/10. Energy/MVI_8955.MOV,67,Society__10. Energy__MVI_8955.npy,skipped,,,,
Society,10. Energy,MVI_8956,/Users/yamini/Desktop/projects/ISL PROJECT/include_videos/Society/10. Energy/MVI_8956.MOV,Society/10. Energy/MVI_8956.MOV,74,Society__10. Energy__MVI_8956.npy,skipped,,,,
Society,11. War,MVI_4291,/Users/yamini/Desktop/projects/ISL PROJECT/include_videos/Society/11. War/MVI_4291.MOV,Society/11. War/MVI_4291.MOV,55,Society__11. War__MVI_4291.npy,skipped,,,,
Society,11. War,MVI_4292,/Users/yamini/Desktop/projects/ISL PROJECT/include_videos/Society/11. War/MVI_4292.MOV,Society/11. War/MVI_4292.MOV,55,Society__11. War__MVI_4292.npy,skipped,,,,
Society,11. War,MVI_4293,/Users/yamini/Desktop/projects/ISL PROJECT/include_videos/Society/11. War/MVI_4293.MOV,Society/11. War/MVI_4293.MOV,48,Society__11. War__MVI_4293.npy,skipped,,,,
Society,11. War,MVI_4294,/Users/yamini/Desktop/projects/ISL PROJECT/include_videos/Society/11. War/MVI_4294.MOV,Society/11. War/MVI_4294.MOV,55,Society__11. War__MVI_4294.npy,skipped,,,,
Society,11. War,MVI_4830,/Users/yamini/Desktop/projects/ISL PROJECT/include_videos/Society/11. War/MVI_4830.MOV,Society/11. War/MVI_4830.MOV,56,Society__11. War__MVI_4830.npy,skipped,,,,
Society,11. War,MVI_4831,/Users/yamini/Desktop/projects/ISL PROJECT/include_videos/Society/11. War/MVI_4831.MOV,Society/11. War/MVI_4831.MOV,56,Society__11. War__MVI_4831.npy,skipped,,,,
Society,11. War,MVI_4832,/Users/yamini/Desktop/projects/ISL PROJECT/include_videos/Society/11. War/MVI_4832.MOV,Society/11. War/MVI_4832.MOV,58,Society__11. War__MVI_4832.npy,skipped,,,,
Society,11. War,MVI_8697,/Users/yamini/Desktop/projects/ISL PROJECT/include_videos/Society/11. War/MVI_8697.MOV,Society/11. War/MVI_8697.MOV,75,Society__11. War__MVI_8697.npy,skipped,,,,
Society,11. War,MVI_8698,/Users/yamini/Desktop/projects/ISL PROJECT/include_videos/Society/11. War/MVI_8698.MOV,Society/11. War/MVI_8698.MOV,65,Society__11. War__MVI_8698.npy,skipped,,,,
Society,11. War,MVI_8699,/Users/yamini/Desktop/projects/ISL PROJECT/include_videos/Society/11. War/MVI_8699.MOV,Society/11. War/MVI_8699.MOV,65,Society__11. War__MVI_8699.npy,skipped,,,,
Society,11. War,MVI_8700,/Users/yamini/Desktop/projects/ISL PROJECT/include_videos/Society/11. War/MVI_8700.MOV,Society/11. War/MVI_8700.MOV,70,Society__11. War__MVI_8700.npy,skipped,,,,
Society,11. War,MVI_8957,/Users/yamini/Desktop/projects/ISL PROJECT/include_videos/Society/11. War/MVI_8957.MOV,Society/11. War/MVI_8957.MOV,71,Society__11. War__MVI_8957.npy,skipped,,,,
Society,11. War,MVI_8958,/Users/yamini/Desktop/projects/ISL PROJECT/include_videos/Society/11. War/MVI_8958.MOV,Society/11. War/MVI_8958.MOV,67,Society__11. War__MVI_8958.npy,skipped,,,,
Society,11. War,MVI_8959,/Users/yamini/Desktop/projects/ISL PROJECT/include_videos/Society/11. War/MVI_8959.MOV,Society/11. War/MVI_8959.MOV,66,Society__11. War__MVI_8959.npy,skipped,,,,
Society,12. Peace,MVI_4295,/Users/yamini/Desktop/projects/ISL PROJECT/include_videos/Society/12. Peace/MVI_4295.MOV,Society/12. Peace/MVI_4295.MOV,62,Society__12. Peace__MVI_4295.npy,skipped,,,,
Society,12. Peace,MVI_4296,/Users/yamini/Desktop/projects/ISL PROJECT/include_videos/Society/12. Peace/MVI_4296.MOV,Society/12. Peace/MVI_4296.MOV,65,Society__12. Peace__MVI_4296.npy,skipped,,,,
Society,12. Peace,MVI_4297,/Users/yamini/Desktop/projects/ISL PROJECT/include_videos/Society/12. Peace/MVI_4297.MOV,Society/12. Peace/MVI_4297.MOV,65,Society__12. Peace__MVI_4297.npy,skipped,,,,
Society,12. Peace,MVI_4298,/Users/yamini/Desktop/projects/ISL PROJECT/include_videos/Society/12. Peace/MVI_4298.MOV,Society/12. Peace/MVI_4298.MOV,63,Society__12. Peace__MVI_4298.npy,skipped,,,,
Society,12. Peace,MVI_4833,/Users/yamini/Desktop/projects/ISL PROJECT/include_videos/Society/12. Peace/MVI_4833.MOV,Society/12. Peace/MVI_4833.MOV,60,Society__12. Peace__MVI_4833.npy,skipped,,,,
Society,12. Peace,MVI_4834,/Users/yamini/Desktop/projects/ISL PROJECT/include_videos/Society/12. Peace/MVI_4834.MOV,Society/12. Peace/MVI_4834.MOV,70,Society__12. Peace__MVI_4834.npy,skipped,,,,
Society,12. Peace,MVI_4835,/Users/yamini/Desktop/projects/ISL PROJECT/include_videos/Society/12. Peace/MVI_4835.MOV,Society/12. Peace/MVI_4835.MOV,64,Society__12. Peace__MVI_4835.npy,skipped,,,,
Society,12. Peace,MVI_8702,/Users/yamini/Desktop/projects/ISL PROJECT/include_videos/Society/12. Peace/MVI_8702.MOV,Society/12. Peace/MVI_8702.MOV,97,Society__12. Peace__MVI_8702.npy,skipped,,,,
Society,12. Peace,MVI_8703,/Users/yamini/Desktop/projects/ISL PROJECT/include_videos/Society/12. Peace/MVI_8703.MOV,Society/12. Peace/MVI_8703.MOV,80,Society__12. Peace__MVI_8703.npy,skipped,,,,
Society,12. Peace,MVI_8704,/Users/yamini/Desktop/projects/ISL PROJECT/include_videos/Society/12. Peace/MVI_8704.MOV,Society/12. Peace/MVI_8704.MOV,86,Society__12. Peace__MVI_8704.npy,skipped,,,,
Society,12. Peace,MVI_8705,/Users/yamini/Desktop/projects/ISL PROJECT/include_videos/Society/12. Peace/MVI_8705.MOV,Society/12. Peace/MVI_8705.MOV,70,Society__12. Peace__MVI_8705.npy,skipped,,,,
Society,12. Peace,MVI_8960,/Users/yamini/Desktop/projects/ISL PROJECT/include_videos/Society/12. Peace/MVI_8960.MOV,Society/12. Peace/MVI_8960.MOV,70,Society__12. Peace__MVI_8960.npy,skipped,,,,
Society,12. Peace,MVI_8961,/Users/yamini/Desktop/projects/ISL PROJECT/include_videos/Society/12. Peace/MVI_8961.MOV,Society/12. Peace/MVI_8961.MOV,67,Society__12. Peace__MVI_8961.npy,skipped,,,,
Society,12. Peace,MVI_8962,/Users/yamini/Desktop/projects/ISL PROJECT/include_videos/Society/12. Peace/MVI_8962.MOV,Society/12. Peace/MVI_8962.MOV,68,Society__12. Peace__MVI_8962.npy,skipped,,,,
Society,13. Attack,MVI_4299,/Users/yamini/Desktop/projects/ISL PROJECT/include_videos/Society/13. Attack/MVI_4299.MOV,Society/13. Attack/MVI_4299.MOV,73,Society__13. Attack__MVI_4299.npy,skipped,,,,
Society,13. Attack,MVI_4300,/Users/yamini/Desktop/projects/ISL PROJECT/include_videos/Society/13. Attack/MVI_4300.MOV,Society/13. Attack/MVI_4300.MOV,79,Society__13. Attack__MVI_4300.npy,skipped,,,,
Society,13. Attack,MVI_4301,/Users/yamini/Desktop/projects/ISL PROJECT/include_videos/Society/13. Attack/MVI_4301.MOV,Society/13. Attack/MVI_4301.MOV,76,Society__13. Attack__MVI_4301.npy,skipped,,,,
Society,13. Attack,MVI_4302,/Users/yamini/Desktop/projects/ISL PROJECT/include_videos/Society/13. Attack/MVI_4302.MOV,Society/13. Attack/MVI_4302.MOV,83,Society__13. Attack__MVI_4302.npy,skipped,,,,
Society,13. Attack,MVI_4303,/Users/yamini/Desktop/projects/ISL PROJECT/include_videos/Society/13. Attack/MVI_4303.MOV,Society/13. Attack/MVI_4303.MOV,70,Society__13. Attack__MVI_4303.npy,skipped,,,,
Society,13. Attack,MVI_4836,/Users/yamini/Desktop/projects/ISL PROJECT/include_videos/Society/13. Attack/MVI_4836.MOV,Society/13. Attack/MVI_4836.MOV,73,Society__13. Attack__MVI_4836.npy,skipped,,,,
Society,13. Attack,MVI_4837,/Users/yamini/Desktop/projects/ISL PROJECT/include_videos/Society/13. Attack/MVI_4837.MOV,Society/13. Attack/MVI_4837.MOV,66,Society__13. Attack__MVI_4837.npy,skipped,,,,
Society,13. Attack,MVI_4838,/Users/yamini/Desktop/projects/ISL PROJECT/include_videos/Society/13. Attack/MVI_4838.MOV,Society/13. Attack/MVI_4838.MOV,62,Society__13. Attack__MVI_4838.npy,skipped,,,,
Society,13. Attack,MVI_8706,/Users/yamini/Desktop/projects/ISL PROJECT/include_videos/Society/13. Attack/MVI_8706.MOV,Society/13. Attack/MVI_8706.MOV,95,Society__13. Attack__MVI_8706.npy,skipped,,,,
Society,13. Attack,MVI_8707,/Users/yamini/Desktop/projects/ISL PROJECT/include_videos/Society/13. Attack/MVI_8707.MOV,Society/13. Attack/MVI_8707.MOV,80,Society__13. Attack__MVI_8707.npy,skipped,,,,
Society,13. Attack,MVI_8708,/Users/yamini/Desktop/projects/ISL PROJECT/include_videos/Society/13. Attack/MVI_8708.MOV,Society/13. Attack/MVI_8708.MOV,94,Society__13. Attack__MVI_8708.npy,skipped,,,,
Society,13. Attack,MVI_8709,/Users/yamini/Desktop/projects/ISL PROJECT/include_videos/Society/13. Attack/MVI_8709.MOV,Society/13. Attack/MVI_8709.MOV,90,Society__13. Attack__MVI_8709.npy,skipped,,,,
Society,13. Attack,MVI_8964,/Users/yamini/Desktop/projects/ISL PROJECT/include_videos/Society/13. Attack/MVI_8964.MOV,Society/13. Attack/MVI_8964.MOV,71,Society__13. Attack__MVI_8964.npy,skipped,,,,
Society,13. Attack,MVI_8965,/Users/yamini/Desktop/projects/ISL PROJECT/include_videos/Society/13. Attack/MVI_8965.MOV,Society/13. Attack/MVI_8965.MOV,76,Society__13. Attack__MVI_8965.npy,skipped,,,,
Society,13. Attack,MVI_8966,/Users/yamini/Desktop/projects/ISL PROJECT/include_videos/Society/13. Attack/MVI_8966.MOV,Society/13. Attack/MVI_8966.MOV,85,Society__13. Attack__MVI_8966.npy,skipped,,,,
Society,14. Election,MVI_4304,/Users/yamini/Desktop/projects/ISL PROJECT/include_videos/Society/14. Election/MVI_4304.MOV,Society/14. Election/MVI_4304.MOV,72,Society__14. Election__MVI_4304.npy,skipped,,,,
Society,14. Election,MVI_4305,/Users/yamini/Desktop/projects/ISL PROJECT/include_videos/Society/14. Election/MVI_4305.MOV,Society/14. Election/MVI_4305.MOV,80,Society__14. Election__MVI_4305.npy,skipped,,,,
Society,14. Election,MVI_4306,/Users/yamini/Desktop/projects/ISL PROJECT/include_videos/Society/14. Election/MVI_4306.MOV,Society/14. Election/MVI_4306.MOV,76,Society__14. Election__MVI_4306.npy,skipped,,,,
Society,14. Election,MVI_4307,/Users/yamini/Desktop/projects/ISL PROJECT/include_videos/Society/14. Election/MVI_4307.MOV,Society/14. Election/MVI_4307.MOV,73,Society__14. Election__MVI_4307.npy,skipped,,,,
Society,14. Election,MVI_4839,/Users/yamini/Desktop/projects/ISL PROJECT/include_videos/Society/14. Election/MVI_4839.MOV,Society/14. Election/MVI_4839.MOV,73,Society__14. Election__MVI_4839.npy,skipped,,,,
Society,14. Election,MVI_4840,/Users/yamini/Desktop/projects/ISL PROJECT/include_videos/Society/14. Election/MVI_4840.MOV,Society/14. Election/MVI_4840.MOV,65,Society__14. Election__MVI_4840.npy,skipped,,,,
Society,14. Election,MVI_4841,/Users/yamini/Desktop/projects/ISL PROJECT/include_videos/Society/14. Election/MVI_4841.MOV,Society/14. Election/MVI_4841.MOV,62,Society__14. Election__MVI_4841.npy,skipped,,,,
Society,14. Election,MVI_8710,/Users/yamini/Desktop/projects/ISL PROJECT/include_videos/Society/14. Election/MVI_8710.MOV,Society/14. Election/MVI_8710.MOV,76,Society__14. Election__MVI_8710.npy,skipped,,,,
Society,14. Election,MVI_8711,/Users/yamini/Desktop/projects/ISL PROJECT/include_videos/Society/14. Election/MVI_8711.MOV,Society/14. Election/MVI_8711.MOV,78,Society__14. Election__MVI_8711.npy,skipped,,,,
Society,14. Election,MVI_8712,/Users/yamini/Desktop/projects/ISL PROJECT/include_videos/Society/14. Election/MVI_8712.MOV,Society/14. Election/MVI_8712.MOV,83,Society__14. Election__MVI_8712.npy,skipped,,,,
Society,14. Election,MVI_8713,/Users/yamini/Desktop/projects/ISL PROJECT/include_videos/Society/14. Election/MVI_8713.MOV,Society/14. Election/MVI_8713.MOV,68,Society__14. Election__MVI_8713.npy,skipped,,,,
Society,14. Election,MVI_8967,/Users/yamini/Desktop/projects/ISL PROJECT/include_videos/Society/14. Election/MVI_8967.MOV,Society/14. Election/MVI_8967.MOV,63,Society__14. Election__MVI_8967.npy,skipped,,,,
Society,14. Election,MVI_8968,/Users/yamini/Desktop/projects/ISL PROJECT/include_videos/Society/14. Election/MVI_8968.MOV,Society/14. Election/MVI_8968.MOV,75,Society__14. Election__MVI_8968.npy,skipped,,,,
Society,14. Election,MVI_8969,/Users/yamini/Desktop/projects/ISL PROJECT/include_videos/Society/14. Election/MVI_8969.MOV,Society/14. Election/MVI_8969.MOV,71,Society__14. Election__MVI_8969.npy,skipped,,,,
Society,15. Newspaper,MVI_4308,/Users/yamini/Desktop/projects/ISL PROJECT/include_videos/Society/15. Newspaper/MVI_4308.MOV,Society/15. Newspaper/MVI_4308.MOV,65,Society__15. Newspaper__MVI_4308.npy,skipped,,,,
Society,15. Newspaper,MVI_4309,/Users/yamini/Desktop/projects/ISL PROJECT/include_videos/Society/15. Newspaper/MVI_4309.MOV,Society/15. Newspaper/MVI_4309.MOV,71,Society__15. Newspaper__MVI_4309.npy,skipped,,,,
Society,15. Newspaper,MVI_4310,/Users/yamini/Desktop/projects/ISL PROJECT/include_videos/Society/15. Newspaper/MVI_4310.MOV,Society/15. Newspaper/MVI_4310.MOV,67,Society__15. Newspaper__MVI_4310.npy,skipped,,,,
Society,15. Newspaper,MVI_4311,/Users/yamini/Desktop/projects/ISL PROJECT/include_videos/Society/15. Newspaper/MVI_4311.MOV,Society/15. Newspaper/MVI_4311.MOV,70,Society__15. Newspaper__MVI_4311.npy,skipped,,,,
Society,15. Newspaper,MVI_4842,/Users/yamini/Desktop/projects/ISL PROJECT/include_videos/Society/15. Newspaper/MVI_4842.MOV,Society/15. Newspaper/MVI_4842.MOV,70,Society__15. Newspaper__MVI_4842.npy,skipped,,,,
Society,15. Newspaper,MVI_4843,/Users/yamini/Desktop/projects/ISL PROJECT/include_videos/Society/15. Newspaper/MVI_4843.MOV,Society/15. Newspaper/MVI_4843.MOV,61,Society__15. Newspaper__MVI_4843.npy,skipped,,,,
Society,15. Newspaper,MVI_4844,/Users/yamini/Desktop/projects/ISL PROJECT/include_videos/Society/15. Newspaper/MVI_4844.MOV,Society/15. Newspaper/MVI_4844.MOV,56,Society__15. Newspaper__MVI_4844.npy,skipped,,,,
Society,15. Newspaper,MVI_8714,/Users/yamini/Desktop/projects/ISL PROJECT/include_videos/Society/15. Newspaper/MVI_8714.MOV,Society/15. Newspaper/MVI_8714.MOV,80,Society__15. Newspaper__MVI_8714.npy,skipped,,,,
Society,15. Newspaper,MVI_8715,/Users/yamini/Desktop/projects/ISL PROJECT/include_videos/Society/15. Newspaper/MVI_8715.MOV,Society/15. Newspaper/MVI_8715.MOV,72,Society__15. Newspaper__MVI_8715.npy,skipped,,,,
Society,15. Newspaper,MVI_8716,/Users/yamini/Desktop/projects/ISL PROJECT/include_videos/Society/15. Newspaper/MVI_8716.MOV,Society/15. Newspaper/MVI_8716.MOV,75,Society__15. Newspaper__MVI_8716.npy,skipped,,,,
Society,15. Newspaper,MVI_8717,/Users/yamini/Desktop/projects/ISL PROJECT/include_videos/Society/15. Newspaper/MVI_8717.MOV,Society/15. Newspaper/MVI_8717.MOV,77,Society__15. Newspaper__MVI_8717.npy,skipped,,,,
Society,15. Newspaper,MVI_8970,/Users/yamini/Desktop/projects/ISL PROJECT/include_videos/Society/15. Newspaper/MVI_8970.MOV,Society/15. Newspaper/MVI_8970.MOV,79,Society__15. Newspaper__MVI_8970.npy,skipped,,,,
Society,15. Newspaper,MVI_8971,/Users/yamini/Desktop/projects/ISL PROJECT/include_videos/Society/15. Newspaper/MVI_8971.MOV,Society/15. Newspaper/MVI_8971.MOV,73,Society__15. Newspaper__MVI_8971.npy,skipped,,,,
Society,15. Newspaper,MVI_8972,/Users/yamini/Desktop/projects/ISL PROJECT/include_videos/Society/15. Newspaper/MVI_8972.MOV,Society/15. Newspaper/MVI_8972.MOV,67,Society__15. Newspaper__MVI_8972.npy,skipped,,,,
Society,16. Gun,MVI_4312,/Users/yamini/Desktop/projects/ISL PROJECT/include_videos/Society/16. Gun/MVI_4312.MOV,Society/16. Gun/MVI_4312.MOV,50,Society__16. Gun__MVI_4312.npy,skipped,,,,
Society,16. Gun,MVI_4313,/Users/yamini/Desktop/projects/ISL PROJECT/include_videos/Society/16. Gun/MVI_4313.MOV,Society/16. Gun/MVI_4313.MOV,56,Society__16. Gun__MVI_4313.npy,skipped,,,,
Society,16. Gun,MVI_4314,/Users/yamini/Desktop/projects/ISL PROJECT/include_videos/Society/16. Gun/MVI_4314.MOV,Society/16. Gun/MVI_4314.MOV,46,Society__16. Gun__MVI_4314.npy,skipped,,,,
Society,16. Gun,MVI_4315,/Users/yamini/Desktop/projects/ISL PROJECT/include_videos/Society/16. Gun/MVI_4315.MOV,Society/16. Gun/MVI_4315.MOV,50,Society__16. Gun__MVI_4315.npy,skipped,,,,
Society,16. Gun,MVI_4845,/Users/yamini/Desktop/projects/ISL PROJECT/include_videos/Society/16. Gun/MVI_4845.MOV,Society/16. Gun/MVI_4845.MOV,59,Society__16. Gun__MVI_4845.npy,skipped,,,,
Society,16. Gun,MVI_4846,/Users/yamini/Desktop/projects/ISL PROJECT/include_videos/Society/16. Gun/MVI_4846.MOV,Society/16. Gun/MVI_4846.MOV,54,Society__16. Gun__MVI_4846.npy,skipped,,,,
Society,16. Gun,MVI_4847,/Users/yamini/Desktop/projects/ISL PROJECT/include_videos/Society/16. Gun/MVI_4847.MOV,Society/16. Gun/MVI_4847.MOV,56,Society__16. Gun__MVI_4847.npy,skipped,,,,
Society,16. Gun,MVI_8718,/Users/yamini/Desktop/projects/ISL PROJECT/include_videos/Society/16. Gun/MVI_8718.MOV,Society/16. Gun/MVI_8718.MOV,55,Society__16. Gun__MVI_8718.npy,skipped,,,,
Society,16. Gun,MVI_8719,/Users/yamini/Desktop/projects/ISL PROJECT/include_videos/Society/16. Gun/MVI_8719.MOV,Society/16. Gun/MVI_8719.MOV,66,Society__16. Gun__MVI_8719.npy,skipped,,,,
Society,16. Gun,MVI_8720,/Users/yamini/Desktop/projects/ISL PROJECT/include_videos/Society/16. Gun/MVI_8720.MOV,Society/16. Gun/MVI_8720.MOV,59,Society__16. Gun__MVI_8720.npy,skipped,,,,
Society,16. Gun,MVI_8721,/Users/yamini/Desktop/projects/ISL PROJECT/include_videos/Society/16. Gun/MVI_8721.MOV,Society/16. Gun/MVI_8721.MOV,67,Society__16. Gun__MVI_8721.npy,skipped,,,,
Society,16. Gun,MVI_8973,/Users/yamini/Desktop/projects/ISL PROJECT/include_videos/Society/16. Gun/MVI_8973.MOV,Society/16. Gun/MVI_8973.MOV,58,Society__16. Gun__MVI_8973.npy,skipped,,,,
Society,16. Gun,MVI_8974,/Users/yamini/Desktop/projects/ISL PROJECT/include_videos/Society/16. Gun/MVI_8974.MOV,Society/16. Gun/MVI_8974.MOV,56,Society__16. Gun__MVI_8974.npy,skipped,,,,
Society,16. Gun,MVI_8975,/Users/yamini/Desktop/projects/ISL PROJECT/include_videos/Society/16. Gun/MVI_8975.MOV,Society/16. Gun/MVI_8975.MOV,65,Society__16. Gun__MVI_8975.npy,skipped,,,,
Society,17. Sport,MVI_4316,/Users/yamini/Desktop/projects/ISL PROJECT/include_videos/Society/17. Sport/MVI_4316.MOV,Society/17. Sport/MVI_4316.MOV,56,Society__17. Sport__MVI_4316.npy,skipped,,,,
Society,17. Sport,MVI_4317,/Users/yamini/Desktop/projects/ISL PROJECT/include_videos/Society/17. Sport/MVI_4317.MOV,Society/17. Sport/MVI_4317.MOV,66,Society__17. Sport__MVI_4317.npy,skipped,,,,
Society,17. Sport,MVI_4318,/Users/yamini/Desktop/projects/ISL PROJECT/include_videos/Society/17. Sport/MVI_4318.MOV,Society/17. Sport/MVI_4318.MOV,67,Society__17. Sport__MVI_4318.npy,skipped,,,,
Society,17. Sport,MVI_4319,/Users/yamini/Desktop/projects/ISL PROJECT/include_videos/Society/17. Sport/MVI_4319.MOV,Society/17. Sport/MVI_4319.MOV,66,Society__17. Sport__MVI_4319.npy,skipped,,,,
Society,17. Sport,MVI_4848,/Users/yamini/Desktop/projects/ISL PROJECT/include_videos/Society/17. Sport/MVI_4848.MOV,Society/17. Sport/MVI_4848.MOV,65,Society__17. Sport__MVI_4848.npy,skipped,,,,
Society,17. Sport,MVI_4849,/Users/yamini/Desktop/projects/ISL PROJECT/include_videos/Society/17. Sport/MVI_4849.MOV,Society/17. Sport/MVI_4849.MOV,59,Society__17. Sport__MVI_4849.npy,skipped,,,,
Society,17. Sport,MVI_4850,/Users/yamini/Desktop/projects/ISL PROJECT/include_videos/Society/17. Sport/MVI_4850.MOV,Society/17. Sport/MVI_4850.MOV,59,Society__17. Sport__MVI_4850.npy,skipped,,,,
Society,17. Sport,MVI_8722,/Users/yamini/Desktop/projects/ISL PROJECT/include_videos/Society/17. Sport/MVI_8722.MOV,Society/17. Sport/MVI_8722.MOV,73,Society__17. Sport__MVI_8722.npy,skipped,,,,
Society,17. Sport,MVI_8723,/Users/yamini/Desktop/projects/ISL PROJECT/include_videos/Society/17. Sport/MVI_8723.MOV,Society/17. Sport/MVI_8723.MOV,94,Society__17. Sport__MVI_8723.npy,skipped,,,,
Society,17. Sport,MVI_8724,/Users/yamini/Desktop/projects/ISL PROJECT/include_videos/Society/17. Sport/MVI_8724.MOV,Society/17. Sport/MVI_8724.MOV,77,Society__17. Sport__MVI_8724.npy,skipped,,,,
Society,17. Sport,MVI_8725,/Users/yamini/Desktop/projects/ISL PROJECT/include_videos/Society/17. Sport/MVI_8725.MOV,Society/17. Sport/MVI_8725.MOV,71,Society__17. Sport__MVI_8725.npy,skipped,,,,
Society,17. Sport,MVI_8976,/Users/yamini/Desktop/projects/ISL PROJECT/include_videos/Society/17. Sport/MVI_8976.MOV,Society/17. Sport/MVI_8976.MOV,68,Society__17. Sport__MVI_8976.npy,skipped,,,,
Society,17. Sport,MVI_8977,/Users/yamini/Desktop/projects/ISL PROJECT/include_videos/Society/17. Sport/MVI_8977.MOV,Society/17. Sport/MVI_8977.MOV,72,Society__17. Sport__MVI_8977.npy,skipped,,,,
Society,17. Sport,MVI_8978,/Users/yamini/Desktop/projects/ISL PROJECT/include_videos/Society/17. Sport/MVI_8978.MOV,Society/17. Sport/MVI_8978.MOV,71,Society__17. Sport__MVI_8978.npy,skipped,,,,
Society,18. Exercise,MVI_4320,/Users/yamini/Desktop/projects/ISL PROJECT/include_videos/Society/18. Exercise/MVI_4320.MOV,Society/18. Exercise/MVI_4320.MOV,54,Society__18. Exercise__MVI_4320.npy,skipped,,,,
Society,18. Exercise,MVI_4321,/Users/yamini/Desktop/projects/ISL PROJECT/include_videos/Society/18. Exercise/MVI_4321.MOV,Society/18. Exercise/MVI_4321.MOV,58,Society__18. Exercise__MVI_4321.npy,skipped,,,,
Society,18. Exercise,MVI_4322,/Users/yamini/Desktop/projects/ISL PROJECT/include_videos/Society/18. Exercise/MVI_4322.MOV,Society/18. Exercise/MVI_4322.MOV,66,Society__18. Exercise__MVI_4322.npy,skipped,,,,
Society,18. Exercise,MVI_4323,/Users/yamini/Desktop/projects/ISL PROJECT/include_videos/Society/18. Exercise/MVI_4323.MOV,Society/18. Exercise/MVI_4323.MOV,60,Society__18. Exercise__MVI_4323.npy,skipped,,,,
Society,18. Exercise,MVI_4851,/Users/yamini/Desktop/projects/ISL PROJECT/include_videos/Society/18. Exercise/MVI_4851.MOV,Society/18. Exercise/MVI_4851.MOV,59,Society__18. Exercise__MVI_4851.npy,skipped,,,,
Society,18. Exercise,MVI_4852,/Users/yamini/Desktop/projects/ISL PROJECT/include_videos/Society/18. Exercise/MVI_4852.MOV,Society/18. Exercise/MVI_4852.MOV,57,Society__18. Exercise__MVI_4852.npy,skipped,,,,
Society,18. Exercise,MVI_4853,/Users/yamini/Desktop/projects/ISL PROJECT/include_videos/Society/18. Exercise/MVI_4853.MOV,Society/18. Exercise/MVI_4853.MOV,54,Society__18. Exercise__MVI_4853.npy,skipped,,,,
Society,18. Exercise,MVI_8726,/Users/yamini/Desktop/projects/ISL PROJECT/include_videos/Society/18. Exercise/MVI_8726.MOV,Society/18. Exercise/MVI_8726.MOV,68,Society__18. Exercise__MVI_8726.npy,skipped,,,,
Society,18. Exercise,MVI_8727,/Users/yamini/Desktop/projects/ISL PROJECT/include_videos/Society/18. Exercise/MVI_8727.MOV,Society/18. Exercise/MVI_8727.MOV,64,Society__18. Exercise__MVI_8727.npy,skipped,,,,
Society,18. Exercise,MVI_8728,/Users/yamini/Desktop/projects/ISL PROJECT/include_videos/Society/18. Exercise/MVI_8728.MOV,Society/18. Exercise/MVI_8728.MOV,65,Society__18. Exercise__MVI_8728.npy,skipped,,,,
Society,18. Exercise,MVI_8729,/Users/yamini/Desktop/projects/ISL PROJECT/include_videos/Society/18. Exercise/MVI_8729.MOV,Society/18. Exercise/MVI_8729.MOV,67,Society__18. Exercise__MVI_8729.npy,skipped,,,,
Society,18. Exercise,MVI_8979,/Users/yamini/Desktop/projects/ISL PROJECT/include_videos/Society/18. Exercise/MVI_8979.MOV,Society/18. Exercise/MVI_8979.MOV,58,Society__18. Exercise__MVI_8979.npy,skipped,,,,
Society,18. Exercise,MVI_8980,/Users/yamini/Desktop/projects/ISL PROJECT/include_videos/Society/18. Exercise/MVI_8980.MOV,Society/18. Exercise/MVI_8980.MOV,68,Society__18. Exercise__MVI_8980.npy,skipped,,,,
Society,18. Exercise,MVI_8981,/Users/yamini/Desktop/projects/ISL PROJECT/include_videos/Society/18. Exercise/MVI_8981.MOV,Society/18. Exercise/MVI_8981.MOV,62,Society__18. Exercise__MVI_8981.npy,skipped,,,,
Society,19. Ball,MVI_4324,/Users/yamini/Desktop/projects/ISL PROJECT/include_videos/Society/19. Ball/MVI_4324.MOV,Society/19. Ball/MVI_4324.MOV,50,Society__19. Ball__MVI_4324.npy,skipped,,,,
Society,19. Ball,MVI_4325,/Users/yamini/Desktop/projects/ISL PROJECT/include_videos/Society/19. Ball/MVI_4325.MOV,Society/19. Ball/MVI_4325.MOV,47,Society__19. Ball__MVI_4325.npy,skipped,,,,
Society,19. Ball,MVI_4326,/Users/yamini/Desktop/projects/ISL PROJECT/include_videos/Society/19. Ball/MVI_4326.MOV,Society/19. Ball/MVI_4326.MOV,50,Society__19. Ball__MVI_4326.npy,skipped,,,,
Society,19. Ball,MVI_4327,/Users/yamini/Desktop/projects/ISL PROJECT/include_videos/Society/19. Ball/MVI_4327.MOV,Society/19. Ball/MVI_4327.MOV,50,Society__19. Ball__MVI_4327.npy,skipped,,,,
Society,19. Ball,MVI_4854,/Users/yamini/Desktop/projects/ISL PROJECT/include_videos/Society/19. Ball/MVI_4854.MOV,Society/19. Ball/MVI_4854.MOV,44,Society__19. Ball__MVI_4854.npy,skipped,,,,
Society,19. Ball,MVI_4855,/Users/yamini/Desktop/projects/ISL PROJECT/include_videos/Society/19. Ball/MVI_4855.MOV,Society/19. Ball/MVI_4855.MOV,47,Society__19. Ball__MVI_4855.npy,skipped,,,,
Society,19. Ball,MVI_4856,/Users/yamini/Desktop/projects/ISL PROJECT/include_videos/Society/19. Ball/MVI_4856.MOV,Society/19. Ball/MVI_4856.MOV,41,Society__19. Ball__MVI_4856.npy,skipped,,,,
Society,19. Ball,MVI_8730,/Users/yamini/Desktop/projects/ISL PROJECT/include_videos/Society/19. Ball/MVI_8730.MOV,Society/19. Ball/MVI_8730.MOV,54,Society__19. Ball__MVI_8730.npy,skipped,,,,
Society,19. Ball,MVI_8731,/Users/yamini/Desktop/projects/ISL PROJECT/include_videos/Society/19. Ball/MVI_8731.MOV,Society/19. Ball/MVI_8731.MOV,70,Society__19. Ball__MVI_8731.npy,skipped,,,,
Society,19. Ball,MVI_8732,/Users/yamini/Desktop/projects/ISL PROJECT/include_videos/Society/19. Ball/MVI_8732.MOV,Society/19. Ball/MVI_8732.MOV,63,Society__19. Ball__MVI_8732.npy,skipped,,,,
Society,19. Ball,MVI_8733,/Users/yamini/Desktop/projects/ISL PROJECT/include_videos/Society/19. Ball/MVI_8733.MOV,Society/19. Ball/MVI_8733.MOV,69,Society__19. Ball__MVI_8733.npy,skipped,,,,
Society,19. Ball,MVI_8982,/Users/yamini/Desktop/projects/ISL PROJECT/include_videos/Society/19. Ball/MVI_8982.MOV,Society/19. Ball/MVI_8982.MOV,68,Society__19. Ball__MVI_8982.npy,skipped,,,,
Society,19. Ball,MVI_8983,/Users/yamini/Desktop/projects/ISL PROJECT/include_videos/Society/19. Ball/MVI_8983.MOV,Society/19. Ball/MVI_8983.MOV,64,Society__19. Ball__MVI_8983.npy,skipped,,,,
Society,19. Ball,MVI_8984,/Users/yamini/Desktop/projects/ISL PROJECT/include_videos/Society/19. Ball/MVI_8984.MOV,Society/19. Ball/MVI_8984.MOV,65,Society__19. Ball__MVI_8984.npy,skipped,,,,
Society,19. Ball,MVI_8985,/Users/yamini/Desktop/projects/ISL PROJECT/include_videos/Society/19. Ball/MVI_8985.MOV,Society/19. Ball/MVI_8985.MOV,62,Society__19. Ball__MVI_8985.npy,skipped,,,,
Society,2. Death,MVI_4255,/Users/yamini/Desktop/projects/ISL PROJECT/include_videos/Society/2. Death/MVI_4255.MOV,Society/2. Death/MVI_4255.MOV,63,Society__2. Death__MVI_4255.npy,skipped,,,,
Society,2. Death,MVI_4256,/Users/yamini/Desktop/projects/ISL PROJECT/include_videos/Society/2. Death/MVI_4256.MOV,Society/2. Death/MVI_4256.MOV,58,Society__2. Death__MVI_4256.npy,skipped,,,,
Society,2. Death,MVI_4257,/Users/yamini/Desktop/projects/ISL PROJECT/include_videos/Society/2. Death/MVI_4257.MOV,Society/2. Death/MVI_4257.MOV,116,Society__2. Death__MVI_4257.npy,skipped,,,,
Society,2. Death,MVI_4258,/Users/yamini/Desktop/projects/ISL PROJECT/include_videos/Society/2. Death/MVI_4258.MOV,Society/2. Death/MVI_4258.MOV,59,Society__2. Death__MVI_4258.npy,skipped,,,,
Society,2. Death,MVI_4800,/Users/yamini/Desktop/projects/ISL PROJECT/include_videos/Society/2. Death/MVI_4800.MOV,Society/2. Death/MVI_4800.MOV,62,Society__2. Death__MVI_4800.npy,skipped,,,,
Society,2. Death,MVI_4801,/Users/yamini/Desktop/projects/ISL PROJECT/include_videos/Society/2. Death/MVI_4801.MOV,Society/2. Death/MVI_4801.MOV,71,Society__2. Death__MVI_4801.npy,skipped,,,,
Society,2. Death,MVI_4802,/Users/yamini/Desktop/projects/ISL PROJECT/include_videos/Society/2. Death/MVI_4802.MOV,Society/2. Death/MVI_4802.MOV,61,Society__2. Death__MVI_4802.npy,skipped,,,,
Society,2. Death,MVI_8661,/Users/yamini/Desktop/projects/ISL PROJECT/include_videos/Society/2. Death/MVI_8661.MOV,Society/2. Death/MVI_8661.MOV,92,Society__2. Death__MVI_8661.npy,skipped,,,,
Society,2. Death,MVI_8662,/Users/yamini/Desktop/projects/ISL PROJECT/include_videos/Society/2. Death/MVI_8662.MOV,Society/2. Death/MVI_8662.MOV,82,Society__2. Death__MVI_8662.npy,skipped,,,,
Society,2. Death,MVI_8663,/Users/yamini/Desktop/projects/ISL PROJECT/include_videos/Society/2. Death/MVI_8663.MOV,Society/2. Death/MVI_8663.MOV,86,Society__2. Death__MVI_8663.npy,skipped,,,,
Society,2. Death,MVI_8664,/Users/yamini/Desktop/projects/ISL PROJECT/include_videos/Society/2. Death/MVI_8664.MOV,Society/2. Death/MVI_8664.MOV,92,Society__2. Death__MVI_8664.npy,skipped,,,,
Society,2. Death,MVI_8930,/Users/yamini/Desktop/projects/ISL PROJECT/include_videos/Society/2. Death/MVI_8930.MOV,Society/2. Death/MVI_8930.MOV,67,Society__2. Death__MVI_8930.npy,skipped,,,,
Society,2. Death,MVI_8931,/Users/yamini/Desktop/projects/ISL PROJECT/include_videos/Society/2. Death/MVI_8931.MOV,Society/2. Death/MVI_8931.MOV,68,Society__2. Death__MVI_8931.npy,skipped,,,,
Society,2. Death,MVI_8932,/Users/yamini/Desktop/projects/ISL PROJECT/include_videos/Society/2. Death/MVI_8932.MOV,Society/2. Death/MVI_8932.MOV,71,Society__2. Death__MVI_8932.npy,skipped,,,,
Society,20. Price,MVI_4328,/Users/yamini/Desktop/projects/ISL PROJECT/include_videos/Society/20. Price/MVI_4328.MOV,Society/20. Price/MVI_4328.MOV,56,Society__20. Price__MVI_4328.npy,skipped,,,,
Society,20. Price,MVI_4329,/Users/yamini/Desktop/projects/ISL PROJECT/include_videos/Society/20. Price/MVI_4329.MOV,Society/20. Price/MVI_4329.MOV,64,Society__20. Price__MVI_4329.npy,skipped,,,,
Society,20. Price,MVI_4330,/Users/yamini/Desktop/projects/ISL PROJECT/include_videos/Society/20. Price/MVI_4330.MOV,Society/20. Price/MVI_4330.MOV,60,Society__20. Price__MVI_4330.npy,skipped,,,,
Society,20. Price,MVI_4331,/Users/yamini/Desktop/projects/ISL PROJECT/include_videos/Society/20. Price/MVI_4331.MOV,Society/20. Price/MVI_4331.MOV,58,Society__20. Price__MVI_4331.npy,skipped,,,,
Society,20. Price,MVI_4857,/Users/yamini/Desktop/projects/ISL PROJECT/include_videos/Society/20. Price/MVI_4857.MOV,Society/20. Price/MVI_4857.MOV,49,Society__20. Price__MVI_4857.npy,skipped,,,,
Society,20. Price,MVI_4858,/Users/yamini/Desktop/projects/ISL PROJECT/include_videos/Society/20. Price/MVI_4858.MOV,Society/20. Price/MVI_4858.MOV,53,Society__20. Price__MVI_4858.npy,skipped,,,,
Society,20. Price,MVI_4859,/Users/yamini/Desktop/projects/ISL PROJECT/include_videos/Society/20. Price/MVI_4859.MOV,Society/20. Price/MVI_4859.MOV,54,Society__20. Price__MVI_4859.npy,skipped,,,,
Society,20. Price,MVI_8734,/Users/yamini/Desktop/projects/ISL PROJECT/include_videos/Society/20. Price/MVI_8734.MOV,Society/20. Price/MVI_8734.MOV,82,Society__20. Price__MVI_8734.npy,skipped,,,,
Society,20. Price,MVI_8735,/Users/yamini/Desktop/projects/ISL PROJECT/include_videos/Society/20. Price/MVI_8735.MOV,Society/20. Price/MVI_8735.MOV,78,Society__20. Price__MVI_8735.npy,skipped,,,,
Society,20. Price,MVI_8736,/Users/yamini/Desktop/projects/ISL PROJECT/include_videos/Society/20. Price/MVI_8736.MOV,Society/20. Price/MVI_8736.MOV,81,Society__20. Price__MVI_8736.npy,skipped,,,,
Society,20. Price,MVI_8737,/Users/yamini/Desktop/projects/ISL PROJECT/include_videos/Society/20. Price/MVI_8737.MOV,Society/20. Price/MVI_8737.MOV,78,Society__20. Price__MVI_8737.npy,skipped,,,,
Society,20. Price,MVI_8986,/Users/yamini/Desktop/projects/ISL PROJECT/include_videos/Society/20. Price/MVI_8986.MOV,Society/20. Price/MVI_8986.MOV,64,Society__20. Price__MVI_8986.npy,skipped,,,,
Society,20. Price,MVI_8987,/Users/yamini/Desktop/projects/ISL PROJECT/include_videos/Society/20. Price/MVI_8987.MOV,Society/20. Price/MVI_8987.MOV,58,Society__20. Price__MVI_8987.npy,skipped,,,,
Society,20. Price,MVI_8988,/Users/yamini/Desktop/projects/ISL PROJECT/include_videos/Society/20. Price/MVI_8988.MOV,Society/20. Price/MVI_8988.MOV,66,Society__20. Price__MVI_8988.npy,skipped,,,,
Society,21. Sign,MVI_4332,/Users/yamini/Desktop/projects/ISL PROJECT/include_videos/Society/21. Sign/MVI_4332.MOV,Society/21. Sign/MVI_4332.MOV,50,Society__21. Sign__MVI_4332.npy,skipped,,,,
Society,21. Sign,MVI_4333,/Users/yamini/Desktop/projects/ISL PROJECT/include_videos/Society/21. Sign/MVI_4333.MOV,Society/21. Sign/MVI_4333.MOV,55,Society__21. Sign__MVI_4333.npy,skipped,,,,
Society,21. Sign,MVI_4334,/Users/yamini/Desktop/projects/ISL PROJECT/include_videos/Society/21. Sign/MVI_4334.MOV,Society/21. Sign/MVI_4334.MOV,52,Society__21. Sign__MVI_4334.npy,skipped,,,,
Society,21. Sign,MVI_4335,/Users/yamini/Desktop/projects/ISL PROJECT/include_videos/Society/21. Sign/MVI_4335.MOV,Society/21. Sign/MVI_4335.MOV,59,Society__21. Sign__MVI_4335.npy,skipped,,,,
Society,21. Sign,MVI_4860,/Users/yamini/Desktop/projects/ISL PROJECT/include_videos/Society/21. Sign/MVI_4860.MOV,Society/21. Sign/MVI_4860.MOV,45,Society__21. Sign__MVI_4860.npy,skipped,,,,
Society,21. Sign,MVI_4861,/Users/yamini/Desktop/projects/ISL PROJECT/include_videos/Society/21. Sign/MVI_4861.MOV,Society/21. Sign/MVI_4861.MOV,49,Society__21. Sign__MVI_4861.npy,skipped,,,,
Society,21. Sign,MVI_4862,/Users/yamini/Desktop/projects/ISL PROJECT/include_videos/Society/21. Sign/MVI_4862.MOV,Society/21. Sign/MVI_4862.MOV,52,Society__21. Sign__MVI_4862.npy,skipped,,,,
Society,21. Sign,MVI_8738,/Users/yamini/Desktop/projects/ISL PROJECT/include_videos/Society/21. Sign/MVI_8738.MOV,Society/21. Sign/MVI_8738.MOV,64,Society__21. Sign__MVI_8738.npy,skipped,,,,
Society,21. Sign,MVI_8739,/Users/yamini/Desktop/projects/ISL PROJECT/include_videos/Society/21. Sign/MVI_8739.MOV,Society/21. Sign/MVI_8739.MOV,65,Society__21. Sign__MVI_8739.npy,skipped,,,,
Society,21. Sign,MVI_8740,/Users/yamini/Desktop/projects/ISL PROJECT/include_videos/Society/21. Sign/MVI_8740.MOV,Society/21. Sign/MVI_8740.MOV,67,Society__21. Sign__MVI_8740.npy,skipped,,,,
Society,21. Sign,MVI_8741,/Users/yamini/Desktop/projects/ISL PROJECT/include_videos/Society/21. Sign/MVI_8741.MOV,Society/21. Sign/MVI_8741.MOV,61,Society__21. Sign__MVI_8741.npy,skipped,,,,
Society,21. Sign,MVI_8989,/Users/yamini/Desktop/projects/ISL PROJECT/include_videos/Society/21. Sign/MVI_8989.MOV,Society/21. Sign/MVI_8989.MOV,64,Society__21. Sign__MVI_8989.npy,skipped,,,,
Society,21. Sign,MVI_8990,/Users/yamini/Desktop/projects/ISL PROJECT/include_videos/Society/21. Sign/MVI_8990.MOV,Society/21. Sign/MVI_8990.MOV,65,Society__21. Sign__MVI_8990.npy,skipped,,,,
Society,21. Sign,MVI_8991,/Users/yamini/Desktop/projects/ISL PROJECT/include_videos/Society/21. Sign/MVI_8991.MOV,Society/21. Sign/MVI_8991.MOV,65,Society__21. Sign__MVI_8991.npy,skipped,,,,
Society,22. Science,MVI_4336,/Users/yamini/Desktop/projects/ISL PROJECT/include_videos/Society/22. Science/MVI_4336.MOV,Society/22. Science/MVI_4336.MOV,50,Society__22. Science__MVI_4336.npy,skipped,,,,
Society,22. Science,MVI_4337,/Users/yamini/Desktop/projects/ISL PROJECT/include_videos/Society/22. Science/MVI_4337.MOV,Society/22. Science/MVI_4337.MOV,56,Society__22. Science__MVI_4337.npy,skipped,,,,
Society,22. Science,MVI_4338,/Users/yamini/Desktop/projects/ISL PROJECT/include_videos/Society/22. Science/MVI_4338.MOV,Society/22. Science/MVI_4338.MOV,53,Society__22. Science__MVI_4338.npy,skipped,,,,
Society,22. Science,MVI_4339,/Users/yamini/Desktop/projects/ISL PROJECT/include_videos/Society/22. Science/MVI_4339.MOV,Society/22. Science/MVI_4339.MOV,54,Society__22. Science__MVI_4339.npy,skipped,,,,
Society,22. Science,MVI_4863,/Users/yamini/Desktop/projects/ISL PROJECT/include_videos/Society/22. Science/MVI_4863.MOV,Society/22. Science/MVI_4863.MOV,62,Society__22. Science__MVI_4863.npy,skipped,,,,
Society,22. Science,MVI_4864,/Users/yamini/Desktop/projects/ISL PROJECT/include_videos/Society/22. Science/MVI_4864.MOV,Society/22. Science/MVI_4864.MOV,65,Society__22. Science__MVI_4864.npy,skipped,,,,
Society,22. Science,MVI_4865,/Users/yamini/Desktop/projects/ISL PROJECT/include_videos/Society/22. Science/MVI_4865.MOV,Society/22. Science/MVI_4865.MOV,63,Society__22. Science__MVI_4865.npy,skipped,,,,
Society,22. Science,MVI_8742,/Users/yamini/Desktop/projects/ISL PROJECT/include_videos/Society/22. Science/MVI_8742.MOV,Society/22. Science/MVI_8742.MOV,67,Society__22. Science__MVI_8742.npy,skipped,,,,
Society,22. Science,MVI_8743,/Users/yamini/Desktop/projects/ISL PROJECT/include_videos/Society/22. Science/MVI_8743.MOV,Society/22. Science/MVI_8743.MOV,63,Society__22. Science__MVI_8743.npy,skipped,,,,
Society,22. Science,MVI_8744,/Users/yamini/Desktop/projects/ISL PROJECT/include_videos/Society/22. Science/MVI_8744.MOV,Society/22. Science/MVI_8744.MOV,71,Society__22. Science__MVI_8744.npy,skipped,,,,
Society,22. Science,MVI_8745,/Users/yamini/Desktop/projects/ISL PROJECT/include_videos/Society/22. Science/MVI_8745.MOV,Society/22. Science/MVI_8745.MOV,68,Society__22. Science__MVI_8745.npy,skipped,,,,
Society,22. Science,MVI_8992,/Users/yamini/Desktop/projects/ISL PROJECT/include_videos/Society/22. Science/MVI_8992.MOV,Society/22. Science/MVI_8992.MOV,69,Society__22. Science__MVI_8992.npy,skipped,,,,
Society,22. Science,MVI_8993,/Users/yamini/Desktop/projects/ISL PROJECT/include_videos/Society/22. Science/MVI_8993.MOV,Society/22. Science/MVI_8993.MOV,69,Society__22. Science__MVI_8993.npy,skipped,,,,
Society,22. Science,MVI_8994,/Users/yamini/Desktop/projects/ISL PROJECT/include_videos/Society/22. Science/MVI_8994.MOV,Society/22. Science/MVI_8994.MOV,70,Society__22. Science__MVI_8994.npy,skipped,,,,
Society,23. God,MVI_4340,/Users/yamini/Desktop/projects/ISL PROJECT/include_videos/Society/23. God/MVI_4340.MOV,Society/23. God/MVI_4340.MOV,66,Society__23. God__MVI_4340.npy,skipped,,,,
Society,23. God,MVI_4341,/Users/yamini/Desktop/projects/ISL PROJECT/include_videos/Society/23. God/MVI_4341.MOV,Society/23. God/MVI_4341.MOV,66,Society__23. God__MVI_4341.npy,skipped,,,,
Society,23. God,MVI_4342,/Users/yamini/Desktop/projects/ISL PROJECT/include_videos/Society/23. God/MVI_4342.MOV,Society/23. God/MVI_4342.MOV,65,Society__23. God__MVI_4342.npy,skipped,,,,
Society,23. God,MVI_4343,/Users/yamini/Desktop/projects/ISL PROJECT/include_videos/Society/23. God/MVI_4343.MOV,Society/23. God/MVI_4343.MOV,65,Society__23. God__MVI_4343.npy,skipped,,,,
Society,23. God,MVI_4866,/Users/yamini/Desktop/projects/ISL PROJECT/include_videos/Society/23. God/MVI_4866.MOV,Society/23. God/MVI_4866.MOV,53,Society__23. God__MVI_4866.npy,skipped,,,,
Society,23. God,MVI_4867,/Users/yamini/Desktop/projects/ISL PROJECT/include_videos/Society/23. God/MVI_4867.MOV,Society/23. God/MVI_4867.MOV,56,Society__23. God__MVI_4867.npy,skipped,,,,
Society,23. God,MVI_4868,/Users/yamini/Desktop/projects/ISL PROJECT/include_videos/Society/23. God/MVI_4868.MOV,Society/23. God/MVI_4868.MOV,50,Society__23. God__MVI_4868.npy,skipped,,,,
Society,23. God,MVI_8746,/Users/yamini/Desktop/projects/ISL PROJECT/include_videos/Society/23. God/MVI_8746.MOV,Society/23. God/MVI_8746.MOV,72,Society__23. God__MVI_8746.npy,skipped,,,,
Society,23. God,MVI_8747,/Users/yamini/Desktop/projects/ISL PROJECT/include_videos/Society/23. God/MVI_8747.MOV,Society/23. God/MVI_8747.MOV,73,Society__23. God__MVI_8747.npy,skipped,,,,
Society,23. God,MVI_8748,/Users/yamini/Desktop/projects/ISL PROJECT/include_videos/Society/23. God/MVI_8748.MOV,Society/23. God/MVI_8748.MOV,67,Society__23. God__MVI_8748.npy,skipped,,,,
Society,23. God,MVI_8749,/Users/yamini/Desktop/projects/ISL PROJECT/include_videos/Society/23. God/MVI_8749.MOV,Society/23. God/MVI_8749.MOV,72,Society__23. God__MVI_8749.npy,skipped,,,,
Society,23. God,MVI_8995,/Users/yamini/Desktop/projects/ISL PROJECT/include_videos/Society/23. God/MVI_8995.MOV,Society/23. God/MVI_8995.MOV,60,Society__23. God__MVI_8995.npy,skipped,,,,
Society,23. God,MVI_8996,/Users/yamini/Desktop/projects/ISL PROJECT/include_videos/Society/23. God/MVI_8996.MOV,Society/23. God/MVI_8996.MOV,62,Society__23. God__MVI_8996.npy,skipped,,,,
Society,23. God,MVI_8997,/Users/yamini/Desktop/projects/ISL PROJECT/include_videos/Society/23. God/MVI_8997.MOV,Society/23. God/MVI_8997.MOV,60,Society__23. God__MVI_8997.npy,skipped,,,,
Society,3. Medicine,MVI_4259,/Users/yamini/Desktop/projects/ISL PROJECT/include_videos/Society/3. Medicine/MVI_4259.MOV,Society/3. Medicine/MVI_4259.MOV,68,Society__3. Medicine__MVI_4259.npy,skipped,,,,
Society,3. Medicine,MVI_4260,/Users/yamini/Desktop/projects/ISL PROJECT/include_videos/Society/3. Medicine/MVI_4260.MOV,Society/3. Medicine/MVI_4260.MOV,64,Society__3. Medicine__MVI_4260.npy,skipped,,,,
Society,3. Medicine,MVI_4261,/Users/yamini/Desktop/projects/ISL PROJECT/include_videos/Society/3. Medicine/MVI_4261.MOV,Society/3. Medicine/MVI_4261.MOV,76,Society__3. Medicine__MVI_4261.npy,skipped,,,,
Society,3. Medicine,MVI_4262,/Users/yamini/Desktop/projects/ISL PROJECT/include_videos/Society/3. Medicine/MVI_4262.MOV,Society/3. Medicine/MVI_4262.MOV,64,Society__3. Medicine__MVI_4262.npy,skipped,,,,
Society,3. Medicine,MVI_4803,/Users/yamini/Desktop/projects/ISL PROJECT/include_videos/Society/3. Medicine/MVI_4803.MOV,Society/3. Medicine/MVI_4803.MOV,66,Society__3. Medicine__MVI_4803.npy,skipped,,,,
Society,3. Medicine,MVI_4804,/Users/yamini/Desktop/projects/ISL PROJECT/include_videos/Society/3. Medicine/MVI_4804.MOV,Society/3. Medicine/MVI_4804.MOV,64,Society__3. Medicine__MVI_4804.npy,skipped,,,,
Society,3. Medicine,MVI_4805,/Users/yamini/Desktop/projects/ISL PROJECT/include_videos/Society/3. Medicine/MVI_4805.MOV,Society/3. Medicine/MVI_4805.MOV,63,Society__3. Medicine__MVI_4805.npy,skipped,,,,
Society,3. Medicine,MVI_8665,/Users/yamini/Desktop/projects/ISL PROJECT/include_videos/Society/3. Medicine/MVI_8665.MOV,Society/3. Medicine/MVI_8665.MOV,70,Society__3. Medicine__MVI_8665.npy,skipped,,,,
Society,3. Medicine,MVI_8666,/Users/yamini/Desktop/projects/ISL PROJECT/include_videos/Society/3. Medicine/MVI_8666.MOV,Society/3. Medicine/MVI_8666.MOV,74,Society__3. Medicine__MVI_8666.npy,skipped,,,,
Society,3. Medicine,MVI_8667,/Users/yamini/Desktop/projects/ISL PROJECT/include_videos/Society/3. Medicine/MVI_8667.MOV,Society/3. Medicine/MVI_8667.MOV,72,Society__3. Medicine__MVI_8667.npy,skipped,,,,
Society,3. Medicine,MVI_8668,/Users/yamini/Desktop/projects/ISL PROJECT/include_videos/Society/3. Medicine/MVI_8668.MOV,Society/3. Medicine/MVI_8668.MOV,79,Society__3. Medicine__MVI_8668.npy,skipped,,,,
Society,3. Medicine,MVI_8933,/Users/yamini/Desktop/projects/ISL PROJECT/include_videos/Society/3. Medicine/MVI_8933.MOV,Society/3. Medicine/MVI_8933.MOV,66,Society__3. Medicine__MVI_8933.npy,skipped,,,,
Society,3. Medicine,MVI_8934,/Users/yamini/Desktop/projects/ISL PROJECT/include_videos/Society/3. Medicine/MVI_8934.MOV,Society/3. Medicine/MVI_8934.MOV,58,Society__3. Medicine__MVI_8934.npy,skipped,,,,
Society,3. Medicine,MVI_8935,/Users/yamini/Desktop/projects/ISL PROJECT/include_videos/Society/3. Medicine/MVI_8935.MOV,Society/3. Medicine/MVI_8935.MOV,63,Society__3. Medicine__MVI_8935.npy,skipped,,,,
Society,4. Money,MVI_4263,/Users/yamini/Desktop/projects/ISL PROJECT/include_videos/Society/4. Money/MVI_4263.MOV,Society/4. Money/MVI_4263.MOV,47,Society__4. Money__MVI_4263.npy,skipped,,,,
Society,4. Money,MVI_4264,/Users/yamini/Desktop/projects/ISL PROJECT/include_videos/Society/4. Money/MVI_4264.MOV,Society/4. Money/MVI_4264.MOV,44,Society__4. Money__MVI_4264.npy,skipped,,,,
Society,4. Money,MVI_4265,/Users/yamini/Desktop/projects/ISL PROJECT/include_videos/Society/4. Money/MVI_4265.MOV,Society/4. Money/MVI_4265.MOV,49,Society__4. Money__MVI_4265.npy,skipped,,,,
Society,4. Money,MVI_4266,/Users/yamini/Desktop/projects/ISL PROJECT/include_videos/Society/4. Money/MVI_4266.MOV,Society/4. Money/MVI_4266.MOV,41,Society__4. Money__MVI_4266.npy,skipped,,,,
Society,4. Money,MVI_4806,/Users/yamini/Desktop/projects/ISL PROJECT/include_videos/Society/4. Money/MVI_4806.MOV,Society/4. Money/MVI_4806.MOV,65,Society__4. Money__MVI_4806.npy,skipped,,,,
Society,4. Money,MVI_4807,/Users/yamini/Desktop/projects/ISL PROJECT/include_videos/Society/4. Money/MVI_4807.MOV,Society/4. Money/MVI_4807.MOV,62,Society__4. Money__MVI_4807.npy,skipped,,,,
Society,4. Money,MVI_4808,/Users/yamini/Desktop/projects/ISL PROJECT/include_videos/Society/4. Money/MVI_4808.MOV,Society/4. Money/MVI_4808.MOV,52,Society__4. Money__MVI_4808.npy,skipped,,,,
Society,4. Money,MVI_8669,/Users/yamini/Desktop/projects/ISL PROJECT/include_videos/Society/4. Money/MVI_8669.MOV,Society/4. Money/MVI_8669.MOV,66,Society__4. Money__MVI_8669.npy,skipped,,,,
Society,4. Money,MVI_8670,/Users/yamini/Desktop/projects/ISL PROJECT/include_videos/Society/4. Money/MVI_8670.MOV,Society/4. Money/MVI_8670.MOV,59,Society__4. Money__MVI_8670.npy,skipped,,,,
Society,4. Money,MVI_8671,/Users/yamini/Desktop/projects/ISL PROJECT/include_videos/Society/4. Money/MVI_8671.MOV,Society/4. Money/MVI_8671.MOV,64,Society__4. Money__MVI_8671.npy,skipped,,,,
Society,4. Money,MVI_8672,/Users/yamini/Desktop/projects/ISL PROJECT/include_videos/Society/4. Money/MVI_8672.MOV,Society/4. Money/MVI_8672.MOV,67,Society__4. Money__MVI_8672.npy,skipped,,,,
Society,4. Money,MVI_8936,/Users/yamini/Desktop/projects/ISL PROJECT/include_videos/Society/4. Money/MVI_8936.MOV,Society/4. Money/MVI_8936.MOV,58,Society__4. Money__MVI_8936.npy,skipped,,,,
Society,4. Money,MVI_8937,/Users/yamini/Desktop/projects/ISL PROJECT/include_videos/Society/4. Money/MVI_8937.MOV,Society/4. Money/MVI_8937.MOV,56,Society__4. Money__MVI_8937.npy,skipped,,,,
Society,4. Money,MVI_8938,/Users/yamini/Desktop/projects/ISL PROJECT/include_videos/Society/4. Money/MVI_8938.MOV,Society/4. Money/MVI_8938.MOV,55,Society__4. Money__MVI_8938.npy,skipped,,,,
Society,5. Bill,MVI_4267,/Users/yamini/Desktop/projects/ISL PROJECT/include_videos/Society/5. Bill/MVI_4267.MOV,Society/5. Bill/MVI_4267.MOV,54,Society__5. Bill__MVI_4267.npy,skipped,,,,
Society,5. Bill,MVI_4268,/Users/yamini/Desktop/projects/ISL PROJECT/include_videos/Society/5. Bill/MVI_4268.MOV,Society/5. Bill/MVI_4268.MOV,55,Society__5. Bill__MVI_4268.npy,skipped,,,,
Society,5. Bill,MVI_4269,/Users/yamini/Desktop/projects/ISL PROJECT/include_videos/Society/5. Bill/MVI_4269.MOV,Society/5. Bill/MVI_4269.MOV,43,Society__5. Bill__MVI_4269.npy,skipped,,,,
Society,5. Bill,MVI_4270,/Users/yamini/Desktop/projects/ISL PROJECT/include_videos/Society/5. Bill/MVI_4270.MOV,Society/5. Bill/MVI_4270.MOV,46,Society__5. Bill__MVI_4270.npy,skipped,,,,
Society,5. Bill,MVI_4809,/Users/yamini/Desktop/projects/ISL PROJECT/include_videos/Society/5. Bill/MVI_4809.MOV,Society/5. Bill/MVI_4809.MOV,53,Society__5. Bill__MVI_4809.npy,skipped,,,,
Society,5. Bill,MVI_4810,/Users/yamini/Desktop/projects/ISL PROJECT/include_videos/Society/5. Bill/MVI_4810.MOV,Society/5. Bill/MVI_4810.MOV,61,Society__5. Bill__MVI_4810.npy,skipped,,,,
Society,5. Bill,MVI_4811,/Users/yamini/Desktop/projects/ISL PROJECT/include_videos/Society/5. Bill/MVI_4811.MOV,Society/5. Bill/MVI_4811.MOV,63,Society__5. Bill__MVI_4811.npy,skipped,,,,
Society,5. Bill,MVI_8673,/Users/yamini/Desktop/projects/ISL PROJECT/include_videos/Society/5. Bill/MVI_8673.MOV,Society/5. Bill/MVI_8673.MOV,62,Society__5. Bill__MVI_8673.npy,skipped,,,,
Society,5. Bill,MVI_8674,/Users/yamini/Desktop/projects/ISL PROJECT/include_videos/Society/5. Bill/MVI_8674.MOV,Society/5. Bill/MVI_8674.MOV,71,Society__5. Bill__MVI_8674.npy,skipped,,,,
Society,5. Bill,MVI_8675,/Users/yamini/Desktop/projects/ISL PROJECT/include_videos/Society/5. Bill/MVI_8675.MOV,Society/5. Bill/MVI_8675.MOV,71,Society__5. Bill__MVI_8675.npy,skipped,,,,
Society,5. Bill,MVI_8676,/Users/yamini/Desktop/projects/ISL PROJECT/include_videos/Society/5. Bill/MVI_8676.MOV,Society/5. Bill/MVI_8676.MOV,67,Society__5. Bill__MVI_8676.npy,skipped,,,,
Society,5. Bill,MVI_8939,/Users/yamini/Desktop/projects/ISL PROJECT/include_videos/Society/5. Bill/MVI_8939.MOV,Society/5. Bill/MVI_8939.MOV,65,Society__5. Bill__MVI_8939.npy,skipped,,,,
Society,5. Bill,MVI_8940,/Users/yamini/Desktop/projects/ISL PROJECT/include_videos/Society/5. Bill/MVI_8940.MOV,Society/5. Bill/MVI_8940.MOV,66,Society__5. Bill__MVI_8940.npy,skipped,,,,
Society,5. Bill,MVI_8941,/Users/yamini/Desktop/projects/ISL PROJECT/include_videos/Society/5. Bill/MVI_8941.MOV,Society/5. Bill/MVI_8941.MOV,57,Society__5. Bill__MVI_8941.npy,skipped,,,,
Society,6. Marriage,MVI_4271,/Users/yamini/Desktop/projects/ISL PROJECT/include_videos/Society/6. Marriage/MVI_4271.MOV,Society/6. Marriage/MVI_4271.MOV,55,Society__6. Marriage__MVI_4271.npy,skipped,,,,
Society,6. Marriage,MVI_4272,/Users/yamini/Desktop/projects/ISL PROJECT/include_videos/Society/6. Marriage/MVI_4272.MOV,Society/6. Marriage/MVI_4272.MOV,54,Society__6. Marriage__MVI_4272.npy,skipped,,,,
Society,6. Marriage,MVI_4273,/Users/yamini/Desktop/projects/ISL PROJECT/include_videos/Society/6. Marriage/MVI_4273.MOV,Society/6. Marriage/MVI_4273.MOV,54,Society__6. Marriage__MVI_4273.npy,skipped,,,,
Society,6. Marriage,MVI_4274,/Users/yamini/Desktop/projects/ISL PROJECT/include_videos/Society/6. Marriage/MVI_4274.MOV,Society/6. Marriage/MVI_4274.MOV,46,Society__6. Marriage__MVI_4274.npy,skipped,,,,
Society,6. Marriage,MVI_4815,/Users/yamini/Desktop/projects/ISL PROJECT/include_videos/Society/6. Marriage/MVI_4815.MOV,Society/6. Marriage/MVI_4815.MOV,62,Society__6. Marriage__MVI_4815.npy,skipped,,,,
Society,6. Marriage,MVI_4816,/Users/yamini/Desktop/projects/ISL PROJECT/include_videos/Society/6. Marriage/MVI_4816.MOV,Society/6. Marriage/MVI_4816.MOV,58,Society__6. Marriage__MVI_4816.npy,skipped,,,,
Society,6. Marriage,MVI_4817,/Users/yamini/Desktop/projects/ISL PROJECT/include_videos/Society/6. Marriage/MVI_4817.MOV,Society/6. Marriage/MVI_4817.MOV,62,Society__6. Marriage__MVI_4817.npy,skipped,,,,
Society,6. Marriage,MVI_8677,/Users/yamini/Desktop/projects/ISL PROJECT/include_videos/Society/6. Marriage/MVI_8677.MOV,Society/6. Marriage/MVI_8677.MOV,63,Society__6. Marriage__MVI_8677.npy,skipped,,,,
Society,6. Marriage,MVI_8678,/Users/yamini/Desktop/projects/ISL PROJECT/include_videos/Society/6. Marriage/MVI_8678.MOV,Society/6. Marriage/MVI_8678.MOV,64,Society__6. Marriage__MVI_8678.npy,skipped,,,,
Society,6. Marriage,MVI_8679,/Users/yamini/Desktop/projects/ISL PROJECT/include_videos/Society/6. Marriage/MVI_8679.MOV,Society/6. Marriage/MVI_8679.MOV,59,Society__6. Marriage__MVI_8679.npy,skipped,,,,
Society,6. Marriage,MVI_8680,/Users/yamini/Desktop/projects/ISL PROJECT/include_videos/Society/6. Marriage/MVI_8680.MOV,Society/6. Marriage/MVI_8680.MOV,69,Society__6. Marriage__MVI_8680.npy,skipped,,,,
Society,6. Marriage,MVI_8942,/Users/yamini/Desktop/projects/ISL PROJECT/include_videos/Society/6. Marriage/MVI_8942.MOV,Society/6. Marriage/MVI_8942.MOV,65,Society__6. Marriage__MVI_8942.npy,skipped,,,,
Society,6. Marriage,MVI_8943,/Users/yamini/Desktop/projects/ISL PROJECT/include_videos/Society/6. Marriage/MVI_8943.MOV,Society/6. Marriage/MVI_8943.MOV,63,Society__6. Marriage__MVI_8943.npy,skipped,,,,
Society,6. Marriage,MVI_8944,/Users/yamini/Desktop/projects/ISL PROJECT/include_videos/Society/6. Marriage/MVI_8944.MOV,Society/6. Marriage/MVI_8944.MOV,60,Society__6. Marriage__MVI_8944.npy,skipped,,,,
Society,7. Team,MVI_4275,/Users/yamini/Desktop/projects/ISL PROJECT/include_videos/Society/7. Team/MVI_4275.MOV,Society/7. Team/MVI_4275.MOV,57,Society__7. Team__MVI_4275.npy,skipped,,,,
Society,7. Team,MVI_4276,/Users/yamini/Desktop/projects/ISL PROJECT/include_videos/Society/7. Team/MVI_4276.MOV,Society/7. Team/MVI_4276.MOV,50,Society__7. Team__MVI_4276.npy,skipped,,,,
Society,7. Team,MVI_4277,/Users/yamini/Desktop/projects/ISL PROJECT/include_videos/Society/7. Team/MVI_4277.MOV,Society/7. Team/MVI_4277.MOV,57,Society__7. Team__MVI_4277.npy,skipped,,,,
Society,7. Team,MVI_4278,/Users/yamini/Desktop/projects/ISL PROJECT/include_videos/Society/7. Team/MVI_4278.MOV,Society/7. Team/MVI_4278.MOV,45,Society__7. Team__MVI_4278.npy,skipped,,,,
Society,7. Team,MVI_4818,/Users/yamini/Desktop/projects/ISL PROJECT/include_videos/Society/7. Team/MVI_4818.MOV,Society/7. Team/MVI_4818.MOV,57,Society__7. Team__MVI_4818.npy,skipped,,,,
Society,7. Team,MVI_4819,/Users/yamini/Desktop/projects/ISL PROJECT/include_videos/Society/7. Team/MVI_4819.MOV,Society/7. Team/MVI_4819.MOV,58,Society__7. Team__MVI_4819.npy,skipped,,,,
Society,7. Team,MVI_4820,/Users/yamini/Desktop/projects/ISL PROJECT/include_videos/Society/7. Team/MVI_4820.MOV,Society/7. Team/MVI_4820.MOV,56,Society__7. Team__MVI_4820.npy,skipped,,,,
Society,7. Team,MVI_8681,/Users/yamini/Desktop/projects/ISL PROJECT/include_videos/Society/7. Team/MVI_8681.MOV,Society/7. Team/MVI_8681.MOV,67,Society__7. Team__MVI_8681.npy,skipped,,,,
Society,7. Team,MVI_8682,/Users/yamini/Desktop/projects/ISL PROJECT/include_videos/Society/7. Team/MVI_8682.MOV,Society/7. Team/MVI_8682.MOV,68,Society__7. Team__MVI_8682.npy,skipped,,,,
Society,7. Team,MVI_8683,/Users/yamini/Desktop/projects/ISL PROJECT/include_videos/Society/7. Team/MVI_8683.MOV,Society/7. Team/MVI_8683.MOV,73,Society__7. Team__MVI_8683.npy,skipped,,,,
Society,7. Team,MVI_8684,/Users/yamini/Desktop/projects/ISL PROJECT/include_videos/Society/7. Team/MVI_8684.MOV,Society/7. Team/MVI_8684.MOV,83,Society__7. Team__MVI_8684.npy,skipped,,,,
Society,7. Team,MVI_8945,/Users/yamini/Desktop/projects/ISL PROJECT/include_videos/Society/7. Team/MVI_8945.MOV,Society/7. Team/MVI_8945.MOV,70,Society__7. Team__MVI_8945.npy,skipped,,,,
Society,7. Team,MVI_8946,/Users/yamini/Desktop/projects/ISL PROJECT/include_videos/Society/7. Team/MVI_8946.MOV,Society/7. Team/MVI_8946.MOV,72,Society__7. Team__MVI_8946.npy,skipped,,,,
Society,7. Team,MVI_8947,/Users/yamini/Desktop/projects/ISL PROJECT/include_videos/Society/7. Team/MVI_8947.MOV,Society/7. Team/MVI_8947.MOV,62,Society__7. Team__MVI_8947.npy,skipped,,,,
Society,8. Race (ethnicity),MVI_4279,/Users/yamini/Desktop/projects/ISL PROJECT/include_videos/Society/8. Race (ethnicity)/MVI_4279.MOV,Society/8. Race (ethnicity)/MVI_4279.MOV,62,Society__8. Race (ethnicity)__MVI_4279.npy,skipped,,,,
Society,8. Race (ethnicity),MVI_4280,/Users/yamini/Desktop/projects/ISL PROJECT/include_videos/Society/8. Race (ethnicity)/MVI_4280.MOV,Society/8. Race (ethnicity)/MVI_4280.MOV,58,Society__8. Race (ethnicity)__MVI_4280.npy,skipped,,,,
Society,8. Race (ethnicity),MVI_4281,/Users/yamini/Desktop/projects/ISL PROJECT/include_videos/Society/8. Race (ethnicity)/MVI_4281.MOV,Society/8. Race (ethnicity)/MVI_4281.MOV,61,Society__8. Race (ethnicity)__MVI_4281.npy,skipped,,,,
Society,8. Race (ethnicity),MVI_4282,/Users/yamini/Desktop/projects/ISL PROJECT/include_videos/Society/8. Race (ethnicity)/MVI_4282.MOV,Society/8. Race (ethnicity)/MVI_4282.MOV,57,Society__8. Race (ethnicity)__MVI_4282.npy,skipped,,,,
Society,8. Race (ethnicity),MVI_4821,/Users/yamini/Desktop/projects/ISL PROJECT/include_videos/Society/8. Race (ethnicity)/MVI_4821.MOV,Society/8. Race (ethnicity)/MVI_4821.MOV,60,Society__8. Race (ethnicity)__MVI_4821.npy,skipped,,,,
Society,8. Race (ethnicity),MVI_4822,/Users/yamini/Desktop/projects/ISL PROJECT/include_videos/Society/8. Race (ethnicity)/MVI_4822.MOV,Society/8. Race (ethnicity)/MVI_4822.MOV,62,Society__8. Race (ethnicity)__MVI_4822.npy,skipped,,,,
Society,8. Race (ethnicity),MVI_4823,/Users/yamini/Desktop/projects/ISL PROJECT/include_videos/Society/8. Race (ethnicity)/MVI_4823.MOV,Society/8. Race (ethnicity)/MVI_4823.MOV,58,Society__8. Race (ethnicity)__MVI_4823.npy,skipped,,,,
Society,8. Race (ethnicity),MVI_8685,/Users/yamini/Desktop/projects/ISL PROJECT/include_videos/Society/8. Race (ethnicity)/MVI_8685.MOV,Society/8. Race (ethnicity)/MVI_8685.MOV,75,Society__8. Race (ethnicity)__MVI_8685.npy,skipped,,,,
Society,8. Race (ethnicity),MVI_8686,/Users/yamini/Desktop/projects/ISL PROJECT/include_videos/Society/8. Race (ethnicity)/MVI_8686.MOV,Society/8. Race (ethnicity)/MVI_8686.MOV,73,Society__8. Race (ethnicity)__MVI_8686.npy,skipped,,,,
Society,8. Race (ethnicity),MVI_8687,/Users/yamini/Desktop/projects/ISL PROJECT/include_videos/Society/8. Race (ethnicity)/MVI_8687.MOV,Society/8. Race (ethnicity)/MVI_8687.MOV,68,Society__8. Race (ethnicity)__MVI_8687.npy,skipped,,,,
Society,8. Race (ethnicity),MVI_8688,/Users/yamini/Desktop/projects/ISL PROJECT/include_videos/Society/8. Race (ethnicity)/MVI_8688.MOV,Society/8. Race (ethnicity)/MVI_8688.MOV,76,Society__8. Race (ethnicity)__MVI_8688.npy,skipped,,,,
Society,8. Race (ethnicity),MVI_8948,/Users/yamini/Desktop/projects/ISL PROJECT/include_videos/Society/8. Race (ethnicity)/MVI_8948.MOV,Society/8. Race (ethnicity)/MVI_8948.MOV,74,Society__8. Race (ethnicity)__MVI_8948.npy,skipped,,,,
Society,8. Race (ethnicity),MVI_8949,/Users/yamini/Desktop/projects/ISL PROJECT/include_videos/Society/8. Race (ethnicity)/MVI_8949.MOV,Society/8. Race (ethnicity)/MVI_8949.MOV,74,Society__8. Race (ethnicity)__MVI_8949.npy,skipped,,,,
Society,8. Race (ethnicity),MVI_8950,/Users/yamini/Desktop/projects/ISL PROJECT/include_videos/Society/8. Race (ethnicity)/MVI_8950.MOV,Society/8. Race (ethnicity)/MVI_8950.MOV,71,Society__8. Race (ethnicity)__MVI_8950.npy,skipped,,,,
Society,9. Technology,MVI_4283,/Users/yamini/Desktop/projects/ISL PROJECT/include_videos/Society/9. Technology/MVI_4283.MOV,Society/9. Technology/MVI_4283.MOV,51,Society__9. Technology__MVI_4283.npy,skipped,,,,
Society,9. Technology,MVI_4284,/Users/yamini/Desktop/projects/ISL PROJECT/include_videos/Society/9. Technology/MVI_4284.MOV,Society/9. Technology/MVI_4284.MOV,56,Society__9. Technology__MVI_4284.npy,skipped,,,,
Society,9. Technology,MVI_4285,/Users/yamini/Desktop/projects/ISL PROJECT/include_videos/Society/9. Technology/MVI_4285.MOV,Society/9. Technology/MVI_4285.MOV,51,Society__9. Technology__MVI_4285.npy,skipped,,,,
Society,9. Technology,MVI_4286,/Users/yamini/Desktop/projects/ISL PROJECT/include_videos/Society/9. Technology/MVI_4286.MOV,Society/9. Technology/MVI_4286.MOV,49,Society__9. Technology__MVI_4286.npy,skipped,,,,
Society,9. Technology,MVI_4824,/Users/yamini/Desktop/projects/ISL PROJECT/include_videos/Society/9. Technology/MVI_4824.MOV,Society/9. Technology/MVI_4824.MOV,54,Society__9. Technology__MVI_4824.npy,skipped,,,,
Society,9. Technology,MVI_4825,/Users/yamini/Desktop/projects/ISL PROJECT/include_videos/Society/9. Technology/MVI_4825.MOV,Society/9. Technology/MVI_4825.MOV,61,Society__9. Technology__MVI_4825.npy,skipped,,,,
Society,9. Technology,MVI_4826,/Users/yamini/Desktop/projects/ISL PROJECT/include_videos/Society/9. Technology/MVI_4826.MOV,Society/9. Technology/MVI_4826.MOV,62,Society__9. Technology__MVI_4826.npy,skipped,,,,
Society,9. Technology,MVI_8689,/Users/yamini/Desktop/projects/ISL PROJECT/include_videos/Society/9. Technology/MVI_8689.MOV,Society/9. Technology/MVI_8689.MOV,72,Society__9. Technology__MVI_8689.npy,skipped,,,,
Society,9. Technology,MVI_8690,/Users/yamini/Desktop/projects/ISL PROJECT/include_videos/Society/9. Technology/MVI_8690.MOV,Society/9. Technology/MVI_8690.MOV,69,Society__9. Technology__MVI_8690.npy,skipped,,,,
Society,9. Technology,MVI_8691,/Users/yamini/Desktop/projects/ISL PROJECT/include_videos/Society/9. Technology/MVI_8691.MOV,Society/9. Technology/MVI_8691.MOV,62,Society__9. Technology__MVI_8691.npy,skipped,,,,
Society,9. Technology,MVI_8692,/Users/yamini/Desktop/projects/ISL PROJECT/include_videos/Society/9. Technology/MVI_8692.MOV,Society/9. Technology/MVI_8692.MOV,63,Society__9. Technology__MVI_8692.npy,skipped,,,,
Society,9. Technology,MVI_8951,/Users/yamini/Desktop/projects/ISL PROJECT/include_videos/Society/9. Technology/MVI_8951.MOV,Society/9. Technology/MVI_8951.MOV,69,Society__9. Technology__MVI_8951.npy,skipped,,,,
Society,9. Technology,MVI_8952,/Users/yamini/Desktop/projects/ISL PROJECT/include_videos/Society/9. Technology/MVI_8952.MOV,Society/9. Technology/MVI_8952.MOV,74,Society__9. Technology__MVI_8952.npy,skipped,,,,
Society,9. Technology,MVI_8953,/Users/yamini/Desktop/projects/ISL PROJECT/include_videos/Society/9. Technology/MVI_8953.MOV,Society/9. Technology/MVI_8953.MOV,73,Society__9. Technology__MVI_8953.npy,skipped,,,,
