category,sign,video_id,out_name,signer_id
Adjectives,1. loud,MVI_5177,Adjectives__1. loud__MVI_5177.npy,0
Adjectives,1. loud,MVI_5178,Adjectives__1. loud__MVI_5178.npy,1
Adjectives,1. loud,MVI_5179,Adjectives__1. loud__MVI_5179.npy,2
Adjectives,1. loud,MVI_5257,Adjectives__1. loud__MVI_5257.npy,3
Adjectives,1. loud,MVI_5258,Adjectives__1. loud__MVI_5258.npy,4
Adjectives,1. loud,MVI_5259,Adjectives__1. loud__MVI_5259.npy,5
Adjectives,1. loud,MVI_5335,Adjectives__1. loud__MVI_5335.npy,6
Adjectives,1. loud,MVI_5336,Adjectives__1. loud__MVI_5336.npy,7
Adjectives,1. loud,MVI_5337,Adjectives__1. loud__MVI_5337.npy,8
Adjectives,1. loud,MVI_9289,Adjectives__1. loud__MVI_9289.npy,9
Adjectives,1. loud,MVI_9290,Adjectives__1. loud__MVI_9290.npy,10
Adjectives,1. loud,MVI_9291,Adjectives__1. loud__MVI_9291.npy,11
Adjectives,1. loud,MVI_9368,Adjectives__1. loud__MVI_9368.npy,12
Adjectives,1. loud,MVI_9369,Adjectives__1. loud__MVI_9369.npy,13
Adjectives,1. loud,MVI_9370,Adjectives__1. loud__MVI_9370.npy,14
Adjectives,1. loud,MVI_9448,Adjectives__1. loud__MVI_9448.npy,0
Adjectives,1. loud,MVI_9449,Adjectives__1. loud__MVI_9449.npy,1
Adjectives,1. loud,MVI_9450,Adjectives__1. loud__MVI_9450.npy,2
Adjectives,1. loud,MVI_9534,Adjectives__1. loud__MVI_9534.npy,3
Adjectives,1. loud,MVI_9535,Adjectives__1. loud__MVI_9535.npy,4
Adjectives,1. loud,MVI_9536,Adjectives__1. loud__MVI_9536.npy,5
Adjectives,10. Mean,MVI_9592,Adjectives__10. Mean__MVI_9592.npy,0
Adjectives,10. Mean,MVI_9593,Adjectives__10. Mean__MVI_9593.npy,1
Adjectives,10. Mean,MVI_9594,Adjectives__10. Mean__MVI_9594.npy,2
Adjectives,10. Mean,MVI_9595,Adjectives__10. Mean__MVI_9595.npy,3
Adjectives,10. Mean,MVI_9729,Adjectives__10. Mean__MVI_9729.npy,4
Adjectives,10. Mean,MVI_9730,Adjectives__10. Mean__MVI_9730.npy,5
Adjectives,10. Mean,MVI_9731,Adjectives__10. Mean__MVI_9731.npy,6
Adjectives,10. Mean,MVI_9732,Adjectives__10. Mean__MVI_9732.npy,7
Adjectives,11. rich,MVI_9596,Adjectives__11. rich__MVI_9596.npy,0
Adjectives,11. rich,MVI_9597,Adjectives__11. rich__MVI_9597.npy,1
Adjectives,11. rich,MVI_9598,Adjectives__11. rich__MVI_9598.npy,2
Adjectives,11. rich,MVI_9599,Adjectives__11. rich__MVI_9599.npy,3
Adjectives,11. rich,MVI_9733,Adjectives__11. rich__MVI_9733.npy,4
Adjectives,11. rich,MVI_9734,Adjectives__11. rich__MVI_9734.npy,5
Adjectives,11. rich,MVI_9735,Adjectives__11. rich__MVI_9735.npy,6
Adjectives,11. rich,MVI_9736,Adjectives__11. rich__MVI_9736.npy,7
Adjectives,12. poor,MVI_9600,Adjectives__12. poor__MVI_9600.npy,0
Adjectives,12. poor,MVI_9601,Adjectives__12. poor__MVI_9601.npy,1
Adjectives,12. poor,MVI_9603,Adjectives__12. poor__MVI_9603.npy,2
Adjectives,12. poor,MVI_9604,Adjectives__12. poor__MVI_9604.npy,3
Adjectives,12. poor,MVI_9737,Adjectives__12. poor__MVI_9737.npy,4
Adjectives,12. poor,MVI_9738,Adjectives__12. poor__MVI_9738.npy,5
Adjectives,12. poor,MVI_9739,Adjectives__12. poor__MVI_9739.npy,6
Adjectives,12. poor,MVI_9740,Adjectives__12. poor__MVI_9740.npy,7
Adjectives,13. thick,MVI_9605,Adjectives__13. thick__MVI_9605.npy,0
Adjectives,13. thick,MVI_9606,Adjectives__13. thick__MVI_9606.npy,1
Adjectives,13. thick,MVI_9607,Adjectives__13. thick__MVI_9607.npy,2
Adjectives,13. thick,MVI_9608,Adjectives__13. thick__MVI_9608.npy,3
Adjectives,13. thick,MVI_9742,Adjectives__13. thick__MVI_9742.npy,4
Adjectives,13. thick,MVI_9743,Adjectives__13. thick__MVI_9743.npy,5
Adjectives,13. thick,MVI_9744,Adjectives__13. thick__MVI_9744.npy,6
Adjectives,13. thick,MVI_9745,Adjectives__13. thick__MVI_9745.npy,7
Adjectives,14. thin,MVI_9609,Adjectives__14. thin__MVI_9609.npy,0
Adjectives,14. thin,MVI_9610,Adjectives__14. thin__MVI_9610.npy,1
Adjectives,14. thin,MVI_9611,Adjectives__14. thin__MVI_9611.npy,2
Adjectives,14. thin,MVI_9612,Adjectives__14. thin__MVI_9612.npy,3
Adjectives,15. expensive,MVI_9613,Adjectives__15. expensive__MVI_9613.npy,0
Adjectives,15. expensive,MVI_9614,Adjectives__15. expensive__MVI_9614.npy,1
Adjectives,15. expensive,MVI_9615,Adjectives__15. expensive__MVI_9615.npy,2
Adjectives,15. expensive,MVI_9616,Adjectives__15. expensive__MVI_9616.npy,3
Adjectives,15. expensive,MVI_9746,Adjectives__15. expensive__MVI_9746.npy,4
Adjectives,15. expensive,MVI_9747,Adjectives__15. expensive__MVI_9747.npy,5
Adjectives,15. expensive,MVI_9748,Adjectives__15. expensive__MVI_9748.npy,6
Adjectives,15. expensive,MVI_9749,Adjectives__15. expensive__MVI_9749.npy,7
Adjectives,16. cheap,MVI_9617,Adjectives__16. cheap__MVI_9617.npy,0
Adjectives,16. cheap,MVI_9618,Adjectives__16. cheap__MVI_9618.npy,1
Adjectives,16. cheap,MVI_9619,Adjectives__16. cheap__MVI_9619.npy,2
Adjectives,16. cheap,MVI_9620,Adjectives__16. cheap__MVI_9620.npy,3
Adjectives,16. cheap,MVI_9750,Adjectives__16. cheap__MVI_9750.npy,4
Adjectives,16. cheap,MVI_9751,Adjectives__16. cheap__MVI_9751.npy,5
Adjectives,16. cheap,MVI_9752,Adjectives__16. cheap__MVI_9752.npy,6
Adjectives,16. cheap,MVI_9754,Adjectives__16. cheap__MVI_9754.npy,7
Adjectives,17. flat,MVI_9621,Adjectives__17. flat__MVI_9621.npy,0
Adjectives,17. flat,MVI_9622,Adjectives__17. flat__MVI_9622.npy,1
Adjectives,17. flat,MVI_9623,Adjectives__17. flat__MVI_9623.npy,2
Adjectives,17. flat,MVI_9624,Adjectives__17. flat__MVI_9624.npy,3
Adjectives,17. flat,MVI_9755,Adjectives__17. flat__MVI_9755.npy,4
Adjectives,17. flat,MVI_9756,Adjectives__17. flat__MVI_9756.npy,5
Adjectives,17. flat,MVI_9757,Adjectives__17. flat__MVI_9757.npy,6
Adjectives,17. flat,MVI_9758,Adjectives__17. flat__MVI_9758.npy,7
Adjectives,18. curved,MVI_9633,Adjectives__18. curved__MVI_9633.npy,0
Adjectives,18. curved,MVI_9634,Adjectives__18. curved__MVI_9634.npy,1
Adjectives,18. curved,MVI_9635,Adjectives__18. curved__MVI_9635.npy,2
Adjectives,18. curved,MVI_9636,Adjectives__18. curved__MVI_9636.npy,3
Adjectives,18. curved,MVI_9759,Adjectives__18. curved__MVI_9759.npy,4
Adjectives,18. curved,MVI_9760,Adjectives__18. curved__MVI_9760.npy,5
Adjectives,18. curved,MVI_9761,Adjectives__18. curved__MVI_9761.npy,6
Adjectives,18. curved,MVI_9762,Adjectives__18. curved__MVI_9762.npy,7
Adjectives,19. male,MVI_9637,Adjectives__19. male__MVI_9637.npy,0
Adjectives,19. male,MVI_9638,Adjectives__19. male__MVI_9638.npy,1
Adjectives,19. male,MVI_9639,Adjectives__19. male__MVI_9639.npy,2
Adjectives,19. male,MVI_9640,Adjectives__19. male__MVI_9640.npy,3
Adjectives,19. male,MVI_9763,Adjectives__19. male__MVI_9763.npy,4
Adjectives,19. male,MVI_9764,Adjectives__19. male__MVI_9764.npy,5
Adjectives,19. male,MVI_9765,Adjectives__19. male__MVI_9765.npy,6
Adjectives,19. male,MVI_9766,Adjectives__19. male__MVI_9766.npy,7
Adjectives,2. quiet,MVI_5180,Adjectives__2. quiet__MVI_5180.npy,0
Adjectives,2. quiet,MVI_5181,Adjectives__2. quiet__MVI_5181.npy,1
Adjectives,2. quiet,MVI_5182,Adjectives__2. quiet__MVI_5182.npy,2
Adjectives,2. quiet,MVI_5260,Adjectives__2. quiet__MVI_5260.npy,3
Adjectives,2. quiet,MVI_5261,Adjectives__2. quiet__MVI_5261.npy,4
Adjectives,2. quiet,MVI_5262,Adjectives__2. quiet__MVI_5262.npy,5
Adjectives,2. quiet,MVI_5338,Adjectives__2. quiet__MVI_5338.npy,6
Adjectives,2. quiet,MVI_5339,Adjectives__2. quiet__MVI_5339.npy,7
Adjectives,2. quiet,MVI_5340,Adjectives__2. quiet__MVI_5340.npy,8
Adjectives,2. quiet,MVI_9292,Adjectives__2. quiet__MVI_9292.npy,9
Adjectives,2. quiet,MVI_9293,Adjectives__2. quiet__MVI_9293.npy,10
Adjectives,2. quiet,MVI_9294,Adjectives__2. quiet__MVI_9294.npy,11
Adjectives,2. quiet,MVI_9371,Adjectives__2. quiet__MVI_9371.npy,12
Adjectives,2. quiet,MVI_9372,Adjectives__2. quiet__MVI_9372.npy,13
Adjectives,2. quiet,MVI_9373,Adjectives__2. quiet__MVI_9373.npy,14
Adjectives,2. quiet,MVI_9451,Adjectives__2. quiet__MVI_9451.npy,0
Adjectives,2. quiet,MVI_9452,Adjectives__2. quiet__MVI_9452.npy,1
Adjectives,2. quiet,MVI_9453,Adjectives__2. quiet__MVI_9453.npy,2
Adjectives,2. quiet,MVI_9537,Adjectives__2. quiet__MVI_9537.npy,3
Adjectives,2. quiet,MVI_9538,Adjectives__2. quiet__MVI_9538.npy,4
Adjectives,2. quiet,MVI_9539,Adjectives__2. quiet__MVI_9539.npy,5
Adjectives,20. female,MVI_9642,Adjectives__20. female__MVI_9642.npy,0
Adjectives,20. female,MVI_9643,Adjectives__20. female__MVI_9643.npy,1
Adjectives,20. female,MVI_9644,Adjectives__20. female__MVI_9644.npy,2
Adjectives,20. female,MVI_9645,Adjectives__20. female__MVI_9645.npy,3
Adjectives,20. female,MVI_9767,Adjectives__20. female__MVI_9767.npy,4
Adjectives,20. female,MVI_9768,Adjectives__20. female__MVI_9768.npy,5
Adjectives,20. female,MVI_9769,Adjectives__20. female__MVI_9769.npy,6
Adjectives,20. female,MVI_9770,Adjectives__20. female__MVI_9770.npy,7
Adjectives,21. tight,MVI_9646,Adjectives__21. tight__MVI_9646.npy,0
Adjectives,21. tight,MVI_9647,Adjectives__21. tight__MVI_9647.npy,1
Adjectives,21. tight,MVI_9648,Adjectives__21. tight__MVI_9648.npy,2
Adjectives,21. tight,MVI_9649,Adjectives__21. tight__MVI_9649.npy,3
Adjectives,21. tight,MVI_9771,Adjectives__21. tight__MVI_9771.npy,4
Adjectives,21. tight,MVI_9772,Adjectives__21. tight__MVI_9772.npy,5
Adjectives,21. tight,MVI_9773,Adjectives__21. tight__MVI_9773.npy,6
Adjectives,21. tight,MVI_9774,Adjectives__21. tight__MVI_9774.npy,7
Adjectives,22. loose,MVI_9650,Adjectives__22. loose__MVI_9650.npy,0
Adjectives,22. loose,MVI_9651,Adjectives__22. loose__MVI_9651.npy,1
Adjectives,22. loose,MVI_9652,Adjectives__22. loose__MVI_9652.npy,2
Adjectives,22. loose,MVI_9653,Adjectives__22. loose__MVI_9653.npy,3
Adjectives,22. loose,MVI_9775,Adjectives__22. loose__MVI_9775.npy,4
Adjectives,22. loose,MVI_9776,Adjectives__22. loose__MVI_9776.npy,5
Adjectives,22. loose,MVI_9777,Adjectives__22. loose__MVI_9777.npy,6
Adjectives,22. loose,MVI_9778,Adjectives__22. loose__MVI_9778.npy,7
Adjectives,23. high,MVI_9654,Adjectives__23. high__MVI_9654.npy,0
Adjectives,23. high,MVI_9655,Adjectives__23. high__MVI_9655.npy,1
Adjectives,23. high,MVI_9656,Adjectives__23. high__MVI_9656.npy,2
Adjectives,23. high,MVI_9657,Adjectives__23. high__MVI_9657.npy,3
Adjectives,23. high,MVI_9780,Adjectives__23. high__MVI_9780.npy,4
Adjectives,23. high,MVI_9781,Adjectives__23. high__MVI_9781.npy,5
Adjectives,23. high,MVI_9782,Adjectives__23. high__MVI_9782.npy,6
Adjectives,23. high,MVI_9783,Adjectives__23. high__MVI_9783.npy,7
Adjectives,24. low,MVI_9658,Adjectives__24. low__MVI_9658.npy,0
Adjectives,24. low,MVI_9659,Adjectives__24. low__MVI_9659.npy,1
Adjectives,24. low,MVI_9660,Adjectives__24. low__MVI_9660.npy,2
Adjectives,24. low,MVI_9661,Adjectives__24. low__MVI_9661.npy,3
Adjectives,24. low,MVI_9784,Adjectives__24. low__MVI_9784.npy,4
Adjectives,24. low,MVI_9785,Adjectives__24. low__MVI_9785.npy,5
Adjectives,24. low,MVI_9786,Adjectives__24. low__MVI_9786.npy,6
Adjectives,24. low,MVI_9787,Adjectives__24. low__MVI_9787.npy,7
Adjectives,25. soft,MVI_9662,Adjectives__25. soft__MVI_9662.npy,0
Adjectives,25. soft,MVI_9663,Adjectives__25. soft__MVI_9663.npy,1
Adjectives,25. soft,MVI_9664,Adjectives__25. soft__MVI_9664.npy,2
Adjectives,25. soft,MVI_9665,Adjectives__25. soft__MVI_9665.npy,3
Adjectives,25. soft,MVI_9789,Adjectives__25. soft__MVI_9789.npy,4
Adjectives,25. soft,MVI_9790,Adjectives__25. soft__MVI_9790.npy,5
Adjectives,25. soft,MVI_9791,Adjectives__25. soft__MVI_9791.npy,6
Adjectives,25. soft,MVI_9792,Adjectives__25. soft__MVI_9792.npy,7
Adjectives,26. hard,MVI_9666,Adjectives__26. hard__MVI_9666.npy,0
Adjectives,26. hard,MVI_9667,Adjectives__26. hard__MVI_9667.npy,1
Adjectives,26. hard,MVI_9668,Adjectives__26. hard__MVI_9668.npy,2
Adjectives,26. hard,MVI_9669,Adjectives__26. hard__MVI_9669.npy,3
Adjectives,26. hard,MVI_9793,Adjectives__26. hard__MVI_9793.npy,4
Adjectives,26. hard,MVI_9794,Adjectives__26. hard__MVI_9794.npy,5
Adjectives,26. hard,MVI_9795,Adjectives__26. hard__MVI_9795.npy,6
Adjectives,26. hard,MVI_9796,Adjectives__26. hard__MVI_9796.npy,7
Adjectives,27. deep,MVI_9670,Adjectives__27. deep__MVI_9670.npy,0
Adjectives,27. deep,MVI_9671,Adjectives__27. deep__MVI_9671.npy,1
Adjectives,27. deep,MVI_9672,Adjectives__27. deep__MVI_9672.npy,2
Adjectives,27. deep,MVI_9673,Adjectives__27. deep__MVI_9673.npy,3
Adjectives,27. deep,MVI_9797,Adjectives__27. deep__MVI_9797.npy,4
Adjectives,27. deep,MVI_9798,Adjectives__27. deep__MVI_9798.npy,5
Adjectives,27. deep,MVI_9799,Adjectives__27. deep__MVI_9799.npy,6
Adjectives,27. deep,MVI_9800,Adjectives__27. deep__MVI_9800.npy,7
Adjectives,28. shallow,MVI_9674,Adjectives__28. shallow__MVI_9674.npy,0
Adjectives,28. shallow,MVI_9675,Adjectives__28. shallow__MVI_9675.npy,1
Adjectives,28. shallow,MVI_9676,Adjectives__28. shallow__MVI_9676.npy,2
Adjectives,28. shallow,MVI_9677,Adjectives__28. shallow__MVI_9677.npy,3
Adjectives,28. shallow,MVI_9801,Adjectives__28. shallow__MVI_9801.npy,4
Adjectives,28. shallow,MVI_9802,Adjectives__28. shallow__MVI_9802.npy,5
Adjectives,28. shallow,MVI_9803,Adjectives__28. shallow__MVI_9803.npy,6
Adjectives,28. shallow,MVI_9804,Adjectives__28. shallow__MVI_9804.npy,7
Adjectives,29. clean,MVI_9679,Adjectives__29. clean__MVI_9679.npy,0
Adjectives,29. clean,MVI_9680,Adjectives__29. clean__MVI_9680.npy,1
Adjectives,29. clean,MVI_9681,Adjectives__29. clean__MVI_9681.npy,2
Adjectives,29. clean,MVI_9682,Adjectives__29. clean__MVI_9682.npy,3
Adjectives,29. clean,MVI_9806,Adjectives__29. clean__MVI_9806.npy,4
Adjectives,29. clean,MVI_9807,Adjectives__29. clean__MVI_9807.npy,5
Adjectives,29. clean,MVI_9808,Adjectives__29. clean__MVI_9808.npy,6
Adjectives,29. clean,MVI_9809,Adjectives__29. clean__MVI_9809.npy,7
Adjectives,3. happy,MVI_5183,Adjectives__3. happy__MVI_5183.npy,0
Adjectives,3. happy,MVI_5184,Adjectives__3. happy__MVI_5184.npy,1
Adjectives,3. happy,MVI_5185,Adjectives__3. happy__MVI_5185.npy,2
Adjectives,3. happy,MVI_5263,Adjectives__3. happy__MVI_5263.npy,3
Adjectives,3. happy,MVI_5264,Adjectives__3. happy__MVI_5264.npy,4
Adjectives,3. happy,MVI_5265,Adjectives__3. happy__MVI_5265.npy,5
Adjectives,3. happy,MVI_5341,Adjectives__3. happy__MVI_5341.npy,6
Adjectives,3. happy,MVI_5342,Adjectives__3. happy__MVI_5342.npy,7
Adjectives,3. happy,MVI_5343,Adjectives__3. happy__MVI_5343.npy,8
Adjectives,3. happy,MVI_9295,Adjectives__3. happy__MVI_9295.npy,9
Adjectives,3. happy,MVI_9296,Adjectives__3. happy__MVI_9296.npy,10
Adjectives,3. happy,MVI_9297,Adjectives__3. happy__MVI_9297.npy,11
Adjectives,3. happy,MVI_9374,Adjectives__3. happy__MVI_9374.npy,12
Adjectives,3. happy,MVI_9375,Adjectives__3. happy__MVI_9375.npy,13
Adjectives,3. happy,MVI_9376,Adjectives__3. happy__MVI_9376.npy,14
Adjectives,3. happy,MVI_9454,Adjectives__3. happy__MVI_9454.npy,0
Adjectives,3. happy,MVI_9455,Adjectives__3. happy__MVI_9455.npy,1
Adjectives,3. happy,MVI_9456,Adjectives__3. happy__MVI_9456.npy,2
Adjectives,3. happy,MVI_9540,Adjectives__3. happy__MVI_9540.npy,3
Adjectives,3. happy,MVI_9541,Adjectives__3. happy__MVI_9541.npy,4
Adjectives,3. happy,MVI_9542,Adjectives__3. happy__MVI_9542.npy,5
Adjectives,30. dirty,MVI_9684,Adjectives__30. dirty__MVI_9684.npy,0
Adjectives,30. dirty,MVI_9685,Adjectives__30. dirty__MVI_9685.npy,1
Adjectives,30. dirty,MVI_9686,Adjectives__30. dirty__MVI_9686.npy,2
Adjectives,30. dirty,MVI_9687,Adjectives__30. dirty__MVI_9687.npy,3
Adjectives,30. dirty,MVI_9810,Adjectives__30. dirty__MVI_9810.npy,4
Adjectives,30. dirty,MVI_9811,Adjectives__30. dirty__MVI_9811.npy,5
Adjectives,30. dirty,MVI_9812,Adjectives__30. dirty__MVI_9812.npy,6
Adjectives,30. dirty,MVI_9813,Adjectives__30. dirty__MVI_9813.npy,7
Adjectives,31. strong,MVI_9690,Adjectives__31. strong__MVI_9690.npy,0
Adjectives,31. strong,MVI_9691,Adjectives__31. strong__MVI_9691.npy,1
Adjectives,31. strong,MVI_9692,Adjectives__31. strong__MVI_9692.npy,2
Adjectives,31. strong,MVI_9693,Adjectives__31. strong__MVI_9693.npy,3
Adjectives,31. strong,MVI_9814,Adjectives__31. strong__MVI_9814.npy,4
Adjectives,31. strong,MVI_9815,Adjectives__31. strong__MVI_9815.npy,5
Adjectives,31. strong,MVI_9816,Adjectives__31. strong__MVI_9816.npy,6
Adjectives,31. strong,MVI_9817,Adjectives__31. strong__MVI_9817.npy,7
Adjectives,32. weak,MVI_9694,Adjectives__32. weak__MVI_9694.npy,0
Adjectives,32. weak,MVI_9695,Adjectives__32. weak__MVI_9695.npy,1
Adjectives,32. weak,MVI_9696,Adjectives__32. weak__MVI_9696.npy,2
Adjectives,32. weak,MVI_9697,Adjectives__32. weak__MVI_9697.npy,3
Adjectives,32. weak,MVI_9818,Adjectives__32. weak__MVI_9818.npy,4
Adjectives,32. weak,MVI_9819,Adjectives__32. weak__MVI_9819.npy,5
Adjectives,32. weak,MVI_9820,Adjectives__32. weak__MVI_9820.npy,6
Adjectives,32. weak,MVI_9821,Adjectives__32. weak__MVI_9821.npy,7
Adjectives,33. dead,MVI_9699,Adjectives__33. dead__MVI_9699.npy,0
Adjectives,33. dead,MVI_9700,Adjectives__33. dead__MVI_9700.npy,1
Adjectives,33. dead,MVI_9701,Adjectives__33. dead__MVI_9701.npy,2
Adjectives,33. dead,MVI_9702,Adjectives__33. dead__MVI_9702.npy,3
Adjectives,33. dead,MVI_9823,Adjectives__33. dead__MVI_9823.npy,4
Adjectives,33. dead,MVI_9824,Adjectives__33. dead__MVI_9824.npy,5
Adjectives,33. dead,MVI_9825,Adjectives__33. dead__MVI_9825.npy,6
Adjectives,33. dead,MVI_9826,Adjectives__33. dead__MVI_9826.npy,7
Adjectives,34. alive,MVI_9703,Adjectives__34. alive__MVI_9703.npy,0
Adjectives,34. alive,MVI_9704,Adjectives__34. alive__MVI_9704.npy,1
Adjectives,34. alive,MVI_9705,Adjectives__34. alive__MVI_9705.npy,2
Adjectives,34. alive,MVI_9706,Adjectives__34. alive__MVI_9706.npy,3
Adjectives,34. alive,MVI_9827,Adjectives__34. alive__MVI_9827.npy,4
Adjectives,34. alive,MVI_9828,Adjectives__34. alive__MVI_9828.npy,5
Adjectives,34. alive,MVI_9829,Adjectives__34. alive__MVI_9829.npy,6
Adjectives,34. alive,MVI_9830,Adjectives__34. alive__MVI_9830.npy,7
Adjectives,35. heavy,MVI_9707,Adjectives__35. heavy__MVI_9707.npy,0
Adjectives,35. heavy,MVI_9708,Adjectives__35. heavy__MVI_9708.npy,1
Adjectives,35. heavy,MVI_9709,Adjectives__35. heavy__MVI_9709.npy,2
Adjectives,35. heavy,MVI_9710,Adjectives__35. heavy__MVI_9710.npy,3
Adjectives,35. heavy,MVI_9831,Adjectives__35. heavy__MVI_9831.npy,4
Adjectives,35. heavy,MVI_9832,Adjectives__35. heavy__MVI_9832.npy,5
Adjectives,35. heavy,MVI_9833,Adjectives__35. heavy__MVI_9833.npy,6
Adjectives,35. heavy,MVI_9834,Adjectives__35. heavy__MVI_9834.npy,7
Adjectives,36. light,MVI_9711,Adjectives__36. light__MVI_9711.npy,0
Adjectives,36. light,MVI_9712,Adjectives__36. light__MVI_9712.npy,1
Adjectives,36. light,MVI_9713,Adjectives__36. light__MVI_9713.npy,2
Adjectives,36. light,MVI_9714,Adjectives__36. light__MVI_9714.npy,3
Adjectives,36. light,MVI_9835,Adjectives__36. light__MVI_9835.npy,4
Adjectives,36. light,MVI_9836,Adjectives__36. light__MVI_9836.npy,5
Adjectives,36. light,MVI_9837,Adjectives__36. light__MVI_9837.npy,6
Adjectives,36. light,MVI_9838,Adjectives__36. light__MVI_9838.npy,7
Adjectives,39. famous,MVI_9715,Adjectives__39. famous__MVI_9715.npy,0
Adjectives,39. famous,MVI_9716,Adjectives__39. famous__MVI_9716.npy,1
Adjectives,39. famous,MVI_9717,Adjectives__39. famous__MVI_9717.npy,2
Adjectives,39. famous,MVI_9718,Adjectives__39. famous__MVI_9718.npy,3
Adjectives,39. famous,MVI_9839,Adjectives__39. famous__MVI_9839.npy,4
Adjectives,39. famous,MVI_9841,Adjectives__39. famous__MVI_9841.npy,5
Adjectives,39. famous,MVI_9842,Adjectives__39. famous__MVI_9842.npy,6
Adjectives,39. famous,MVI_9843,Adjectives__39. famous__MVI_9843.npy,7
Adjectives,4. sad,MVI_9565,Adjectives__4. sad__MVI_9565.npy,0
Adjectives,4. sad,MVI_9566,Adjectives__4. sad__MVI_9566.npy,1
Adjectives,4. sad,MVI_9567,Adjectives__4. sad__MVI_9567.npy,2
Adjectives,4. sad,MVI_9568,Adjectives__4. sad__MVI_9568.npy,3
Adjectives,4. sad,MVI_9719,Adjectives__4. sad__MVI_9719.npy,4
Adjectives,4. sad,MVI_9720,Adjectives__4. sad__MVI_9720.npy,5
Adjectives,4. sad,MVI_9721,Adjectives__4. sad__MVI_9721.npy,6
Adjectives,4. sad,MVI_9722,Adjectives__4. sad__MVI_9722.npy,7
Adjectives,5. Beautiful,MVI_9573,Adjectives__5. Beautiful__MVI_9573.npy,4
Adjectives,5. Beautiful,MVI_9569,Adjectives__5. Beautiful__MVI_9569.npy,0
Adjectives,5. Beautiful,MVI_9570,Adjectives__5. Beautiful__MVI_9570.npy,1
Adjectives,5. Beautiful,MVI_9571,Adjectives__5. Beautiful__MVI_9571.npy,2
Adjectives,5. Beautiful,MVI_9572,Adjectives__5. Beautiful__MVI_9572.npy,3
Adjectives,5. Beautiful,MVI_9723,Adjectives__5. Beautiful__MVI_9723.npy,5
Adjectives,5. Beautiful,MVI_9724,Adjectives__5. Beautiful__MVI_9724.npy,6
Adjectives,5. Beautiful,MVI_9725,Adjectives__5. Beautiful__MVI_9725.npy,7
Adjectives,5. Beautiful,MVI_9726,Adjectives__5. Beautiful__MVI_9726.npy,8
Adjectives,6. Ugly,MVI_9576,Adjectives__6. Ugly__MVI_9576.npy,0
Adjectives,6. Ugly,MVI_9577,Adjectives__6. Ugly__MVI_9577.npy,1
Adjectives,6. Ugly,MVI_9578,Adjectives__6. Ugly__MVI_9578.npy,2
Adjectives,6. Ugly,MVI_9579,Adjectives__6. Ugly__MVI_9579.npy,3
Adjectives,6. Ugly,MVI_9844,Adjectives__6. Ugly__MVI_9844.npy,4
Adjectives,6. Ugly,MVI_9845,Adjectives__6. Ugly__MVI_9845.npy,5
Adjectives,6. Ugly,MVI_9846,Adjectives__6. Ugly__MVI_9846.npy,6
Adjectives,6. Ugly,MVI_9847,Adjectives__6. Ugly__MVI_9847.npy,7
Adjectives,7. Deaf,MVI_9580,Adjectives__7. Deaf__MVI_9580.npy,0
Adjectives,7. Deaf,MVI_9581,Adjectives__7. Deaf__MVI_9581.npy,1
Adjectives,7. Deaf,MVI_9582,Adjectives__7. Deaf__MVI_9582.npy,2
Adjectives,7. Deaf,MVI_9583,Adjectives__7. Deaf__MVI_9583.npy,3
Adjectives,7. Deaf,MVI_9848,Adjectives__7. Deaf__MVI_9848.npy,4
Adjectives,7. Deaf,MVI_9849,Adjectives__7. Deaf__MVI_9849.npy,5
Adjectives,7. Deaf,MVI_9850,Adjectives__7. Deaf__MVI_9850.npy,6
Adjectives,7. Deaf,MVI_9851,Adjectives__7. Deaf__MVI_9851.npy,7
Adjectives,78. long,MVI_5106,Adjectives__78. long__MVI_5106.npy,0
Adjectives,78. long,MVI_5107,Adjectives__78. long__MVI_5107.npy,1
Adjectives,78. long,MVI_5108,Adjectives__78. long__MVI_5108.npy,2
Adjectives,78. long,MVI_5186,Adjectives__78. long__MVI_5186.npy,3
Adjectives,78. long,MVI_5187,Adjectives__78. long__MVI_5187.npy,4
Adjectives,78. long,MVI_5188,Adjectives__78. long__MVI_5188.npy,5
Adjectives,78. long,MVI_5266,Adjectives__78. long__MVI_5266.npy,6
Adjectives,78. long,MVI_5267,Adjectives__78. long__MVI_5267.npy,7
Adjectives,78. long,MVI_5268,Adjectives__78. long__MVI_5268.npy,8
Adjectives,78. long,MVI_9217,Adjectives__78. long__MVI_9217.npy,9
Adjectives,78. long,MVI_9218,Adjectives__78. long__MVI_9218.npy,10
Adjectives,78. long,MVI_9219,Adjectives__78. long__MVI_9219.npy,11
Adjectives,78. long,MVI_9298,Adjectives__78. long__MVI_9298.npy,12
Adjectives,78. long,MVI_9299,Adjectives__78. long__MVI_9299.npy,13
Adjectives,78. long,MVI_9300,Adjectives__78. long__MVI_9300.npy,14
Adjectives,78. long,MVI_9377,Adjectives__78. long__MVI_9377.npy,0
Adjectives,78. long,MVI_9378,Adjectives__78. long__MVI_9378.npy,1
Adjectives,78. long,MVI_9379,Adjectives__78. long__MVI_9379.npy,2
Adjectives,78. long,MVI_9458,Adjectives__78. long__MVI_9458.npy,3
Adjectives,78. long,MVI_9459,Adjectives__78. long__MVI_9459.npy,4
Adjectives,78. long,MVI_9460,Adjectives__78. long__MVI_9460.npy,5
Adjectives,79. short,MVI_5110,Adjectives__79. short__MVI_5110.npy,0
Adjectives,79. short,MVI_5111,Adjectives__79. short__MVI_5111.npy,1
Adjectives,79. short,MVI_5112,Adjectives__79. short__MVI_5112.npy,2
Adjectives,79. short,MVI_5189,Adjectives__79. short__MVI_5189.npy,3
Adjectives,79. short,MVI_5190,Adjectives__79. short__MVI_5190.npy,4
Adjectives,79. short,MVI_5191,Adjectives__79. short__MVI_5191.npy,5
Adjectives,79. short,MVI_5269,Adjectives__79. short__MVI_5269.npy,7
Adjectives,79. short,MVI_5270,Adjectives__79. short__MVI_5270.npy,8
Adjectives,79. short,MVI_5271,Adjectives__79. short__MVI_5271.npy,9
Adjectives,79. short,MVI_9220,Adjectives__79. short__MVI_9220.npy,10
Adjectives,79. short,MVI_9221,Adjectives__79. short__MVI_9221.npy,11
Adjectives,79. short,MVI_9222,Adjectives__79. short__MVI_9222.npy,12
Adjectives,79. short,MVI_9301,Adjectives__79. short__MVI_9301.npy,13
Adjectives,79. short,MVI_9302,Adjectives__79. short__MVI_9302.npy,14
Adjectives,79. short,MVI_9303,Adjectives__79. short__MVI_9303.npy,0
Adjectives,79. short,MVI_9380,Adjectives__79. short__MVI_9380.npy,1
Adjectives,79. short,MVI_9381,Adjectives__79. short__MVI_9381.npy,2
Adjectives,79. short,MVI_9382,Adjectives__79. short__MVI_9382.npy,3
Adjectives,79. short,MVI_9461,Adjectives__79. short__MVI_9461.npy,4
Adjectives,79. short,MVI_9462,Adjectives__79. short__MVI_9462.npy,5
Adjectives,79. short,MVI_9463,Adjectives__79. short__MVI_9463.npy,6
Adjectives,79. short,MVI_5192,Adjectives__79. short__MVI_5192.npy,6
Adjectives,8. Blind,MVI_9584,Adjectives__8. Blind__MVI_9584.npy,0
Adjectives,8. Blind,MVI_9585,Adjectives__8. Blind__MVI_9585.npy,1
Adjectives,8. Blind,MVI_9586,Adjectives__8. Blind__MVI_9586.npy,2
Adjectives,8. Blind,MVI_9587,Adjectives__8. Blind__MVI_9587.npy,3
Adjectives,8. Blind,MVI_9852,Adjectives__8. Blind__MVI_9852.npy,4
Adjectives,8. Blind,MVI_9853,Adjectives__8. Blind__MVI_9853.npy,5
Adjectives,8. Blind,MVI_9854,Adjectives__8. Blind__MVI_9854.npy,6
Adjectives,8. Blind,MVI_9855,Adjectives__8. Blind__MVI_9855.npy,7
Adjectives,80. tall,MVI_5114,Adjectives__80. tall__MVI_5114.npy,0
Adjectives,80. tall,MVI_5115,Adjectives__80. tall__MVI_5115.npy,1
Adjectives,80. tall,MVI_5116,Adjectives__80. tall__MVI_5116.npy,2
Adjectives,80. tall,MVI_5194,Adjectives__80. tall__MVI_5194.npy,3
Adjectives,80. tall,MVI_5195,Adjectives__80. tall__MVI_5195.npy,4
Adjectives,80. tall,MVI_5196,Adjectives__80. tall__MVI_5196.npy,5
Adjectives,80. tall,MVI_5273,Adjectives__80. tall__MVI_5273.npy,6
Adjectives,80. tall,MVI_5274,Adjectives__80. tall__MVI_5274.npy,7
Adjectives,80. tall,MVI_5276,Adjectives__80. tall__MVI_5276.npy,8
Adjectives,80. tall,MVI_9223,Adjectives__80. tall__MVI_9223.npy,9
Adjectives,80. tall,MVI_9224,Adjectives__80. tall__MVI_9224.npy,10
Adjectives,80. tall,MVI_9225,Adjectives__80. tall__MVI_9225.npy,11
Adjectives,80. tall,MVI_9307,Adjectives__80. tall__MVI_9307.npy,12
Adjectives,80. tall,MVI_9308,Adjectives__80. tall__MVI_9308.npy,13
Adjectives,80. tall,MVI_9309,Adjectives__80. tall__MVI_9309.npy,14
Adjectives,80. tall,MVI_9384,Adjectives__80. tall__MVI_9384.npy,0
Adjectives,80. tall,MVI_9386,Adjectives__80. tall__MVI_9386.npy,1
Adjectives,80. tall,MVI_9387,Adjectives__80. tall__MVI_9387.npy,2
Adjectives,80. tall,MVI_9464,Adjectives__80. tall__MVI_9464.npy,3
Adjectives,80. tall,MVI_9465,Adjectives__80. tall__MVI_9465.npy,4
Adjectives,80. tall,MVI_9466,Adjectives__80. tall__MVI_9466.npy,5
Adjectives,81. wide,MVI_5117,Adjectives__81. wide__MVI_5117.npy,0
Adjectives,81. wide,MVI_5118,Adjectives__81. wide__MVI_5118.npy,1
Adjectives,81. wide,MVI_5119,Adjectives__81. wide__MVI_5119.npy,2
Adjectives,81. wide,MVI_5197,Adjectives__81. wide__MVI_5197.npy,3
Adjectives,81. wide,MVI_5198,Adjectives__81. wide__MVI_5198.npy,4
Adjectives,81. wide,MVI_5199,Adjectives__81. wide__MVI_5199.npy,5
Adjectives,81. wide,MVI_5277,Adjectives__81. wide__MVI_5277.npy,6
Adjectives,81. wide,MVI_5278,Adjectives__81. wide__MVI_5278.npy,7
Adjectives,81. wide,MVI_5279,Adjectives__81. wide__MVI_5279.npy,8
Adjectives,81. wide,MVI_9227,Adjectives__81. wide__MVI_9227.npy,9
Adjectives,81. wide,MVI_9228,Adjectives__81. wide__MVI_9228.npy,10
Adjectives,81. wide,MVI_9229,Adjectives__81. wide__MVI_9229.npy,11
Adjectives,81. wide,MVI_9310,Adjectives__81. wide__MVI_9310.npy,12
Adjectives,81. wide,MVI_9311,Adjectives__81. wide__MVI_9311.npy,13
Adjectives,81. wide,MVI_9312,Adjectives__81. wide__MVI_9312.npy,14
Adjectives,81. wide,MVI_9388,Adjectives__81. wide__MVI_9388.npy,0
Adjectives,81. wide,MVI_9389,Adjectives__81. wide__MVI_9389.npy,1
Adjectives,81. wide,MVI_9390,Adjectives__81. wide__MVI_9390.npy,2
Adjectives,81. wide,MVI_9467,Adjectives__81. wide__MVI_9467.npy,3
Adjectives,81. wide,MVI_9468,Adjectives__81. wide__MVI_9468.npy,4
Adjectives,81. wide,MVI_9469,Adjectives__81. wide__MVI_9469.npy,5
Adjectives,82. narrow,MVI_5120,Adjectives__82. narrow__MVI_5120.npy,0
Adjectives,82. narrow,MVI_5121,Adjectives__82. narrow__MVI_5121.npy,1
Adjectives,82. narrow,MVI_5122,Adjectives__82. narrow__MVI_5122.npy,2
Adjectives,82. narrow,MVI_5200,Adjectives__82. narrow__MVI_5200.npy,3
Adjectives,82. narrow,MVI_5201,Adjectives__82. narrow__MVI_5201.npy,4
Adjectives,82. narrow,MVI_5202,Adjectives__82. narrow__MVI_5202.npy,5
Adjectives,82. narrow,MVI_5280,Adjectives__82. narrow__MVI_5280.npy,6
Adjectives,82. narrow,MVI_5281,Adjectives__82. narrow__MVI_5281.npy,7
Adjectives,82. narrow,MVI_5282,Adjectives__82. narrow__MVI_5282.npy,8
Adjectives,82. narrow,MVI_9230,Adjectives__82. narrow__MVI_9230.npy,9
Adjectives,82. narrow,MVI_9231,Adjectives__82. narrow__MVI_9231.npy,10
Adjectives,82. narrow,MVI_9232,Adjectives__82. narrow__MVI_9232.npy,11
Adjectives,82. narrow,MVI_9313,Adjectives__82. narrow__MVI_9313.npy,12
Adjectives,82. narrow,MVI_9314,Adjectives__82. narrow__MVI_9314.npy,13
Adjectives,82. narrow,MVI_9315,Adjectives__82. narrow__MVI_9315.npy,14
Adjectives,82. narrow,MVI_9391,Adjectives__82. narrow__MVI_9391.npy,0
Adjectives,82. narrow,MVI_9392,Adjectives__82. narrow__MVI_9392.npy,1
Adjectives,82. narrow,MVI_9393,Adjectives__82. narrow__MVI_9393.npy,2
Adjectives,82. narrow,MVI_9471,Adjectives__82. narrow__MVI_9471.npy,3
Adjectives,82. narrow,MVI_9472,Adjectives__82. narrow__MVI_9472.npy,4
Adjectives,82. narrow,MVI_9474,Adjectives__82. narrow__MVI_9474.npy,5
Adjectives,83. big large,MVI_5123,Adjectives__83. big large__MVI_5123.npy,0
Adjectives,83. big large,MVI_5124,Adjectives__83. big large__MVI_5124.npy,1
Adjectives,83. big large,MVI_5125,Adjectives__83. big large__MVI_5125.npy,2
Adjectives,83. big large,MVI_5203,Adjectives__83. big large__MVI_5203.npy,3
Adjectives,83. big large,MVI_5204,Adjectives__83. big large__MVI_5204.npy,4
Adjectives,83. big large,MVI_5205,Adjectives__83. big large__MVI_5205.npy,5
Adjectives,83. big large,MVI_5283,Adjectives__83. big large__MVI_5283.npy,6
Adjectives,83. big large,MVI_5284,Adjectives__83. big large__MVI_5284.npy,7
Adjectives,83. big large,MVI_5285,Adjectives__83. big large__MVI_5285.npy,8
Adjectives,83. big large,MVI_9233,Adjectives__83. big large__MVI_9233.npy,9
Adjectives,83. big large,MVI_9234,Adjectives__83. big large__MVI_9234.npy,10
Adjectives,83. big large,MVI_9235,Adjectives__83. big large__MVI_9235.npy,11
Adjectives,83. big large,MVI_9316,Adjectives__83. big large__MVI_9316.npy,12
Adjectives,83. big large,MVI_9317,Adjectives__83. big large__MVI_9317.npy,13
Adjectives,83. big large,MVI_9318,Adjectives__83. big large__MVI_9318.npy,14
Adjectives,83. big large,MVI_9394,Adjectives__83. big large__MVI_9394.npy,0
Adjectives,83. big large,MVI_9395,Adjectives__83. big large__MVI_9395.npy,1
Adjectives,83. big large,MVI_9396,Adjectives__83. big large__MVI_9396.npy,2
Adjectives,83. big large,MVI_9475,Adjectives__83. big large__MVI_9475.npy,3
Adjectives,83. big large,MVI_9476,Adjectives__83. big large__MVI_9476.npy,4
Adjectives,83. big large,MVI_9477,Adjectives__83. big large__MVI_9477.npy,5
Adjectives,84. small little,MVI_5126,Adjectives__84. small little__MVI_5126.npy,0
Adjectives,84. small little,MVI_5127,Adjectives__84. small little__MVI_5127.npy,1
Adjectives,84. small little,MVI_5128,Adjectives__84. small little__MVI_5128.npy,2
Adjectives,84. small little,MVI_5206,Adjectives__84. small little__MVI_5206.npy,3
Adjectives,84. small little,MVI_5207,Adjectives__84. small little__MVI_5207.npy,4
Adjectives,84. small little,MVI_5208,Adjectives__84. small little__MVI_5208.npy,5
Adjectives,84. small little,MVI_5286,Adjectives__84. small little__MVI_5286.npy,7
Adjectives,84. small little,MVI_5287,Adjectives__84. small little__MVI_5287.npy,8
Adjectives,84. small little,MVI_5288,Adjectives__84. small little__MVI_5288.npy,9
Adjectives,84. small little,MVI_9236,Adjectives__84. small little__MVI_9236.npy,10
Adjectives,84. small little,MVI_9237,Adjectives__84. small little__MVI_9237.npy,11
Adjectives,84. small little,MVI_9238,Adjectives__84. small little__MVI_9238.npy,12
Adjectives,84. small little,MVI_9319,Adjectives__84. small little__MVI_9319.npy,13
Adjectives,84. small little,MVI_9320,Adjectives__84. small little__MVI_9320.npy,14
Adjectives,84. small little,MVI_9321,Adjectives__84. small little__MVI_9321.npy,0
Adjectives,84. small little,MVI_9397,Adjectives__84. small little__MVI_9397.npy,1
Adjectives,84. small little,MVI_9398,Adjectives__84. small little__MVI_9398.npy,2
Adjectives,84. small little,MVI_9400,Adjectives__84. small little__MVI_9400.npy,3
Adjectives,84. small little,MVI_9478,Adjectives__84. small little__MVI_9478.npy,4
Adjectives,84. small little,MVI_9479,Adjectives__84. small little__MVI_9479.npy,5
Adjectives,84. small little,MVI_9480,Adjectives__84. small little__MVI_9480.npy,6
Adjectives,84. small little,MVI_5209,Adjectives__84. small little__MVI_5209.npy,6
Adjectives,85. slow,MVI_5130,Adjectives__85. slow__MVI_5130.npy,0
Adjectives,85. slow,MVI_5131,Adjectives__85. slow__MVI_5131.npy,1
Adjectives,85. slow,MVI_5132,Adjectives__85. slow__MVI_5132.npy,2
Adjectives,85. slow,MVI_5210,Adjectives__85. slow__MVI_5210.npy,3
Adjectives,85. slow,MVI_5211,Adjectives__85. slow__MVI_5211.npy,4
Adjectives,85. slow,MVI_5212,Adjectives__85. slow__MVI_5212.npy,5
Adjectives,85. slow,MVI_5289,Adjectives__85. slow__MVI_5289.npy,6
Adjectives,85. slow,MVI_5290,Adjectives__85. slow__MVI_5290.npy,7
Adjectives,85. slow,MVI_5291,Adjectives__85. slow__MVI_5291.npy,8
Adjectives,85. slow,MVI_9240,Adjectives__85. slow__MVI_9240.npy,9
Adjectives,85. slow,MVI_9242,Adjectives__85. slow__MVI_9242.npy,10
Adjectives,85. slow,MVI_9243,Adjectives__85. slow__MVI_9243.npy,11
Adjectives,85. slow,MVI_9322,Adjectives__85. slow__MVI_9322.npy,12
Adjectives,85. slow,MVI_9323,Adjectives__85. slow__MVI_9323.npy,13
Adjectives,85. slow,MVI_9324,Adjectives__85. slow__MVI_9324.npy,14
Adjectives,85. slow,MVI_9402,Adjectives__85. slow__MVI_9402.npy,0
Adjectives,85. slow,MVI_9403,Adjectives__85. slow__MVI_9403.npy,1
Adjectives,85. slow,MVI_9404,Adjectives__85. slow__MVI_9404.npy,2
Adjectives,85. slow,MVI_9481,Adjectives__85. slow__MVI_9481.npy,3
Adjectives,85. slow,MVI_9482,Adjectives__85. slow__MVI_9482.npy,4
Adjectives,85. slow,MVI_9483,Adjectives__85. slow__MVI_9483.npy,5
Adjectives,86. fast,MVI_5133,Adjectives__86. fast__MVI_5133.npy,0
Adjectives,86. fast,MVI_5134,Adjectives__86. fast__MVI_5134.npy,1
Adjectives,86. fast,MVI_5135,Adjectives__86. fast__MVI_5135.npy,2
Adjectives,86. fast,MVI_5213,Adjectives__86. fast__MVI_5213.npy,3
Adjectives,86. fast,MVI_5214,Adjectives__86. fast__MVI_5214.npy,4
Adjectives,86. fast,MVI_5215,Adjectives__86. fast__MVI_5215.npy,5
Adjectives,86. fast,MVI_5292,Adjectives__86. fast__MVI_5292.npy,6
Adjectives,86. fast,MVI_5293,Adjectives__86. fast__MVI_5293.npy,7
Adjectives,86. fast,MVI_5294,Adjectives__86. fast__MVI_5294.npy,8
Adjectives,86. fast,MVI_9244,Adjectives__86. fast__MVI_9244.npy,9
Adjectives,86. fast,MVI_9245,Adjectives__86. fast__MVI_9245.npy,10
Adjectives,86. fast,MVI_9246,Adjectives__86. fast__MVI_9246.npy,11
Adjectives,86. fast,MVI_9325,Adjectives__86. fast__MVI_9325.npy,12
Adjectives,86. fast,MVI_9326,Adjectives__86. fast__MVI_9326.npy,13
Adjectives,86. fast,MVI_9327,Adjectives__86. fast__MVI_9327.npy,14
Adjectives,86. fast,MVI_9405,Adjectives__86. fast__MVI_9405.npy,0
Adjectives,86. fast,MVI_9406,Adjectives__86. fast__MVI_9406.npy,1
Adjectives,86. fast,MVI_9407,Adjectives__86. fast__MVI_9407.npy,2
Adjectives,86. fast,MVI_9484,Adjectives__86. fast__MVI_9484.npy,3
Adjectives,86. fast,MVI_9485,Adjectives__86. fast__MVI_9485.npy,4
Adjectives,86. fast,MVI_9486,Adjectives__86. fast__MVI_9486.npy,5
Adjectives,87. hot,MVI_5136,Adjectives__87. hot__MVI_5136.npy,0
Adjectives,87. hot,MVI_5137,Adjectives__87. hot__MVI_5137.npy,1
Adjectives,87. hot,MVI_5138,Adjectives__87. hot__MVI_5138.npy,2
Adjectives,87. hot,MVI_5216,Adjectives__87. hot__MVI_5216.npy,3
Adjectives,87. hot,MVI_5217,Adjectives__87. hot__MVI_5217.npy,4
Adjectives,87. hot,MVI_5218,Adjectives__87. hot__MVI_5218.npy,5
Adjectives,87. hot,MVI_5295,Adjectives__87. hot__MVI_5295.npy,6
Adjectives,87. hot,MVI_5296,Adjectives__87. hot__MVI_5296.npy,7
Adjectives,87. hot,MVI_5297,Adjectives__87. hot__MVI_5297.npy,8
Adjectives,87. hot,MVI_9247,Adjectives__87. hot__MVI_9247.npy,9
Adjectives,87. hot,MVI_9248,Adjectives__87. hot__MVI_9248.npy,10
Adjectives,87. hot,MVI_9249,Adjectives__87. hot__MVI_9249.npy,11
Adjectives,87. hot,MVI_9328,Adjectives__87. hot__MVI_9328.npy,12
Adjectives,87. hot,MVI_9329,Adjectives__87. hot__MVI_9329.npy,13
Adjectives,87. hot,MVI_9330,Adjectives__87. hot__MVI_9330.npy,14
Adjectives,87. hot,MVI_9408,Adjectives__87. hot__MVI_9408.npy,0
Adjectives,87. hot,MVI_9409,Adjectives__87. hot__MVI_9409.npy,1
Adjectives,87. hot,MVI_9410,Adjectives__87. hot__MVI_9410.npy,2
Adjectives,87. hot,MVI_9487,Adjectives__87. hot__MVI_9487.npy,3
Adjectives,87. hot,MVI_9488,Adjectives__87. hot__MVI_9488.npy,4
Adjectives,87. hot,MVI_9489,Adjectives__87. hot__MVI_9489.npy,5
Adjectives,88. cold,MVI_5139,Adjectives__88. cold__MVI_5139.npy,0
Adjectives,88. cold,MVI_5140,Adjectives__88. cold__MVI_5140.npy,1
Adjectives,88. cold,MVI_5219,Adjectives__88. cold__MVI_5219.npy,2
Adjectives,88. cold,MVI_5220,Adjectives__88. cold__MVI_5220.npy,3
Adjectives,88. cold,MVI_5221,Adjectives__88. cold__MVI_5221.npy,4
Adjectives,88. cold,MVI_5298,Adjectives__88. cold__MVI_5298.npy,5
Adjectives,88. cold,MVI_5299,Adjectives__88. cold__MVI_5299.npy,6
Adjectives,88. cold,MVI_5300,Adjectives__88. cold__MVI_5300.npy,7
Adjectives,88. cold,MVI_9250,Adjectives__88. cold__MVI_9250.npy,8
Adjectives,88. cold,MVI_9251,Adjectives__88. cold__MVI_9251.npy,9
Adjectives,88. cold,MVI_9252,Adjectives__88. cold__MVI_9252.npy,10
Adjectives,88. cold,MVI_9331,Adjectives__88. cold__MVI_9331.npy,11
Adjectives,88. cold,MVI_9332,Adjectives__88. cold__MVI_9332.npy,12
Adjectives,88. cold,MVI_9333,Adjectives__88. cold__MVI_9333.npy,13
Adjectives,88. cold,MVI_9411,Adjectives__88. cold__MVI_9411.npy,14
Adjectives,88. cold,MVI_9412,Adjectives__88. cold__MVI_9412.npy,0
Adjectives,88. cold,MVI_9413,Adjectives__88. cold__MVI_9413.npy,1
Adjectives,88. cold,MVI_9490,Adjectives__88. cold__MVI_9490.npy,2
Adjectives,88. cold,MVI_9491,Adjectives__88. cold__MVI_9491.npy,3
Adjectives,88. cold,MVI_9492,Adjectives__88. cold__MVI_9492.npy,4
Adjectives,89. warm,MVI_5141,Adjectives__89. warm__MVI_5141.npy,0
Adjectives,89. warm,MVI_5143,Adjectives__89. warm__MVI_5143.npy,1
Adjectives,89. warm,MVI_5144,Adjectives__89. warm__MVI_5144.npy,2
Adjectives,89. warm,MVI_5222,Adjectives__89. warm__MVI_5222.npy,3
Adjectives,89. warm,MVI_5223,Adjectives__89. warm__MVI_5223.npy,4
Adjectives,89. warm,MVI_5224,Adjectives__89. warm__MVI_5224.npy,5
Adjectives,89. warm,MVI_5301,Adjectives__89. warm__MVI_5301.npy,6
Adjectives,89. warm,MVI_5302,Adjectives__89. warm__MVI_5302.npy,7
Adjectives,89. warm,MVI_5303,Adjectives__89. warm__MVI_5303.npy,8
Adjectives,89. warm,MVI_9253,Adjectives__89. warm__MVI_9253.npy,9
Adjectives,89. warm,MVI_9254,Adjectives__89. warm__MVI_9254.npy,10
Adjectives,89. warm,MVI_9255,Adjectives__89. warm__MVI_9255.npy,11
Adjectives,89. warm,MVI_9334,Adjectives__89. warm__MVI_9334.npy,12
Adjectives,89. warm,MVI_9335,Adjectives__89. warm__MVI_9335.npy,13
Adjectives,89. warm,MVI_9336,Adjectives__89. warm__MVI_9336.npy,14
Adjectives,89. warm,MVI_9415,Adjectives__89. warm__MVI_9415.npy,0
Adjectives,89. warm,MVI_9416,Adjectives__89. warm__MVI_9416.npy,1
Adjectives,89. warm,MVI_9417,Adjectives__89. warm__MVI_9417.npy,2
Adjectives,89. warm,MVI_9493,Adjectives__89. warm__MVI_9493.npy,3
Adjectives,89. warm,MVI_9494,Adjectives__89. warm__MVI_9494.npy,4
Adjectives,89. warm,MVI_9495,Adjectives__89. warm__MVI_9495.npy,5
Adjectives,9. Nice,MVI_9588,Adjectives__9. Nice__MVI_9588.npy,0
Adjectives,9. Nice,MVI_9589,Adjectives__9. Nice__MVI_9589.npy,1
Adjectives,9. Nice,MVI_9590,Adjectives__9. Nice__MVI_9590.npy,2
Adjectives,9. Nice,MVI_9591,Adjectives__9. Nice__MVI_9591.npy,3
Adjectives,90. cool,MVI_5145,Adjectives__90. cool__MVI_5145.npy,0
Adjectives,90. cool,MVI_5146,Adjectives__90. cool__MVI_5146.npy,1
Adjectives,90. cool,MVI_5147,Adjectives__90. cool__MVI_5147.npy,2
Adjectives,90. cool,MVI_5225,Adjectives__90. cool__MVI_5225.npy,3
Adjectives,90. cool,MVI_5226,Adjectives__90. cool__MVI_5226.npy,4
Adjectives,90. cool,MVI_5227,Adjectives__90. cool__MVI_5227.npy,5
Adjectives,90. cool,MVI_5304,Adjectives__90. cool__MVI_5304.npy,6
Adjectives,90. cool,MVI_5305,Adjectives__90. cool__MVI_5305.npy,7
Adjectives,90. cool,MVI_5306,Adjectives__90. cool__MVI_5306.npy,8
Adjectives,90. cool,MVI_9256,Adjectives__90. cool__MVI_9256.npy,9
Adjectives,90. cool,MVI_9257,Adjectives__90. cool__MVI_9257.npy,10
Adjectives,90. cool,MVI_9258,Adjectives__90. cool__MVI_9258.npy,11
Adjectives,90. cool,MVI_9337,Adjectives__90. cool__MVI_9337.npy,12
Adjectives,90. cool,MVI_9338,Adjectives__90. cool__MVI_9338.npy,13
Adjectives,90. cool,MVI_9339,Adjectives__90. cool__MVI_9339.npy,14
Adjectives,90. cool,MVI_9418,Adjectives__90. cool__MVI_9418.npy,0
Adjectives,90. cool,MVI_9419,Adjectives__90. cool__MVI_9419.npy,1
Adjectives,90. cool,MVI_9420,Adjectives__90. cool__MVI_9420.npy,2
Adjectives,90. cool,MVI_9497,Adjectives__90. cool__MVI_9497.npy,3
Adjectives,90. cool,MVI_9498,Adjectives__90. cool__MVI_9498.npy,4
Adjectives,90. cool,MVI_9499,Adjectives__90. cool__MVI_9499.npy,5
Adjectives,91. new,MVI_5148,Adjectives__91. new__MVI_5148.npy,0
Adjectives,91. new,MVI_5150,Adjectives__91. new__MVI_5150.npy,1
Adjectives,91. new,MVI_5151,Adjectives__91. new__MVI_5151.npy,2
Adjectives,91. new,MVI_5229,Adjectives__91. new__MVI_5229.npy,3
Adjectives,91. new,MVI_5230,Adjectives__91. new__MVI_5230.npy,4
Adjectives,91. new,MVI_5231,Adjectives__91. new__MVI_5231.npy,5
Adjectives,91. new,MVI_5307,Adjectives__91. new__MVI_5307.npy,6
Adjectives,91. new,MVI_5308,Adjectives__91. new__MVI_5308.npy,7
Adjectives,91. new,MVI_5309,Adjectives__91. new__MVI_5309.npy,8
Adjectives,91. new,MVI_9259,Adjectives__91. new__MVI_9259.npy,9
Adjectives,91. new,MVI_9260,Adjectives__91. new__MVI_9260.npy,10
Adjectives,91. new,MVI_9261,Adjectives__91. new__MVI_9261.npy,11
Adjectives,91. new,MVI_9340,Adjectives__91. new__MVI_9340.npy,12
Adjectives,91. new,MVI_9341,Adjectives__91. new__MVI_9341.npy,13
Adjectives,91. new,MVI_9342,Adjectives__91. new__MVI_9342.npy,14
Adjectives,91. new,MVI_9421,Adjectives__91. new__MVI_9421.npy,0
Adjectives,91. new,MVI_9422,Adjectives__91. new__MVI_9422.npy,1
Adjectives,91. new,MVI_9423,Adjectives__91. new__MVI_9423.npy,2
Adjectives,91. new,MVI_9500,Adjectives__91. new__MVI_9500.npy,3
Adjectives,91. new,MVI_9501,Adjectives__91. new__MVI_9501.npy,4
Adjectives,91. new,MVI_9502,Adjectives__91. new__MVI_9502.npy,5
Adjectives,92. old,MVI_5152,Adjectives__92. old__MVI_5152.npy,0
Adjectives,92. old,MVI_5153,Adjectives__92. old__MVI_5153.npy,1
Adjectives,92. old,MVI_5154,Adjectives__92. old__MVI_5154.npy,2
Adjectives,92. old,MVI_5232,Adjectives__92. old__MVI_5232.npy,3
Adjectives,92. old,MVI_5233,Adjectives__92. old__MVI_5233.npy,4
Adjectives,92. old,MVI_5234,Adjectives__92. old__MVI_5234.npy,5
Adjectives,92. old,MVI_5310,Adjectives__92. old__MVI_5310.npy,6
Adjectives,92. old,MVI_5311,Adjectives__92. old__MVI_5311.npy,7
Adjectives,92. old,MVI_5312,Adjectives__92. old__MVI_5312.npy,8
Adjectives,92. old,MVI_9262,Adjectives__92. old__MVI_9262.npy,9
Adjectives,92. old,MVI_9263,Adjectives__92. old__MVI_9263.npy,10
Adjectives,92. old,MVI_9264,Adjectives__92. old__MVI_9264.npy,11
Adjectives,92. old,MVI_9343,Adjectives__92. old__MVI_9343.npy,12
Adjectives,92. old,MVI_9344,Adjectives__92. old__MVI_9344.npy,13
Adjectives,92. old,MVI_9345,Adjectives__92. old__MVI_9345.npy,14
Adjectives,92. old,MVI_9424,Adjectives__92. old__MVI_9424.npy,0
Adjectives,92. old,MVI_9425,Adjectives__92. old__MVI_9425.npy,1
Adjectives,92. old,MVI_9426,Adjectives__92. old__MVI_9426.npy,2
Adjectives,92. old,MVI_9504,Adjectives__92. old__MVI_9504.npy,3
Adjectives,92. old,MVI_9505,Adjectives__92. old__MVI_9505.npy,4
Adjectives,92. old,MVI_9506,Adjectives__92. old__MVI_9506.npy,5
Adjectives,93. young,MVI_5155,Adjectives__93. young__MVI_5155.npy,0
Adjectives,93. young,MVI_5156,Adjectives__93. young__MVI_5156.npy,1
Adjectives,93. young,MVI_5157,Adjectives__93. young__MVI_5157.npy,2
Adjectives,93. young,MVI_5235,Adjectives__93. young__MVI_5235.npy,3
Adjectives,93. young,MVI_5236,Adjectives__93. young__MVI_5236.npy,4
Adjectives,93. young,MVI_5237,Adjectives__93. young__MVI_5237.npy,5
Adjectives,93. young,MVI_5313,Adjectives__93. young__MVI_5313.npy,6
Adjectives,93. young,MVI_5314,Adjectives__93. young__MVI_5314.npy,7
Adjectives,93. young,MVI_5315,Adjectives__93. young__MVI_5315.npy,8
Adjectives,93. young,MVI_9265,Adjectives__93. young__MVI_9265.npy,9
Adjectives,93. young,MVI_9266,Adjectives__93. young__MVI_9266.npy,10
Adjectives,93. young,MVI_9267,Adjectives__93. young__MVI_9267.npy,11
Adjectives,93. young,MVI_9346,Adjectives__93. young__MVI_9346.npy,12
Adjectives,93. young,MVI_9347,Adjectives__93. young__MVI_9347.npy,13
Adjectives,93. young,MVI_9348,Adjectives__93. young__MVI_9348.npy,14
Adjectives,93. young,MVI_9427,Adjectives__93. young__MVI_9427.npy,0
Adjectives,93. young,MVI_9428,Adjectives__93. young__MVI_9428.npy,1
Adjectives,93. young,MVI_9429,Adjectives__93. young__MVI_9429.npy,2
Adjectives,93. young,MVI_9507,Adjectives__93. young__MVI_9507.npy,3
Adjectives,93. young,MVI_9508,Adjectives__93. young__MVI_9508.npy,4
Adjectives,93. young,MVI_9509,Adjectives__93. young__MVI_9509.npy,5
Adjectives,94. good,MVI_5158,Adjectives__94. good__MVI_5158.npy,0
Adjectives,94. good,MVI_5159,Adjectives__94. good__MVI_5159.npy,1
Adjectives,94. good,MVI_5160,Adjectives__94. good__MVI_5160.npy,2
Adjectives,94. good,MVI_5238,Adjectives__94. good__MVI_5238.npy,3
Adjectives,94. good,MVI_5239,Adjectives__94. good__MVI_5239.npy,4
Adjectives,94. good,MVI_5240,Adjectives__94. good__MVI_5240.npy,5
Adjectives,94. good,MVI_5316,Adjectives__94. good__MVI_5316.npy,6
Adjectives,94. good,MVI_5317,Adjectives__94. good__MVI_5317.npy,7
Adjectives,94. good,MVI_5318,Adjectives__94. good__MVI_5318.npy,8
Adjectives,94. good,MVI_9268,Adjectives__94. good__MVI_9268.npy,9
Adjectives,94. good,MVI_9269,Adjectives__94. good__MVI_9269.npy,10
Adjectives,94. good,MVI_9270,Adjectives__94. good__MVI_9270.npy,11
Adjectives,94. good,MVI_9349,Adjectives__94. good__MVI_9349.npy,12
Adjectives,94. good,MVI_9350,Adjectives__94. good__MVI_9350.npy,13
Adjectives,94. good,MVI_9351,Adjectives__94. good__MVI_9351.npy,14
Adjectives,94. good,MVI_9430,Adjectives__94. good__MVI_9430.npy,0
Adjectives,94. good,MVI_9431,Adjectives__94. good__MVI_9431.npy,1
Adjectives,94. good,MVI_9432,Adjectives__94. good__MVI_9432.npy,2
Adjectives,94. good,MVI_9510,Adjectives__94. good__MVI_9510.npy,3
Adjectives,94. good,MVI_9511,Adjectives__94. good__MVI_9511.npy,4
Adjectives,94. good,MVI_9512,Adjectives__94. good__MVI_9512.npy,5
Adjectives,95. bad,MVI_5161,Adjectives__95. bad__MVI_5161.npy,0
Adjectives,95. bad,MVI_5162,Adjectives__95. bad__MVI_5162.npy,1
Adjectives,95. bad,MVI_5163,Adjectives__95. bad__MVI_5163.npy,2
Adjectives,95. bad,MVI_5241,Adjectives__95. bad__MVI_5241.npy,3
Adjectives,95. bad,MVI_5242,Adjectives__95. bad__MVI_5242.npy,4
Adjectives,95. bad,MVI_5243,Adjectives__95. bad__MVI_5243.npy,5
Adjectives,95. bad,MVI_5319,Adjectives__95. bad__MVI_5319.npy,6
Adjectives,95. bad,MVI_5320,Adjectives__95. bad__MVI_5320.npy,7
Adjectives,95. bad,MVI_5321,Adjectives__95. bad__MVI_5321.npy,8
Adjectives,95. bad,MVI_9271,Adjectives__95. bad__MVI_9271.npy,9
Adjectives,95. bad,MVI_9272,Adjectives__95. bad__MVI_9272.npy,10
Adjectives,95. bad,MVI_9273,Adjectives__95. bad__MVI_9273.npy,11
Adjectives,95. bad,MVI_9352,Adjectives__95. bad__MVI_9352.npy,12
Adjectives,95. bad,MVI_9353,Adjectives__95. bad__MVI_9353.npy,13
Adjectives,95. bad,MVI_9354,Adjectives__95. bad__MVI_9354.npy,14
Adjectives,95. bad,MVI_9433,Adjectives__95. bad__MVI_9433.npy,0
Adjectives,95. bad,MVI_9434,Adjectives__95. bad__MVI_9434.npy,1
Adjectives,95. bad,MVI_9435,Adjectives__95. bad__MVI_9435.npy,2
Adjectives,95. bad,MVI_9513,Adjectives__95. bad__MVI_9513.npy,3
Adjectives,95. bad,MVI_9514,Adjectives__95. bad__MVI_9514.npy,4
Adjectives,95. bad,MVI_9516,Adjectives__95. bad__MVI_9516.npy,5
Adjectives,96. wet,MVI_5164,Adjectives__96. wet__MVI_5164.npy,0
Adjectives,96. wet,MVI_5165,Adjectives__96. wet__MVI_5165.npy,1
Adjectives,96. wet,MVI_5166,Adjectives__96. wet__MVI_5166.npy,2
Adjectives,96. wet,MVI_5244,Adjectives__96. wet__MVI_5244.npy,3
Adjectives,96. wet,MVI_5245,Adjectives__96. wet__MVI_5245.npy,4
Adjectives,96. wet,MVI_5246,Adjectives__96. wet__MVI_5246.npy,5
Adjectives,96. wet,MVI_5322,Adjectives__96. wet__MVI_5322.npy,6
Adjectives,96. wet,MVI_5323,Adjectives__96. wet__MVI_5323.npy,7
Adjectives,96. wet,MVI_5324,Adjectives__96. wet__MVI_5324.npy,8
Adjectives,96. wet,MVI_9274,Adjectives__96. wet__MVI_9274.npy,9
Adjectives,96. wet,MVI_9275,Adjectives__96. wet__MVI_9275.npy,10
Adjectives,96. wet,MVI_9276,Adjectives__96. wet__MVI_9276.npy,11
Adjectives,96. wet,MVI_9355,Adjectives__96. wet__MVI_9355.npy,12
Adjectives,96. wet,MVI_9356,Adjectives__96. wet__MVI_9356.npy,13
Adjectives,96. wet,MVI_9357,Adjectives__96. wet__MVI_9357.npy,14
Adjectives,96. wet,MVI_9436,Adjectives__96. wet__MVI_9436.npy,0
Adjectives,96. wet,MVI_9437,Adjectives__96. wet__MVI_9437.npy,1
Adjectives,96. wet,MVI_9438,Adjectives__96. wet__MVI_9438.npy,2
Adjectives,96. wet,MVI_9517,Adjectives__96. wet__MVI_9517.npy,3
Adjectives,96. wet,MVI_9518,Adjectives__96. wet__MVI_9518.npy,4
Adjectives,96. wet,MVI_9520,Adjectives__96. wet__MVI_9520.npy,5
Adjectives,97. dry,MVI_5167,Adjectives__97. dry__MVI_5167.npy,0
Adjectives,97. dry,MVI_5168,Adjectives__97. dry__MVI_5168.npy,1
Adjectives,97. dry,MVI_5169,Adjectives__97. dry__MVI_5169.npy,2
Adjectives,97. dry,MVI_5248,Adjectives__97. dry__MVI_5248.npy,3
Adjectives,97. dry,MVI_5249,Adjectives__97. dry__MVI_5249.npy,4
Adjectives,97. dry,MVI_5250,Adjectives__97. dry__MVI_5250.npy,5
Adjectives,97. dry,MVI_5326,Adjectives__97. dry__MVI_5326.npy,6
Adjectives,97. dry,MVI_5327,Adjectives__97. dry__MVI_5327.npy,7
Adjectives,97. dry,MVI_5328,Adjectives__97. dry__MVI_5328.npy,8
Adjectives,97. dry,MVI_9277,Adjectives__97. dry__MVI_9277.npy,9
Adjectives,97. dry,MVI_9278,Adjectives__97. dry__MVI_9278.npy,10
Adjectives,97. dry,MVI_9279,Adjectives__97. dry__MVI_9279.npy,11
Adjectives,97. dry,MVI_9359,Adjectives__97. dry__MVI_9359.npy,12
Adjectives,97. dry,MVI_9360,Adjectives__97. dry__MVI_9360.npy,13
Adjectives,97. dry,MVI_9361,Adjectives__97. dry__MVI_9361.npy,14
Adjectives,97. dry,MVI_9439,Adjectives__97. dry__MVI_9439.npy,0
Adjectives,97. dry,MVI_9440,Adjectives__97. dry__MVI_9440.npy,1
Adjectives,97. dry,MVI_9441,Adjectives__97. dry__MVI_9441.npy,2
Adjectives,97. dry,MVI_9521,Adjectives__97. dry__MVI_9521.npy,3
Adjectives,97. dry,MVI_9522,Adjectives__97. dry__MVI_9522.npy,4
Adjectives,97. dry,MVI_9523,Adjectives__97. dry__MVI_9523.npy,5
Adjectives,98. sick,MVI_5170,Adjectives__98. sick__MVI_5170.npy,0
Adjectives,98. sick,MVI_5171,Adjectives__98. sick__MVI_5171.npy,1
Adjectives,98. sick,MVI_5172,Adjectives__98. sick__MVI_5172.npy,2
Adjectives,98. sick,MVI_5251,Adjectives__98. sick__MVI_5251.npy,3
Adjectives,98. sick,MVI_5252,Adjectives__98. sick__MVI_5252.npy,4
Adjectives,98. sick,MVI_5253,Adjectives__98. sick__MVI_5253.npy,5
Adjectives,98. sick,MVI_5329,Adjectives__98. sick__MVI_5329.npy,6
Adjectives,98. sick,MVI_5330,Adjectives__98. sick__MVI_5330.npy,7
Adjectives,98. sick,MVI_5331,Adjectives__98. sick__MVI_5331.npy,8
Adjectives,98. sick,MVI_9280,Adjectives__98. sick__MVI_9280.npy,9
Adjectives,98. sick,MVI_9281,Adjectives__98. sick__MVI_9281.npy,10
Adjectives,98. sick,MVI_9282,Adjectives__98. sick__MVI_9282.npy,11
Adjectives,98. sick,MVI_9362,Adjectives__98. sick__MVI_9362.npy,12
Adjectives,98. sick,MVI_9363,Adjectives__98. sick__MVI_9363.npy,13
Adjectives,98. sick,MVI_9364,Adjectives__98. sick__MVI_9364.npy,14
Adjectives,98. sick,MVI_9442,Adjectives__98. sick__MVI_9442.npy,0
Adjectives,98. sick,MVI_9443,Adjectives__98. sick__MVI_9443.npy,1
Adjectives,98. sick,MVI_9444,Adjectives__98. sick__MVI_9444.npy,2
Adjectives,98. sick,MVI_9527,Adjectives__98. sick__MVI_9527.npy,3
Adjectives,98. sick,MVI_9528,Adjectives__98. sick__MVI_9528.npy,4
Adjectives,98. sick,MVI_9529,Adjectives__98. sick__MVI_9529.npy,5
Adjectives,99. healthy,MVI_5173,Adjectives__99. healthy__MVI_5173.npy,0
Adjectives,99. healthy,MVI_5174,Adjectives__99. healthy__MVI_5174.npy,1
Adjectives,99. healthy,MVI_5175,Adjectives__99. healthy__MVI_5175.npy,2
Adjectives,99. healthy,MVI_5254,Adjectives__99. healthy__MVI_5254.npy,3
Adjectives,99. healthy,MVI_5255,Adjectives__99. healthy__MVI_5255.npy,4
Adjectives,99. healthy,MVI_5256,Adjectives__99. healthy__MVI_5256.npy,5
Adjectives,99. healthy,MVI_5332,Adjectives__99. healthy__MVI_5332.npy,6
Adjectives,99. healthy,MVI_5333,Adjectives__99. healthy__MVI_5333.npy,7
Adjectives,99. healthy,MVI_5334,Adjectives__99. healthy__MVI_5334.npy,8
Adjectives,99. healthy,MVI_9286,Adjectives__99. healthy__MVI_9286.npy,9
Adjectives,99. healthy,MVI_9287,Adjectives__99. healthy__MVI_9287.npy,10
Adjectives,99. healthy,MVI_9288,Adjectives__99. healthy__MVI_9288.npy,11
Adjectives,99. healthy,MVI_9365,Adjectives__99. healthy__MVI_9365.npy,12
Adjectives,99. healthy,MVI_9366,Adjectives__99. healthy__MVI_9366.npy,13
Adjectives,99. healthy,MVI_9367,Adjectives__99. healthy__MVI_9367.npy,14
Adjectives,99. healthy,MVI_9445,Adjectives__99. healthy__MVI_9445.npy,0
Adjectives,99. healthy,MVI_9446,Adjectives__99. healthy__MVI_9446.npy,1
Adjectives,99. healthy,MVI_9447,Adjectives__99. healthy__MVI_9447.npy,2
Adjectives,99. healthy,MVI_9530,Adjectives__99. healthy__MVI_9530.npy,3
Adjectives,99. healthy,MVI_9531,Adjectives__99. healthy__MVI_9531.npy,4
Adjectives,99. healthy,MVI_9532,Adjectives__99. healthy__MVI_9532.npy,5
Animals,1. Dog,MVI_2978,Animals__1. Dog__MVI_2978.npy,0
Animals,1. Dog,MVI_2979,Animals__1. Dog__MVI_2979.npy,1
Animals,1. Dog,MVI_2980,Animals__1. Dog__MVI_2980.npy,2
Animals,1. Dog,MVI_3002,Animals__1. Dog__MVI_3002.npy,3
Animals,1. Dog,MVI_3003,Animals__1. Dog__MVI_3003.npy,4
Animals,1. Dog,MVI_3004,Animals__1. Dog__MVI_3004.npy,5
Animals,1. Dog,MVI_3028,Animals__1. Dog__MVI_3028.npy,6
Animals,1. Dog,MVI_3029,Animals__1. Dog__MVI_3029.npy,7
Animals,1. Dog,MVI_3030,Animals__1. Dog__MVI_3030.npy,8
Animals,1. Dog,MVI_3059,Animals__1. Dog__MVI_3059.npy,9
Animals,1. Dog,MVI_3060,Animals__1. Dog__MVI_3060.npy,10
Animals,1. Dog,MVI_3061,Animals__1. Dog__MVI_3061.npy,11
Animals,1. Dog,MVI_3085,Animals__1. Dog__MVI_3085.npy,12
Animals,1. Dog,MVI_3086,Animals__1. Dog__MVI_3086.npy,13
Animals,1. Dog,MVI_3087,Animals__1. Dog__MVI_3087.npy,14
Animals,1. Dog,MVI_4146,Animals__1. Dog__MVI_4146.npy,0
Animals,1. Dog,MVI_4147,Animals__1. Dog__MVI_4147.npy,1
Animals,1. Dog,MVI_4148,Animals__1. Dog__MVI_4148.npy,2
Animals,1. Dog,MVI_8560,Animals__1. Dog__MVI_8560.npy,3
Animals,1. Dog,MVI_8561,Animals__1. Dog__MVI_8561.npy,4
Animals,2. Cat,MVI_2981,Animals__2. Cat__MVI_2981.npy,0
Animals,2. Cat,MVI_2982,Animals__2. Cat__MVI_2982.npy,1
Animals,2. Cat,MVI_2983,Animals__2. Cat__MVI_2983.npy,2
Animals,2. Cat,MVI_3005,Animals__2. Cat__MVI_3005.npy,3
Animals,2. Cat,MVI_3006,Animals__2. Cat__MVI_3006.npy,4
Animals,2. Cat,MVI_3007,Animals__2. Cat__MVI_3007.npy,5
Animals,2. Cat,MVI_3031,Animals__2. Cat__MVI_3031.npy,6
Animals,2. Cat,MVI_3032,Animals__2. Cat__MVI_3032.npy,7
Animals,2. Cat,MVI_3033,Animals__2. Cat__MVI_3033.npy,8
Animals,2. Cat,MVI_3063,Animals__2. Cat__MVI_3063.npy,9
Animals,2. Cat,MVI_3064,Animals__2. Cat__MVI_3064.npy,10
Animals,2. Cat,MVI_3065,Animals__2. Cat__MVI_3065.npy,11
Animals,2. Cat,MVI_3088,Animals__2. Cat__MVI_3088.npy,12
Animals,2. Cat,MVI_3089,Animals__2. Cat__MVI_3089.npy,13
Animals,2. Cat,MVI_3090,Animals__2. Cat__MVI_3090.npy,14
Animals,2. Cat,MVI_4149,Animals__2. Cat__MVI_4149.npy,0
Animals,2. Cat,MVI_4150,Animals__2. Cat__MVI_4150.npy,1
Animals,2. Cat,MVI_4151,Animals__2. Cat__MVI_4151.npy,2
Animals,2. Cat,MVI_8562,Animals__2. Cat__MVI_8562.npy,3
Animals,2. Cat,MVI_8563,Animals__2. Cat__MVI_8563.npy,4
Animals,3. Fish,MVI_2984,Animals__3. Fish__MVI_2984.npy,0
Animals,3. Fish,MVI_2985,Animals__3. Fish__MVI_2985.npy,1
Animals,3. Fish,MVI_2986,Animals__3. Fish__MVI_2986.npy,2
Animals,3. Fish,MVI_3008,Animals__3. Fish__MVI_3008.npy,3
Animals,3. Fish,MVI_3009,Animals__3. Fish__MVI_3009.npy,4
Animals,3. Fish,MVI_3010,Animals__3. Fish__MVI_3010.npy,5
Animals,3. Fish,MVI_3034,Animals__3. Fish__MVI_3034.npy,6
Animals,3. Fish,MVI_3035,Animals__3. Fish__MVI_3035.npy,7
Animals,3. Fish,MVI_3036,Animals__3. Fish__MVI_3036.npy,8
Animals,3. Fish,MVI_3067,Animals__3. Fish__MVI_3067.npy,9
Animals,3. Fish,MVI_3068,Animals__3. Fish__MVI_3068.npy,10
Animals,3. Fish,MVI_3069,Animals__3. Fish__MVI_3069.npy,11
Animals,3. Fish,MVI_3091,Animals__3. Fish__MVI_3091.npy,12
Animals,3. Fish,MVI_3092,Animals__3. Fish__MVI_3092.npy,13
Animals,3. Fish,MVI_3093,Animals__3. Fish__MVI_3093.npy,14
Animals,3. Fish,MVI_4152,Animals__3. Fish__MVI_4152.npy,0
Animals,3. Fish,MVI_4153,Animals__3. Fish__MVI_4153.npy,1
Animals,3. Fish,MVI_4154,Animals__3. Fish__MVI_4154.npy,2
Animals,3. Fish,MVI_8565,Animals__3. Fish__MVI_8565.npy,3
Animals,3. Fish,MVI_8566,Animals__3. Fish__MVI_8566.npy,4
Animals,4. Bird,MVI_3041,Animals__4. Bird__MVI_3041.npy,9
Animals,4. Bird,MVI_3042,Animals__4. Bird__MVI_3042.npy,10
Animals,4. Bird,MVI_3043,Animals__4. Bird__MVI_3043.npy,11
Animals,4. Bird,MVI_3044,Animals__4. Bird__MVI_3044.npy,12
Animals,4. Bird,MVI_3045,Animals__4. Bird__MVI_3045.npy,13
Animals,4. Bird,MVI_2987,Animals__4. Bird__MVI_2987.npy,0
Animals,4. Bird,MVI_2988,Animals__4. Bird__MVI_2988.npy,1
Animals,4. Bird,MVI_2989,Animals__4. Bird__MVI_2989.npy,2
Animals,4. Bird,MVI_3011,Animals__4. Bird__MVI_3011.npy,3
Animals,4. Bird,MVI_3012,Animals__4. Bird__MVI_3012.npy,4
Animals,4. Bird,MVI_3013,Animals__4. Bird__MVI_3013.npy,5
Animals,4. Bird,MVI_3037,Animals__4. Bird__MVI_3037.npy,6
Animals,4. Bird,MVI_3038,Animals__4. Bird__MVI_3038.npy,7
Animals,4. Bird,MVI_3040,Animals__4. Bird__MVI_3040.npy,8
Animals,4. Bird,MVI_3070,Animals__4. Bird__MVI_3070.npy,14
Animals,4. Bird,MVI_3071,Animals__4. Bird__MVI_3071.npy,0
Animals,4. Bird,MVI_3072,Animals__4. Bird__MVI_3072.npy,1
Animals,4. Bird,MVI_3094,Animals__4. Bird__MVI_3094.npy,2
Animals,4. Bird,MVI_3095,Animals__4. Bird__MVI_3095.npy,3
Animals,4. Bird,MVI_3096,Animals__4. Bird__MVI_3096.npy,4
Animals,4. Bird,MVI_4155,Animals__4. Bird__MVI_4155.npy,5
Animals,4. Bird,MVI_4156,Animals__4. Bird__MVI_4156.npy,6
Animals,4. Bird,MVI_4157,Animals__4. Bird__MVI_4157.npy,7
Animals,4. Bird,MVI_8567,Animals__4. Bird__MVI_8567.npy,8
Animals,4. Bird,MVI_8568,Animals__4. Bird__MVI_8568.npy,9
Animals,5. Cow,MVI_2990,Animals__5. Cow__MVI_2990.npy,0
Animals,5. Cow,MVI_2991,Animals__5. Cow__MVI_2991.npy,1
Animals,5. Cow,MVI_2992,Animals__5. Cow__MVI_2992.npy,2
Animals,5. Cow,MVI_3015,Animals__5. Cow__MVI_3015.npy,3
Animals,5. Cow,MVI_3016,Animals__5. Cow__MVI_3016.npy,4
Animals,5. Cow,MVI_3017,Animals__5. Cow__MVI_3017.npy,5
Animals,5. Cow,MVI_3046,Animals__5. Cow__MVI_3046.npy,6
Animals,5. Cow,MVI_3047,Animals__5. Cow__MVI_3047.npy,7
Animals,5. Cow,MVI_3048,Animals__5. Cow__MVI_3048.npy,8
Animals,5. Cow,MVI_3049,Animals__5. Cow__MVI_3049.npy,9
Animals,5. Cow,MVI_3073,Animals__5. Cow__MVI_3073.npy,10
Animals,5. Cow,MVI_3074,Animals__5. Cow__MVI_3074.npy,11
Animals,5. Cow,MVI_3075,Animals__5. Cow__MVI_3075.npy,12
Animals,5. Cow,MVI_3097,Animals__5. Cow__MVI_3097.npy,13
Animals,5. Cow,MVI_3098,Animals__5. Cow__MVI_3098.npy,14
Animals,5. Cow,MVI_3099,Animals__5. Cow__MVI_3099.npy,0
Animals,5. Cow,MVI_4158,Animals__5. Cow__MVI_4158.npy,1
Animals,5. Cow,MVI_4159,Animals__5. Cow__MVI_4159.npy,2
Animals,5. Cow,MVI_4160,Animals__5. Cow__MVI_4160.npy,3
Animals,5. Cow,MVI_8569,Animals__5. Cow__MVI_8569.npy,4
Animals,5. Cow,MVI_8570,Animals__5. Cow__MVI_8570.npy,5
Animals,6. Mouse,MVI_2993,Animals__6. Mouse__MVI_2993.npy,0
Animals,6. Mouse,MVI_2994,Animals__6. Mouse__MVI_2994.npy,1
Animals,6. Mouse,MVI_2995,Animals__6. Mouse__MVI_2995.npy,2
Animals,6. Mouse,MVI_3018,Animals__6. Mouse__MVI_3018.npy,3
Animals,6. Mouse,MVI_3019,Animals__6. Mouse__MVI_3019.npy,4
Animals,6. Mouse,MVI_3020,Animals__6. Mouse__MVI_3020.npy,5
Animals,6. Mouse,MVI_3050,Animals__6. Mouse__MVI_3050.npy,6
Animals,6. Mouse,MVI_3051,Animals__6. Mouse__MVI_3051.npy,7
Animals,6. Mouse,MVI_3052,Animals__6. Mouse__MVI_3052.npy,8
Animals,6. Mouse,MVI_3076,Animals__6. Mouse__MVI_3076.npy,9
Animals,6. Mouse,MVI_3077,Animals__6. Mouse__MVI_3077.npy,10
Animals,6. Mouse,MVI_3078,Animals__6. Mouse__MVI_3078.npy,11
Animals,6. Mouse,MVI_3100,Animals__6. Mouse__MVI_3100.npy,12
Animals,6. Mouse,MVI_3101,Animals__6. Mouse__MVI_3101.npy,13
Animals,6. Mouse,MVI_3102,Animals__6. Mouse__MVI_3102.npy,14
Animals,6. Mouse,MVI_4161,Animals__6. Mouse__MVI_4161.npy,0
Animals,6. Mouse,MVI_4162,Animals__6. Mouse__MVI_4162.npy,1
Animals,6. Mouse,MVI_4163,Animals__6. Mouse__MVI_4163.npy,2
Animals,6. Mouse,MVI_8571,Animals__6. Mouse__MVI_8571.npy,3
Animals,6. Mouse,MVI_8572,Animals__6. Mouse__MVI_8572.npy,4
Animals,7. Horse,MVI_2996,Animals__7. Horse__MVI_2996.npy,0
Animals,7. Horse,MVI_2997,Animals__7. Horse__MVI_2997.npy,1
Animals,7. Horse,MVI_2998,Animals__7. Horse__MVI_2998.npy,2
Animals,7. Horse,MVI_3021,Animals__7. Horse__MVI_3021.npy,3
Animals,7. Horse,MVI_3022,Animals__7. Horse__MVI_3022.npy,4
Animals,7. Horse,MVI_3023,Animals__7. Horse__MVI_3023.npy,5
Animals,7. Horse,MVI_3053,Animals__7. Horse__MVI_3053.npy,6
Animals,7. Horse,MVI_3054,Animals__7. Horse__MVI_3054.npy,7
Animals,7. Horse,MVI_3055,Animals__7. Horse__MVI_3055.npy,8
Animals,7. Horse,MVI_3079,Animals__7. Horse__MVI_3079.npy,9
Animals,7. Horse,MVI_3080,Animals__7. Horse__MVI_3080.npy,10
Animals,7. Horse,MVI_3081,Animals__7. Horse__MVI_3081.npy,11
Animals,7. Horse,MVI_3103,Animals__7. Horse__MVI_3103.npy,12
Animals,7. Horse,MVI_3104,Animals__7. Horse__MVI_3104.npy,13
Animals,7. Horse,MVI_3105,Animals__7. Horse__MVI_3105.npy,14
Animals,7. Horse,MVI_4164,Animals__7. Horse__MVI_4164.npy,0
Animals,7. Horse,MVI_4165,Animals__7. Horse__MVI_4165.npy,1
Animals,7. Horse,MVI_4166,Animals__7. Horse__MVI_4166.npy,2
Animals,7. Horse,MVI_8574,Animals__7. Horse__MVI_8574.npy,3
Animals,7. Horse,MVI_8575,Animals__7. Horse__MVI_8575.npy,4
Animals,8. Animal,MVI_2999,Animals__8. Animal__MVI_2999.npy,0
Animals,8. Animal,MVI_3000,Animals__8. Animal__MVI_3000.npy,1
Animals,8. Animal,MVI_3001,Animals__8. Animal__MVI_3001.npy,2
Animals,8. Animal,MVI_3025,Animals__8. Animal__MVI_3025.npy,3
Animals,8. Animal,MVI_3026,Animals__8. Animal__MVI_3026.npy,4
Animals,8. Animal,MVI_3027,Animals__8. Animal__MVI_3027.npy,5
Animals,8. Animal,MVI_3056,Animals__8. Animal__MVI_3056.npy,6
Animals,8. Animal,MVI_3057,Animals__8. Animal__MVI_3057.npy,7
Animals,8. Animal,MVI_3058,Animals__8. Animal__MVI_3058.npy,8
Animals,8. Animal,MVI_3082,Animals__8. Animal__MVI_3082.npy,9
Animals,8. Animal,MVI_3083,Animals__8. Animal__MVI_3083.npy,10
Animals,8. Animal,MVI_3084,Animals__8. Animal__MVI_3084.npy,11
Animals,8. Animal,MVI_3107,Animals__8. Animal__MVI_3107.npy,12
Animals,8. Animal,MVI_3108,Animals__8. Animal__MVI_3108.npy,13
Animals,8. Animal,MVI_3109,Animals__8. Animal__MVI_3109.npy,14
Animals,8. Animal,MVI_4167,Animals__8. Animal__MVI_4167.npy,0
Animals,8. Animal,MVI_4168,Animals__8. Animal__MVI_4168.npy,1
Animals,8. Animal,MVI_4169,Animals__8. Animal__MVI_4169.npy,2
Animals,8. Animal,MVI_8576,Animals__8. Animal__MVI_8576.npy,3
Animals,8. Animal,MVI_8577,Animals__8. Animal__MVI_8577.npy,4
Clothes,37. Hat,MVI_3688,Clothes__37. Hat__MVI_3688.npy,0
Clothes,37. Hat,MVI_3690,Clothes__37. Hat__MVI_3690.npy,1
Clothes,37. Hat,MVI_3691,Clothes__37. Hat__MVI_3691.npy,2
Clothes,37. Hat,MVI_3835,Clothes__37. Hat__MVI_3835.npy,3
Clothes,37. Hat,MVI_3836,Clothes__37. Hat__MVI_3836.npy,4
Clothes,37. Hat,MVI_3837,Clothes__37. Hat__MVI_3837.npy,5
Clothes,37. Hat,MVI_3984,Clothes__37. Hat__MVI_3984.npy,6
Clothes,37. Hat,MVI_3985,Clothes__37. Hat__MVI_3985.npy,7
Clothes,37. Hat,MVI_3986,Clothes__37. Hat__MVI_3986.npy,8
Clothes,37. Hat,MVI_4197,Clothes__37. Hat__MVI_4197.npy,9
Clothes,37. Hat,MVI_4865,Clothes__37. Hat__MVI_4865.npy,10
Clothes,37. Hat,MVI_4866,Clothes__37. Hat__MVI_4866.npy,11
Clothes,37. Hat,MVI_4867,Clothes__37. Hat__MVI_4867.npy,12
Clothes,37. Hat,MVI_5006,Clothes__37. Hat__MVI_5006.npy,13
Clothes,37. Hat,MVI_5007,Clothes__37. Hat__MVI_5007.npy,14
Clothes,37. Hat,MVI_5008,Clothes__37. Hat__MVI_5008.npy,0
Clothes,37. Hat,MVI_5154,Clothes__37. Hat__MVI_5154.npy,1
Clothes,37. Hat,MVI_5155,Clothes__37. Hat__MVI_5155.npy,2
Clothes,37. Hat,MVI_5156,Clothes__37. Hat__MVI_5156.npy,3
Clothes,37. Hat,MVI_8600,Clothes__37. Hat__MVI_8600.npy,4
Clothes,38. Dress,MVI_3693,Clothes__38. Dress__MVI_3693.npy,0
Clothes,38. Dress,MVI_3694,Clothes__38. Dress__MVI_3694.npy,1
Clothes,38. Dress,MVI_3696,Clothes__38. Dress__MVI_3696.npy,2
Clothes,38. Dress,MVI_3838,Clothes__38. Dress__MVI_3838.npy,3
Clothes,38. Dress,MVI_3839,Clothes__38. Dress__MVI_3839.npy,4
Clothes,38. Dress,MVI_3840,Clothes__38. Dress__MVI_3840.npy,5
Clothes,38. Dress,MVI_3987,Clothes__38. Dress__MVI_3987.npy,6
Clothes,38. Dress,MVI_3988,Clothes__38. Dress__MVI_3988.npy,7
Clothes,38. Dress,MVI_3989,Clothes__38. Dress__MVI_3989.npy,8
Clothes,38. Dress,MVI_4198,Clothes__38. Dress__MVI_4198.npy,9
Clothes,38. Dress,MVI_4868,Clothes__38. Dress__MVI_4868.npy,10
Clothes,38. Dress,MVI_4869,Clothes__38. Dress__MVI_4869.npy,11
Clothes,38. Dress,MVI_4870,Clothes__38. Dress__MVI_4870.npy,12
Clothes,38. Dress,MVI_5009,Clothes__38. Dress__MVI_5009.npy,13
Clothes,38. Dress,MVI_5010,Clothes__38. Dress__MVI_5010.npy,14
Clothes,38. Dress,MVI_5011,Clothes__38. Dress__MVI_5011.npy,0
Clothes,38. Dress,MVI_5157,Clothes__38. Dress__MVI_5157.npy,1
Clothes,38. Dress,MVI_5158,Clothes__38. Dress__MVI_5158.npy,2
Clothes,38. Dress,MVI_5159,Clothes__38. Dress__MVI_5159.npy,3
Clothes,38. Dress,MVI_8601,Clothes__38. Dress__MVI_8601.npy,4
Clothes,39. Suit,MVI_3697,Clothes__39. Suit__MVI_3697.npy,0
Clothes,39. Suit,MVI_3698,Clothes__39. Suit__MVI_3698.npy,1
Clothes,39. Suit,MVI_3841,Clothes__39. Suit__MVI_3841.npy,2
Clothes,39. Suit,MVI_3842,Clothes__39. Suit__MVI_3842.npy,3
Clothes,39. Suit,MVI_3843,Clothes__39. Suit__MVI_3843.npy,4
Clothes,39. Suit,MVI_3990,Clothes__39. Suit__MVI_3990.npy,5
Clothes,39. Suit,MVI_3991,Clothes__39. Suit__MVI_3991.npy,6
Clothes,39. Suit,MVI_3992,Clothes__39. Suit__MVI_3992.npy,7
Clothes,39. Suit,MVI_4199,Clothes__39. Suit__MVI_4199.npy,8
Clothes,39. Suit,MVI_4871,Clothes__39. Suit__MVI_4871.npy,9
Clothes,39. Suit,MVI_4872,Clothes__39. Suit__MVI_4872.npy,10
Clothes,39. Suit,MVI_4873,Clothes__39. Suit__MVI_4873.npy,11
Clothes,39. Suit,MVI_5012,Clothes__39. Suit__MVI_5012.npy,12
Clothes,39. Suit,MVI_5013,Clothes__39. Suit__MVI_5013.npy,13
Clothes,39. Suit,MVI_5014,Clothes__39. Suit__MVI_5014.npy,14
Clothes,39. Suit,MVI_5160,Clothes__39. Suit__MVI_5160.npy,0
Clothes,39. Suit,MVI_5161,Clothes__39. Suit__MVI_5161.npy,1
Clothes,39. Suit,MVI_5162,Clothes__39. Suit__MVI_5162.npy,2
Clothes,39. Suit,MVI_8602,Clothes__39. Suit__MVI_8602.npy,3
Clothes,40. Skirt,MVI_3699,Clothes__40. Skirt__MVI_3699.npy,0
Clothes,40. Skirt,MVI_3700,Clothes__40. Skirt__MVI_3700.npy,1
Clothes,40. Skirt,MVI_3844,Clothes__40. Skirt__MVI_3844.npy,2
Clothes,40. Skirt,MVI_3845,Clothes__40. Skirt__MVI_3845.npy,3
Clothes,40. Skirt,MVI_3846,Clothes__40. Skirt__MVI_3846.npy,4
Clothes,40. Skirt,MVI_3996,Clothes__40. Skirt__MVI_3996.npy,5
Clothes,40. Skirt,MVI_3997,Clothes__40. Skirt__MVI_3997.npy,6
Clothes,40. Skirt,MVI_3998,Clothes__40. Skirt__MVI_3998.npy,7
Clothes,40. Skirt,MVI_4200,Clothes__40. Skirt__MVI_4200.npy,8
Clothes,40. Skirt,MVI_4874,Clothes__40. Skirt__MVI_4874.npy,9
Clothes,40. Skirt,MVI_4875,Clothes__40. Skirt__MVI_4875.npy,10
Clothes,40. Skirt,MVI_4876,Clothes__40. Skirt__MVI_4876.npy,11
Clothes,40. Skirt,MVI_5015,Clothes__40. Skirt__MVI_5015.npy,12
Clothes,40. Skirt,MVI_5016,Clothes__40. Skirt__MVI_5016.npy,13
Clothes,40. Skirt,MVI_5017,Clothes__40. Skirt__MVI_5017.npy,14
Clothes,40. Skirt,MVI_5163,Clothes__40. Skirt__MVI_5163.npy,0
Clothes,40. Skirt,MVI_5164,Clothes__40. Skirt__MVI_5164.npy,1
Clothes,40. Skirt,MVI_5165,Clothes__40. Skirt__MVI_5165.npy,2
Clothes,40. Skirt,MVI_8604,Clothes__40. Skirt__MVI_8604.npy,3
Clothes,41. Shirt,MVI_3701,Clothes__41. Shirt__MVI_3701.npy,0
Clothes,41. Shirt,MVI_3702,Clothes__41. Shirt__MVI_3702.npy,1
Clothes,41. Shirt,MVI_3703,Clothes__41. Shirt__MVI_3703.npy,2
Clothes,41. Shirt,MVI_3847,Clothes__41. Shirt__MVI_3847.npy,3
Clothes,41. Shirt,MVI_3848,Clothes__41. Shirt__MVI_3848.npy,4
Clothes,41. Shirt,MVI_3849,Clothes__41. Shirt__MVI_3849.npy,5
Clothes,41. Shirt,MVI_3999,Clothes__41. Shirt__MVI_3999.npy,6
Clothes,41. Shirt,MVI_4000,Clothes__41. Shirt__MVI_4000.npy,7
Clothes,41. Shirt,MVI_4001,Clothes__41. Shirt__MVI_4001.npy,8
Clothes,41. Shirt,MVI_4201,Clothes__41. Shirt__MVI_4201.npy,9
Clothes,41. Shirt,MVI_4877,Clothes__41. Shirt__MVI_4877.npy,10
Clothes,41. Shirt,MVI_4879,Clothes__41. Shirt__MVI_4879.npy,11
Clothes,41. Shirt,MVI_4880,Clothes__41. Shirt__MVI_4880.npy,12
Clothes,41. Shirt,MVI_5018,Clothes__41. Shirt__MVI_5018.npy,13
Clothes,41. Shirt,MVI_5019,Clothes__41. Shirt__MVI_5019.npy,14
Clothes,41. Shirt,MVI_5020,Clothes__41. Shirt__MVI_5020.npy,0
Clothes,41. Shirt,MVI_5166,Clothes__41. Shirt__MVI_5166.npy,1
Clothes,41. Shirt,MVI_5167,Clothes__41. Shirt__MVI_5167.npy,2
Clothes,41. Shirt,MVI_5168,Clothes__41. Shirt__MVI_5168.npy,3
Clothes,41. Shirt,MVI_8605,Clothes__41. Shirt__MVI_8605.npy,4
Clothes,42. T-Shirt,MVI_3704,Clothes__42. T-Shirt__MVI_3704.npy,0
Clothes,42. T-Shirt,MVI_3705,Clothes__42. T-Shirt__MVI_3705.npy,1
Clothes,42. T-Shirt,MVI_3706,Clothes__42. T-Shirt__MVI_3706.npy,2
Clothes,42. T-Shirt,MVI_3850,Clothes__42. T-Shirt__MVI_3850.npy,3
Clothes,42. T-Shirt,MVI_3851,Clothes__42. T-Shirt__MVI_3851.npy,4
Clothes,42. T-Shirt,MVI_3852,Clothes__42. T-Shirt__MVI_3852.npy,5
Clothes,42. T-Shirt,MVI_4002,Clothes__42. T-Shirt__MVI_4002.npy,6
Clothes,42. T-Shirt,MVI_4003,Clothes__42. T-Shirt__MVI_4003.npy,7
Clothes,42. T-Shirt,MVI_4004,Clothes__42. T-Shirt__MVI_4004.npy,8
Clothes,42. T-Shirt,MVI_4202,Clothes__42. T-Shirt__MVI_4202.npy,9
Clothes,42. T-Shirt,MVI_4881,Clothes__42. T-Shirt__MVI_4881.npy,10
Clothes,42. T-Shirt,MVI_4882,Clothes__42. T-Shirt__MVI_4882.npy,11
Clothes,42. T-Shirt,MVI_4883,Clothes__42. T-Shirt__MVI_4883.npy,12
Clothes,42. T-Shirt,MVI_5021,Clothes__42. T-Shirt__MVI_5021.npy,13
Clothes,42. T-Shirt,MVI_5022,Clothes__42. T-Shirt__MVI_5022.npy,14
Clothes,42. T-Shirt,MVI_5023,Clothes__42. T-Shirt__MVI_5023.npy,0
Clothes,42. T-Shirt,MVI_5169,Clothes__42. T-Shirt__MVI_5169.npy,1
Clothes,42. T-Shirt,MVI_5170,Clothes__42. T-Shirt__MVI_5170.npy,2
Clothes,42. T-Shirt,MVI_5171,Clothes__42. T-Shirt__MVI_5171.npy,3
Clothes,42. T-Shirt,MVI_8606,Clothes__42. T-Shirt__MVI_8606.npy,4
Clothes,43. Pant,MVI_3707,Clothes__43. Pant__MVI_3707.npy,0
Clothes,43. Pant,MVI_3708,Clothes__43. Pant__MVI_3708.npy,1
Clothes,43. Pant,MVI_3709,Clothes__43. Pant__MVI_3709.npy,2
Clothes,43. Pant,MVI_3853,Clothes__43. Pant__MVI_3853.npy,3
Clothes,43. Pant,MVI_3854,Clothes__43. Pant__MVI_3854.npy,4
Clothes,43. Pant,MVI_3855,Clothes__43. Pant__MVI_3855.npy,5
Clothes,43. Pant,MVI_4005,Clothes__43. Pant__MVI_4005.npy,6
Clothes,43. Pant,MVI_4006,Clothes__43. Pant__MVI_4006.npy,7
Clothes,43. Pant,MVI_4007,Clothes__43. Pant__MVI_4007.npy,8
Clothes,43. Pant,MVI_4203,Clothes__43. Pant__MVI_4203.npy,9
Clothes,43. Pant,MVI_4884,Clothes__43. Pant__MVI_4884.npy,10
Clothes,43. Pant,MVI_4885,Clothes__43. Pant__MVI_4885.npy,11
Clothes,43. Pant,MVI_4886,Clothes__43. Pant__MVI_4886.npy,12
Clothes,43. Pant,MVI_5024,Clothes__43. Pant__MVI_5024.npy,13
Clothes,43. Pant,MVI_5025,Clothes__43. Pant__MVI_5025.npy,14
Clothes,43. Pant,MVI_5026,Clothes__43. Pant__MVI_5026.npy,0
Clothes,43. Pant,MVI_5172,Clothes__43. Pant__MVI_5172.npy,1
Clothes,43. Pant,MVI_5173,Clothes__43. Pant__MVI_5173.npy,2
Clothes,43. Pant,MVI_5174,Clothes__43. Pant__MVI_5174.npy,3
Clothes,43. Pant,MVI_8607,Clothes__43. Pant__MVI_8607.npy,4
Clothes,44. Shoes,MVI_3710,Clothes__44. Shoes__MVI_3710.npy,0
Clothes,44. Shoes,MVI_3711,Clothes__44. Shoes__MVI_3711.npy,1
Clothes,44. Shoes,MVI_3712,Clothes__44. Shoes__MVI_3712.npy,2
Clothes,44. Shoes,MVI_3856,Clothes__44. Shoes__MVI_3856.npy,3
Clothes,44. Shoes,MVI_3857,Clothes__44. Shoes__MVI_3857.npy,4
Clothes,44. Shoes,MVI_3858,Clothes__44. Shoes__MVI_3858.npy,5
Clothes,44. Shoes,MVI_4008,Clothes__44. Shoes__MVI_4008.npy,6
Clothes,44. Shoes,MVI_4009,Clothes__44. Shoes__MVI_4009.npy,7
Clothes,44. Shoes,MVI_4010,Clothes__44. Shoes__MVI_4010.npy,8
Clothes,44. Shoes,MVI_4204,Clothes__44. Shoes__MVI_4204.npy,9
Clothes,44. Shoes,MVI_4887,Clothes__44. Shoes__MVI_4887.npy,10
Clothes,44. Shoes,MVI_4888,Clothes__44. Shoes__MVI_4888.npy,11
Clothes,44. Shoes,MVI_4889,Clothes__44. Shoes__MVI_4889.npy,12
Clothes,44. Shoes,MVI_5028,Clothes__44. Shoes__MVI_5028.npy,13
Clothes,44. Shoes,MVI_5029,Clothes__44. Shoes__MVI_5029.npy,14
Clothes,44. Shoes,MVI_5030,Clothes__44. Shoes__MVI_5030.npy,0
Clothes,44. Shoes,MVI_5175,Clothes__44. Shoes__MVI_5175.npy,1
Clothes,44. Shoes,MVI_5176,Clothes__44. Shoes__MVI_5176.npy,2
Clothes,44. Shoes,MVI_5177,Clothes__44. Shoes__MVI_5177.npy,3
Clothes,44. Shoes,MVI_8608,Clothes__44. Shoes__MVI_8608.npy,4
Clothes,45. Pocket,MVI_3713,Clothes__45. Pocket__MVI_3713.npy,0
Clothes,45. Pocket,MVI_3714,Clothes__45. Pocket__MVI_3714.npy,1
Clothes,45. Pocket,MVI_3715,Clothes__45. Pocket__MVI_3715.npy,2
Clothes,45. Pocket,MVI_3859,Clothes__45. Pocket__MVI_3859.npy,3
Clothes,45. Pocket,MVI_3861,Clothes__45. Pocket__MVI_3861.npy,4
Clothes,45. Pocket,MVI_3862,Clothes__45. Pocket__MVI_3862.npy,5
Clothes,45. Pocket,MVI_4011,Clothes__45. Pocket__MVI_4011.npy,6
Clothes,45. Pocket,MVI_4012,Clothes__45. Pocket__MVI_4012.npy,7
Clothes,45. Pocket,MVI_4013,Clothes__45. Pocket__MVI_4013.npy,8
Clothes,45. Pocket,MVI_4205,Clothes__45. Pocket__MVI_4205.npy,9
Clothes,45. Pocket,MVI_4890,Clothes__45. Pocket__MVI_4890.npy,10
Clothes,45. Pocket,MVI_4891,Clothes__45. Pocket__MVI_4891.npy,11
Clothes,45. Pocket,MVI_4892,Clothes__45. Pocket__MVI_4892.npy,12
Clothes,45. Pocket,MVI_5031,Clothes__45. Pocket__MVI_5031.npy,13
Clothes,45. Pocket,MVI_5032,Clothes__45. Pocket__MVI_5032.npy,14
Clothes,45. Pocket,MVI_5033,Clothes__45. Pocket__MVI_5033.npy,0
Clothes,45. Pocket,MVI_5178,Clothes__45. Pocket__MVI_5178.npy,1
Clothes,45. Pocket,MVI_5179,Clothes__45. Pocket__MVI_5179.npy,2
Clothes,45. Pocket,MVI_5180,Clothes__45. Pocket__MVI_5180.npy,3
Clothes,45. Pocket,MVI_8610,Clothes__45. Pocket__MVI_8610.npy,4
Clothes,46. Clothing,MVI_3716,Clothes__46. Clothing__MVI_3716.npy,0
Clothes,46. Clothing,MVI_3717,Clothes__46. Clothing__MVI_3717.npy,1
Clothes,46. Clothing,MVI_3718,Clothes__46. Clothing__MVI_3718.npy,2
Clothes,46. Clothing,MVI_3863,Clothes__46. Clothing__MVI_3863.npy,3
Clothes,46. Clothing,MVI_3864,Clothes__46. Clothing__MVI_3864.npy,4
Clothes,46. Clothing,MVI_3865,Clothes__46. Clothing__MVI_3865.npy,5
Clothes,46. Clothing,MVI_4014,Clothes__46. Clothing__MVI_4014.npy,6
Clothes,46. Clothing,MVI_4015,Clothes__46. Clothing__MVI_4015.npy,7
Clothes,46. Clothing,MVI_4016,Clothes__46. Clothing__MVI_4016.npy,8
Clothes,46. Clothing,MVI_4206,Clothes__46. Clothing__MVI_4206.npy,9
Clothes,46. Clothing,MVI_4894,Clothes__46. Clothing__MVI_4894.npy,10
Clothes,46. Clothing,MVI_4895,Clothes__46. Clothing__MVI_4895.npy,11
Clothes,46. Clothing,MVI_4896,Clothes__46. Clothing__MVI_4896.npy,12
Clothes,46. Clothing,MVI_5034,Clothes__46. Clothing__MVI_5034.npy,13
Clothes,46. Clothing,MVI_5035,Clothes__46. Clothing__MVI_5035.npy,14
Clothes,46. Clothing,MVI_5036,Clothes__46. Clothing__MVI_5036.npy,0
Clothes,46. Clothing,MVI_5181,Clothes__46. Clothing__MVI_5181.npy,1
Clothes,46. Clothing,MVI_5182,Clothes__46. Clothing__MVI_5182.npy,2
Clothes,46. Clothing,MVI_5183,Clothes__46. Clothing__MVI_5183.npy,3
Clothes,46. Clothing,MVI_8611,Clothes__46. Clothing__MVI_8611.npy,4
Colours,47. Red,MVI_3719,Colours__47. Red__MVI_3719.npy,0
Colours,47. Red,MVI_3720,Colours__47. Red__MVI_3720.npy,1
Colours,47. Red,MVI_3721,Colours__47. Red__MVI_3721.npy,2
Colours,47. Red,MVI_3866,Colours__47. Red__MVI_3866.npy,3
Colours,47. Red,MVI_3867,Colours__47. Red__MVI_3867.npy,4
Colours,47. Red,MVI_3868,Colours__47. Red__MVI_3868.npy,5
Colours,47. Red,MVI_4017,Colours__47. Red__MVI_4017.npy,6
Colours,47. Red,MVI_4018,Colours__47. Red__MVI_4018.npy,7
Colours,47. Red,MVI_4019,Colours__47. Red__MVI_4019.npy,8
Colours,47. Red,MVI_4207,Colours__47. Red__MVI_4207.npy,9
Colours,47. Red,MVI_4897,Colours__47. Red__MVI_4897.npy,10
Colours,47. Red,MVI_4898,Colours__47. Red__MVI_4898.npy,11
Colours,47. Red,MVI_4899,Colours__47. Red__MVI_4899.npy,12
Colours,47. Red,MVI_5037,Colours__47. Red__MVI_5037.npy,13
Colours,47. Red,MVI_5038,Colours__47. Red__MVI_5038.npy,14
Colours,47. Red,MVI_5039,Colours__47. Red__MVI_5039.npy,0
Colours,47. Red,MVI_5184,Colours__47. Red__MVI_5184.npy,1
Colours,47. Red,MVI_5185,Colours__47. Red__MVI_5185.npy,2
Colours,47. Red,MVI_5186,Colours__47. Red__MVI_5186.npy,3
Colours,47. Red,MVI_8612,Colours__47. Red__MVI_8612.npy,4
Colours,48. Green,MVI_3722,Colours__48. Green__MVI_3722.npy,0
Colours,48. Green,MVI_3723,Colours__48. Green__MVI_3723.npy,1
Colours,48. Green,MVI_3724,Colours__48. Green__MVI_3724.npy,2
Colours,48. Green,MVI_3869,Colours__48. Green__MVI_3869.npy,3
Colours,48. Green,MVI_3870,Colours__48. Green__MVI_3870.npy,4
Colours,48. Green,MVI_3871,Colours__48. Green__MVI_3871.npy,5
Colours,48. Green,MVI_4020,Colours__48. Green__MVI_4020.npy,6
Colours,48. Green,MVI_4021,Colours__48. Green__MVI_4021.npy,7
Colours,48. Green,MVI_4022,Colours__48. Green__MVI_4022.npy,8
Colours,48. Green,MVI_4208,Colours__48. Green__MVI_4208.npy,9
Colours,48. Green,MVI_4900,Colours__48. Green__MVI_4900.npy,10
Colours,48. Green,MVI_4901,Colours__48. Green__MVI_4901.npy,11
Colours,48. Green,MVI_4902,Colours__48. Green__MVI_4902.npy,12
Colours,48. Green,MVI_5040,Colours__48. Green__MVI_5040.npy,13
Colours,48. Green,MVI_5041,Colours__48. Green__MVI_5041.npy,14
Colours,48. Green,MVI_5042,Colours__48. Green__MVI_5042.npy,0
Colours,48. Green,MVI_5187,Colours__48. Green__MVI_5187.npy,1
Colours,48. Green,MVI_5188,Colours__48. Green__MVI_5188.npy,2
Colours,48. Green,MVI_5189,Colours__48. Green__MVI_5189.npy,3
Colours,48. Green,MVI_8613,Colours__48. Green__MVI_8613.npy,4
Colours,49. Blue,MVI_3725,Colours__49. Blue__MVI_3725.npy,0
Colours,49. Blue,MVI_3726,Colours__49. Blue__MVI_3726.npy,1
Colours,49. Blue,MVI_3727,Colours__49. Blue__MVI_3727.npy,2
Colours,49. Blue,MVI_3872,Colours__49. Blue__MVI_3872.npy,3
Colours,49. Blue,MVI_3873,Colours__49. Blue__MVI_3873.npy,4
Colours,49. Blue,MVI_3874,Colours__49. Blue__MVI_3874.npy,5
Colours,49. Blue,MVI_4024,Colours__49. Blue__MVI_4024.npy,6
Colours,49. Blue,MVI_4025,Colours__49. Blue__MVI_4025.npy,7
Colours,49. Blue,MVI_4026,Colours__49. Blue__MVI_4026.npy,8
Colours,49. Blue,MVI_4209,Colours__49. Blue__MVI_4209.npy,9
Colours,49. Blue,MVI_4903,Colours__49. Blue__MVI_4903.npy,10
Colours,49. Blue,MVI_4904,Colours__49. Blue__MVI_4904.npy,11
Colours,49. Blue,MVI_4905,Colours__49. Blue__MVI_4905.npy,12
Colours,49. Blue,MVI_5043,Colours__49. Blue__MVI_5043.npy,13
Colours,49. Blue,MVI_5044,Colours__49. Blue__MVI_5044.npy,14
Colours,49. Blue,MVI_5045,Colours__49. Blue__MVI_5045.npy,0
Colours,49. Blue,MVI_5190,Colours__49. Blue__MVI_5190.npy,1
Colours,49. Blue,MVI_5191,Colours__49. Blue__MVI_5191.npy,2
Colours,49. Blue,MVI_5192,Colours__49. Blue__MVI_5192.npy,3
Colours,49. Blue,MVI_8614,Colours__49. Blue__MVI_8614.npy,4
Colours,50. Yellow,MVI_3728,Colours__50. Yellow__MVI_3728.npy,0
Colours,50. Yellow,MVI_3729,Colours__50. Yellow__MVI_3729.npy,1
Colours,50. Yellow,MVI_3730,Colours__50. Yellow__MVI_3730.npy,2
Colours,50. Yellow,MVI_3875,Colours__50. Yellow__MVI_3875.npy,3
Colours,50. Yellow,MVI_3876,Colours__50. Yellow__MVI_3876.npy,4
Colours,50. Yellow,MVI_3877,Colours__50. Yellow__MVI_3877.npy,5
Colours,50. Yellow,MVI_4027,Colours__50. Yellow__MVI_4027.npy,6
Colours,50. Yellow,MVI_4028,Colours__50. Yellow__MVI_4028.npy,7
Colours,50. Yellow,MVI_4029,Colours__50. Yellow__MVI_4029.npy,8
Colours,50. Yellow,MVI_4211,Colours__50. Yellow__MVI_4211.npy,9
Colours,50. Yellow,MVI_4906,Colours__50. Yellow__MVI_4906.npy,10
Colours,50. Yellow,MVI_4907,Colours__50. Yellow__MVI_4907.npy,11
Colours,50. Yellow,MVI_4908,Colours__50. Yellow__MVI_4908.npy,12
Colours,50. Yellow,MVI_5046,Colours__50. Yellow__MVI_5046.npy,13
Colours,50. Yellow,MVI_5047,Colours__50. Yellow__MVI_5047.npy,14
Colours,50. Yellow,MVI_5048,Colours__50. Yellow__MVI_5048.npy,0
Colours,50. Yellow,MVI_5193,Colours__50. Yellow__MVI_5193.npy,1
Colours,50. Yellow,MVI_5194,Colours__50. Yellow__MVI_5194.npy,2
Colours,50. Yellow,MVI_5195,Colours__50. Yellow__MVI_5195.npy,3
Colours,50. Yellow,MVI_8615,Colours__50. Yellow__MVI_8615.npy,4
Colours,51. Brown,MVI_3731,Colours__51. Brown__MVI_3731.npy,0
Colours,51. Brown,MVI_3732,Colours__51. Brown__MVI_3732.npy,1
Colours,51. Brown,MVI_3733,Colours__51. Brown__MVI_3733.npy,2
Colours,51. Brown,MVI_3878,Colours__51. Brown__MVI_3878.npy,3
Colours,51. Brown,MVI_3879,Colours__51. Brown__MVI_3879.npy,4
Colours,51. Brown,MVI_3880,Colours__51. Brown__MVI_3880.npy,5
Colours,51. Brown,MVI_4030,Colours__51. Brown__MVI_4030.npy,6
Colours,51. Brown,MVI_4031,Colours__51. Brown__MVI_4031.npy,7
Colours,51. Brown,MVI_4032,Colours__51. Brown__MVI_4032.npy,8
Colours,51. Brown,MVI_4212,Colours__51. Brown__MVI_4212.npy,9
Colours,51. Brown,MVI_4909,Colours__51. Brown__MVI_4909.npy,10
Colours,51. Brown,MVI_4910,Colours__51. Brown__MVI_4910.npy,11
Colours,51. Brown,MVI_4911,Colours__51. Brown__MVI_4911.npy,12
Colours,51. Brown,MVI_5049,Colours__51. Brown__MVI_5049.npy,13
Colours,51. Brown,MVI_5050,Colours__51. Brown__MVI_5050.npy,14
Colours,51. Brown,MVI_5051,Colours__51. Brown__MVI_5051.npy,0
Colours,51. Brown,MVI_5196,Colours__51. Brown__MVI_5196.npy,1
Colours,51. Brown,MVI_5197,Colours__51. Brown__MVI_5197.npy,2
Colours,51. Brown,MVI_5198,Colours__51. Brown__MVI_5198.npy,3
Colours,51. Brown,MVI_5199,Colours__51. Brown__MVI_5199.npy,4
Colours,51. Brown,MVI_8616,Colours__51. Brown__MVI_8616.npy,5
Colours,52. Pink,MVI_3734,Colours__52. Pink__MVI_3734.npy,0
Colours,52. Pink,MVI_3735,Colours__52. Pink__MVI_3735.npy,1
Colours,52. Pink,MVI_3736,Colours__52. Pink__MVI_3736.npy,2
Colours,52. Pink,MVI_3881,Colours__52. Pink__MVI_3881.npy,3
Colours,52. Pink,MVI_3882,Colours__52. Pink__MVI_3882.npy,4
Colours,52. Pink,MVI_3883,Colours__52. Pink__MVI_3883.npy,5
Colours,52. Pink,MVI_4033,Colours__52. Pink__MVI_4033.npy,6
Colours,52. Pink,MVI_4034,Colours__52. Pink__MVI_4034.npy,7
Colours,52. Pink,MVI_4035,Colours__52. Pink__MVI_4035.npy,8
Colours,52. Pink,MVI_4213,Colours__52. Pink__MVI_4213.npy,9
Colours,52. Pink,MVI_4912,Colours__52. Pink__MVI_4912.npy,10
Colours,52. Pink,MVI_4913,Colours__52. Pink__MVI_4913.npy,11
Colours,52. Pink,MVI_4914,Colours__52. Pink__MVI_4914.npy,12
Colours,52. Pink,MVI_5052,Colours__52. Pink__MVI_5052.npy,13
Colours,52. Pink,MVI_5053,Colours__52. Pink__MVI_5053.npy,14
Colours,52. Pink,MVI_5054,Colours__52. Pink__MVI_5054.npy,0
Colours,52. Pink,MVI_5200,Colours__52. Pink__MVI_5200.npy,1
Colours,52. Pink,MVI_5201,Colours__52. Pink__MVI_5201.npy,2
Colours,52. Pink,MVI_5202,Colours__52. Pink__MVI_5202.npy,3
Colours,52. Pink,MVI_8617,Colours__52. Pink__MVI_8617.npy,4
Colours,53. Orange,MVI_3737,Colours__53. Orange__MVI_3737.npy,0
Colours,53. Orange,MVI_3738,Colours__53. Orange__MVI_3738.npy,1
Colours,53. Orange,MVI_3739,Colours__53. Orange__MVI_3739.npy,2
Colours,53. Orange,MVI_3884,Colours__53. Orange__MVI_3884.npy,3
Colours,53. Orange,MVI_3885,Colours__53. Orange__MVI_3885.npy,4
Colours,53. Orange,MVI_3886,Colours__53. Orange__MVI_3886.npy,5
Colours,53. Orange,MVI_4036,Colours__53. Orange__MVI_4036.npy,6
Colours,53. Orange,MVI_4037,Colours__53. Orange__MVI_4037.npy,7
Colours,53. Orange,MVI_4038,Colours__53. Orange__MVI_4038.npy,8
Colours,53. Orange,MVI_4214,Colours__53. Orange__MVI_4214.npy,9
Colours,53. Orange,MVI_4915,Colours__53. Orange__MVI_4915.npy,10
Colours,53. Orange,MVI_4916,Colours__53. Orange__MVI_4916.npy,11
Colours,53. Orange,MVI_4917,Colours__53. Orange__MVI_4917.npy,12
Colours,53. Orange,MVI_5055,Colours__53. Orange__MVI_5055.npy,13
Colours,53. Orange,MVI_5056,Colours__53. Orange__MVI_5056.npy,14
Colours,53. Orange,MVI_5057,Colours__53. Orange__MVI_5057.npy,0
Colours,53. Orange,MVI_5203,Colours__53. Orange__MVI_5203.npy,1
Colours,53. Orange,MVI_5204,Colours__53. Orange__MVI_5204.npy,2
Colours,53. Orange,MVI_5205,Colours__53. Orange__MVI_5205.npy,3
Colours,53. Orange,MVI_8618,Colours__53. Orange__MVI_8618.npy,4
Colours,54. Black,MVI_3740,Colours__54. Black__MVI_3740.npy,0
Colours,54. Black,MVI_3741,Colours__54. Black__MVI_3741.npy,1
Colours,54. Black,MVI_3742,Colours__54. Black__MVI_3742.npy,2
Colours,54. Black,MVI_3887,Colours__54. Black__MVI_3887.npy,3
Colours,54. Black,MVI_3888,Colours__54. Black__MVI_3888.npy,4
Colours,54. Black,MVI_3889,Colours__54. Black__MVI_3889.npy,5
Colours,54. Black,MVI_4039,Colours__54. Black__MVI_4039.npy,6
Colours,54. Black,MVI_4040,Colours__54. Black__MVI_4040.npy,7
Colours,54. Black,MVI_4041,Colours__54. Black__MVI_4041.npy,8
Colours,54. Black,MVI_4215,Colours__54. Black__MVI_4215.npy,9
Colours,54. Black,MVI_4918,Colours__54. Black__MVI_4918.npy,10
Colours,54. Black,MVI_4919,Colours__54. Black__MVI_4919.npy,11
Colours,54. Black,MVI_4920,Colours__54. Black__MVI_4920.npy,12
Colours,54. Black,MVI_5058,Colours__54. Black__MVI_5058.npy,13
Colours,54. Black,MVI_5059,Colours__54. Black__MVI_5059.npy,14
Colours,54. Black,MVI_5060,Colours__54. Black__MVI_5060.npy,0
Colours,54. Black,MVI_5206,Colours__54. Black__MVI_5206.npy,1
Colours,54. Black,MVI_5207,Colours__54. Black__MVI_5207.npy,2
Colours,54. Black,MVI_5208,Colours__54. Black__MVI_5208.npy,3
Colours,54. Black,MVI_8619,Colours__54. Black__MVI_8619.npy,4
Colours,55. White,MVI_3743,Colours__55. White__MVI_3743.npy,0
Colours,55. White,MVI_3744,Colours__55. White__MVI_3744.npy,1
Colours,55. White,MVI_3745,Colours__55. White__MVI_3745.npy,2
Colours,55. White,MVI_3890,Colours__55. White__MVI_3890.npy,3
Colours,55. White,MVI_3891,Colours__55. White__MVI_3891.npy,4
Colours,55. White,MVI_3892,Colours__55. White__MVI_3892.npy,5
Colours,55. White,MVI_4042,Colours__55. White__MVI_4042.npy,6
Colours,55. White,MVI_4043,Colours__55. White__MVI_4043.npy,7
Colours,55. White,MVI_4044,Colours__55. White__MVI_4044.npy,8
Colours,55. White,MVI_4216,Colours__55. White__MVI_4216.npy,9
Colours,55. White,MVI_4921,Colours__55. White__MVI_4921.npy,10
Colours,55. White,MVI_4922,Colours__55. White__MVI_4922.npy,11
Colours,55. White,MVI_4923,Colours__55. White__MVI_4923.npy,12
Colours,55. White,MVI_5061,Colours__55. White__MVI_5061.npy,13
Colours,55. White,MVI_5062,Colours__55. White__MVI_5062.npy,14
Colours,55. White,MVI_5063,Colours__55. White__MVI_5063.npy,0
Colours,55. White,MVI_5209,Colours__55. White__MVI_5209.npy,1
Colours,55. White,MVI_5210,Colours__55. White__MVI_5210.npy,2
Colours,55. White,MVI_5211,Colours__55. White__MVI_5211.npy,3
Colours,55. White,MVI_8620,Colours__55. White__MVI_8620.npy,4
Colours,56. Grey,MVI_3746,Colours__56. Grey__MVI_3746.npy,0
Colours,56. Grey,MVI_3747,Colours__56. Grey__MVI_3747.npy,1
Colours,56. Grey,MVI_3748,Colours__56. Grey__MVI_3748.npy,2
Colours,56. Grey,MVI_3749,Colours__56. Grey__MVI_3749.npy,3
Colours,56. Grey,MVI_3894,Colours__56. Grey__MVI_3894.npy,4
Colours,56. Grey,MVI_3895,Colours__56. Grey__MVI_3895.npy,5
Colours,56. Grey,MVI_3896,Colours__56. Grey__MVI_3896.npy,6
Colours,56. Grey,MVI_4045,Colours__56. Grey__MVI_4045.npy,7
Colours,56. Grey,MVI_4046,Colours__56. Grey__MVI_4046.npy,8
Colours,56. Grey,MVI_4047,Colours__56. Grey__MVI_4047.npy,9
Colours,56. Grey,MVI_4217,Colours__56. Grey__MVI_4217.npy,10
Colours,56. Grey,MVI_4924,Colours__56. Grey__MVI_4924.npy,11
Colours,56. Grey,MVI_4926,Colours__56. Grey__MVI_4926.npy,12
Colours,56. Grey,MVI_4927,Colours__56. Grey__MVI_4927.npy,13
Colours,56. Grey,MVI_5064,Colours__56. Grey__MVI_5064.npy,14
Colours,56. Grey,MVI_5065,Colours__56. Grey__MVI_5065.npy,0
Colours,56. Grey,MVI_5066,Colours__56. Grey__MVI_5066.npy,1
Colours,56. Grey,MVI_5212,Colours__56. Grey__MVI_5212.npy,2
Colours,56. Grey,MVI_5213,Colours__56. Grey__MVI_5213.npy,3
Colours,56. Grey,MVI_5214,Colours__56. Grey__MVI_5214.npy,4
Colours,56. Grey,MVI_8621,Colours__56. Grey__MVI_8621.npy,5
Colours,57. Colour,MVI_3750,Colours__57. Colour__MVI_3750.npy,0
Colours,57. Colour,MVI_3751,Colours__57. Colour__MVI_3751.npy,1
Colours,57. Colour,MVI_3752,Colours__57. Colour__MVI_3752.npy,2
Colours,57. Colour,MVI_3897,Colours__57. Colour__MVI_3897.npy,3
Colours,57. Colour,MVI_3898,Colours__57. Colour__MVI_3898.npy,4
Colours,57. Colour,MVI_3899,Colours__57. Colour__MVI_3899.npy,5
Colours,57. Colour,MVI_4048,Colours__57. Colour__MVI_4048.npy,6
Colours,57. Colour,MVI_4049,Colours__57. Colour__MVI_4049.npy,7
Colours,57. Colour,MVI_4050,Colours__57. Colour__MVI_4050.npy,8
Colours,57. Colour,MVI_4218,Colours__57. Colour__MVI_4218.npy,9
Colours,57. Colour,MVI_4928,Colours__57. Colour__MVI_4928.npy,10
Colours,57. Colour,MVI_4929,Colours__57. Colour__MVI_4929.npy,11
Colours,57. Colour,MVI_4930,Colours__57. Colour__MVI_4930.npy,12
Colours,57. Colour,MVI_5068,Colours__57. Colour__MVI_5068.npy,13
Colours,57. Colour,MVI_5069,Colours__57. Colour__MVI_5069.npy,14
Colours,57. Colour,MVI_5070,Colours__57. Colour__MVI_5070.npy,0
Colours,57. Colour,MVI_5215,Colours__57. Colour__MVI_5215.npy,1
Colours,57. Colour,MVI_5216,Colours__57. Colour__MVI_5216.npy,2
Colours,57. Colour,MVI_5217,Colours__57. Colour__MVI_5217.npy,3
Colours,57. Colour,MVI_8622,Colours__57. Colour__MVI_8622.npy,4
Days_and_Time,66. Sunday,MVI_4586,Days_and_Time__66. Sunday__MVI_4586.npy,0
Days_and_Time,66. Sunday,MVI_4588,Days_and_Time__66. Sunday__MVI_4588.npy,1
Days_and_Time,66. Sunday,MVI_4589,Days_and_Time__66. Sunday__MVI_4589.npy,2
Days_and_Time,66. Sunday,MVI_4590,Days_and_Time__66. Sunday__MVI_4590.npy,3
Days_and_Time,66. Sunday,MVI_5005,Days_and_Time__66. Sunday__MVI_5005.npy,4
Days_and_Time,66. Sunday,MVI_5006,Days_and_Time__66. Sunday__MVI_5006.npy,5
Days_and_Time,66. Sunday,MVI_5008,Days_and_Time__66. Sunday__MVI_5008.npy,6
Days_and_Time,66. Sunday,MVI_5442,Days_and_Time__66. Sunday__MVI_5442.npy,7
Days_and_Time,66. Sunday,MVI_5443,Days_and_Time__66. Sunday__MVI_5443.npy,8
Days_and_Time,66. Sunday,MVI_5444,Days_and_Time__66. Sunday__MVI_5444.npy,9
Days_and_Time,66. Sunday,MVI_5445,Days_and_Time__66. Sunday__MVI_5445.npy,10
Days_and_Time,66. Sunday,MVI_9139,Days_and_Time__66. Sunday__MVI_9139.npy,11
Days_and_Time,66. Sunday,MVI_9140,Days_and_Time__66. Sunday__MVI_9140.npy,12
Days_and_Time,66. Sunday,MVI_9141,Days_and_Time__66. Sunday__MVI_9141.npy,13
Days_and_Time,67. Monday,MVI_4591,Days_and_Time__67. Monday__MVI_4591.npy,0
Days_and_Time,67. Monday,MVI_4592,Days_and_Time__67. Monday__MVI_4592.npy,1
Days_and_Time,67. Monday,MVI_4593,Days_and_Time__67. Monday__MVI_4593.npy,2
Days_and_Time,67. Monday,MVI_4594,Days_and_Time__67. Monday__MVI_4594.npy,3
Days_and_Time,67. Monday,MVI_5009,Days_and_Time__67. Monday__MVI_5009.npy,4
Days_and_Time,67. Monday,MVI_5010,Days_and_Time__67. Monday__MVI_5010.npy,5
Days_and_Time,67. Monday,MVI_5011,Days_and_Time__67. Monday__MVI_5011.npy,6
Days_and_Time,67. Monday,MVI_5446,Days_and_Time__67. Monday__MVI_5446.npy,7
Days_and_Time,67. Monday,MVI_5447,Days_and_Time__67. Monday__MVI_5447.npy,8
Days_and_Time,67. Monday,MVI_5448,Days_and_Time__67. Monday__MVI_5448.npy,9
Days_and_Time,67. Monday,MVI_5449,Days_and_Time__67. Monday__MVI_5449.npy,10
Days_and_Time,67. Monday,MVI_9142,Days_and_Time__67. Monday__MVI_9142.npy,11
Days_and_Time,67. Monday,MVI_9143,Days_and_Time__67. Monday__MVI_9143.npy,12
Days_and_Time,67. Monday,MVI_9144,Days_and_Time__67. Monday__MVI_9144.npy,13
Days_and_Time,68. Tuesday,MVI_4595,Days_and_Time__68. Tuesday__MVI_4595.npy,0
Days_and_Time,68. Tuesday,MVI_4596,Days_and_Time__68. Tuesday__MVI_4596.npy,1
Days_and_Time,68. Tuesday,MVI_4597,Days_and_Time__68. Tuesday__MVI_4597.npy,2
Days_and_Time,68. Tuesday,MVI_4598,Days_and_Time__68. Tuesday__MVI_4598.npy,3
Days_and_Time,68. Tuesday,MVI_5012,Days_and_Time__68. Tuesday__MVI_5012.npy,4
Days_and_Time,68. Tuesday,MVI_5013,Days_and_Time__68. Tuesday__MVI_5013.npy,5
Days_and_Time,68. Tuesday,MVI_5014,Days_and_Time__68. Tuesday__MVI_5014.npy,6
Days_and_Time,68. Tuesday,MVI_5450,Days_and_Time__68. Tuesday__MVI_5450.npy,7
Days_and_Time,68. Tuesday,MVI_5451,Days_and_Time__68. Tuesday__MVI_5451.npy,8
Days_and_Time,68. Tuesday,MVI_5452,Days_and_Time__68. Tuesday__MVI_5452.npy,9
Days_and_Time,68. Tuesday,MVI_5453,Days_and_Time__68. Tuesday__MVI_5453.npy,10
Days_and_Time,68. Tuesday,MVI_9145,Days_and_Time__68. Tuesday__MVI_9145.npy,11
Days_and_Time,68. Tuesday,MVI_9146,Days_and_Time__68. Tuesday__MVI_9146.npy,12
Days_and_Time,68. Tuesday,MVI_9147,Days_and_Time__68. Tuesday__MVI_9147.npy,13
Days_and_Time,69. Wednesday,MVI_4599,Days_and_Time__69. Wednesday__MVI_4599.npy,0
Days_and_Time,69. Wednesday,MVI_4600,Days_and_Time__69. Wednesday__MVI_4600.npy,1
Days_and_Time,69. Wednesday,MVI_4601,Days_and_Time__69. Wednesday__MVI_4601.npy,2
Days_and_Time,69. Wednesday,MVI_4602,Days_and_Time__69. Wednesday__MVI_4602.npy,3
Days_and_Time,69. Wednesday,MVI_5016,Days_and_Time__69. Wednesday__MVI_5016.npy,4
Days_and_Time,69. Wednesday,MVI_5017,Days_and_Time__69. Wednesday__MVI_5017.npy,5
Days_and_Time,69. Wednesday,MVI_5018,Days_and_Time__69. Wednesday__MVI_5018.npy,6
Days_and_Time,69. Wednesday,MVI_5454,Days_and_Time__69. Wednesday__MVI_5454.npy,7
Days_and_Time,69. Wednesday,MVI_5455,Days_and_Time__69. Wednesday__MVI_5455.npy,8
Days_and_Time,69. Wednesday,MVI_5456,Days_and_Time__69. Wednesday__MVI_5456.npy,9
Days_and_Time,69. Wednesday,MVI_5457,Days_and_Time__69. Wednesday__MVI_5457.npy,10
Days_and_Time,69. Wednesday,MVI_9148,Days_and_Time__69. Wednesday__MVI_9148.npy,11
Days_and_Time,69. Wednesday,MVI_9149,Days_and_Time__69. Wednesday__MVI_9149.npy,12
Days_and_Time,69. Wednesday,MVI_9150,Days_and_Time__69. Wednesday__MVI_9150.npy,13
Days_and_Time,70. Thursday,MVI_4603,Days_and_Time__70. Thursday__MVI_4603.npy,0
Days_and_Time,70. Thursday,MVI_4604,Days_and_Time__70. Thursday__MVI_4604.npy,1
Days_and_Time,70. Thursday,MVI_4605,Days_and_Time__70. Thursday__MVI_4605.npy,2
Days_and_Time,70. Thursday,MVI_4606,Days_and_Time__70. Thursday__MVI_4606.npy,3
Days_and_Time,70. Thursday,MVI_5019,Days_and_Time__70. Thursday__MVI_5019.npy,4
Days_and_Time,70. Thursday,MVI_5020,Days_and_Time__70. Thursday__MVI_5020.npy,5
Days_and_Time,70. Thursday,MVI_5021,Days_and_Time__70. Thursday__MVI_5021.npy,6
Days_and_Time,70. Thursday,MVI_5458,Days_and_Time__70. Thursday__MVI_5458.npy,7
Days_and_Time,70. Thursday,MVI_5459,Days_and_Time__70. Thursday__MVI_5459.npy,8
Days_and_Time,70. Thursday,MVI_5460,Days_and_Time__70. Thursday__MVI_5460.npy,9
Days_and_Time,70. Thursday,MVI_5461,Days_and_Time__70. Thursday__MVI_5461.npy,10
Days_and_Time,70. Thursday,MVI_9151,Days_and_Time__70. Thursday__MVI_9151.npy,11
Days_and_Time,70. Thursday,MVI_9152,Days_and_Time__70. Thursday__MVI_9152.npy,12
Days_and_Time,70. Thursday,MVI_9153,Days_and_Time__70. Thursday__MVI_9153.npy,13
Days_and_Time,71. Friday,MVI_4607,Days_and_Time__71. Friday__MVI_4607.npy,0
Days_and_Time,71. Friday,MVI_4608,Days_and_Time__71. Friday__MVI_4608.npy,1
Days_and_Time,71. Friday,MVI_4609,Days_and_Time__71. Friday__MVI_4609.npy,2
Days_and_Time,71. Friday,MVI_4610,Days_and_Time__71. Friday__MVI_4610.npy,3
Days_and_Time,71. Friday,MVI_5022,Days_and_Time__71. Friday__MVI_5022.npy,4
Days_and_Time,71. Friday,MVI_5023,Days_and_Time__71. Friday__MVI_5023.npy,5
Days_and_Time,71. Friday,MVI_5026,Days_and_Time__71. Friday__MVI_5026.npy,6
Days_and_Time,71. Friday,MVI_5462,Days_and_Time__71. Friday__MVI_5462.npy,7
Days_and_Time,71. Friday,MVI_5463,Days_and_Time__71. Friday__MVI_5463.npy,8
Days_and_Time,71. Friday,MVI_5464,Days_and_Time__71. Friday__MVI_5464.npy,9
Days_and_Time,71. Friday,MVI_5465,Days_and_Time__71. Friday__MVI_5465.npy,10
Days_and_Time,71. Friday,MVI_9154,Days_and_Time__71. Friday__MVI_9154.npy,11
Days_and_Time,71. Friday,MVI_9155,Days_and_Time__71. Friday__MVI_9155.npy,12
Days_and_Time,71. Friday,MVI_9156,Days_and_Time__71. Friday__MVI_9156.npy,13
Days_and_Time,72. Saturday,MVI_4611,Days_and_Time__72. Saturday__MVI_4611.npy,0
Days_and_Time,72. Saturday,MVI_4612,Days_and_Time__72. Saturday__MVI_4612.npy,1
Days_and_Time,72. Saturday,MVI_4613,Days_and_Time__72. Saturday__MVI_4613.npy,2
Days_and_Time,72. Saturday,MVI_4614,Days_and_Time__72. Saturday__MVI_4614.npy,3
Days_and_Time,72. Saturday,MVI_5027,Days_and_Time__72. Saturday__MVI_5027.npy,4
Days_and_Time,72. Saturday,MVI_5028,Days_and_Time__72. Saturday__MVI_5028.npy,5
Days_and_Time,72. Saturday,MVI_5030,Days_and_Time__72. Saturday__MVI_5030.npy,6
Days_and_Time,72. Saturday,MVI_5466,Days_and_Time__72. Saturday__MVI_5466.npy,7
Days_and_Time,72. Saturday,MVI_5467,Days_and_Time__72. Saturday__MVI_5467.npy,8
Days_and_Time,72. Saturday,MVI_5468,Days_and_Time__72. Saturday__MVI_5468.npy,9
Days_and_Time,72. Saturday,MVI_5469,Days_and_Time__72. Saturday__MVI_5469.npy,10
Days_and_Time,72. Saturday,MVI_9157,Days_and_Time__72. Saturday__MVI_9157.npy,11
Days_and_Time,72. Saturday,MVI_9158,Days_and_Time__72. Saturday__MVI_9158.npy,12
Days_and_Time,72. Saturday,MVI_9159,Days_and_Time__72. Saturday__MVI_9159.npy,13
Days_and_Time,73. Today,MVI_4615,Days_and_Time__73. Today__MVI_4615.npy,0
Days_and_Time,73. Today,MVI_4616,Days_and_Time__73. Today__MVI_4616.npy,1
Days_and_Time,73. Today,MVI_4617,Days_and_Time__73. Today__MVI_4617.npy,2
Days_and_Time,73. Today,MVI_4618,Days_and_Time__73. Today__MVI_4618.npy,3
Days_and_Time,73. Today,MVI_5031,Days_and_Time__73. Today__MVI_5031.npy,4
Days_and_Time,73. Today,MVI_5032,Days_and_Time__73. Today__MVI_5032.npy,5
Days_and_Time,73. Today,MVI_5033,Days_and_Time__73. Today__MVI_5033.npy,6
Days_and_Time,73. Today,MVI_5470,Days_and_Time__73. Today__MVI_5470.npy,7
Days_and_Time,73. Today,MVI_5471,Days_and_Time__73. Today__MVI_5471.npy,8
Days_and_Time,73. Today,MVI_5472,Days_and_Time__73. Today__MVI_5472.npy,9
Days_and_Time,73. Today,MVI_5473,Days_and_Time__73. Today__MVI_5473.npy,10
Days_and_Time,73. Today,MVI_9160,Days_and_Time__73. Today__MVI_9160.npy,11
Days_and_Time,73. Today,MVI_9161,Days_and_Time__73. Today__MVI_9161.npy,12
Days_and_Time,73. Today,MVI_9162,Days_and_Time__73. Today__MVI_9162.npy,13
Days_and_Time,74. Tomorrow,MVI_4619,Days_and_Time__74. Tomorrow__MVI_4619.npy,0
Days_and_Time,74. Tomorrow,MVI_4620,Days_and_Time__74. Tomorrow__MVI_4620.npy,1
Days_and_Time,74. Tomorrow,MVI_4621,Days_and_Time__74. Tomorrow__MVI_4621.npy,2
Days_and_Time,74. Tomorrow,MVI_4622,Days_and_Time__74. Tomorrow__MVI_4622.npy,3
Days_and_Time,74. Tomorrow,MVI_5034,Days_and_Time__74. Tomorrow__MVI_5034.npy,4
Days_and_Time,74. Tomorrow,MVI_5035,Days_and_Time__74. Tomorrow__MVI_5035.npy,5
Days_and_Time,74. Tomorrow,MVI_5036,Days_and_Time__74. Tomorrow__MVI_5036.npy,6
Days_and_Time,74. Tomorrow,MVI_5474,Days_and_Time__74. Tomorrow__MVI_5474.npy,7
Days_and_Time,74. Tomorrow,MVI_5475,Days_and_Time__74. Tomorrow__MVI_5475.npy,8
Days_and_Time,74. Tomorrow,MVI_5476,Days_and_Time__74. Tomorrow__MVI_5476.npy,9
Days_and_Time,74. Tomorrow,MVI_5477,Days_and_Time__74. Tomorrow__MVI_5477.npy,10
Days_and_Time,74. Tomorrow,MVI_9163,Days_and_Time__74. Tomorrow__MVI_9163.npy,11
Days_and_Time,74. Tomorrow,MVI_9164,Days_and_Time__74. Tomorrow__MVI_9164.npy,12
Days_and_Time,74. Tomorrow,MVI_9165,Days_and_Time__74. Tomorrow__MVI_9165.npy,13
Days_and_Time,75. Yesterday,MVI_4623,Days_and_Time__75. Yesterday__MVI_4623.npy,0
Days_and_Time,75. Yesterday,MVI_4624,Days_and_Time__75. Yesterday__MVI_4624.npy,1
Days_and_Time,75. Yesterday,MVI_4625,Days_and_Time__75. Yesterday__MVI_4625.npy,2
Days_and_Time,75. Yesterday,MVI_4626,Days_and_Time__75. Yesterday__MVI_4626.npy,3
Days_and_Time,75. Yesterday,MVI_5037,Days_and_Time__75. Yesterday__MVI_5037.npy,4
Days_and_Time,75. Yesterday,MVI_5038,Days_and_Time__75. Yesterday__MVI_5038.npy,5
Days_and_Time,75. Yesterday,MVI_5040,Days_and_Time__75. Yesterday__MVI_5040.npy,6
Days_and_Time,75. Yesterday,MVI_5478,Days_and_Time__75. Yesterday__MVI_5478.npy,7
Days_and_Time,75. Yesterday,MVI_5479,Days_and_Time__75. Yesterday__MVI_5479.npy,8
Days_and_Time,75. Yesterday,MVI_5480,Days_and_Time__75. Yesterday__MVI_5480.npy,9
Days_and_Time,75. Yesterday,MVI_5481,Days_and_Time__75. Yesterday__MVI_5481.npy,10
Days_and_Time,75. Yesterday,MVI_9166,Days_and_Time__75. Yesterday__MVI_9166.npy,11
Days_and_Time,75. Yesterday,MVI_9167,Days_and_Time__75. Yesterday__MVI_9167.npy,12
Days_and_Time,75. Yesterday,MVI_9168,Days_and_Time__75. Yesterday__MVI_9168.npy,13
Days_and_Time,76. Week,MVI_4627,Days_and_Time__76. Week__MVI_4627.npy,0
Days_and_Time,76. Week,MVI_4628,Days_and_Time__76. Week__MVI_4628.npy,1
Days_and_Time,76. Week,MVI_4629,Days_and_Time__76. Week__MVI_4629.npy,2
Days_and_Time,76. Week,MVI_4630,Days_and_Time__76. Week__MVI_4630.npy,3
Days_and_Time,76. Week,MVI_5041,Days_and_Time__76. Week__MVI_5041.npy,4
Days_and_Time,76. Week,MVI_5042,Days_and_Time__76. Week__MVI_5042.npy,5
Days_and_Time,76. Week,MVI_5043,Days_and_Time__76. Week__MVI_5043.npy,6
Days_and_Time,76. Week,MVI_5482,Days_and_Time__76. Week__MVI_5482.npy,7
Days_and_Time,76. Week,MVI_5484,Days_and_Time__76. Week__MVI_5484.npy,8
Days_and_Time,76. Week,MVI_5485,Days_and_Time__76. Week__MVI_5485.npy,9
Days_and_Time,76. Week,MVI_5486,Days_and_Time__76. Week__MVI_5486.npy,10
Days_and_Time,76. Week,MVI_9169,Days_and_Time__76. Week__MVI_9169.npy,11
Days_and_Time,76. Week,MVI_9170,Days_and_Time__76. Week__MVI_9170.npy,12
Days_and_Time,76. Week,MVI_9171,Days_and_Time__76. Week__MVI_9171.npy,13
Days_and_Time,77. Month,MVI_4631,Days_and_Time__77. Month__MVI_4631.npy,0
Days_and_Time,77. Month,MVI_4632,Days_and_Time__77. Month__MVI_4632.npy,1
Days_and_Time,77. Month,MVI_4633,Days_and_Time__77. Month__MVI_4633.npy,2
Days_and_Time,77. Month,MVI_4634,Days_and_Time__77. Month__MVI_4634.npy,3
Days_and_Time,77. Month,MVI_5044,Days_and_Time__77. Month__MVI_5044.npy,4
Days_and_Time,77. Month,MVI_5045,Days_and_Time__77. Month__MVI_5045.npy,5
Days_and_Time,77. Month,MVI_5046,Days_and_Time__77. Month__MVI_5046.npy,6
Days_and_Time,77. Month,MVI_5487,Days_and_Time__77. Month__MVI_5487.npy,7
Days_and_Time,77. Month,MVI_5488,Days_and_Time__77. Month__MVI_5488.npy,8
Days_and_Time,77. Month,MVI_5489,Days_and_Time__77. Month__MVI_5489.npy,9
Days_and_Time,77. Month,MVI_5490,Days_and_Time__77. Month__MVI_5490.npy,10
Days_and_Time,77. Month,MVI_9172,Days_and_Time__77. Month__MVI_9172.npy,11
Days_and_Time,77. Month,MVI_9173,Days_and_Time__77. Month__MVI_9173.npy,12
Days_and_Time,77. Month,MVI_9174,Days_and_Time__77. Month__MVI_9174.npy,13
Days_and_Time,78. Year,MVI_4635,Days_and_Time__78. Year__MVI_4635.npy,0
Days_and_Time,78. Year,MVI_4636,Days_and_Time__78. Year__MVI_4636.npy,1
Days_and_Time,78. Year,MVI_4637,Days_and_Time__78. Year__MVI_4637.npy,2
Days_and_Time,78. Year,MVI_4638,Days_and_Time__78. Year__MVI_4638.npy,3
Days_and_Time,78. Year,MVI_5047,Days_and_Time__78. Year__MVI_5047.npy,4
Days_and_Time,78. Year,MVI_5048,Days_and_Time__78. Year__MVI_5048.npy,5
Days_and_Time,78. Year,MVI_5049,Days_and_Time__78. Year__MVI_5049.npy,6
Days_and_Time,78. Year,MVI_5491,Days_and_Time__78. Year__MVI_5491.npy,7
Days_and_Time,78. Year,MVI_5492,Days_and_Time__78. Year__MVI_5492.npy,8
Days_and_Time,78. Year,MVI_5493,Days_and_Time__78. Year__MVI_5493.npy,9
Days_and_Time,78. Year,MVI_5494,Days_and_Time__78. Year__MVI_5494.npy,10
Days_and_Time,78. Year,MVI_9175,Days_and_Time__78. Year__MVI_9175.npy,11
Days_and_Time,78. Year,MVI_9176,Days_and_Time__78. Year__MVI_9176.npy,12
Days_and_Time,78. Year,MVI_9177,Days_and_Time__78. Year__MVI_9177.npy,13
Days_and_Time,78. Year,MVI_9178,Days_and_Time__78. Year__MVI_9178.npy,14
Days_and_Time,79. Hour,MVI_4639,Days_and_Time__79. Hour__MVI_4639.npy,0
Days_and_Time,79. Hour,MVI_4640,Days_and_Time__79. Hour__MVI_4640.npy,1
Days_and_Time,79. Hour,MVI_4641,Days_and_Time__79. Hour__MVI_4641.npy,2
Days_and_Time,79. Hour,MVI_4642,Days_and_Time__79. Hour__MVI_4642.npy,3
Days_and_Time,79. Hour,MVI_5050,Days_and_Time__79. Hour__MVI_5050.npy,4
Days_and_Time,79. Hour,MVI_5051,Days_and_Time__79. Hour__MVI_5051.npy,5
Days_and_Time,79. Hour,MVI_5052,Days_and_Time__79. Hour__MVI_5052.npy,6
Days_and_Time,79. Hour,MVI_5495,Days_and_Time__79. Hour__MVI_5495.npy,7
Days_and_Time,79. Hour,MVI_5496,Days_and_Time__79. Hour__MVI_5496.npy,8
Days_and_Time,79. Hour,MVI_5497,Days_and_Time__79. Hour__MVI_5497.npy,9
Days_and_Time,79. Hour,MVI_5498,Days_and_Time__79. Hour__MVI_5498.npy,10
Days_and_Time,79. Hour,MVI_9179,Days_and_Time__79. Hour__MVI_9179.npy,11
Days_and_Time,79. Hour,MVI_9180,Days_and_Time__79. Hour__MVI_9180.npy,12
Days_and_Time,79. Hour,MVI_9181,Days_and_Time__79. Hour__MVI_9181.npy,13
Days_and_Time,80. Minute,MVI_4643,Days_and_Time__80. Minute__MVI_4643.npy,0
Days_and_Time,80. Minute,MVI_4644,Days_and_Time__80. Minute__MVI_4644.npy,1
Days_and_Time,80. Minute,MVI_4645,Days_and_Time__80. Minute__MVI_4645.npy,2
Days_and_Time,80. Minute,MVI_4646,Days_and_Time__80. Minute__MVI_4646.npy,3
Days_and_Time,80. Minute,MVI_5053,Days_and_Time__80. Minute__MVI_5053.npy,4
Days_and_Time,80. Minute,MVI_5054,Days_and_Time__80. Minute__MVI_5054.npy,5
Days_and_Time,80. Minute,MVI_5055,Days_and_Time__80. Minute__MVI_5055.npy,6
Days_and_Time,80. Minute,MVI_5499,Days_and_Time__80. Minute__MVI_5499.npy,7
Days_and_Time,80. Minute,MVI_5500,Days_and_Time__80. Minute__MVI_5500.npy,8
Days_and_Time,80. Minute,MVI_5501,Days_and_Time__80. Minute__MVI_5501.npy,9
Days_and_Time,80. Minute,MVI_5502,Days_and_Time__80. Minute__MVI_5502.npy,10
Days_and_Time,80. Minute,MVI_9182,Days_and_Time__80. Minute__MVI_9182.npy,11
Days_and_Time,80. Minute,MVI_9183,Days_and_Time__80. Minute__MVI_9183.npy,12
Days_and_Time,80. Minute,MVI_9184,Days_and_Time__80. Minute__MVI_9184.npy,13
Days_and_Time,81. Second,MVI_5056,Days_and_Time__81. Second__MVI_5056.npy,0
Days_and_Time,81. Second,MVI_5057,Days_and_Time__81. Second__MVI_5057.npy,1
Days_and_Time,81. Second,MVI_5058,Days_and_Time__81. Second__MVI_5058.npy,2
Days_and_Time,81. Second,MVI_9185,Days_and_Time__81. Second__MVI_9185.npy,3
Days_and_Time,81. Second,MVI_9186,Days_and_Time__81. Second__MVI_9186.npy,4
Days_and_Time,81. Second,MVI_9187,Days_and_Time__81. Second__MVI_9187.npy,5
Days_and_Time,81. Second,MVI_9208,Days_and_Time__81. Second__MVI_9208.npy,6
Days_and_Time,81. Second,MVI_9209,Days_and_Time__81. Second__MVI_9209.npy,7
Days_and_Time,81. Second,MVI_9210,Days_and_Time__81. Second__MVI_9210.npy,8
Days_and_Time,81. Second,MVI_9211,Days_and_Time__81. Second__MVI_9211.npy,9
Days_and_Time,81. Second,MVI_9212,Days_and_Time__81. Second__MVI_9212.npy,10
Days_and_Time,81. Second,MVI_9213,Days_and_Time__81. Second__MVI_9213.npy,11
Days_and_Time,81. Second,MVI_9214,Days_and_Time__81. Second__MVI_9214.npy,12
Days_and_Time,81. Second,MVI_9215,Days_and_Time__81. Second__MVI_9215.npy,13
Days_and_Time,81. Second,MVI_9216,Days_and_Time__81. Second__MVI_9216.npy,14
Days_and_Time,82. Morning,MVI_4651,Days_and_Time__82. Morning__MVI_4651.npy,0
Days_and_Time,82. Morning,MVI_4652,Days_and_Time__82. Morning__MVI_4652.npy,1
Days_and_Time,82. Morning,MVI_4653,Days_and_Time__82. Morning__MVI_4653.npy,2
Days_and_Time,82. Morning,MVI_4654,Days_and_Time__82. Morning__MVI_4654.npy,3
Days_and_Time,82. Morning,MVI_5060,Days_and_Time__82. Morning__MVI_5060.npy,4
Days_and_Time,82. Morning,MVI_5061,Days_and_Time__82. Morning__MVI_5061.npy,5
Days_and_Time,82. Morning,MVI_5062,Days_and_Time__82. Morning__MVI_5062.npy,6
Days_and_Time,82. Morning,MVI_5507,Days_and_Time__82. Morning__MVI_5507.npy,7
Days_and_Time,82. Morning,MVI_5508,Days_and_Time__82. Morning__MVI_5508.npy,8
Days_and_Time,82. Morning,MVI_5509,Days_and_Time__82. Morning__MVI_5509.npy,9
Days_and_Time,82. Morning,MVI_5510,Days_and_Time__82. Morning__MVI_5510.npy,10
Days_and_Time,82. Morning,MVI_9188,Days_and_Time__82. Morning__MVI_9188.npy,11
Days_and_Time,82. Morning,MVI_9189,Days_and_Time__82. Morning__MVI_9189.npy,12
Days_and_Time,82. Morning,MVI_9190,Days_and_Time__82. Morning__MVI_9190.npy,13
Days_and_Time,83. Afternoon,MVI_4655,Days_and_Time__83. Afternoon__MVI_4655.npy,0
Days_and_Time,83. Afternoon,MVI_4656,Days_and_Time__83. Afternoon__MVI_4656.npy,1
Days_and_Time,83. Afternoon,MVI_4657,Days_and_Time__83. Afternoon__MVI_4657.npy,2
Days_and_Time,83. Afternoon,MVI_4658,Days_and_Time__83. Afternoon__MVI_4658.npy,3
Days_and_Time,83. Afternoon,MVI_5063,Days_and_Time__83. Afternoon__MVI_5063.npy,4
Days_and_Time,83. Afternoon,MVI_5064,Days_and_Time__83. Afternoon__MVI_5064.npy,5
Days_and_Time,83. Afternoon,MVI_5065,Days_and_Time__83. Afternoon__MVI_5065.npy,6
Days_and_Time,83. Afternoon,MVI_5511,Days_and_Time__83. Afternoon__MVI_5511.npy,7
Days_and_Time,83. Afternoon,MVI_5512,Days_and_Time__83. Afternoon__MVI_5512.npy,8
Days_and_Time,83. Afternoon,MVI_5513,Days_and_Time__83. Afternoon__MVI_5513.npy,9
Days_and_Time,83. Afternoon,MVI_5514,Days_and_Time__83. Afternoon__MVI_5514.npy,10
Days_and_Time,83. Afternoon,MVI_9191,Days_and_Time__83. Afternoon__MVI_9191.npy,11
Days_and_Time,83. Afternoon,MVI_9192,Days_and_Time__83. Afternoon__MVI_9192.npy,12
Days_and_Time,83. Afternoon,MVI_9193,Days_and_Time__83. Afternoon__MVI_9193.npy,13
Days_and_Time,84. Evening,MVI_4659,Days_and_Time__84. Evening__MVI_4659.npy,0
Days_and_Time,84. Evening,MVI_4660,Days_and_Time__84. Evening__MVI_4660.npy,1
Days_and_Time,84. Evening,MVI_4661,Days_and_Time__84. Evening__MVI_4661.npy,2
Days_and_Time,84. Evening,MVI_4662,Days_and_Time__84. Evening__MVI_4662.npy,3
Days_and_Time,84. Evening,MVI_5070,Days_and_Time__84. Evening__MVI_5070.npy,4
Days_and_Time,84. Evening,MVI_5071,Days_and_Time__84. Evening__MVI_5071.npy,5
Days_and_Time,84. Evening,MVI_5072,Days_and_Time__84. Evening__MVI_5072.npy,6
Days_and_Time,84. Evening,MVI_5515,Days_and_Time__84. Evening__MVI_5515.npy,7
Days_and_Time,84. Evening,MVI_5517,Days_and_Time__84. Evening__MVI_5517.npy,8
Days_and_Time,84. Evening,MVI_5518,Days_and_Time__84. Evening__MVI_5518.npy,9
Days_and_Time,84. Evening,MVI_5519,Days_and_Time__84. Evening__MVI_5519.npy,10
Days_and_Time,84. Evening,MVI_9194,Days_and_Time__84. Evening__MVI_9194.npy,11
Days_and_Time,84. Evening,MVI_9195,Days_and_Time__84. Evening__MVI_9195.npy,12
Days_and_Time,84. Evening,MVI_9196,Days_and_Time__84. Evening__MVI_9196.npy,13
Days_and_Time,85. Night,MVI_4663,Days_and_Time__85. Night__MVI_4663.npy,0
Days_and_Time,85. Night,MVI_4664,Days_and_Time__85. Night__MVI_4664.npy,1
Days_and_Time,85. Night,MVI_4665,Days_and_Time__85. Night__MVI_4665.npy,2
Days_and_Time,85. Night,MVI_4666,Days_and_Time__85. Night__MVI_4666.npy,3
Days_and_Time,85. Night,MVI_5073,Days_and_Time__85. Night__MVI_5073.npy,4
Days_and_Time,85. Night,MVI_5074,Days_and_Time__85. Night__MVI_5074.npy,5
Days_and_Time,85. Night,MVI_5076,Days_and_Time__85. Night__MVI_5076.npy,6
Days_and_Time,85. Night,MVI_5520,Days_and_Time__85. Night__MVI_5520.npy,7
Days_and_Time,85. Night,MVI_5521,Days_and_Time__85. Night__MVI_5521.npy,8
Days_and_Time,85. Night,MVI_5522,Days_and_Time__85. Night__MVI_5522.npy,9
Days_and_Time,85. Night,MVI_5523,Days_and_Time__85. Night__MVI_5523.npy,10
Days_and_Time,85. Night,MVI_9197,Days_and_Time__85. Night__MVI_9197.npy,11
Days_and_Time,85. Night,MVI_9198,Days_and_Time__85. Night__MVI_9198.npy,12
Days_and_Time,85. Night,MVI_9199,Days_and_Time__85. Night__MVI_9199.npy,13
Days_and_Time,85. Night,MVI_9200,Days_and_Time__85. Night__MVI_9200.npy,14
Days_and_Time,86. Time,MVI_4667,Days_and_Time__86. Time__MVI_4667.npy,0
Days_and_Time,86. Time,MVI_4668,Days_and_Time__86. Time__MVI_4668.npy,1
Days_and_Time,86. Time,MVI_4669,Days_and_Time__86. Time__MVI_4669.npy,2
Days_and_Time,86. Time,MVI_4670,Days_and_Time__86. Time__MVI_4670.npy,3
Days_and_Time,86. Time,MVI_5077,Days_and_Time__86. Time__MVI_5077.npy,4
Days_and_Time,86. Time,MVI_5078,Days_and_Time__86. Time__MVI_5078.npy,5
Days_and_Time,86. Time,MVI_5079,Days_and_Time__86. Time__MVI_5079.npy,6
Days_and_Time,86. Time,MVI_5524,Days_and_Time__86. Time__MVI_5524.npy,7
Days_and_Time,86. Time,MVI_5525,Days_and_Time__86. Time__MVI_5525.npy,8
Days_and_Time,86. Time,MVI_5526,Days_and_Time__86. Time__MVI_5526.npy,9
Days_and_Time,86. Time,MVI_5527,Days_and_Time__86. Time__MVI_5527.npy,10
Days_and_Time,86. Time,MVI_9201,Days_and_Time__86. Time__MVI_9201.npy,11
Days_and_Time,86. Time,MVI_9202,Days_and_Time__86. Time__MVI_9202.npy,12
Days_and_Time,86. Time,MVI_9203,Days_and_Time__86. Time__MVI_9203.npy,13
Days_and_Time,86. Time,MVI_9204,Days_and_Time__86. Time__MVI_9204.npy,14
Electronics,51. Clock,MVI_4524,Electronics__51. Clock__MVI_4524.npy,0
Electronics,51. Clock,MVI_4525,Electronics__51. Clock__MVI_4525.npy,1
Electronics,51. Clock,MVI_4526,Electronics__51. Clock__MVI_4526.npy,2
Electronics,51. Clock,MVI_4527,Electronics__51. Clock__MVI_4527.npy,3
Electronics,51. Clock,MVI_4959,Electronics__51. Clock__MVI_4959.npy,4
Electronics,51. Clock,MVI_4960,Electronics__51. Clock__MVI_4960.npy,5
Electronics,51. Clock,MVI_5379,Electronics__51. Clock__MVI_5379.npy,6
Electronics,51. Clock,MVI_5380,Electronics__51. Clock__MVI_5380.npy,7
Electronics,51. Clock,MVI_5381,Electronics__51. Clock__MVI_5381.npy,8
Electronics,51. Clock,MVI_5382,Electronics__51. Clock__MVI_5382.npy,9
Electronics,51. Clock,MVI_9091,Electronics__51. Clock__MVI_9091.npy,10
Electronics,51. Clock,MVI_9092,Electronics__51. Clock__MVI_9092.npy,11
Electronics,51. Clock,MVI_9093,Electronics__51. Clock__MVI_9093.npy,12
Electronics,52. Lamp,MVI_4528,Electronics__52. Lamp__MVI_4528.npy,0
Electronics,52. Lamp,MVI_4529,Electronics__52. Lamp__MVI_4529.npy,1
Electronics,52. Lamp,MVI_4530,Electronics__52. Lamp__MVI_4530.npy,2
Electronics,52. Lamp,MVI_4531,Electronics__52. Lamp__MVI_4531.npy,3
Electronics,52. Lamp,MVI_4961,Electronics__52. Lamp__MVI_4961.npy,4
Electronics,52. Lamp,MVI_4962,Electronics__52. Lamp__MVI_4962.npy,5
Electronics,52. Lamp,MVI_4963,Electronics__52. Lamp__MVI_4963.npy,6
Electronics,52. Lamp,MVI_5383,Electronics__52. Lamp__MVI_5383.npy,7
Electronics,52. Lamp,MVI_5384,Electronics__52. Lamp__MVI_5384.npy,8
Electronics,52. Lamp,MVI_5385,Electronics__52. Lamp__MVI_5385.npy,9
Electronics,52. Lamp,MVI_5386,Electronics__52. Lamp__MVI_5386.npy,10
Electronics,52. Lamp,MVI_9094,Electronics__52. Lamp__MVI_9094.npy,11
Electronics,52. Lamp,MVI_9095,Electronics__52. Lamp__MVI_9095.npy,12
Electronics,52. Lamp,MVI_9096,Electronics__52. Lamp__MVI_9096.npy,13
Electronics,53. Fan,MVI_4532,Electronics__53. Fan__MVI_4532.npy,0
Electronics,53. Fan,MVI_4533,Electronics__53. Fan__MVI_4533.npy,1
Electronics,53. Fan,MVI_4534,Electronics__53. Fan__MVI_4534.npy,2
Electronics,53. Fan,MVI_4535,Electronics__53. Fan__MVI_4535.npy,3
Electronics,53. Fan,MVI_4536,Electronics__53. Fan__MVI_4536.npy,4
Electronics,53. Fan,MVI_4964,Electronics__53. Fan__MVI_4964.npy,5
Electronics,53. Fan,MVI_4965,Electronics__53. Fan__MVI_4965.npy,6
Electronics,53. Fan,MVI_4966,Electronics__53. Fan__MVI_4966.npy,7
Electronics,53. Fan,MVI_5387,Electronics__53. Fan__MVI_5387.npy,8
Electronics,53. Fan,MVI_5388,Electronics__53. Fan__MVI_5388.npy,9
Electronics,53. Fan,MVI_5389,Electronics__53. Fan__MVI_5389.npy,10
Electronics,53. Fan,MVI_5390,Electronics__53. Fan__MVI_5390.npy,11
Electronics,53. Fan,MVI_9097,Electronics__53. Fan__MVI_9097.npy,12
Electronics,53. Fan,MVI_9098,Electronics__53. Fan__MVI_9098.npy,13
Electronics,53. Fan,MVI_9099,Electronics__53. Fan__MVI_9099.npy,14
Electronics,54. Cell phone,MVI_4537,Electronics__54. Cell phone__MVI_4537.npy,0
Electronics,54. Cell phone,MVI_4538,Electronics__54. Cell phone__MVI_4538.npy,1
Electronics,54. Cell phone,MVI_4539,Electronics__54. Cell phone__MVI_4539.npy,2
Electronics,54. Cell phone,MVI_4540,Electronics__54. Cell phone__MVI_4540.npy,3
Electronics,54. Cell phone,MVI_4967,Electronics__54. Cell phone__MVI_4967.npy,4
Electronics,54. Cell phone,MVI_4968,Electronics__54. Cell phone__MVI_4968.npy,5
Electronics,54. Cell phone,MVI_4969,Electronics__54. Cell phone__MVI_4969.npy,6
Electronics,54. Cell phone,MVI_5391,Electronics__54. Cell phone__MVI_5391.npy,7
Electronics,54. Cell phone,MVI_5392,Electronics__54. Cell phone__MVI_5392.npy,8
Electronics,54. Cell phone,MVI_5393,Electronics__54. Cell phone__MVI_5393.npy,9
Electronics,54. Cell phone,MVI_5394,Electronics__54. Cell phone__MVI_5394.npy,10
Electronics,54. Cell phone,MVI_9100,Electronics__54. Cell phone__MVI_9100.npy,11
Electronics,54. Cell phone,MVI_9101,Electronics__54. Cell phone__MVI_9101.npy,12
Electronics,54. Cell phone,MVI_9102,Electronics__54. Cell phone__MVI_9102.npy,13
Electronics,55. Computer,MVI_4541,Electronics__55. Computer__MVI_4541.npy,0
Electronics,55. Computer,MVI_4542,Electronics__55. Computer__MVI_4542.npy,1
Electronics,55. Computer,MVI_4543,Electronics__55. Computer__MVI_4543.npy,2
Electronics,55. Computer,MVI_4544,Electronics__55. Computer__MVI_4544.npy,3
Electronics,55. Computer,MVI_4970,Electronics__55. Computer__MVI_4970.npy,4
Electronics,55. Computer,MVI_4971,Electronics__55. Computer__MVI_4971.npy,5
Electronics,55. Computer,MVI_4972,Electronics__55. Computer__MVI_4972.npy,6
Electronics,55. Computer,MVI_5395,Electronics__55. Computer__MVI_5395.npy,7
Electronics,55. Computer,MVI_5396,Electronics__55. Computer__MVI_5396.npy,8
Electronics,55. Computer,MVI_5397,Electronics__55. Computer__MVI_5397.npy,9
Electronics,55. Computer,MVI_5398,Electronics__55. Computer__MVI_5398.npy,10
Electronics,55. Computer,MVI_9103,Electronics__55. Computer__MVI_9103.npy,11
Electronics,55. Computer,MVI_9104,Electronics__55. Computer__MVI_9104.npy,12
Electronics,55. Computer,MVI_9105,Electronics__55. Computer__MVI_9105.npy,13
Electronics,56. Laptop,MVI_4545,Electronics__56. Laptop__MVI_4545.npy,0
Electronics,56. Laptop,MVI_4546,Electronics__56. Laptop__MVI_4546.npy,1
Electronics,56. Laptop,MVI_4547,Electronics__56. Laptop__MVI_4547.npy,2
Electronics,56. Laptop,MVI_4548,Electronics__56. Laptop__MVI_4548.npy,3
Electronics,56. Laptop,MVI_4973,Electronics__56. Laptop__MVI_4973.npy,4
Electronics,56. Laptop,MVI_4974,Electronics__56. Laptop__MVI_4974.npy,5
Electronics,56. Laptop,MVI_4975,Electronics__56. Laptop__MVI_4975.npy,6
Electronics,56. Laptop,MVI_5399,Electronics__56. Laptop__MVI_5399.npy,7
Electronics,56. Laptop,MVI_5400,Electronics__56. Laptop__MVI_5400.npy,8
Electronics,56. Laptop,MVI_5401,Electronics__56. Laptop__MVI_5401.npy,9
Electronics,56. Laptop,MVI_5402,Electronics__56. Laptop__MVI_5402.npy,10
Electronics,56. Laptop,MVI_9106,Electronics__56. Laptop__MVI_9106.npy,11
Electronics,56. Laptop,MVI_9107,Electronics__56. Laptop__MVI_9107.npy,12
Electronics,56. Laptop,MVI_9108,Electronics__56. Laptop__MVI_9108.npy,13
Electronics,57. Screen,MVI_4549,Electronics__57. Screen__MVI_4549.npy,0
Electronics,57. Screen,MVI_4550,Electronics__57. Screen__MVI_4550.npy,1
Electronics,57. Screen,MVI_4551,Electronics__57. Screen__MVI_4551.npy,2
Electronics,57. Screen,MVI_4552,Electronics__57. Screen__MVI_4552.npy,3
Electronics,57. Screen,MVI_4976,Electronics__57. Screen__MVI_4976.npy,4
Electronics,57. Screen,MVI_4977,Electronics__57. Screen__MVI_4977.npy,5
Electronics,57. Screen,MVI_4978,Electronics__57. Screen__MVI_4978.npy,6
Electronics,57. Screen,MVI_5403,Electronics__57. Screen__MVI_5403.npy,7
Electronics,57. Screen,MVI_5404,Electronics__57. Screen__MVI_5404.npy,8
Electronics,57. Screen,MVI_5405,Electronics__57. Screen__MVI_5405.npy,9
Electronics,57. Screen,MVI_5406,Electronics__57. Screen__MVI_5406.npy,10
Electronics,57. Screen,MVI_9110,Electronics__57. Screen__MVI_9110.npy,11
Electronics,57. Screen,MVI_9111,Electronics__57. Screen__MVI_9111.npy,12
Electronics,57. Screen,MVI_9112,Electronics__57. Screen__MVI_9112.npy,13
Electronics,58. Camera,MVI_4553,Electronics__58. Camera__MVI_4553.npy,0
Electronics,58. Camera,MVI_4554,Electronics__58. Camera__MVI_4554.npy,1
Electronics,58. Camera,MVI_4555,Electronics__58. Camera__MVI_4555.npy,2
Electronics,58. Camera,MVI_4556,Electronics__58. Camera__MVI_4556.npy,3
Electronics,58. Camera,MVI_4979,Electronics__58. Camera__MVI_4979.npy,4
Electronics,58. Camera,MVI_4980,Electronics__58. Camera__MVI_4980.npy,5
Electronics,58. Camera,MVI_4981,Electronics__58. Camera__MVI_4981.npy,6
Electronics,58. Camera,MVI_5407,Electronics__58. Camera__MVI_5407.npy,7
Electronics,58. Camera,MVI_5408,Electronics__58. Camera__MVI_5408.npy,8
Electronics,58. Camera,MVI_5409,Electronics__58. Camera__MVI_5409.npy,9
Electronics,58. Camera,MVI_5410,Electronics__58. Camera__MVI_5410.npy,10
Electronics,58. Camera,MVI_9113,Electronics__58. Camera__MVI_9113.npy,11
Electronics,58. Camera,MVI_9114,Electronics__58. Camera__MVI_9114.npy,12
Electronics,58. Camera,MVI_9115,Electronics__58. Camera__MVI_9115.npy,13
Electronics,59. Television,MVI_4557,Electronics__59. Television__MVI_4557.npy,0
Electronics,59. Television,MVI_4558,Electronics__59. Television__MVI_4558.npy,1
Electronics,59. Television,MVI_4559,Electronics__59. Television__MVI_4559.npy,2
Electronics,59. Television,MVI_4560,Electronics__59. Television__MVI_4560.npy,3
Electronics,59. Television,MVI_4982,Electronics__59. Television__MVI_4982.npy,4
Electronics,59. Television,MVI_4985,Electronics__59. Television__MVI_4985.npy,5
Electronics,59. Television,MVI_4986,Electronics__59. Television__MVI_4986.npy,6
Electronics,59. Television,MVI_5412,Electronics__59. Television__MVI_5412.npy,7
Electronics,59. Television,MVI_5413,Electronics__59. Television__MVI_5413.npy,8
Electronics,59. Television,MVI_5414,Electronics__59. Television__MVI_5414.npy,9
Electronics,59. Television,MVI_5415,Electronics__59. Television__MVI_5415.npy,10
Electronics,59. Television,MVI_9116,Electronics__59. Television__MVI_9116.npy,11
Electronics,59. Television,MVI_9117,Electronics__59. Television__MVI_9117.npy,12
Electronics,59. Television,MVI_9118,Electronics__59. Television__MVI_9118.npy,13
Electronics,60. Radio,MVI_4561,Electronics__60. Radio__MVI_4561.npy,0
Electronics,60. Radio,MVI_4562,Electronics__60. Radio__MVI_4562.npy,1
Electronics,60. Radio,MVI_4563,Electronics__60. Radio__MVI_4563.npy,2
Electronics,60. Radio,MVI_4564,Electronics__60. Radio__MVI_4564.npy,3
Electronics,60. Radio,MVI_4987,Electronics__60. Radio__MVI_4987.npy,4
Electronics,60. Radio,MVI_4988,Electronics__60. Radio__MVI_4988.npy,5
Electronics,60. Radio,MVI_4989,Electronics__60. Radio__MVI_4989.npy,6
Electronics,60. Radio,MVI_5416,Electronics__60. Radio__MVI_5416.npy,7
Electronics,60. Radio,MVI_5417,Electronics__60. Radio__MVI_5417.npy,8
Electronics,60. Radio,MVI_5418,Electronics__60. Radio__MVI_5418.npy,9
Electronics,60. Radio,MVI_5419,Electronics__60. Radio__MVI_5419.npy,10
Electronics,60. Radio,MVI_9119,Electronics__60. Radio__MVI_9119.npy,11
Electronics,60. Radio,MVI_9120,Electronics__60. Radio__MVI_9120.npy,12
Electronics,60. Radio,MVI_9121,Electronics__60. Radio__MVI_9121.npy,13
Greetings,48. Hello,MVI_0029,Greetings__48. Hello__MVI_0029.npy,0
Greetings,48. Hello,MVI_0030,Greetings__48. Hello__MVI_0030.npy,1
Greetings,48. Hello,MVI_0031,Greetings__48. Hello__MVI_0031.npy,2
Greetings,48. Hello,MVI_0032,Greetings__48. Hello__MVI_0032.npy,3
Greetings,48. Hello,MVI_0037,Greetings__48. Hello__MVI_0037.npy,4
Greetings,48. Hello,MVI_0038,Greetings__48. Hello__MVI_0038.npy,5
Greetings,48. Hello,MVI_0039,Greetings__48. Hello__MVI_0039.npy,6
Greetings,48. Hello,MVI_0089,Greetings__48. Hello__MVI_0089.npy,7
Greetings,48. Hello,MVI_0090,Greetings__48. Hello__MVI_0090.npy,8
Greetings,48. Hello,MVI_0091,Greetings__48. Hello__MVI_0091.npy,9
Greetings,48. Hello,MVI_9914,Greetings__48. Hello__MVI_9914.npy,10
Greetings,48. Hello,MVI_9915,Greetings__48. Hello__MVI_9915.npy,11
Greetings,48. Hello,MVI_9916,Greetings__48. Hello__MVI_9916.npy,12
Greetings,48. Hello,MVI_9917,Greetings__48. Hello__MVI_9917.npy,13
Greetings,48. Hello,MVI_9954,Greetings__48. Hello__MVI_9954.npy,14
Greetings,48. Hello,MVI_9955,Greetings__48. Hello__MVI_9955.npy,0
Greetings,48. Hello,MVI_9956,Greetings__48. Hello__MVI_9956.npy,1
Greetings,48. Hello,MVI_9957,Greetings__48. Hello__MVI_9957.npy,2
Greetings,48. Hello,MVI_9982,Greetings__48. Hello__MVI_9982.npy,3
Greetings,48. Hello,MVI_9983,Greetings__48. Hello__MVI_9983.npy,4
Greetings,48. Hello,MVI_9984,Greetings__48. Hello__MVI_9984.npy,5
Greetings,49. How are you,MVI_0033,Greetings__49. How are you__MVI_0033.npy,0
Greetings,49. How are you,MVI_0034,Greetings__49. How are you__MVI_0034.npy,1
Greetings,49. How are you,MVI_0035,Greetings__49. How are you__MVI_0035.npy,2
Greetings,49. How are you,MVI_0036,Greetings__49. How are you__MVI_0036.npy,3
Greetings,49. How are you,MVI_0040,Greetings__49. How are you__MVI_0040.npy,4
Greetings,49. How are you,MVI_0041,Greetings__49. How are you__MVI_0041.npy,5
Greetings,49. How are you,MVI_0042,Greetings__49. How are you__MVI_0042.npy,6
Greetings,49. How are you,MVI_0092,Greetings__49. How are you__MVI_0092.npy,7
Greetings,49. How are you,MVI_0093,Greetings__49. How are you__MVI_0093.npy,8
Greetings,49. How are you,MVI_0094,Greetings__49. How are you__MVI_0094.npy,9
Greetings,49. How are you,MVI_9918,Greetings__49. How are you__MVI_9918.npy,10
Greetings,49. How are you,MVI_9919,Greetings__49. How are you__MVI_9919.npy,11
Greetings,49. How are you,MVI_9920,Greetings__49. How are you__MVI_9920.npy,12
Greetings,49. How are you,MVI_9921,Greetings__49. How are you__MVI_9921.npy,13
Greetings,49. How are you,MVI_9959,Greetings__49. How are you__MVI_9959.npy,14
Greetings,49. How are you,MVI_9960,Greetings__49. How are you__MVI_9960.npy,0
Greetings,49. How are you,MVI_9961,Greetings__49. How are you__MVI_9961.npy,1
Greetings,49. How are you,MVI_9962,Greetings__49. How are you__MVI_9962.npy,2
Greetings,49. How are you,MVI_9985,Greetings__49. How are you__MVI_9985.npy,3
Greetings,49. How are you,MVI_9986,Greetings__49. How are you__MVI_9986.npy,4
Greetings,49. How are you,MVI_9987,Greetings__49. How are you__MVI_9987.npy,5
Greetings,50. Alright,MVI_0037,Greetings__50. Alright__MVI_0037.npy,0
Greetings,50. Alright,MVI_0038,Greetings__50. Alright__MVI_0038.npy,1
Greetings,50. Alright,MVI_0039,Greetings__50. Alright__MVI_0039.npy,2
Greetings,50. Alright,MVI_0040,Greetings__50. Alright__MVI_0040.npy,3
Greetings,50. Alright,MVI_0043,Greetings__50. Alright__MVI_0043.npy,4
Greetings,50. Alright,MVI_0044,Greetings__50. Alright__MVI_0044.npy,5
Greetings,50. Alright,MVI_0045,Greetings__50. Alright__MVI_0045.npy,6
Greetings,50. Alright,MVI_0095,Greetings__50. Alright__MVI_0095.npy,7
Greetings,50. Alright,MVI_0096,Greetings__50. Alright__MVI_0096.npy,8
Greetings,50. Alright,MVI_0097,Greetings__50. Alright__MVI_0097.npy,9
Greetings,50. Alright,MVI_9923,Greetings__50. Alright__MVI_9923.npy,10
Greetings,50. Alright,MVI_9924,Greetings__50. Alright__MVI_9924.npy,11
Greetings,50. Alright,MVI_9925,Greetings__50. Alright__MVI_9925.npy,12
Greetings,50. Alright,MVI_9926,Greetings__50. Alright__MVI_9926.npy,13
Greetings,50. Alright,MVI_9963,Greetings__50. Alright__MVI_9963.npy,14
Greetings,50. Alright,MVI_9964,Greetings__50. Alright__MVI_9964.npy,0
Greetings,50. Alright,MVI_9965,Greetings__50. Alright__MVI_9965.npy,1
Greetings,50. Alright,MVI_9966,Greetings__50. Alright__MVI_9966.npy,2
Greetings,50. Alright,MVI_9988,Greetings__50. Alright__MVI_9988.npy,3
Greetings,50. Alright,MVI_9989,Greetings__50. Alright__MVI_9989.npy,4
Greetings,50. Alright,MVI_9990,Greetings__50. Alright__MVI_9990.npy,5
Greetings,51. Good Morning,MVI_0042,Greetings__51. Good Morning__MVI_0042.npy,0
Greetings,51. Good Morning,MVI_0043,Greetings__51. Good Morning__MVI_0043.npy,1
Greetings,51. Good Morning,MVI_0044,Greetings__51. Good Morning__MVI_0044.npy,2
Greetings,51. Good Morning,MVI_0045,Greetings__51. Good Morning__MVI_0045.npy,3
Greetings,51. Good Morning,MVI_0046,Greetings__51. Good Morning__MVI_0046.npy,4
Greetings,51. Good Morning,MVI_0047,Greetings__51. Good Morning__MVI_0047.npy,5
Greetings,51. Good Morning,MVI_0048,Greetings__51. Good Morning__MVI_0048.npy,6
Greetings,51. Good Morning,MVI_0098,Greetings__51. Good Morning__MVI_0098.npy,7
Greetings,51. Good Morning,MVI_0099,Greetings__51. Good Morning__MVI_0099.npy,8
Greetings,51. Good Morning,MVI_0100,Greetings__51. Good Morning__MVI_0100.npy,9
Greetings,51. Good Morning,MVI_9932,Greetings__51. Good Morning__MVI_9932.npy,10
Greetings,51. Good Morning,MVI_9933,Greetings__51. Good Morning__MVI_9933.npy,11
Greetings,51. Good Morning,MVI_9934,Greetings__51. Good Morning__MVI_9934.npy,12
Greetings,51. Good Morning,MVI_9935,Greetings__51. Good Morning__MVI_9935.npy,13
Greetings,51. Good Morning,MVI_9968,Greetings__51. Good Morning__MVI_9968.npy,14
Greetings,51. Good Morning,MVI_9969,Greetings__51. Good Morning__MVI_9969.npy,0
Greetings,51. Good Morning,MVI_9970,Greetings__51. Good Morning__MVI_9970.npy,1
Greetings,51. Good Morning,MVI_9971,Greetings__51. Good Morning__MVI_9971.npy,2
Greetings,51. Good Morning,MVI_9991,Greetings__51. Good Morning__MVI_9991.npy,3
Greetings,51. Good Morning,MVI_9992,Greetings__51. Good Morning__MVI_9992.npy,4
Greetings,51. Good Morning,MVI_9993,Greetings__51. Good Morning__MVI_9993.npy,5
Greetings,52. Good afternoon,MVI_0046,Greetings__52. Good afternoon__MVI_0046.npy,0
Greetings,52. Good afternoon,MVI_0047,Greetings__52. Good afternoon__MVI_0047.npy,1
Greetings,52. Good afternoon,MVI_0048,Greetings__52. Good afternoon__MVI_0048.npy,2
Greetings,52. Good afternoon,MVI_0049,Greetings__52. Good afternoon__MVI_0049.npy,3
Greetings,52. Good afternoon,MVI_0050,Greetings__52. Good afternoon__MVI_0050.npy,4
Greetings,52. Good afternoon,MVI_0050_ (1),Greetings__52. Good afternoon__MVI_0050_ (1).npy,5
Greetings,52. Good afternoon,MVI_0050_ (2),Greetings__52. Good afternoon__MVI_0050_ (2).npy,6
Greetings,52. Good afternoon,MVI_0051,Greetings__52. Good afternoon__MVI_0051.npy,7
Greetings,52. Good afternoon,MVI_0101,Greetings__52. Good afternoon__MVI_0101.npy,8
Greetings,52. Good afternoon,MVI_0102,Greetings__52. Good afternoon__MVI_0102.npy,9
Greetings,52. Good afternoon,MVI_0103,Greetings__52. Good afternoon__MVI_0103.npy,10
Greetings,52. Good afternoon,MVI_9936,Greetings__52. Good afternoon__MVI_9936.npy,11
Greetings,52. Good afternoon,MVI_9937,Greetings__52. Good afternoon__MVI_9937.npy,12
Greetings,52. Good afternoon,MVI_9938,Greetings__52. Good afternoon__MVI_9938.npy,13
Greetings,52. Good afternoon,MVI_9939,Greetings__52. Good afternoon__MVI_9939.npy,14
Greetings,52. Good afternoon,MVI_9972,Greetings__52. Good afternoon__MVI_9972.npy,0
Greetings,52. Good afternoon,MVI_9973,Greetings__52. Good afternoon__MVI_9973.npy,1
Greetings,52. Good afternoon,MVI_9974,Greetings__52. Good afternoon__MVI_9974.npy,2
Greetings,52. Good afternoon,MVI_9975,Greetings__52. Good afternoon__MVI_9975.npy,3
Greetings,52. Good afternoon,MVI_9994,Greetings__52. Good afternoon__MVI_9994.npy,4
Greetings,52. Good afternoon,MVI_9995,Greetings__52. Good afternoon__MVI_9995.npy,5
Greetings,52. Good afternoon,MVI_9996,Greetings__52. Good afternoon__MVI_9996.npy,6
Greetings,53. Good evening,MVI_0001,Greetings__53. Good evening__MVI_0001.npy,0
Greetings,53. Good evening,MVI_0052,Greetings__53. Good evening__MVI_0052.npy,1
Greetings,53. Good evening,MVI_0053,Greetings__53. Good evening__MVI_0053.npy,2
Greetings,53. Good evening,MVI_0054,Greetings__53. Good evening__MVI_0054.npy,3
Greetings,53. Good evening,MVI_0055,Greetings__53. Good evening__MVI_0055.npy,4
Greetings,53. Good evening,MVI_005_4 (1),Greetings__53. Good evening__MVI_005_4 (1).npy,5
Greetings,53. Good evening,MVI_005_4 (2),Greetings__53. Good evening__MVI_005_4 (2).npy,6
Greetings,53. Good evening,MVI_005_4 (3),Greetings__53. Good evening__MVI_005_4 (3).npy,7
Greetings,53. Good evening,MVI_0105,Greetings__53. Good evening__MVI_0105.npy,8
Greetings,53. Good evening,MVI_0106,Greetings__53. Good evening__MVI_0106.npy,9
Greetings,53. Good evening,MVI_0107,Greetings__53. Good evening__MVI_0107.npy,10
Greetings,53. Good evening,MVI_9940,Greetings__53. Good evening__MVI_9940.npy,11
Greetings,53. Good evening,MVI_9941,Greetings__53. Good evening__MVI_9941.npy,12
Greetings,53. Good evening,MVI_9942,Greetings__53. Good evening__MVI_9942.npy,13
Greetings,53. Good evening,MVI_9943,Greetings__53. Good evening__MVI_9943.npy,14
Greetings,53. Good evening,MVI_9976,Greetings__53. Good evening__MVI_9976.npy,0
Greetings,53. Good evening,MVI_9977,Greetings__53. Good evening__MVI_9977.npy,1
Greetings,53. Good evening,MVI_9978,Greetings__53. Good evening__MVI_9978.npy,2
Greetings,53. Good evening,MVI_9979,Greetings__53. Good evening__MVI_9979.npy,3
Greetings,53. Good evening,MVI_9998,Greetings__53. Good evening__MVI_9998.npy,4
Greetings,53. Good evening,MVI_9999,Greetings__53. Good evening__MVI_9999.npy,5
Greetings,54. Good night,MVI_0002,Greetings__54. Good night__MVI_0002.npy,0
Greetings,54. Good night,MVI_0003,Greetings__54. Good night__MVI_0003.npy,1
Greetings,54. Good night,MVI_0004,Greetings__54. Good night__MVI_0004.npy,2
Greetings,54. Good night,MVI_0055,Greetings__54. Good night__MVI_0055.npy,3
Greetings,54. Good night,MVI_0056,Greetings__54. Good night__MVI_0056.npy,4
Greetings,54. Good night,MVI_0057,Greetings__54. Good night__MVI_0057.npy,5
Greetings,54. Good night,MVI_0057_,Greetings__54. Good night__MVI_0057_.npy,6
Greetings,54. Good night,MVI_0058,Greetings__54. Good night__MVI_0058.npy,7
Greetings,54. Good night,MVI_0059,Greetings__54. Good night__MVI_0059.npy,8
Greetings,54. Good night,MVI_005_6,Greetings__54. Good night__MVI_005_6.npy,9
Greetings,54. Good night,MVI_0108,Greetings__54. Good night__MVI_0108.npy,10
Greetings,54. Good night,MVI_0109,Greetings__54. Good night__MVI_0109.npy,11
Greetings,54. Good night,MVI_0110,Greetings__54. Good night__MVI_0110.npy,12
Greetings,54. Good night,MVI_9944,Greetings__54. Good night__MVI_9944.npy,13
Greetings,54. Good night,MVI_9945,Greetings__54. Good night__MVI_9945.npy,14
Greetings,54. Good night,MVI_9946,Greetings__54. Good night__MVI_9946.npy,0
Greetings,54. Good night,MVI_9947,Greetings__54. Good night__MVI_9947.npy,1
Greetings,54. Good night,MVI_9980,Greetings__54. Good night__MVI_9980.npy,2
Greetings,54. Good night,MVI_9981,Greetings__54. Good night__MVI_9981.npy,3
Greetings,54. Good night,MVI_9982,Greetings__54. Good night__MVI_9982.npy,4
Greetings,54. Good night,MVI_9983,Greetings__54. Good night__MVI_9983.npy,5
Greetings,55. Thank you,MVI_0006,Greetings__55. Thank you__MVI_0006.npy,0
Greetings,55. Thank you,MVI_0007,Greetings__55. Thank you__MVI_0007.npy,1
Greetings,55. Thank you,MVI_0008,Greetings__55. Thank you__MVI_0008.npy,2
Greetings,55. Thank you,MVI_0058,Greetings__55. Thank you__MVI_0058.npy,3
Greetings,55. Thank you,MVI_0059,Greetings__55. Thank you__MVI_0059.npy,4
Greetings,55. Thank you,MVI_0060,Greetings__55. Thank you__MVI_0060.npy,5
Greetings,55. Thank you,MVI_0060_,Greetings__55. Thank you__MVI_0060_.npy,6
Greetings,55. Thank you,MVI_0061,Greetings__55. Thank you__MVI_0061.npy,7
Greetings,55. Thank you,MVI_0062,Greetings__55. Thank you__MVI_0062.npy,8
Greetings,55. Thank you,MVI_0063,Greetings__55. Thank you__MVI_0063.npy,9
Greetings,55. Thank you,MVI_0111,Greetings__55. Thank you__MVI_0111.npy,10
Greetings,55. Thank you,MVI_0112,Greetings__55. Thank you__MVI_0112.npy,11
Greetings,55. Thank you,MVI_0113,Greetings__55. Thank you__MVI_0113.npy,12
Greetings,55. Thank you,MVI_9948,Greetings__55. Thank you__MVI_9948.npy,13
Greetings,55. Thank you,MVI_9949,Greetings__55. Thank you__MVI_9949.npy,14
Greetings,55. Thank you,MVI_9950,Greetings__55. Thank you__MVI_9950.npy,0
Greetings,55. Thank you,MVI_9951,Greetings__55. Thank you__MVI_9951.npy,1
Greetings,55. Thank you,MVI_9984,Greetings__55. Thank you__MVI_9984.npy,2
Greetings,55. Thank you,MVI_9985,Greetings__55. Thank you__MVI_9985.npy,3
Greetings,55. Thank you,MVI_9986,Greetings__55. Thank you__MVI_9986.npy,4
Greetings,55. Thank you,MVI_9987,Greetings__55. Thank you__MVI_9987.npy,5
Greetings,56. Pleased,MVI_0009,Greetings__56. Pleased__MVI_0009.npy,0
Greetings,56. Pleased,MVI_0010,Greetings__56. Pleased__MVI_0010.npy,1
Greetings,56. Pleased,MVI_0011,Greetings__56. Pleased__MVI_0011.npy,2
Greetings,56. Pleased,MVI_0061,Greetings__56. Pleased__MVI_0061.npy,3
Greetings,56. Pleased,MVI_0062,Greetings__56. Pleased__MVI_0062.npy,4
Greetings,56. Pleased,MVI_0063,Greetings__56. Pleased__MVI_0063.npy,5
Greetings,56. Pleased,MVI_0065,Greetings__56. Pleased__MVI_0065.npy,6
Greetings,56. Pleased,MVI_0066,Greetings__56. Pleased__MVI_0066.npy,7
Greetings,56. Pleased,MVI_0067,Greetings__56. Pleased__MVI_0067.npy,8
Greetings,56. Pleased,MVI_0068,Greetings__56. Pleased__MVI_0068.npy,9
Greetings,56. Pleased,MVI_0114,Greetings__56. Pleased__MVI_0114.npy,10
Greetings,56. Pleased,MVI_0115,Greetings__56. Pleased__MVI_0115.npy,11
Greetings,56. Pleased,MVI_0116,Greetings__56. Pleased__MVI_0116.npy,12
Greetings,56. Pleased,MVI_9952,Greetings__56. Pleased__MVI_9952.npy,13
Greetings,56. Pleased,MVI_9953,Greetings__56. Pleased__MVI_9953.npy,14
Greetings,56. Pleased,MVI_9954,Greetings__56. Pleased__MVI_9954.npy,0
Greetings,56. Pleased,MVI_9955,Greetings__56. Pleased__MVI_9955.npy,1
Greetings,56. Pleased,MVI_9988,Greetings__56. Pleased__MVI_9988.npy,2
Greetings,56. Pleased,MVI_9989,Greetings__56. Pleased__MVI_9989.npy,3
Greetings,56. Pleased,MVI_9990,Greetings__56. Pleased__MVI_9990.npy,4
Greetings,56. Pleased,MVI_9991,Greetings__56. Pleased__MVI_9991.npy,5
Home,24. Table,MVI_4344,Home__24. Table__MVI_4344.npy,0
Home,24. Table,MVI_4345,Home__24. Table__MVI_4345.npy,1
Home,24. Table,MVI_4346,Home__24. Table__MVI_4346.npy,2
Home,24. Table,MVI_4347,Home__24. Table__MVI_4347.npy,3
Home,24. Table,MVI_4869,Home__24. Table__MVI_4869.npy,4
Home,24. Table,MVI_4870,Home__24. Table__MVI_4870.npy,5
Home,24. Table,MVI_4871,Home__24. Table__MVI_4871.npy,6
Home,24. Table,MVI_8750,Home__24. Table__MVI_8750.npy,7
Home,24. Table,MVI_8751,Home__24. Table__MVI_8751.npy,8
Home,24. Table,MVI_8752,Home__24. Table__MVI_8752.npy,9
Home,24. Table,MVI_8753,Home__24. Table__MVI_8753.npy,10
Home,24. Table,MVI_9001,Home__24. Table__MVI_9001.npy,11
Home,24. Table,MVI_9002,Home__24. Table__MVI_9002.npy,12
Home,24. Table,MVI_9003,Home__24. Table__MVI_9003.npy,13
Home,25. Chair,MVI_4348,Home__25. Chair__MVI_4348.npy,0
Home,25. Chair,MVI_4349,Home__25. Chair__MVI_4349.npy,1
Home,25. Chair,MVI_4350,Home__25. Chair__MVI_4350.npy,2
Home,25. Chair,MVI_4351,Home__25. Chair__MVI_4351.npy,3
Home,25. Chair,MVI_4872,Home__25. Chair__MVI_4872.npy,4
Home,25. Chair,MVI_4873,Home__25. Chair__MVI_4873.npy,5
Home,25. Chair,MVI_4874,Home__25. Chair__MVI_4874.npy,6
Home,25. Chair,MVI_8754,Home__25. Chair__MVI_8754.npy,7
Home,25. Chair,MVI_8755,Home__25. Chair__MVI_8755.npy,8
Home,25. Chair,MVI_8756,Home__25. Chair__MVI_8756.npy,9
Home,25. Chair,MVI_8757,Home__25. Chair__MVI_8757.npy,10
Home,25. Chair,MVI_9004,Home__25. Chair__MVI_9004.npy,11
Home,25. Chair,MVI_9005,Home__25. Chair__MVI_9005.npy,12
Home,25. Chair,MVI_9006,Home__25. Chair__MVI_9006.npy,13
Home,26. Bed,MVI_4352,Home__26. Bed__MVI_4352.npy,0
Home,26. Bed,MVI_4353,Home__26. Bed__MVI_4353.npy,1
Home,26. Bed,MVI_4354,Home__26. Bed__MVI_4354.npy,2
Home,26. Bed,MVI_4355,Home__26. Bed__MVI_4355.npy,3
Home,26. Bed,MVI_4875,Home__26. Bed__MVI_4875.npy,4
Home,26. Bed,MVI_4876,Home__26. Bed__MVI_4876.npy,5
Home,26. Bed,MVI_4877,Home__26. Bed__MVI_4877.npy,6
Home,26. Bed,MVI_8758,Home__26. Bed__MVI_8758.npy,7
Home,26. Bed,MVI_8759,Home__26. Bed__MVI_8759.npy,8
Home,26. Bed,MVI_8760,Home__26. Bed__MVI_8760.npy,9
Home,26. Bed,MVI_8761,Home__26. Bed__MVI_8761.npy,10
Home,26. Bed,MVI_9007,Home__26. Bed__MVI_9007.npy,11
Home,26. Bed,MVI_9008,Home__26. Bed__MVI_9008.npy,12
Home,26. Bed,MVI_9009,Home__26. Bed__MVI_9009.npy,13
Home,27. Dream,MVI_4357,Home__27. Dream__MVI_4357.npy,0
Home,27. Dream,MVI_4359,Home__27. Dream__MVI_4359.npy,1
Home,27. Dream,MVI_4360,Home__27. Dream__MVI_4360.npy,2
Home,27. Dream,MVI_4361,Home__27. Dream__MVI_4361.npy,3
Home,27. Dream,MVI_4878,Home__27. Dream__MVI_4878.npy,4
Home,27. Dream,MVI_4879,Home__27. Dream__MVI_4879.npy,5
Home,27. Dream,MVI_4880,Home__27. Dream__MVI_4880.npy,6
Home,27. Dream,MVI_8762,Home__27. Dream__MVI_8762.npy,7
Home,27. Dream,MVI_8763,Home__27. Dream__MVI_8763.npy,8
Home,27. Dream,MVI_8764,Home__27. Dream__MVI_8764.npy,9
Home,27. Dream,MVI_8765,Home__27. Dream__MVI_8765.npy,10
Home,27. Dream,MVI_9010,Home__27. Dream__MVI_9010.npy,11
Home,27. Dream,MVI_9011,Home__27. Dream__MVI_9011.npy,12
Home,27. Dream,MVI_9012,Home__27. Dream__MVI_9012.npy,13
Home,28. Window,MVI_4362,Home__28. Window__MVI_4362.npy,0
Home,28. Window,MVI_4363,Home__28. Window__MVI_4363.npy,1
Home,28. Window,MVI_4364,Home__28. Window__MVI_4364.npy,2
Home,28. Window,MVI_4365,Home__28. Window__MVI_4365.npy,3
Home,28. Window,MVI_4881,Home__28. Window__MVI_4881.npy,4
Home,28. Window,MVI_4882,Home__28. Window__MVI_4882.npy,5
Home,28. Window,MVI_4883,Home__28. Window__MVI_4883.npy,6
Home,28. Window,MVI_8766,Home__28. Window__MVI_8766.npy,7
Home,28. Window,MVI_8767,Home__28. Window__MVI_8767.npy,8
Home,28. Window,MVI_8768,Home__28. Window__MVI_8768.npy,9
Home,28. Window,MVI_8769,Home__28. Window__MVI_8769.npy,10
Home,28. Window,MVI_9013,Home__28. Window__MVI_9013.npy,11
Home,28. Window,MVI_9014,Home__28. Window__MVI_9014.npy,12
Home,28. Window,MVI_9015,Home__28. Window__MVI_9015.npy,13
Home,29. Door,MVI_4366,Home__29. Door__MVI_4366.npy,0
Home,29. Door,MVI_4367,Home__29. Door__MVI_4367.npy,1
Home,29. Door,MVI_4368,Home__29. Door__MVI_4368.npy,2
Home,29. Door,MVI_4369,Home__29. Door__MVI_4369.npy,3
Home,29. Door,MVI_4884,Home__29. Door__MVI_4884.npy,4
Home,29. Door,MVI_4885,Home__29. Door__MVI_4885.npy,5
Home,29. Door,MVI_4886,Home__29. Door__MVI_4886.npy,6
Home,29. Door,MVI_8770,Home__29. Door__MVI_8770.npy,7
Home,29. Door,MVI_8771,Home__29. Door__MVI_8771.npy,8
Home,29. Door,MVI_8772,Home__29. Door__MVI_8772.npy,9
Home,29. Door,MVI_8773,Home__29. Door__MVI_8773.npy,10
Home,29. Door,MVI_9016,Home__29. Door__MVI_9016.npy,11
Home,29. Door,MVI_9017,Home__29. Door__MVI_9017.npy,12
Home,29. Door,MVI_9018,Home__29. Door__MVI_9018.npy,13
Home,30. Bedroom,MVI_4370,Home__30. Bedroom__MVI_4370.npy,0
Home,30. Bedroom,MVI_4371,Home__30. Bedroom__MVI_4371.npy,1
Home,30. Bedroom,MVI_4372,Home__30. Bedroom__MVI_4372.npy,2
Home,30. Bedroom,MVI_4373,Home__30. Bedroom__MVI_4373.npy,3
Home,30. Bedroom,MVI_4887,Home__30. Bedroom__MVI_4887.npy,4
Home,30. Bedroom,MVI_4888,Home__30. Bedroom__MVI_4888.npy,5
Home,30. Bedroom,MVI_4896,Home__30. Bedroom__MVI_4896.npy,6
Home,30. Bedroom,MVI_8774,Home__30. Bedroom__MVI_8774.npy,7
Home,30. Bedroom,MVI_8775,Home__30. Bedroom__MVI_8775.npy,8
Home,30. Bedroom,MVI_8776,Home__30. Bedroom__MVI_8776.npy,9
Home,30. Bedroom,MVI_8777,Home__30. Bedroom__MVI_8777.npy,10
Home,30. Bedroom,MVI_9019,Home__30. Bedroom__MVI_9019.npy,11
Home,30. Bedroom,MVI_9020,Home__30. Bedroom__MVI_9020.npy,12
Home,30. Bedroom,MVI_9021,Home__30. Bedroom__MVI_9021.npy,13
Home,31. Kitchen,MVI_4374,Home__31. Kitchen__MVI_4374.npy,0
Home,31. Kitchen,MVI_4375,Home__31. Kitchen__MVI_4375.npy,1
Home,31. Kitchen,MVI_4376,Home__31. Kitchen__MVI_4376.npy,2
Home,31. Kitchen,MVI_4377,Home__31. Kitchen__MVI_4377.npy,3
Home,31. Kitchen,MVI_4897,Home__31. Kitchen__MVI_4897.npy,4
Home,31. Kitchen,MVI_4898,Home__31. Kitchen__MVI_4898.npy,5
Home,31. Kitchen,MVI_4899,Home__31. Kitchen__MVI_4899.npy,6
Home,31. Kitchen,MVI_8778,Home__31. Kitchen__MVI_8778.npy,7
Home,31. Kitchen,MVI_8779,Home__31. Kitchen__MVI_8779.npy,8
Home,31. Kitchen,MVI_8780,Home__31. Kitchen__MVI_8780.npy,9
Home,31. Kitchen,MVI_8781,Home__31. Kitchen__MVI_8781.npy,10
Home,31. Kitchen,MVI_9022,Home__31. Kitchen__MVI_9022.npy,11
Home,31. Kitchen,MVI_9023,Home__31. Kitchen__MVI_9023.npy,12
Home,31. Kitchen,MVI_9024,Home__31. Kitchen__MVI_9024.npy,13
Home,32. Bathroom,MVI_4378,Home__32. Bathroom__MVI_4378.npy,0
Home,32. Bathroom,MVI_4379,Home__32. Bathroom__MVI_4379.npy,1
Home,32. Bathroom,MVI_4380,Home__32. Bathroom__MVI_4380.npy,2
Home,32. Bathroom,MVI_4381,Home__32. Bathroom__MVI_4381.npy,3
Home,32. Bathroom,MVI_4900,Home__32. Bathroom__MVI_4900.npy,4
Home,32. Bathroom,MVI_4901,Home__32. Bathroom__MVI_4901.npy,5
Home,32. Bathroom,MVI_4902,Home__32. Bathroom__MVI_4902.npy,6
Home,32. Bathroom,MVI_8782,Home__32. Bathroom__MVI_8782.npy,7
Home,32. Bathroom,MVI_8783,Home__32. Bathroom__MVI_8783.npy,8
Home,32. Bathroom,MVI_8784,Home__32. Bathroom__MVI_8784.npy,9
Home,32. Bathroom,MVI_8785,Home__32. Bathroom__MVI_8785.npy,10
Home,32. Bathroom,MVI_9025,Home__32. Bathroom__MVI_9025.npy,11
Home,32. Bathroom,MVI_9026,Home__32. Bathroom__MVI_9026.npy,12
Home,32. Bathroom,MVI_9027,Home__32. Bathroom__MVI_9027.npy,13
Home,33. Pencil,MVI_4383,Home__33. Pencil__MVI_4383.npy,0
Home,33. Pencil,MVI_4384,Home__33. Pencil__MVI_4384.npy,1
Home,33. Pencil,MVI_4385,Home__33. Pencil__MVI_4385.npy,2
Home,33. Pencil,MVI_4386,Home__33. Pencil__MVI_4386.npy,3
Home,33. Pencil,MVI_4903,Home__33. Pencil__MVI_4903.npy,4
Home,33. Pencil,MVI_4904,Home__33. Pencil__MVI_4904.npy,5
Home,33. Pencil,MVI_4905,Home__33. Pencil__MVI_4905.npy,6
Home,33. Pencil,MVI_8786,Home__33. Pencil__MVI_8786.npy,7
Home,33. Pencil,MVI_8787,Home__33. Pencil__MVI_8787.npy,8
Home,33. Pencil,MVI_8788,Home__33. Pencil__MVI_8788.npy,9
Home,33. Pencil,MVI_8789,Home__33. Pencil__MVI_8789.npy,10
Home,33. Pencil,MVI_9029,Home__33. Pencil__MVI_9029.npy,11
Home,33. Pencil,MVI_9030,Home__33. Pencil__MVI_9030.npy,12
Home,33. Pencil,MVI_9031,Home__33. Pencil__MVI_9031.npy,13
Home,34. Pen,MVI_4387,Home__34. Pen__MVI_4387.npy,0
Home,34. Pen,MVI_4388,Home__34. Pen__MVI_4388.npy,1
Home,34. Pen,MVI_4389,Home__34. Pen__MVI_4389.npy,2
Home,34. Pen,MVI_4390,Home__34. Pen__MVI_4390.npy,3
Home,34. Pen,MVI_4906,Home__34. Pen__MVI_4906.npy,4
Home,34. Pen,MVI_4907,Home__34. Pen__MVI_4907.npy,5
Home,34. Pen,MVI_4908,Home__34. Pen__MVI_4908.npy,6
Home,34. Pen,MVI_8791,Home__34. Pen__MVI_8791.npy,7
Home,34. Pen,MVI_8793,Home__34. Pen__MVI_8793.npy,8
Home,34. Pen,MVI_8794,Home__34. Pen__MVI_8794.npy,9
Home,34. Pen,MVI_8795,Home__34. Pen__MVI_8795.npy,10
Home,34. Pen,MVI_9032,Home__34. Pen__MVI_9032.npy,11
Home,34. Pen,MVI_9033,Home__34. Pen__MVI_9033.npy,12
Home,34. Pen,MVI_9034,Home__34. Pen__MVI_9034.npy,13
Home,35. Photograph,MVI_4391,Home__35. Photograph__MVI_4391.npy,0
Home,35. Photograph,MVI_4392,Home__35. Photograph__MVI_4392.npy,1
Home,35. Photograph,MVI_4393,Home__35. Photograph__MVI_4393.npy,2
Home,35. Photograph,MVI_4394,Home__35. Photograph__MVI_4394.npy,3
Home,35. Photograph,MVI_4909,Home__35. Photograph__MVI_4909.npy,4
Home,35. Photograph,MVI_4910,Home__35. Photograph__MVI_4910.npy,5
Home,35. Photograph,MVI_4911,Home__35. Photograph__MVI_4911.npy,6
Home,35. Photograph,MVI_8796,Home__35. Photograph__MVI_8796.npy,7
Home,35. Photograph,MVI_8797,Home__35. Photograph__MVI_8797.npy,8
Home,35. Photograph,MVI_8798,Home__35. Photograph__MVI_8798.npy,9
Home,35. Photograph,MVI_8799,Home__35. Photograph__MVI_8799.npy,10
Home,35. Photograph,MVI_9035,Home__35. Photograph__MVI_9035.npy,11
Home,35. Photograph,MVI_9036,Home__35. Photograph__MVI_9036.npy,12
Home,35. Photograph,MVI_9037,Home__35. Photograph__MVI_9037.npy,13
Home,36. Soap,MVI_4395,Home__36. Soap__MVI_4395.npy,0
Home,36. Soap,MVI_4396,Home__36. Soap__MVI_4396.npy,1
Home,36. Soap,MVI_4397,Home__36. Soap__MVI_4397.npy,2
Home,36. Soap,MVI_4398,Home__36. Soap__MVI_4398.npy,3
Home,36. Soap,MVI_4912,Home__36. Soap__MVI_4912.npy,4
Home,36. Soap,MVI_4913,Home__36. Soap__MVI_4913.npy,5
Home,36. Soap,MVI_4914,Home__36. Soap__MVI_4914.npy,6
Home,36. Soap,MVI_8800,Home__36. Soap__MVI_8800.npy,7
Home,36. Soap,MVI_8801,Home__36. Soap__MVI_8801.npy,8
Home,36. Soap,MVI_8802,Home__36. Soap__MVI_8802.npy,9
Home,36. Soap,MVI_8803,Home__36. Soap__MVI_8803.npy,10
Home,36. Soap,MVI_9038,Home__36. Soap__MVI_9038.npy,11
Home,36. Soap,MVI_9039,Home__36. Soap__MVI_9039.npy,12
Home,36. Soap,MVI_9040,Home__36. Soap__MVI_9040.npy,13
Home,37. Book,MVI_4399,Home__37. Book__MVI_4399.npy,0
Home,37. Book,MVI_4400,Home__37. Book__MVI_4400.npy,1
Home,37. Book,MVI_4401,Home__37. Book__MVI_4401.npy,2
Home,37. Book,MVI_4402,Home__37. Book__MVI_4402.npy,3
Home,37. Book,MVI_4915,Home__37. Book__MVI_4915.npy,4
Home,37. Book,MVI_4916,Home__37. Book__MVI_4916.npy,5
Home,37. Book,MVI_4919,Home__37. Book__MVI_4919.npy,6
Home,37. Book,MVI_8804,Home__37. Book__MVI_8804.npy,7
Home,37. Book,MVI_8805,Home__37. Book__MVI_8805.npy,8
Home,37. Book,MVI_8806,Home__37. Book__MVI_8806.npy,9
Home,37. Book,MVI_8807,Home__37. Book__MVI_8807.npy,10
Home,37. Book,MVI_9041,Home__37. Book__MVI_9041.npy,11
Home,37. Book,MVI_9042,Home__37. Book__MVI_9042.npy,12
Home,37. Book,MVI_9043,Home__37. Book__MVI_9043.npy,13
Home,38. Page,MVI_4403,Home__38. Page__MVI_4403.npy,0
Home,38. Page,MVI_4404,Home__38. Page__MVI_4404.npy,1
Home,38. Page,MVI_4405,Home__38. Page__MVI_4405.npy,2
Home,38. Page,MVI_4407,Home__38. Page__MVI_4407.npy,3
Home,38. Page,MVI_4920,Home__38. Page__MVI_4920.npy,4
Home,38. Page,MVI_4921,Home__38. Page__MVI_4921.npy,5
Home,38. Page,MVI_4922,Home__38. Page__MVI_4922.npy,6
Home,38. Page,MVI_8809,Home__38. Page__MVI_8809.npy,7
Home,38. Page,MVI_8810,Home__38. Page__MVI_8810.npy,8
Home,38. Page,MVI_8811,Home__38. Page__MVI_8811.npy,9
Home,38. Page,MVI_8812,Home__38. Page__MVI_8812.npy,10
Home,38. Page,MVI_9045,Home__38. Page__MVI_9045.npy,11
Home,38. Page,MVI_9046,Home__38. Page__MVI_9046.npy,12
Home,38. Page,MVI_9047,Home__38. Page__MVI_9047.npy,13
Home,39. Key,MVI_4408,Home__39. Key__MVI_4408.npy,0
Home,39. Key,MVI_4409,Home__39. Key__MVI_4409.npy,1
Home,39. Key,MVI_4410,Home__39. Key__MVI_4410.npy,2
Home,39. Key,MVI_4411,Home__39. Key__MVI_4411.npy,3
Home,39. Key,MVI_4923,Home__39. Key__MVI_4923.npy,4
Home,39. Key,MVI_4924,Home__39. Key__MVI_4924.npy,5
Home,39. Key,MVI_4925,Home__39. Key__MVI_4925.npy,6
Home,39. Key,MVI_8813,Home__39. Key__MVI_8813.npy,7
Home,39. Key,MVI_8814,Home__39. Key__MVI_8814.npy,8
Home,39. Key,MVI_8815,Home__39. Key__MVI_8815.npy,9
Home,39. Key,MVI_8816,Home__39. Key__MVI_8816.npy,10
Home,39. Key,MVI_9048,Home__39. Key__MVI_9048.npy,11
Home,39. Key,MVI_9049,Home__39. Key__MVI_9049.npy,12
Home,39. Key,MVI_9050,Home__39. Key__MVI_9050.npy,13
Home,40. Paint,MVI_4412,Home__40. Paint__MVI_4412.npy,0
Home,40. Paint,MVI_4413,Home__40. Paint__MVI_4413.npy,1
Home,40. Paint,MVI_4414,Home__40. Paint__MVI_4414.npy,2
Home,40. Paint,MVI_4415,Home__40. Paint__MVI_4415.npy,3
Home,40. Paint,MVI_4926,Home__40. Paint__MVI_4926.npy,4
Home,40. Paint,MVI_4927,Home__40. Paint__MVI_4927.npy,5
Home,40. Paint,MVI_4928,Home__40. Paint__MVI_4928.npy,6
Home,40. Paint,MVI_8817,Home__40. Paint__MVI_8817.npy,7
Home,40. Paint,MVI_8818,Home__40. Paint__MVI_8818.npy,8
Home,40. Paint,MVI_8819,Home__40. Paint__MVI_8819.npy,9
Home,40. Paint,MVI_8820,Home__40. Paint__MVI_8820.npy,10
Home,40. Paint,MVI_8821,Home__40. Paint__MVI_8821.npy,11
Home,40. Paint,MVI_9051,Home__40. Paint__MVI_9051.npy,12
Home,40. Paint,MVI_9052,Home__40. Paint__MVI_9052.npy,13
Home,40. Paint,MVI_9053,Home__40. Paint__MVI_9053.npy,14
Home,41. Letter,MVI_4416,Home__41. Letter__MVI_4416.npy,0
Home,41. Letter,MVI_4417,Home__41. Letter__MVI_4417.npy,1
Home,41. Letter,MVI_4418,Home__41. Letter__MVI_4418.npy,2
Home,41. Letter,MVI_4419,Home__41. Letter__MVI_4419.npy,3
Home,41. Letter,MVI_4929,Home__41. Letter__MVI_4929.npy,4
Home,41. Letter,MVI_4930,Home__41. Letter__MVI_4930.npy,5
Home,41. Letter,MVI_4931,Home__41. Letter__MVI_4931.npy,6
Home,41. Letter,MVI_8822,Home__41. Letter__MVI_8822.npy,7
Home,41. Letter,MVI_8823,Home__41. Letter__MVI_8823.npy,8
Home,41. Letter,MVI_8824,Home__41. Letter__MVI_8824.npy,9
Home,41. Letter,MVI_8825,Home__41. Letter__MVI_8825.npy,10
Home,41. Letter,MVI_9054,Home__41. Letter__MVI_9054.npy,11
Home,41. Letter,MVI_9055,Home__41. Letter__MVI_9055.npy,12
Home,41. Letter,MVI_9056,Home__41. Letter__MVI_9056.npy,13
Home,42. Paper,MVI_4420,Home__42. Paper__MVI_4420.npy,0
Home,42. Paper,MVI_4421,Home__42. Paper__MVI_4421.npy,1
Home,42. Paper,MVI_4422,Home__42. Paper__MVI_4422.npy,2
Home,42. Paper,MVI_4423,Home__42. Paper__MVI_4423.npy,3
Home,42. Paper,MVI_4932,Home__42. Paper__MVI_4932.npy,4
Home,42. Paper,MVI_4933,Home__42. Paper__MVI_4933.npy,5
Home,42. Paper,MVI_4934,Home__42. Paper__MVI_4934.npy,6
Home,42. Paper,MVI_8826,Home__42. Paper__MVI_8826.npy,7
Home,42. Paper,MVI_8827,Home__42. Paper__MVI_8827.npy,8
Home,42. Paper,MVI_8828,Home__42. Paper__MVI_8828.npy,9
Home,42. Paper,MVI_8829,Home__42. Paper__MVI_8829.npy,10
Home,42. Paper,MVI_9057,Home__42. Paper__MVI_9057.npy,11
Home,42. Paper,MVI_9058,Home__42. Paper__MVI_9058.npy,12
Home,42. Paper,MVI_9059,Home__42. Paper__MVI_9059.npy,13
Home,43. Lock,MVI_4424,Home__43. Lock__MVI_4424.npy,0
Home,43. Lock,MVI_4425,Home__43. Lock__MVI_4425.npy,1
Home,43. Lock,MVI_4426,Home__43. Lock__MVI_4426.npy,2
Home,43. Lock,MVI_4427,Home__43. Lock__MVI_4427.npy,3
Home,43. Lock,MVI_4935,Home__43. Lock__MVI_4935.npy,4
Home,43. Lock,MVI_4936,Home__43. Lock__MVI_4936.npy,5
Home,43. Lock,MVI_4937,Home__43. Lock__MVI_4937.npy,6
Home,43. Lock,MVI_8830,Home__43. Lock__MVI_8830.npy,7
Home,43. Lock,MVI_8831,Home__43. Lock__MVI_8831.npy,8
Home,43. Lock,MVI_8832,Home__43. Lock__MVI_8832.npy,9
Home,43. Lock,MVI_8833,Home__43. Lock__MVI_8833.npy,10
Home,43. Lock,MVI_9060,Home__43. Lock__MVI_9060.npy,11
Home,43. Lock,MVI_9061,Home__43. Lock__MVI_9061.npy,12
Home,43. Lock,MVI_9062,Home__43. Lock__MVI_9062.npy,13
Home,44. Telephone,MVI_4428,Home__44. Telephone__MVI_4428.npy,0
Home,44. Telephone,MVI_4429,Home__44. Telephone__MVI_4429.npy,1
Home,44. Telephone,MVI_4430,Home__44. Telephone__MVI_4430.npy,2
Home,44. Telephone,MVI_4431,Home__44. Telephone__MVI_4431.npy,3
Home,44. Telephone,MVI_4938,Home__44. Telephone__MVI_4938.npy,4
Home,44. Telephone,MVI_4939,Home__44. Telephone__MVI_4939.npy,5
Home,44. Telephone,MVI_4940,Home__44. Telephone__MVI_4940.npy,6
Home,44. Telephone,MVI_8834,Home__44. Telephone__MVI_8834.npy,7
Home,44. Telephone,MVI_8835,Home__44. Telephone__MVI_8835.npy,8
Home,44. Telephone,MVI_8836,Home__44. Telephone__MVI_8836.npy,9
Home,44. Telephone,MVI_8837,Home__44. Telephone__MVI_8837.npy,10
Home,44. Telephone,MVI_9070,Home__44. Telephone__MVI_9070.npy,11
Home,44. Telephone,MVI_9071,Home__44. Telephone__MVI_9071.npy,12
Home,44. Telephone,MVI_9072,Home__44. Telephone__MVI_9072.npy,13
Home,45. Bag,MVI_4432,Home__45. Bag__MVI_4432.npy,0
Home,45. Bag,MVI_4433,Home__45. Bag__MVI_4433.npy,1
Home,45. Bag,MVI_4434,Home__45. Bag__MVI_4434.npy,2
Home,45. Bag,MVI_4436,Home__45. Bag__MVI_4436.npy,3
Home,45. Bag,MVI_4941,Home__45. Bag__MVI_4941.npy,4
Home,45. Bag,MVI_4942,Home__45. Bag__MVI_4942.npy,5
Home,45. Bag,MVI_4943,Home__45. Bag__MVI_4943.npy,6
Home,45. Bag,MVI_8838,Home__45. Bag__MVI_8838.npy,7
Home,45. Bag,MVI_8839,Home__45. Bag__MVI_8839.npy,8
Home,45. Bag,MVI_8840,Home__45. Bag__MVI_8840.npy,9
Home,45. Bag,MVI_8841,Home__45. Bag__MVI_8841.npy,10
Home,45. Bag,MVI_9073,Home__45. Bag__MVI_9073.npy,11
Home,45. Bag,MVI_9074,Home__45. Bag__MVI_9074.npy,12
Home,45. Bag,MVI_9075,Home__45. Bag__MVI_9075.npy,13
Home,46. Box,MVI_4437,Home__46. Box__MVI_4437.npy,0
Home,46. Box,MVI_4438,Home__46. Box__MVI_4438.npy,1
Home,46. Box,MVI_4439,Home__46. Box__MVI_4439.npy,2
Home,46. Box,MVI_4440,Home__46. Box__MVI_4440.npy,3
Home,46. Box,MVI_4944,Home__46. Box__MVI_4944.npy,4
Home,46. Box,MVI_4945,Home__46. Box__MVI_4945.npy,5
Home,46. Box,MVI_4946,Home__46. Box__MVI_4946.npy,6
Home,46. Box,MVI_8842,Home__46. Box__MVI_8842.npy,7
Home,46. Box,MVI_8843,Home__46. Box__MVI_8843.npy,8
Home,46. Box,MVI_8844,Home__46. Box__MVI_8844.npy,9
Home,46. Box,MVI_8845,Home__46. Box__MVI_8845.npy,10
Home,46. Box,MVI_9076,Home__46. Box__MVI_9076.npy,11
Home,46. Box,MVI_9077,Home__46. Box__MVI_9077.npy,12
Home,46. Box,MVI_9078,Home__46. Box__MVI_9078.npy,13
Home,47. Gift,MVI_4441,Home__47. Gift__MVI_4441.npy,0
Home,47. Gift,MVI_4442,Home__47. Gift__MVI_4442.npy,1
Home,47. Gift,MVI_4443,Home__47. Gift__MVI_4443.npy,2
Home,47. Gift,MVI_4444,Home__47. Gift__MVI_4444.npy,3
Home,47. Gift,MVI_4947,Home__47. Gift__MVI_4947.npy,4
Home,47. Gift,MVI_4948,Home__47. Gift__MVI_4948.npy,5
Home,47. Gift,MVI_4949,Home__47. Gift__MVI_4949.npy,6
Home,47. Gift,MVI_8846,Home__47. Gift__MVI_8846.npy,7
Home,47. Gift,MVI_8847,Home__47. Gift__MVI_8847.npy,8
Home,47. Gift,MVI_8848,Home__47. Gift__MVI_8848.npy,9
Home,47. Gift,MVI_8849,Home__47. Gift__MVI_8849.npy,10
Home,47. Gift,MVI_9079,Home__47. Gift__MVI_9079.npy,11
Home,47. Gift,MVI_9080,Home__47. Gift__MVI_9080.npy,12
Home,47. Gift,MVI_9081,Home__47. Gift__MVI_9081.npy,13
Home,48. Card,MVI_4445,Home__48. Card__MVI_4445.npy,0
Home,48. Card,MVI_4446,Home__48. Card__MVI_4446.npy,1
Home,48. Card,MVI_4447,Home__48. Card__MVI_4447.npy,2
Home,48. Card,MVI_4448,Home__48. Card__MVI_4448.npy,3
Home,48. Card,MVI_4950,Home__48. Card__MVI_4950.npy,4
Home,48. Card,MVI_4951,Home__48. Card__MVI_4951.npy,5
Home,48. Card,MVI_4952,Home__48. Card__MVI_4952.npy,6
Home,48. Card,MVI_8851,Home__48. Card__MVI_8851.npy,7
Home,48. Card,MVI_8852,Home__48. Card__MVI_8852.npy,8
Home,48. Card,MVI_8853,Home__48. Card__MVI_8853.npy,9
Home,48. Card,MVI_8854,Home__48. Card__MVI_8854.npy,10
Home,48. Card,MVI_9082,Home__48. Card__MVI_9082.npy,11
Home,48. Card,MVI_9083,Home__48. Card__MVI_9083.npy,12
Home,48. Card,MVI_9084,Home__48. Card__MVI_9084.npy,13
Home,49. Ring,MVI_4449,Home__49. Ring__MVI_4449.npy,0
Home,49. Ring,MVI_4450,Home__49. Ring__MVI_4450.npy,1
Home,49. Ring,MVI_4451,Home__49. Ring__MVI_4451.npy,2
Home,49. Ring,MVI_4452,Home__49. Ring__MVI_4452.npy,3
Home,49. Ring,MVI_4953,Home__49. Ring__MVI_4953.npy,4
Home,49. Ring,MVI_4954,Home__49. Ring__MVI_4954.npy,5
Home,49. Ring,MVI_4955,Home__49. Ring__MVI_4955.npy,6
Home,49. Ring,MVI_8856,Home__49. Ring__MVI_8856.npy,7
Home,49. Ring,MVI_8857,Home__49. Ring__MVI_8857.npy,8
Home,49. Ring,MVI_8858,Home__49. Ring__MVI_8858.npy,9
Home,49. Ring,MVI_8859,Home__49. Ring__MVI_8859.npy,10
Home,49. Ring,MVI_9085,Home__49. Ring__MVI_9085.npy,11
Home,49. Ring,MVI_9086,Home__49. Ring__MVI_9086.npy,12
Home,49. Ring,MVI_9087,Home__49. Ring__MVI_9087.npy,13
Home,50. Tool,MVI_4453,Home__50. Tool__MVI_4453.npy,0
Home,50. Tool,MVI_4454,Home__50. Tool__MVI_4454.npy,1
Home,50. Tool,MVI_4455,Home__50. Tool__MVI_4455.npy,2
Home,50. Tool,MVI_4456,Home__50. Tool__MVI_4456.npy,3
Home,50. Tool,MVI_4956,Home__50. Tool__MVI_4956.npy,4
Home,50. Tool,MVI_4957,Home__50. Tool__MVI_4957.npy,5
Home,50. Tool,MVI_4958,Home__50. Tool__MVI_4958.npy,6
Home,50. Tool,MVI_8860,Home__50. Tool__MVI_8860.npy,7
Home,50. Tool,MVI_8861,Home__50. Tool__MVI_8861.npy,8
Home,50. Tool,MVI_8862,Home__50. Tool__MVI_8862.npy,9
Home,50. Tool,MVI_8863,Home__50. Tool__MVI_8863.npy,10
Home,50. Tool,MVI_9088,Home__50. Tool__MVI_9088.npy,11
Home,50. Tool,MVI_9089,Home__50. Tool__MVI_9089.npy,12
Home,50. Tool,MVI_9090,Home__50. Tool__MVI_9090.npy,13
Jobs,84. Teacher,MVI_4457,Jobs__84. Teacher__MVI_4457.npy,0
Jobs,84. Teacher,MVI_4458,Jobs__84. Teacher__MVI_4458.npy,1
Jobs,84. Teacher,MVI_4459,Jobs__84. Teacher__MVI_4459.npy,2
Jobs,84. Teacher,MVI_4460,Jobs__84. Teacher__MVI_4460.npy,3
Jobs,84. Teacher,MVI_4744,Jobs__84. Teacher__MVI_4744.npy,4
Jobs,84. Teacher,MVI_4745,Jobs__84. Teacher__MVI_4745.npy,5
Jobs,84. Teacher,MVI_4746,Jobs__84. Teacher__MVI_4746.npy,6
Jobs,84. Teacher,MVI_5310,Jobs__84. Teacher__MVI_5310.npy,7
Jobs,84. Teacher,MVI_5311,Jobs__84. Teacher__MVI_5311.npy,8
Jobs,84. Teacher,MVI_5312,Jobs__84. Teacher__MVI_5312.npy,9
Jobs,84. Teacher,MVI_5313,Jobs__84. Teacher__MVI_5313.npy,10
Jobs,84. Teacher,MVI_8864,Jobs__84. Teacher__MVI_8864.npy,11
Jobs,84. Teacher,MVI_8865,Jobs__84. Teacher__MVI_8865.npy,12
Jobs,84. Teacher,MVI_8866,Jobs__84. Teacher__MVI_8866.npy,13
Jobs,85. Student,MVI_4462,Jobs__85. Student__MVI_4462.npy,0
Jobs,85. Student,MVI_4463,Jobs__85. Student__MVI_4463.npy,1
Jobs,85. Student,MVI_4464,Jobs__85. Student__MVI_4464.npy,2
Jobs,85. Student,MVI_4465,Jobs__85. Student__MVI_4465.npy,3
Jobs,85. Student,MVI_4747,Jobs__85. Student__MVI_4747.npy,4
Jobs,85. Student,MVI_4748,Jobs__85. Student__MVI_4748.npy,5
Jobs,85. Student,MVI_4749,Jobs__85. Student__MVI_4749.npy,6
Jobs,85. Student,MVI_5314,Jobs__85. Student__MVI_5314.npy,7
Jobs,85. Student,MVI_5315,Jobs__85. Student__MVI_5315.npy,8
Jobs,85. Student,MVI_5316,Jobs__85. Student__MVI_5316.npy,9
Jobs,85. Student,MVI_5317,Jobs__85. Student__MVI_5317.npy,10
Jobs,85. Student,MVI_8868,Jobs__85. Student__MVI_8868.npy,11
Jobs,85. Student,MVI_8869,Jobs__85. Student__MVI_8869.npy,12
Jobs,85. Student,MVI_8870,Jobs__85. Student__MVI_8870.npy,13
Jobs,86. Lawyer,MVI_4466,Jobs__86. Lawyer__MVI_4466.npy,0
Jobs,86. Lawyer,MVI_4467,Jobs__86. Lawyer__MVI_4467.npy,1
Jobs,86. Lawyer,MVI_4468,Jobs__86. Lawyer__MVI_4468.npy,2
Jobs,86. Lawyer,MVI_4469,Jobs__86. Lawyer__MVI_4469.npy,3
Jobs,86. Lawyer,MVI_4750,Jobs__86. Lawyer__MVI_4750.npy,4
Jobs,86. Lawyer,MVI_4752,Jobs__86. Lawyer__MVI_4752.npy,5
Jobs,86. Lawyer,MVI_4753,Jobs__86. Lawyer__MVI_4753.npy,6
Jobs,86. Lawyer,MVI_5318,Jobs__86. Lawyer__MVI_5318.npy,7
Jobs,86. Lawyer,MVI_5319,Jobs__86. Lawyer__MVI_5319.npy,8
Jobs,86. Lawyer,MVI_5320,Jobs__86. Lawyer__MVI_5320.npy,9
Jobs,86. Lawyer,MVI_5321,Jobs__86. Lawyer__MVI_5321.npy,10
Jobs,86. Lawyer,MVI_8871,Jobs__86. Lawyer__MVI_8871.npy,11
Jobs,86. Lawyer,MVI_8872,Jobs__86. Lawyer__MVI_8872.npy,12
Jobs,86. Lawyer,MVI_8873,Jobs__86. Lawyer__MVI_8873.npy,13
Jobs,87. Doctor,MVI_4470,Jobs__87. Doctor__MVI_4470.npy,0
Jobs,87. Doctor,MVI_4471,Jobs__87. Doctor__MVI_4471.npy,1
Jobs,87. Doctor,MVI_4472,Jobs__87. Doctor__MVI_4472.npy,2
Jobs,87. Doctor,MVI_4473,Jobs__87. Doctor__MVI_4473.npy,3
Jobs,87. Doctor,MVI_4754,Jobs__87. Doctor__MVI_4754.npy,4
Jobs,87. Doctor,MVI_4755,Jobs__87. Doctor__MVI_4755.npy,5
Jobs,87. Doctor,MVI_4757,Jobs__87. Doctor__MVI_4757.npy,6
Jobs,87. Doctor,MVI_5322,Jobs__87. Doctor__MVI_5322.npy,7
Jobs,87. Doctor,MVI_5323,Jobs__87. Doctor__MVI_5323.npy,8
Jobs,87. Doctor,MVI_5324,Jobs__87. Doctor__MVI_5324.npy,9
Jobs,87. Doctor,MVI_5325,Jobs__87. Doctor__MVI_5325.npy,10
Jobs,87. Doctor,MVI_8874,Jobs__87. Doctor__MVI_8874.npy,11
Jobs,87. Doctor,MVI_8875,Jobs__87. Doctor__MVI_8875.npy,12
Jobs,87. Doctor,MVI_8876,Jobs__87. Doctor__MVI_8876.npy,13
Jobs,88. Patient,MVI_4474,Jobs__88. Patient__MVI_4474.npy,0
Jobs,88. Patient,MVI_4475,Jobs__88. Patient__MVI_4475.npy,1
Jobs,88. Patient,MVI_4476,Jobs__88. Patient__MVI_4476.npy,2
Jobs,88. Patient,MVI_4477,Jobs__88. Patient__MVI_4477.npy,3
Jobs,88. Patient,MVI_4758,Jobs__88. Patient__MVI_4758.npy,4
Jobs,88. Patient,MVI_4759,Jobs__88. Patient__MVI_4759.npy,5
Jobs,88. Patient,MVI_4760,Jobs__88. Patient__MVI_4760.npy,6
Jobs,88. Patient,MVI_5326,Jobs__88. Patient__MVI_5326.npy,7
Jobs,88. Patient,MVI_5327,Jobs__88. Patient__MVI_5327.npy,8
Jobs,88. Patient,MVI_5328,Jobs__88. Patient__MVI_5328.npy,9
Jobs,88. Patient,MVI_5329,Jobs__88. Patient__MVI_5329.npy,10
Jobs,88. Patient,MVI_8878,Jobs__88. Patient__MVI_8878.npy,11
Jobs,88. Patient,MVI_8879,Jobs__88. Patient__MVI_8879.npy,12
Jobs,88. Patient,MVI_8880,Jobs__88. Patient__MVI_8880.npy,13
Jobs,89. Waiter,MVI_4478,Jobs__89. Waiter__MVI_4478.npy,0
Jobs,89. Waiter,MVI_4479,Jobs__89. Waiter__MVI_4479.npy,1
Jobs,89. Waiter,MVI_4480,Jobs__89. Waiter__MVI_4480.npy,2
Jobs,89. Waiter,MVI_4481,Jobs__89. Waiter__MVI_4481.npy,3
Jobs,89. Waiter,MVI_4761,Jobs__89. Waiter__MVI_4761.npy,4
Jobs,89. Waiter,MVI_4762,Jobs__89. Waiter__MVI_4762.npy,5
Jobs,89. Waiter,MVI_4763,Jobs__89. Waiter__MVI_4763.npy,6
Jobs,89. Waiter,MVI_5333,Jobs__89. Waiter__MVI_5333.npy,7
Jobs,89. Waiter,MVI_5334,Jobs__89. Waiter__MVI_5334.npy,8
Jobs,89. Waiter,MVI_5335,Jobs__89. Waiter__MVI_5335.npy,9
Jobs,89. Waiter,MVI_5337,Jobs__89. Waiter__MVI_5337.npy,10
Jobs,89. Waiter,MVI_8881,Jobs__89. Waiter__MVI_8881.npy,11
Jobs,89. Waiter,MVI_8882,Jobs__89. Waiter__MVI_8882.npy,12
Jobs,89. Waiter,MVI_8883,Jobs__89. Waiter__MVI_8883.npy,13
Jobs,90. Secretary,MVI_4482,Jobs__90. Secretary__MVI_4482.npy,0
Jobs,90. Secretary,MVI_4483,Jobs__90. Secretary__MVI_4483.npy,1
Jobs,90. Secretary,MVI_4484,Jobs__90. Secretary__MVI_4484.npy,2
Jobs,90. Secretary,MVI_4485,Jobs__90. Secretary__MVI_4485.npy,3
Jobs,90. Secretary,MVI_4767,Jobs__90. Secretary__MVI_4767.npy,4
Jobs,90. Secretary,MVI_4768,Jobs__90. Secretary__MVI_4768.npy,5
Jobs,90. Secretary,MVI_4769,Jobs__90. Secretary__MVI_4769.npy,6
Jobs,90. Secretary,MVI_5338,Jobs__90. Secretary__MVI_5338.npy,7
Jobs,90. Secretary,MVI_5339,Jobs__90. Secretary__MVI_5339.npy,8
Jobs,90. Secretary,MVI_5340,Jobs__90. Secretary__MVI_5340.npy,9
Jobs,90. Secretary,MVI_5341,Jobs__90. Secretary__MVI_5341.npy,10
Jobs,90. Secretary,MVI_8884,Jobs__90. Secretary__MVI_8884.npy,11
Jobs,90. Secretary,MVI_8885,Jobs__90. Secretary__MVI_8885.npy,12
Jobs,90. Secretary,MVI_8886,Jobs__90. Secretary__MVI_8886.npy,13
Jobs,91. Priest,MVI_4486,Jobs__91. Priest__MVI_4486.npy,0
Jobs,91. Priest,MVI_4487,Jobs__91. Priest__MVI_4487.npy,1
Jobs,91. Priest,MVI_4488,Jobs__91. Priest__MVI_4488.npy,2
Jobs,91. Priest,MVI_4489,Jobs__91. Priest__MVI_4489.npy,3
Jobs,91. Priest,MVI_4490,Jobs__91. Priest__MVI_4490.npy,4
Jobs,91. Priest,MVI_4770,Jobs__91. Priest__MVI_4770.npy,5
Jobs,91. Priest,MVI_4771,Jobs__91. Priest__MVI_4771.npy,6
Jobs,91. Priest,MVI_4772,Jobs__91. Priest__MVI_4772.npy,7
Jobs,91. Priest,MVI_5342,Jobs__91. Priest__MVI_5342.npy,8
Jobs,91. Priest,MVI_5343,Jobs__91. Priest__MVI_5343.npy,9
Jobs,91. Priest,MVI_5344,Jobs__91. Priest__MVI_5344.npy,10
Jobs,91. Priest,MVI_5345,Jobs__91. Priest__MVI_5345.npy,11
Jobs,91. Priest,MVI_8887,Jobs__91. Priest__MVI_8887.npy,12
Jobs,91. Priest,MVI_8888,Jobs__91. Priest__MVI_8888.npy,13
Jobs,91. Priest,MVI_8889,Jobs__91. Priest__MVI_8889.npy,14
Jobs,92. Police,MVI_4491,Jobs__92. Police__MVI_4491.npy,0
Jobs,92. Police,MVI_4492,Jobs__92. Police__MVI_4492.npy,1
Jobs,92. Police,MVI_4493,Jobs__92. Police__MVI_4493.npy,2
Jobs,92. Police,MVI_4494,Jobs__92. Police__MVI_4494.npy,3
Jobs,92. Police,MVI_4773,Jobs__92. Police__MVI_4773.npy,4
Jobs,92. Police,MVI_4774,Jobs__92. Police__MVI_4774.npy,5
Jobs,92. Police,MVI_4775,Jobs__92. Police__MVI_4775.npy,6
Jobs,92. Police,MVI_5346,Jobs__92. Police__MVI_5346.npy,7
Jobs,92. Police,MVI_5347,Jobs__92. Police__MVI_5347.npy,8
Jobs,92. Police,MVI_5348,Jobs__92. Police__MVI_5348.npy,9
Jobs,92. Police,MVI_5349,Jobs__92. Police__MVI_5349.npy,10
Jobs,92. Police,MVI_8890,Jobs__92. Police__MVI_8890.npy,11
Jobs,92. Police,MVI_8891,Jobs__92. Police__MVI_8891.npy,12
Jobs,92. Police,MVI_8892,Jobs__92. Police__MVI_8892.npy,13
Jobs,93. Soldier,MVI_4495,Jobs__93. Soldier__MVI_4495.npy,0
Jobs,93. Soldier,MVI_4496,Jobs__93. Soldier__MVI_4496.npy,1
Jobs,93. Soldier,MVI_4497,Jobs__93. Soldier__MVI_4497.npy,2
Jobs,93. Soldier,MVI_4498,Jobs__93. Soldier__MVI_4498.npy,3
Jobs,93. Soldier,MVI_4776,Jobs__93. Soldier__MVI_4776.npy,4
Jobs,93. Soldier,MVI_4777,Jobs__93. Soldier__MVI_4777.npy,5
Jobs,93. Soldier,MVI_4778,Jobs__93. Soldier__MVI_4778.npy,6
Jobs,93. Soldier,MVI_5350,Jobs__93. Soldier__MVI_5350.npy,7
Jobs,93. Soldier,MVI_5351,Jobs__93. Soldier__MVI_5351.npy,8
Jobs,93. Soldier,MVI_5352,Jobs__93. Soldier__MVI_5352.npy,9
Jobs,93. Soldier,MVI_5353,Jobs__93. Soldier__MVI_5353.npy,10
Jobs,93. Soldier,MVI_8893,Jobs__93. Soldier__MVI_8893.npy,11
Jobs,93. Soldier,MVI_8894,Jobs__93. Soldier__MVI_8894.npy,12
Jobs,93. Soldier,MVI_8895,Jobs__93. Soldier__MVI_8895.npy,13
Jobs,94. Artist,MVI_4500,Jobs__94. Artist__MVI_4500.npy,0
Jobs,94. Artist,MVI_4501,Jobs__94. Artist__MVI_4501.npy,1
Jobs,94. Artist,MVI_4502,Jobs__94. Artist__MVI_4502.npy,2
Jobs,94. Artist,MVI_4503,Jobs__94. Artist__MVI_4503.npy,3
Jobs,94. Artist,MVI_4779,Jobs__94. Artist__MVI_4779.npy,4
Jobs,94. Artist,MVI_4780,Jobs__94. Artist__MVI_4780.npy,5
Jobs,94. Artist,MVI_4781,Jobs__94. Artist__MVI_4781.npy,6
Jobs,94. Artist,MVI_5354,Jobs__94. Artist__MVI_5354.npy,7
Jobs,94. Artist,MVI_5355,Jobs__94. Artist__MVI_5355.npy,8
Jobs,94. Artist,MVI_5356,Jobs__94. Artist__MVI_5356.npy,9
Jobs,94. Artist,MVI_5357,Jobs__94. Artist__MVI_5357.npy,10
Jobs,94. Artist,MVI_8896,Jobs__94. Artist__MVI_8896.npy,11
Jobs,94. Artist,MVI_8897,Jobs__94. Artist__MVI_8897.npy,12
Jobs,94. Artist,MVI_8898,Jobs__94. Artist__MVI_8898.npy,13
Jobs,95. Author,MVI_4504,Jobs__95. Author__MVI_4504.npy,0
Jobs,95. Author,MVI_4505,Jobs__95. Author__MVI_4505.npy,1
Jobs,95. Author,MVI_4506,Jobs__95. Author__MVI_4506.npy,2
Jobs,95. Author,MVI_4507,Jobs__95. Author__MVI_4507.npy,3
Jobs,95. Author,MVI_4782,Jobs__95. Author__MVI_4782.npy,4
Jobs,95. Author,MVI_4783,Jobs__95. Author__MVI_4783.npy,5
Jobs,95. Author,MVI_4784,Jobs__95. Author__MVI_4784.npy,6
Jobs,95. Author,MVI_5358,Jobs__95. Author__MVI_5358.npy,7
Jobs,95. Author,MVI_5359,Jobs__95. Author__MVI_5359.npy,8
Jobs,95. Author,MVI_5360,Jobs__95. Author__MVI_5360.npy,9
Jobs,95. Author,MVI_5361,Jobs__95. Author__MVI_5361.npy,10
Jobs,95. Author,MVI_8911,Jobs__95. Author__MVI_8911.npy,11
Jobs,95. Author,MVI_8912,Jobs__95. Author__MVI_8912.npy,12
Jobs,95. Author,MVI_8913,Jobs__95. Author__MVI_8913.npy,13
Jobs,96. Manager,MVI_4508,Jobs__96. Manager__MVI_4508.npy,0
Jobs,96. Manager,MVI_4509,Jobs__96. Manager__MVI_4509.npy,1
Jobs,96. Manager,MVI_4510,Jobs__96. Manager__MVI_4510.npy,2
Jobs,96. Manager,MVI_4511,Jobs__96. Manager__MVI_4511.npy,3
Jobs,96. Manager,MVI_4785,Jobs__96. Manager__MVI_4785.npy,4
Jobs,96. Manager,MVI_4786,Jobs__96. Manager__MVI_4786.npy,5
Jobs,96. Manager,MVI_4787,Jobs__96. Manager__MVI_4787.npy,6
Jobs,96. Manager,MVI_5362,Jobs__96. Manager__MVI_5362.npy,7
Jobs,96. Manager,MVI_5363,Jobs__96. Manager__MVI_5363.npy,8
Jobs,96. Manager,MVI_5364,Jobs__96. Manager__MVI_5364.npy,9
Jobs,96. Manager,MVI_5365,Jobs__96. Manager__MVI_5365.npy,10
Jobs,96. Manager,MVI_8914,Jobs__96. Manager__MVI_8914.npy,11
Jobs,96. Manager,MVI_8915,Jobs__96. Manager__MVI_8915.npy,12
Jobs,96. Manager,MVI_8916,Jobs__96. Manager__MVI_8916.npy,13
Jobs,97. Reporter,MVI_4512,Jobs__97. Reporter__MVI_4512.npy,0
Jobs,97. Reporter,MVI_4513,Jobs__97. Reporter__MVI_4513.npy,1
Jobs,97. Reporter,MVI_4514,Jobs__97. Reporter__MVI_4514.npy,2
Jobs,97. Reporter,MVI_4515,Jobs__97. Reporter__MVI_4515.npy,3
Jobs,97. Reporter,MVI_4788,Jobs__97. Reporter__MVI_4788.npy,4
Jobs,97. Reporter,MVI_4789,Jobs__97. Reporter__MVI_4789.npy,5
Jobs,97. Reporter,MVI_4790,Jobs__97. Reporter__MVI_4790.npy,6
Jobs,97. Reporter,MVI_5366,Jobs__97. Reporter__MVI_5366.npy,7
Jobs,97. Reporter,MVI_5367,Jobs__97. Reporter__MVI_5367.npy,8
Jobs,97. Reporter,MVI_5368,Jobs__97. Reporter__MVI_5368.npy,9
Jobs,97. Reporter,MVI_5369,Jobs__97. Reporter__MVI_5369.npy,10
Jobs,97. Reporter,MVI_8917,Jobs__97. Reporter__MVI_8917.npy,11
Jobs,97. Reporter,MVI_8918,Jobs__97. Reporter__MVI_8918.npy,12
Jobs,97. Reporter,MVI_8919,Jobs__97. Reporter__MVI_8919.npy,13
Jobs,98. Actor,MVI_4516,Jobs__98. Actor__MVI_4516.npy,0
Jobs,98. Actor,MVI_4517,Jobs__98. Actor__MVI_4517.npy,1
Jobs,98. Actor,MVI_4518,Jobs__98. Actor__MVI_4518.npy,2
Jobs,98. Actor,MVI_4519,Jobs__98. Actor__MVI_4519.npy,3
Jobs,98. Actor,MVI_4791,Jobs__98. Actor__MVI_4791.npy,4
Jobs,98. Actor,MVI_4792,Jobs__98. Actor__MVI_4792.npy,5
Jobs,98. Actor,MVI_4793,Jobs__98. Actor__MVI_4793.npy,6
Jobs,98. Actor,MVI_5371,Jobs__98. Actor__MVI_5371.npy,7
Jobs,98. Actor,MVI_5372,Jobs__98. Actor__MVI_5372.npy,8
Jobs,98. Actor,MVI_5373,Jobs__98. Actor__MVI_5373.npy,9
Jobs,98. Actor,MVI_5374,Jobs__98. Actor__MVI_5374.npy,10
Jobs,98. Actor,MVI_8921,Jobs__98. Actor__MVI_8921.npy,11
Jobs,98. Actor,MVI_8922,Jobs__98. Actor__MVI_8922.npy,12
Jobs,98. Actor,MVI_8923,Jobs__98. Actor__MVI_8923.npy,13
Jobs,99. Job,MVI_4520,Jobs__99. Job__MVI_4520.npy,0
Jobs,99. Job,MVI_4521,Jobs__99. Job__MVI_4521.npy,1
Jobs,99. Job,MVI_4522,Jobs__99. Job__MVI_4522.npy,2
Jobs,99. Job,MVI_4523,Jobs__99. Job__MVI_4523.npy,3
Jobs,99. Job,MVI_4794,Jobs__99. Job__MVI_4794.npy,4
Jobs,99. Job,MVI_4795,Jobs__99. Job__MVI_4795.npy,5
Jobs,99. Job,MVI_4796,Jobs__99. Job__MVI_4796.npy,6
Jobs,99. Job,MVI_5375,Jobs__99. Job__MVI_5375.npy,7
Jobs,99. Job,MVI_5376,Jobs__99. Job__MVI_5376.npy,8
Jobs,99. Job,MVI_5377,Jobs__99. Job__MVI_5377.npy,9
Jobs,99. Job,MVI_5378,Jobs__99. Job__MVI_5378.npy,10
Jobs,99. Job,MVI_8924,Jobs__99. Job__MVI_8924.npy,11
Jobs,99. Job,MVI_8925,Jobs__99. Job__MVI_8925.npy,12
Jobs,99. Job,MVI_8926,Jobs__99. Job__MVI_8926.npy,13
Means_of_Transportation,10. Plane,MVI_3113,Means_of_Transportation__10. Plane__MVI_3113.npy,0
Means_of_Transportation,10. Plane,MVI_3114,Means_of_Transportation__10. Plane__MVI_3114.npy,1
Means_of_Transportation,10. Plane,MVI_3115,Means_of_Transportation__10. Plane__MVI_3115.npy,2
Means_of_Transportation,10. Plane,MVI_3142,Means_of_Transportation__10. Plane__MVI_3142.npy,3
Means_of_Transportation,10. Plane,MVI_3143,Means_of_Transportation__10. Plane__MVI_3143.npy,4
Means_of_Transportation,10. Plane,MVI_3144,Means_of_Transportation__10. Plane__MVI_3144.npy,5
Means_of_Transportation,10. Plane,MVI_3171,Means_of_Transportation__10. Plane__MVI_3171.npy,6
Means_of_Transportation,10. Plane,MVI_3172,Means_of_Transportation__10. Plane__MVI_3172.npy,7
Means_of_Transportation,10. Plane,MVI_3173,Means_of_Transportation__10. Plane__MVI_3173.npy,8
Means_of_Transportation,10. Plane,MVI_3206,Means_of_Transportation__10. Plane__MVI_3206.npy,9
Means_of_Transportation,10. Plane,MVI_3207,Means_of_Transportation__10. Plane__MVI_3207.npy,10
Means_of_Transportation,10. Plane,MVI_3208,Means_of_Transportation__10. Plane__MVI_3208.npy,11
Means_of_Transportation,10. Plane,MVI_3234,Means_of_Transportation__10. Plane__MVI_3234.npy,12
Means_of_Transportation,10. Plane,MVI_3235,Means_of_Transportation__10. Plane__MVI_3235.npy,13
Means_of_Transportation,10. Plane,MVI_3236,Means_of_Transportation__10. Plane__MVI_3236.npy,14
Means_of_Transportation,10. Plane,MVI_3237,Means_of_Transportation__10. Plane__MVI_3237.npy,0
Means_of_Transportation,10. Plane,MVI_4173,Means_of_Transportation__10. Plane__MVI_4173.npy,1
Means_of_Transportation,10. Plane,MVI_4174,Means_of_Transportation__10. Plane__MVI_4174.npy,2
Means_of_Transportation,10. Plane,MVI_4175,Means_of_Transportation__10. Plane__MVI_4175.npy,3
Means_of_Transportation,10. Plane,MVI_8581,Means_of_Transportation__10. Plane__MVI_8581.npy,4
Means_of_Transportation,10. Plane,MVI_8582,Means_of_Transportation__10. Plane__MVI_8582.npy,5
Means_of_Transportation,11. Car,MVI_3116,Means_of_Transportation__11. Car__MVI_3116.npy,0
Means_of_Transportation,11. Car,MVI_3117,Means_of_Transportation__11. Car__MVI_3117.npy,1
Means_of_Transportation,11. Car,MVI_3118,Means_of_Transportation__11. Car__MVI_3118.npy,2
Means_of_Transportation,11. Car,MVI_3145,Means_of_Transportation__11. Car__MVI_3145.npy,3
Means_of_Transportation,11. Car,MVI_3146,Means_of_Transportation__11. Car__MVI_3146.npy,4
Means_of_Transportation,11. Car,MVI_3147,Means_of_Transportation__11. Car__MVI_3147.npy,5
Means_of_Transportation,11. Car,MVI_3174,Means_of_Transportation__11. Car__MVI_3174.npy,6
Means_of_Transportation,11. Car,MVI_3175,Means_of_Transportation__11. Car__MVI_3175.npy,7
Means_of_Transportation,11. Car,MVI_3176,Means_of_Transportation__11. Car__MVI_3176.npy,8
Means_of_Transportation,11. Car,MVI_3209,Means_of_Transportation__11. Car__MVI_3209.npy,9
Means_of_Transportation,11. Car,MVI_3210,Means_of_Transportation__11. Car__MVI_3210.npy,10
Means_of_Transportation,11. Car,MVI_3211,Means_of_Transportation__11. Car__MVI_3211.npy,11
Means_of_Transportation,11. Car,MVI_3238,Means_of_Transportation__11. Car__MVI_3238.npy,12
Means_of_Transportation,11. Car,MVI_3239,Means_of_Transportation__11. Car__MVI_3239.npy,13
Means_of_Transportation,11. Car,MVI_3240,Means_of_Transportation__11. Car__MVI_3240.npy,14
Means_of_Transportation,11. Car,MVI_4176,Means_of_Transportation__11. Car__MVI_4176.npy,0
Means_of_Transportation,11. Car,MVI_4177,Means_of_Transportation__11. Car__MVI_4177.npy,1
Means_of_Transportation,11. Car,MVI_4178,Means_of_Transportation__11. Car__MVI_4178.npy,2
Means_of_Transportation,11. Car,MVI_8583,Means_of_Transportation__11. Car__MVI_8583.npy,3
Means_of_Transportation,11. Car,MVI_8584,Means_of_Transportation__11. Car__MVI_8584.npy,4
Means_of_Transportation,12. Truck,MVI_3119,Means_of_Transportation__12. Truck__MVI_3119.npy,0
Means_of_Transportation,12. Truck,MVI_3120,Means_of_Transportation__12. Truck__MVI_3120.npy,1
Means_of_Transportation,12. Truck,MVI_3121,Means_of_Transportation__12. Truck__MVI_3121.npy,2
Means_of_Transportation,12. Truck,MVI_3148,Means_of_Transportation__12. Truck__MVI_3148.npy,3
Means_of_Transportation,12. Truck,MVI_3149,Means_of_Transportation__12. Truck__MVI_3149.npy,4
Means_of_Transportation,12. Truck,MVI_3150,Means_of_Transportation__12. Truck__MVI_3150.npy,5
Means_of_Transportation,12. Truck,MVI_3177,Means_of_Transportation__12. Truck__MVI_3177.npy,6
Means_of_Transportation,12. Truck,MVI_3178,Means_of_Transportation__12. Truck__MVI_3178.npy,7
Means_of_Transportation,12. Truck,MVI_3179,Means_of_Transportation__12. Truck__MVI_3179.npy,8
Means_of_Transportation,12. Truck,MVI_3180,Means_of_Transportation__12. Truck__MVI_3180.npy,9
Means_of_Transportation,12. Truck,MVI_3212,Means_of_Transportation__12. Truck__MVI_3212.npy,10
Means_of_Transportation,12. Truck,MVI_3213,Means_of_Transportation__12. Truck__MVI_3213.npy,11
Means_of_Transportation,12. Truck,MVI_3214,Means_of_Transportation__12. Truck__MVI_3214.npy,12
Means_of_Transportation,12. Truck,MVI_3241,Means_of_Transportation__12. Truck__MVI_3241.npy,13
Means_of_Transportation,12. Truck,MVI_3242,Means_of_Transportation__12. Truck__MVI_3242.npy,14
Means_of_Transportation,12. Truck,MVI_3243,Means_of_Transportation__12. Truck__MVI_3243.npy,0
Means_of_Transportation,12. Truck,MVI_4179,Means_of_Transportation__12. Truck__MVI_4179.npy,1
Means_of_Transportation,12. Truck,MVI_4180,Means_of_Transportation__12. Truck__MVI_4180.npy,2
Means_of_Transportation,12. Truck,MVI_4181,Means_of_Transportation__12. Truck__MVI_4181.npy,3
Means_of_Transportation,12. Truck,MVI_8585,Means_of_Transportation__12. Truck__MVI_8585.npy,4
Means_of_Transportation,12. Truck,MVI_8586,Means_of_Transportation__12. Truck__MVI_8586.npy,5
Means_of_Transportation,13. Bicycle,MVI_3122,Means_of_Transportation__13. Bicycle__MVI_3122.npy,0
Means_of_Transportation,13. Bicycle,MVI_3123,Means_of_Transportation__13. Bicycle__MVI_3123.npy,1
Means_of_Transportation,13. Bicycle,MVI_3125,Means_of_Transportation__13. Bicycle__MVI_3125.npy,2
Means_of_Transportation,13. Bicycle,MVI_3151,Means_of_Transportation__13. Bicycle__MVI_3151.npy,3
Means_of_Transportation,13. Bicycle,MVI_3152,Means_of_Transportation__13. Bicycle__MVI_3152.npy,4
Means_of_Transportation,13. Bicycle,MVI_3153,Means_of_Transportation__13. Bicycle__MVI_3153.npy,5
Means_of_Transportation,13. Bicycle,MVI_3181,Means_of_Transportation__13. Bicycle__MVI_3181.npy,6
Means_of_Transportation,13. Bicycle,MVI_3182,Means_of_Transportation__13. Bicycle__MVI_3182.npy,7
Means_of_Transportation,13. Bicycle,MVI_3183,Means_of_Transportation__13. Bicycle__MVI_3183.npy,8
Means_of_Transportation,13. Bicycle,MVI_3215,Means_of_Transportation__13. Bicycle__MVI_3215.npy,9
Means_of_Transportation,13. Bicycle,MVI_3216,Means_of_Transportation__13. Bicycle__MVI_3216.npy,10
Means_of_Transportation,13. Bicycle,MVI_3217,Means_of_Transportation__13. Bicycle__MVI_3217.npy,11
Means_of_Transportation,13. Bicycle,MVI_3244,Means_of_Transportation__13. Bicycle__MVI_3244.npy,12
Means_of_Transportation,13. Bicycle,MVI_3245,Means_of_Transportation__13. Bicycle__MVI_3245.npy,13
Means_of_Transportation,13. Bicycle,MVI_3246,Means_of_Transportation__13. Bicycle__MVI_3246.npy,14
Means_of_Transportation,13. Bicycle,MVI_4182,Means_of_Transportation__13. Bicycle__MVI_4182.npy,0
Means_of_Transportation,13. Bicycle,MVI_4183,Means_of_Transportation__13. Bicycle__MVI_4183.npy,1
Means_of_Transportation,13. Bicycle,MVI_4184,Means_of_Transportation__13. Bicycle__MVI_4184.npy,2
Means_of_Transportation,13. Bicycle,MVI_8587,Means_of_Transportation__13. Bicycle__MVI_8587.npy,3
Means_of_Transportation,13. Bicycle,MVI_8588,Means_of_Transportation__13. Bicycle__MVI_8588.npy,4
Means_of_Transportation,14. Bus,MVI_3126,Means_of_Transportation__14. Bus__MVI_3126.npy,0
Means_of_Transportation,14. Bus,MVI_3127,Means_of_Transportation__14. Bus__MVI_3127.npy,1
Means_of_Transportation,14. Bus,MVI_3128,Means_of_Transportation__14. Bus__MVI_3128.npy,2
Means_of_Transportation,14. Bus,MVI_3155,Means_of_Transportation__14. Bus__MVI_3155.npy,3
Means_of_Transportation,14. Bus,MVI_3156,Means_of_Transportation__14. Bus__MVI_3156.npy,4
Means_of_Transportation,14. Bus,MVI_3157,Means_of_Transportation__14. Bus__MVI_3157.npy,5
Means_of_Transportation,14. Bus,MVI_3184,Means_of_Transportation__14. Bus__MVI_3184.npy,6
Means_of_Transportation,14. Bus,MVI_3185,Means_of_Transportation__14. Bus__MVI_3185.npy,7
Means_of_Transportation,14. Bus,MVI_3186,Means_of_Transportation__14. Bus__MVI_3186.npy,8
Means_of_Transportation,14. Bus,MVI_3218,Means_of_Transportation__14. Bus__MVI_3218.npy,9
Means_of_Transportation,14. Bus,MVI_3219,Means_of_Transportation__14. Bus__MVI_3219.npy,10
Means_of_Transportation,14. Bus,MVI_3220,Means_of_Transportation__14. Bus__MVI_3220.npy,11
Means_of_Transportation,14. Bus,MVI_3247,Means_of_Transportation__14. Bus__MVI_3247.npy,12
Means_of_Transportation,14. Bus,MVI_3248,Means_of_Transportation__14. Bus__MVI_3248.npy,13
Means_of_Transportation,14. Bus,MVI_3249,Means_of_Transportation__14. Bus__MVI_3249.npy,14
Means_of_Transportation,14. Bus,MVI_4185,Means_of_Transportation__14. Bus__MVI_4185.npy,0
Means_of_Transportation,14. Bus,MVI_4186,Means_of_Transportation__14. Bus__MVI_4186.npy,1
Means_of_Transportation,14. Bus,MVI_4187,Means_of_Transportation__14. Bus__MVI_4187.npy,2
Means_of_Transportation,14. Bus,MVI_8589,Means_of_Transportation__14. Bus__MVI_8589.npy,3
Means_of_Transportation,14. Bus,MVI_8590,Means_of_Transportation__14. Bus__MVI_8590.npy,4
Means_of_Transportation,15. Boat,MVI_3129,Means_of_Transportation__15. Boat__MVI_3129.npy,0
Means_of_Transportation,15. Boat,MVI_3130,Means_of_Transportation__15. Boat__MVI_3130.npy,1
Means_of_Transportation,15. Boat,MVI_3131,Means_of_Transportation__15. Boat__MVI_3131.npy,2
Means_of_Transportation,15. Boat,MVI_3158,Means_of_Transportation__15. Boat__MVI_3158.npy,3
Means_of_Transportation,15. Boat,MVI_3159,Means_of_Transportation__15. Boat__MVI_3159.npy,4
Means_of_Transportation,15. Boat,MVI_3160,Means_of_Transportation__15. Boat__MVI_3160.npy,5
Means_of_Transportation,15. Boat,MVI_3187,Means_of_Transportation__15. Boat__MVI_3187.npy,6
Means_of_Transportation,15. Boat,MVI_3189,Means_of_Transportation__15. Boat__MVI_3189.npy,7
Means_of_Transportation,15. Boat,MVI_3190,Means_of_Transportation__15. Boat__MVI_3190.npy,8
Means_of_Transportation,15. Boat,MVI_3191,Means_of_Transportation__15. Boat__MVI_3191.npy,9
Means_of_Transportation,15. Boat,MVI_3221,Means_of_Transportation__15. Boat__MVI_3221.npy,10
Means_of_Transportation,15. Boat,MVI_3222,Means_of_Transportation__15. Boat__MVI_3222.npy,11
Means_of_Transportation,15. Boat,MVI_3223,Means_of_Transportation__15. Boat__MVI_3223.npy,12
Means_of_Transportation,15. Boat,MVI_3250,Means_of_Transportation__15. Boat__MVI_3250.npy,13
Means_of_Transportation,15. Boat,MVI_3251,Means_of_Transportation__15. Boat__MVI_3251.npy,14
Means_of_Transportation,15. Boat,MVI_3252,Means_of_Transportation__15. Boat__MVI_3252.npy,0
Means_of_Transportation,15. Boat,MVI_4188,Means_of_Transportation__15. Boat__MVI_4188.npy,1
Means_of_Transportation,15. Boat,MVI_4189,Means_of_Transportation__15. Boat__MVI_4189.npy,2
Means_of_Transportation,15. Boat,MVI_4190,Means_of_Transportation__15. Boat__MVI_4190.npy,3
Means_of_Transportation,15. Boat,MVI_8594,Means_of_Transportation__15. Boat__MVI_8594.npy,4
Means_of_Transportation,15. Boat,MVI_8595,Means_of_Transportation__15. Boat__MVI_8595.npy,5
Means_of_Transportation,16. train ticket,MVI_3132,Means_of_Transportation__16. train ticket__MVI_3132.npy,0
Means_of_Transportation,16. train ticket,MVI_3133,Means_of_Transportation__16. train ticket__MVI_3133.npy,1
Means_of_Transportation,16. train ticket,MVI_3134,Means_of_Transportation__16. train ticket__MVI_3134.npy,2
Means_of_Transportation,16. train ticket,MVI_3162,Means_of_Transportation__16. train ticket__MVI_3162.npy,3
Means_of_Transportation,16. train ticket,MVI_3163,Means_of_Transportation__16. train ticket__MVI_3163.npy,4
Means_of_Transportation,16. train ticket,MVI_3164,Means_of_Transportation__16. train ticket__MVI_3164.npy,5
Means_of_Transportation,16. train ticket,MVI_3194,Means_of_Transportation__16. train ticket__MVI_3194.npy,6
Means_of_Transportation,16. train ticket,MVI_3195,Means_of_Transportation__16. train ticket__MVI_3195.npy,7
Means_of_Transportation,16. train ticket,MVI_3196,Means_of_Transportation__16. train ticket__MVI_3196.npy,8
Means_of_Transportation,16. train ticket,MVI_3197,Means_of_Transportation__16. train ticket__MVI_3197.npy,9
Means_of_Transportation,16. train ticket,MVI_3224,Means_of_Transportation__16. train ticket__MVI_3224.npy,10
Means_of_Transportation,16. train ticket,MVI_3225,Means_of_Transportation__16. train ticket__MVI_3225.npy,11
Means_of_Transportation,16. train ticket,MVI_3226,Means_of_Transportation__16. train ticket__MVI_3226.npy,12
Means_of_Transportation,16. train ticket,MVI_3253,Means_of_Transportation__16. train ticket__MVI_3253.npy,13
Means_of_Transportation,16. train ticket,MVI_3254,Means_of_Transportation__16. train ticket__MVI_3254.npy,14
Means_of_Transportation,16. train ticket,MVI_3255,Means_of_Transportation__16. train ticket__MVI_3255.npy,0
Means_of_Transportation,16. train ticket,MVI_4191,Means_of_Transportation__16. train ticket__MVI_4191.npy,1
Means_of_Transportation,16. train ticket,MVI_4192,Means_of_Transportation__16. train ticket__MVI_4192.npy,2
Means_of_Transportation,16. train ticket,MVI_4193,Means_of_Transportation__16. train ticket__MVI_4193.npy,3
Means_of_Transportation,16. train ticket,MVI_8596,Means_of_Transportation__16. train ticket__MVI_8596.npy,4
Means_of_Transportation,16. train ticket,MVI_8597,Means_of_Transportation__16. train ticket__MVI_8597.npy,5
Means_of_Transportation,17. Transportation,MVI_3135,Means_of_Transportation__17. Transportation__MVI_3135.npy,0
Means_of_Transportation,17. Transportation,MVI_3136,Means_of_Transportation__17. Transportation__MVI_3136.npy,1
Means_of_Transportation,17. Transportation,MVI_3137,Means_of_Transportation__17. Transportation__MVI_3137.npy,2
Means_of_Transportation,17. Transportation,MVI_3165,Means_of_Transportation__17. Transportation__MVI_3165.npy,3
Means_of_Transportation,17. Transportation,MVI_3166,Means_of_Transportation__17. Transportation__MVI_3166.npy,4
Means_of_Transportation,17. Transportation,MVI_3167,Means_of_Transportation__17. Transportation__MVI_3167.npy,5
Means_of_Transportation,17. Transportation,MVI_3198,Means_of_Transportation__17. Transportation__MVI_3198.npy,6
Means_of_Transportation,17. Transportation,MVI_3199,Means_of_Transportation__17. Transportation__MVI_3199.npy,7
Means_of_Transportation,17. Transportation,MVI_3200,Means_of_Transportation__17. Transportation__MVI_3200.npy,8
Means_of_Transportation,17. Transportation,MVI_3201,Means_of_Transportation__17. Transportation__MVI_3201.npy,9
Means_of_Transportation,17. Transportation,MVI_3227,Means_of_Transportation__17. Transportation__MVI_3227.npy,10
Means_of_Transportation,17. Transportation,MVI_3228,Means_of_Transportation__17. Transportation__MVI_3228.npy,11
Means_of_Transportation,17. Transportation,MVI_3229,Means_of_Transportation__17. Transportation__MVI_3229.npy,12
Means_of_Transportation,17. Transportation,MVI_3256,Means_of_Transportation__17. Transportation__MVI_3256.npy,13
Means_of_Transportation,17. Transportation,MVI_3257,Means_of_Transportation__17. Transportation__MVI_3257.npy,14
Means_of_Transportation,17. Transportation,MVI_3258,Means_of_Transportation__17. Transportation__MVI_3258.npy,0
Means_of_Transportation,17. Transportation,MVI_4194,Means_of_Transportation__17. Transportation__MVI_4194.npy,1
Means_of_Transportation,17. Transportation,MVI_4195,Means_of_Transportation__17. Transportation__MVI_4195.npy,2
Means_of_Transportation,17. Transportation,MVI_4196,Means_of_Transportation__17. Transportation__MVI_4196.npy,3
Means_of_Transportation,17. Transportation,MVI_8598,Means_of_Transportation__17. Transportation__MVI_8598.npy,4
Means_of_Transportation,17. Transportation,MVI_8599,Means_of_Transportation__17. Transportation__MVI_8599.npy,5
Means_of_Transportation,9. Train,MVI_3110,Means_of_Transportation__9. Train__MVI_3110.npy,0
Means_of_Transportation,9. Train,MVI_3111,Means_of_Transportation__9. Train__MVI_3111.npy,1
Means_of_Transportation,9. Train,MVI_3112,Means_of_Transportation__9. Train__MVI_3112.npy,2
Means_of_Transportation,9. Train,MVI_3139,Means_of_Transportation__9. Train__MVI_3139.npy,3
Means_of_Transportation,9. Train,MVI_3140,Means_of_Transportation__9. Train__MVI_3140.npy,4
Means_of_Transportation,9. Train,MVI_3141,Means_of_Transportation__9. Train__MVI_3141.npy,5
Means_of_Transportation,9. Train,MVI_3168,Means_of_Transportation__9. Train__MVI_3168.npy,6
Means_of_Transportation,9. Train,MVI_3169,Means_of_Transportation__9. Train__MVI_3169.npy,7
Means_of_Transportation,9. Train,MVI_3170,Means_of_Transportation__9. Train__MVI_3170.npy,8
Means_of_Transportation,9. Train,MVI_3202,Means_of_Transportation__9. Train__MVI_3202.npy,9
Means_of_Transportation,9. Train,MVI_3203,Means_of_Transportation__9. Train__MVI_3203.npy,10
Means_of_Transportation,9. Train,MVI_3204,Means_of_Transportation__9. Train__MVI_3204.npy,11
Means_of_Transportation,9. Train,MVI_3230,Means_of_Transportation__9. Train__MVI_3230.npy,12
Means_of_Transportation,9. Train,MVI_3231,Means_of_Transportation__9. Train__MVI_3231.npy,13
Means_of_Transportation,9. Train,MVI_3232,Means_of_Transportation__9. Train__MVI_3232.npy,14
Means_of_Transportation,9. Train,MVI_3233,Means_of_Transportation__9. Train__MVI_3233.npy,0
Means_of_Transportation,9. Train,MVI_4170,Means_of_Transportation__9. Train__MVI_4170.npy,1
Means_of_Transportation,9. Train,MVI_4171,Means_of_Transportation__9. Train__MVI_4171.npy,2
Means_of_Transportation,9. Train,MVI_4172,Means_of_Transportation__9. Train__MVI_4172.npy,3
Means_of_Transportation,9. Train,MVI_8579,Means_of_Transportation__9. Train__MVI_8579.npy,4
Means_of_Transportation,9. Train,MVI_8580,Means_of_Transportation__9. Train__MVI_8580.npy,5
People,58. Son,MVI_3753,People__58. Son__MVI_3753.npy,0
People,58. Son,MVI_3754,People__58. Son__MVI_3754.npy,1
People,58. Son,MVI_3755,People__58. Son__MVI_3755.npy,2
People,58. Son,MVI_3900,People__58. Son__MVI_3900.npy,3
People,58. Son,MVI_3901,People__58. Son__MVI_3901.npy,4
People,58. Son,MVI_3902,People__58. Son__MVI_3902.npy,5
People,58. Son,MVI_4051,People__58. Son__MVI_4051.npy,6
People,58. Son,MVI_4052,People__58. Son__MVI_4052.npy,7
People,58. Son,MVI_4053,People__58. Son__MVI_4053.npy,8
People,58. Son,MVI_4219,People__58. Son__MVI_4219.npy,9
People,58. Son,MVI_4931,People__58. Son__MVI_4931.npy,10
People,58. Son,MVI_4932,People__58. Son__MVI_4932.npy,11
People,58. Son,MVI_4933,People__58. Son__MVI_4933.npy,12
People,58. Son,MVI_5071,People__58. Son__MVI_5071.npy,13
People,58. Son,MVI_5072,People__58. Son__MVI_5072.npy,14
People,58. Son,MVI_5073,People__58. Son__MVI_5073.npy,0
People,58. Son,MVI_5218,People__58. Son__MVI_5218.npy,1
People,58. Son,MVI_5219,People__58. Son__MVI_5219.npy,2
People,58. Son,MVI_5220,People__58. Son__MVI_5220.npy,3
People,58. Son,MVI_8623,People__58. Son__MVI_8623.npy,4
People,59. Daughter,MVI_3756,People__59. Daughter__MVI_3756.npy,0
People,59. Daughter,MVI_3757,People__59. Daughter__MVI_3757.npy,1
People,59. Daughter,MVI_3758,People__59. Daughter__MVI_3758.npy,2
People,59. Daughter,MVI_3903,People__59. Daughter__MVI_3903.npy,3
People,59. Daughter,MVI_3904,People__59. Daughter__MVI_3904.npy,4
People,59. Daughter,MVI_3905,People__59. Daughter__MVI_3905.npy,5
People,59. Daughter,MVI_4054,People__59. Daughter__MVI_4054.npy,6
People,59. Daughter,MVI_4055,People__59. Daughter__MVI_4055.npy,7
People,59. Daughter,MVI_4056,People__59. Daughter__MVI_4056.npy,8
People,59. Daughter,MVI_4221,People__59. Daughter__MVI_4221.npy,9
People,59. Daughter,MVI_4934,People__59. Daughter__MVI_4934.npy,10
People,59. Daughter,MVI_4935,People__59. Daughter__MVI_4935.npy,11
People,59. Daughter,MVI_4936,People__59. Daughter__MVI_4936.npy,12
People,59. Daughter,MVI_5074,People__59. Daughter__MVI_5074.npy,13
People,59. Daughter,MVI_5075,People__59. Daughter__MVI_5075.npy,14
People,59. Daughter,MVI_5076,People__59. Daughter__MVI_5076.npy,0
People,59. Daughter,MVI_5221,People__59. Daughter__MVI_5221.npy,1
People,59. Daughter,MVI_5222,People__59. Daughter__MVI_5222.npy,2
People,59. Daughter,MVI_5223,People__59. Daughter__MVI_5223.npy,3
People,59. Daughter,MVI_8624,People__59. Daughter__MVI_8624.npy,4
People,60. Mother,MVI_3760,People__60. Mother__MVI_3760.npy,0
People,60. Mother,MVI_3761,People__60. Mother__MVI_3761.npy,1
People,60. Mother,MVI_3762,People__60. Mother__MVI_3762.npy,2
People,60. Mother,MVI_3906,People__60. Mother__MVI_3906.npy,3
People,60. Mother,MVI_3907,People__60. Mother__MVI_3907.npy,4
People,60. Mother,MVI_3908,People__60. Mother__MVI_3908.npy,5
People,60. Mother,MVI_4057,People__60. Mother__MVI_4057.npy,6
People,60. Mother,MVI_4058,People__60. Mother__MVI_4058.npy,7
People,60. Mother,MVI_4059,People__60. Mother__MVI_4059.npy,8
People,60. Mother,MVI_4222,People__60. Mother__MVI_4222.npy,9
People,60. Mother,MVI_4937,People__60. Mother__MVI_4937.npy,10
People,60. Mother,MVI_4938,People__60. Mother__MVI_4938.npy,11
People,60. Mother,MVI_4939,People__60. Mother__MVI_4939.npy,12
People,60. Mother,MVI_5077,People__60. Mother__MVI_5077.npy,13
People,60. Mother,MVI_5078,People__60. Mother__MVI_5078.npy,14
People,60. Mother,MVI_5079,People__60. Mother__MVI_5079.npy,0
People,60. Mother,MVI_5224,People__60. Mother__MVI_5224.npy,1
People,60. Mother,MVI_5225,People__60. Mother__MVI_5225.npy,2
People,60. Mother,MVI_5226,People__60. Mother__MVI_5226.npy,3
People,60. Mother,MVI_8625,People__60. Mother__MVI_8625.npy,4
People,61. Father,MVI_3763,People__61. Father__MVI_3763.npy,0
People,61. Father,MVI_3764,People__61. Father__MVI_3764.npy,1
People,61. Father,MVI_3765,People__61. Father__MVI_3765.npy,2
People,61. Father,MVI_3909,People__61. Father__MVI_3909.npy,3
People,61. Father,MVI_3910,People__61. Father__MVI_3910.npy,4
People,61. Father,MVI_3912,People__61. Father__MVI_3912.npy,5
People,61. Father,MVI_4060,People__61. Father__MVI_4060.npy,6
People,61. Father,MVI_4061,People__61. Father__MVI_4061.npy,7
People,61. Father,MVI_4062,People__61. Father__MVI_4062.npy,8
People,61. Father,MVI_4223,People__61. Father__MVI_4223.npy,9
People,61. Father,MVI_4940,People__61. Father__MVI_4940.npy,10
People,61. Father,MVI_4941,People__61. Father__MVI_4941.npy,11
People,61. Father,MVI_4942,People__61. Father__MVI_4942.npy,12
People,61. Father,MVI_5080,People__61. Father__MVI_5080.npy,13
People,61. Father,MVI_5081,People__61. Father__MVI_5081.npy,14
People,61. Father,MVI_5082,People__61. Father__MVI_5082.npy,0
People,61. Father,MVI_5227,People__61. Father__MVI_5227.npy,1
People,61. Father,MVI_5228,People__61. Father__MVI_5228.npy,2
People,61. Father,MVI_5229,People__61. Father__MVI_5229.npy,3
People,61. Father,MVI_8626,People__61. Father__MVI_8626.npy,4
People,62. Parent,MVI_3766,People__62. Parent__MVI_3766.npy,0
People,62. Parent,MVI_3767,People__62. Parent__MVI_3767.npy,1
People,62. Parent,MVI_3768,People__62. Parent__MVI_3768.npy,2
People,62. Parent,MVI_3914,People__62. Parent__MVI_3914.npy,3
People,62. Parent,MVI_3915,People__62. Parent__MVI_3915.npy,4
People,62. Parent,MVI_3916,People__62. Parent__MVI_3916.npy,5
People,62. Parent,MVI_4063,People__62. Parent__MVI_4063.npy,6
People,62. Parent,MVI_4064,People__62. Parent__MVI_4064.npy,7
People,62. Parent,MVI_4065,People__62. Parent__MVI_4065.npy,8
People,62. Parent,MVI_4225,People__62. Parent__MVI_4225.npy,9
People,62. Parent,MVI_4943,People__62. Parent__MVI_4943.npy,10
People,62. Parent,MVI_4944,People__62. Parent__MVI_4944.npy,11
People,62. Parent,MVI_4945,People__62. Parent__MVI_4945.npy,12
People,62. Parent,MVI_5083,People__62. Parent__MVI_5083.npy,13
People,62. Parent,MVI_5084,People__62. Parent__MVI_5084.npy,14
People,62. Parent,MVI_5085,People__62. Parent__MVI_5085.npy,0
People,62. Parent,MVI_5231,People__62. Parent__MVI_5231.npy,1
People,62. Parent,MVI_5232,People__62. Parent__MVI_5232.npy,2
People,62. Parent,MVI_5233,People__62. Parent__MVI_5233.npy,3
People,62. Parent,MVI_8627,People__62. Parent__MVI_8627.npy,4
People,63. Baby,MVI_3769,People__63. Baby__MVI_3769.npy,0
People,63. Baby,MVI_3770,People__63. Baby__MVI_3770.npy,1
People,63. Baby,MVI_3771,People__63. Baby__MVI_3771.npy,2
People,63. Baby,MVI_3917,People__63. Baby__MVI_3917.npy,3
People,63. Baby,MVI_3918,People__63. Baby__MVI_3918.npy,4
People,63. Baby,MVI_3919,People__63. Baby__MVI_3919.npy,5
People,63. Baby,MVI_4066,People__63. Baby__MVI_4066.npy,6
People,63. Baby,MVI_4067,People__63. Baby__MVI_4067.npy,7
People,63. Baby,MVI_4068,People__63. Baby__MVI_4068.npy,8
People,63. Baby,MVI_4226,People__63. Baby__MVI_4226.npy,9
People,63. Baby,MVI_4946,People__63. Baby__MVI_4946.npy,10
People,63. Baby,MVI_4947,People__63. Baby__MVI_4947.npy,11
People,63. Baby,MVI_4948,People__63. Baby__MVI_4948.npy,12
People,63. Baby,MVI_5086,People__63. Baby__MVI_5086.npy,13
People,63. Baby,MVI_5087,People__63. Baby__MVI_5087.npy,14
People,63. Baby,MVI_5088,People__63. Baby__MVI_5088.npy,0
People,63. Baby,MVI_5234,People__63. Baby__MVI_5234.npy,1
People,63. Baby,MVI_5235,People__63. Baby__MVI_5235.npy,2
People,63. Baby,MVI_5236,People__63. Baby__MVI_5236.npy,3
People,63. Baby,MVI_8628,People__63. Baby__MVI_8628.npy,4
People,64. Man,MVI_3772,People__64. Man__MVI_3772.npy,0
People,64. Man,MVI_3773,People__64. Man__MVI_3773.npy,1
People,64. Man,MVI_3774,People__64. Man__MVI_3774.npy,2
People,64. Man,MVI_3921,People__64. Man__MVI_3921.npy,3
People,64. Man,MVI_3922,People__64. Man__MVI_3922.npy,4
People,64. Man,MVI_3923,People__64. Man__MVI_3923.npy,5
People,64. Man,MVI_4069,People__64. Man__MVI_4069.npy,6
People,64. Man,MVI_4070,People__64. Man__MVI_4070.npy,7
People,64. Man,MVI_4071,People__64. Man__MVI_4071.npy,8
People,64. Man,MVI_4227,People__64. Man__MVI_4227.npy,9
People,64. Man,MVI_4949,People__64. Man__MVI_4949.npy,10
People,64. Man,MVI_4950,People__64. Man__MVI_4950.npy,11
People,64. Man,MVI_4951,People__64. Man__MVI_4951.npy,12
People,64. Man,MVI_5089,People__64. Man__MVI_5089.npy,13
People,64. Man,MVI_5090,People__64. Man__MVI_5090.npy,14
People,64. Man,MVI_5091,People__64. Man__MVI_5091.npy,0
People,64. Man,MVI_5237,People__64. Man__MVI_5237.npy,1
People,64. Man,MVI_5238,People__64. Man__MVI_5238.npy,2
People,64. Man,MVI_5239,People__64. Man__MVI_5239.npy,3
People,64. Man,MVI_8629,People__64. Man__MVI_8629.npy,4
People,65. Woman,MVI_3775,People__65. Woman__MVI_3775.npy,0
People,65. Woman,MVI_3776,People__65. Woman__MVI_3776.npy,1
People,65. Woman,MVI_3777,People__65. Woman__MVI_3777.npy,2
People,65. Woman,MVI_3924,People__65. Woman__MVI_3924.npy,3
People,65. Woman,MVI_3925,People__65. Woman__MVI_3925.npy,4
People,65. Woman,MVI_3926,People__65. Woman__MVI_3926.npy,5
People,65. Woman,MVI_4072,People__65. Woman__MVI_4072.npy,6
People,65. Woman,MVI_4073,People__65. Woman__MVI_4073.npy,7
People,65. Woman,MVI_4074,People__65. Woman__MVI_4074.npy,8
People,65. Woman,MVI_4229,People__65. Woman__MVI_4229.npy,9
People,65. Woman,MVI_4952,People__65. Woman__MVI_4952.npy,10
People,65. Woman,MVI_4953,People__65. Woman__MVI_4953.npy,11
People,65. Woman,MVI_4954,People__65. Woman__MVI_4954.npy,12
People,65. Woman,MVI_5092,People__65. Woman__MVI_5092.npy,13
People,65. Woman,MVI_5093,People__65. Woman__MVI_5093.npy,14
People,65. Woman,MVI_5094,People__65. Woman__MVI_5094.npy,0
People,65. Woman,MVI_5240,People__65. Woman__MVI_5240.npy,1
People,65. Woman,MVI_5241,People__65. Woman__MVI_5241.npy,2
People,65. Woman,MVI_5242,People__65. Woman__MVI_5242.npy,3
People,65. Woman,MVI_8630,People__65. Woman__MVI_8630.npy,4
People,66. Brother,MVI_3778,People__66. Brother__MVI_3778.npy,0
People,66. Brother,MVI_3779,People__66. Brother__MVI_3779.npy,1
People,66. Brother,MVI_3780,People__66. Brother__MVI_3780.npy,2
People,66. Brother,MVI_3781,People__66. Brother__MVI_3781.npy,3
People,66. Brother,MVI_3927,People__66. Brother__MVI_3927.npy,4
People,66. Brother,MVI_3928,People__66. Brother__MVI_3928.npy,5
People,66. Brother,MVI_3929,People__66. Brother__MVI_3929.npy,6
People,66. Brother,MVI_4075,People__66. Brother__MVI_4075.npy,7
People,66. Brother,MVI_4076,People__66. Brother__MVI_4076.npy,8
People,66. Brother,MVI_4077,People__66. Brother__MVI_4077.npy,9
People,66. Brother,MVI_4230,People__66. Brother__MVI_4230.npy,10
People,66. Brother,MVI_4955,People__66. Brother__MVI_4955.npy,11
People,66. Brother,MVI_4956,People__66. Brother__MVI_4956.npy,12
People,66. Brother,MVI_4957,People__66. Brother__MVI_4957.npy,13
People,66. Brother,MVI_5095,People__66. Brother__MVI_5095.npy,14
People,66. Brother,MVI_5096,People__66. Brother__MVI_5096.npy,0
People,66. Brother,MVI_5097,People__66. Brother__MVI_5097.npy,1
People,66. Brother,MVI_5243,People__66. Brother__MVI_5243.npy,2
People,66. Brother,MVI_5244,People__66. Brother__MVI_5244.npy,3
People,66. Brother,MVI_5245,People__66. Brother__MVI_5245.npy,4
People,66. Brother,MVI_8631,People__66. Brother__MVI_8631.npy,5
People,67. Sister,MVI_3782,People__67. Sister__MVI_3782.npy,0
People,67. Sister,MVI_3784,People__67. Sister__MVI_3784.npy,1
People,67. Sister,MVI_3785,People__67. Sister__MVI_3785.npy,2
People,67. Sister,MVI_3930,People__67. Sister__MVI_3930.npy,3
People,67. Sister,MVI_3931,People__67. Sister__MVI_3931.npy,4
People,67. Sister,MVI_3932,People__67. Sister__MVI_3932.npy,5
People,67. Sister,MVI_4078,People__67. Sister__MVI_4078.npy,6
People,67. Sister,MVI_4079,People__67. Sister__MVI_4079.npy,7
People,67. Sister,MVI_4080,People__67. Sister__MVI_4080.npy,8
People,67. Sister,MVI_4231,People__67. Sister__MVI_4231.npy,9
People,67. Sister,MVI_4958,People__67. Sister__MVI_4958.npy,10
People,67. Sister,MVI_4959,People__67. Sister__MVI_4959.npy,11
People,67. Sister,MVI_4960,People__67. Sister__MVI_4960.npy,12
People,67. Sister,MVI_5098,People__67. Sister__MVI_5098.npy,13
People,67. Sister,MVI_5099,People__67. Sister__MVI_5099.npy,14
People,67. Sister,MVI_5100,People__67. Sister__MVI_5100.npy,0
People,67. Sister,MVI_5246,People__67. Sister__MVI_5246.npy,1
People,67. Sister,MVI_5247,People__67. Sister__MVI_5247.npy,2
People,67. Sister,MVI_5248,People__67. Sister__MVI_5248.npy,3
People,67. Sister,MVI_8632,People__67. Sister__MVI_8632.npy,4
People,68. Family,MVI_3787,People__68. Family__MVI_3787.npy,0
People,68. Family,MVI_3788,People__68. Family__MVI_3788.npy,1
People,68. Family,MVI_3789,People__68. Family__MVI_3789.npy,2
People,68. Family,MVI_3933,People__68. Family__MVI_3933.npy,3
People,68. Family,MVI_3934,People__68. Family__MVI_3934.npy,4
People,68. Family,MVI_3935,People__68. Family__MVI_3935.npy,5
People,68. Family,MVI_4081,People__68. Family__MVI_4081.npy,6
People,68. Family,MVI_4082,People__68. Family__MVI_4082.npy,7
People,68. Family,MVI_4083,People__68. Family__MVI_4083.npy,8
People,68. Family,MVI_4232,People__68. Family__MVI_4232.npy,9
People,68. Family,MVI_5101,People__68. Family__MVI_5101.npy,10
People,68. Family,MVI_5102,People__68. Family__MVI_5102.npy,11
People,68. Family,MVI_5103,People__68. Family__MVI_5103.npy,12
People,68. Family,MVI_5249,People__68. Family__MVI_5249.npy,13
People,68. Family,MVI_5250,People__68. Family__MVI_5250.npy,14
People,68. Family,MVI_5251,People__68. Family__MVI_5251.npy,0
People,68. Family,MVI_8635,People__68. Family__MVI_8635.npy,1
People,69. Grandfather,MVI_3790,People__69. Grandfather__MVI_3790.npy,0
People,69. Grandfather,MVI_3791,People__69. Grandfather__MVI_3791.npy,1
People,69. Grandfather,MVI_3792,People__69. Grandfather__MVI_3792.npy,2
People,69. Grandfather,MVI_3937,People__69. Grandfather__MVI_3937.npy,3
People,69. Grandfather,MVI_3938,People__69. Grandfather__MVI_3938.npy,4
People,69. Grandfather,MVI_3939,People__69. Grandfather__MVI_3939.npy,5
People,69. Grandfather,MVI_4084,People__69. Grandfather__MVI_4084.npy,6
People,69. Grandfather,MVI_4085,People__69. Grandfather__MVI_4085.npy,7
People,69. Grandfather,MVI_4086,People__69. Grandfather__MVI_4086.npy,8
People,69. Grandfather,MVI_4234,People__69. Grandfather__MVI_4234.npy,9
People,69. Grandfather,MVI_5104,People__69. Grandfather__MVI_5104.npy,10
People,69. Grandfather,MVI_5105,People__69. Grandfather__MVI_5105.npy,11
People,69. Grandfather,MVI_5106,People__69. Grandfather__MVI_5106.npy,12
People,69. Grandfather,MVI_5252,People__69. Grandfather__MVI_5252.npy,13
People,69. Grandfather,MVI_5255,People__69. Grandfather__MVI_5255.npy,14
People,69. Grandfather,MVI_5256,People__69. Grandfather__MVI_5256.npy,0
People,69. Grandfather,MVI_8636,People__69. Grandfather__MVI_8636.npy,1
People,70. Grandmother,MVI_3793,People__70. Grandmother__MVI_3793.npy,0
People,70. Grandmother,MVI_3794,People__70. Grandmother__MVI_3794.npy,1
People,70. Grandmother,MVI_3795,People__70. Grandmother__MVI_3795.npy,2
People,70. Grandmother,MVI_3940,People__70. Grandmother__MVI_3940.npy,3
People,70. Grandmother,MVI_3941,People__70. Grandmother__MVI_3941.npy,4
People,70. Grandmother,MVI_3942,People__70. Grandmother__MVI_3942.npy,5
People,70. Grandmother,MVI_4087,People__70. Grandmother__MVI_4087.npy,6
People,70. Grandmother,MVI_4088,People__70. Grandmother__MVI_4088.npy,7
People,70. Grandmother,MVI_4089,People__70. Grandmother__MVI_4089.npy,8
People,70. Grandmother,MVI_4235,People__70. Grandmother__MVI_4235.npy,9
People,70. Grandmother,MVI_5107,People__70. Grandmother__MVI_5107.npy,10
People,70. Grandmother,MVI_5108,People__70. Grandmother__MVI_5108.npy,11
People,70. Grandmother,MVI_5109,People__70. Grandmother__MVI_5109.npy,12
People,70. Grandmother,MVI_5257,People__70. Grandmother__MVI_5257.npy,13
People,70. Grandmother,MVI_5258,People__70. Grandmother__MVI_5258.npy,14
People,70. Grandmother,MVI_5260,People__70. Grandmother__MVI_5260.npy,0
People,70. Grandmother,MVI_8637,People__70. Grandmother__MVI_8637.npy,1
People,71. Husband,MVI_3796,People__71. Husband__MVI_3796.npy,0
People,71. Husband,MVI_3797,People__71. Husband__MVI_3797.npy,1
People,71. Husband,MVI_3798,People__71. Husband__MVI_3798.npy,2
People,71. Husband,MVI_3943,People__71. Husband__MVI_3943.npy,3
People,71. Husband,MVI_3944,People__71. Husband__MVI_3944.npy,4
People,71. Husband,MVI_3945,People__71. Husband__MVI_3945.npy,5
People,71. Husband,MVI_4090,People__71. Husband__MVI_4090.npy,6
People,71. Husband,MVI_4091,People__71. Husband__MVI_4091.npy,7
People,71. Husband,MVI_4092,People__71. Husband__MVI_4092.npy,8
People,71. Husband,MVI_4236,People__71. Husband__MVI_4236.npy,9
People,71. Husband,MVI_4961,People__71. Husband__MVI_4961.npy,10
People,71. Husband,MVI_4962,People__71. Husband__MVI_4962.npy,11
People,71. Husband,MVI_4963,People__71. Husband__MVI_4963.npy,12
People,71. Husband,MVI_5112,People__71. Husband__MVI_5112.npy,13
People,71. Husband,MVI_5113,People__71. Husband__MVI_5113.npy,14
People,71. Husband,MVI_5114,People__71. Husband__MVI_5114.npy,0
People,71. Husband,MVI_5261,People__71. Husband__MVI_5261.npy,1
People,71. Husband,MVI_5262,People__71. Husband__MVI_5262.npy,2
People,71. Husband,MVI_5263,People__71. Husband__MVI_5263.npy,3
People,71. Husband,MVI_8638,People__71. Husband__MVI_8638.npy,4
People,72. Wife,MVI_3799,People__72. Wife__MVI_3799.npy,0
People,72. Wife,MVI_3800,People__72. Wife__MVI_3800.npy,1
People,72. Wife,MVI_3801,People__72. Wife__MVI_3801.npy,2
People,72. Wife,MVI_3947,People__72. Wife__MVI_3947.npy,3
People,72. Wife,MVI_3948,People__72. Wife__MVI_3948.npy,4
People,72. Wife,MVI_3949,People__72. Wife__MVI_3949.npy,5
People,72. Wife,MVI_4093,People__72. Wife__MVI_4093.npy,6
People,72. Wife,MVI_4094,People__72. Wife__MVI_4094.npy,7
People,72. Wife,MVI_4095,People__72. Wife__MVI_4095.npy,8
People,72. Wife,MVI_4237,People__72. Wife__MVI_4237.npy,9
People,72. Wife,MVI_4964,People__72. Wife__MVI_4964.npy,10
People,72. Wife,MVI_4965,People__72. Wife__MVI_4965.npy,11
People,72. Wife,MVI_4967,People__72. Wife__MVI_4967.npy,12
People,72. Wife,MVI_5117,People__72. Wife__MVI_5117.npy,13
People,72. Wife,MVI_5118,People__72. Wife__MVI_5118.npy,14
People,72. Wife,MVI_5119,People__72. Wife__MVI_5119.npy,0
People,72. Wife,MVI_5264,People__72. Wife__MVI_5264.npy,1
People,72. Wife,MVI_5265,People__72. Wife__MVI_5265.npy,2
People,72. Wife,MVI_5266,People__72. Wife__MVI_5266.npy,3
People,72. Wife,MVI_8639,People__72. Wife__MVI_8639.npy,4
People,73. King,MVI_3802,People__73. King__MVI_3802.npy,0
People,73. King,MVI_3803,People__73. King__MVI_3803.npy,1
People,73. King,MVI_3804,People__73. King__MVI_3804.npy,2
People,73. King,MVI_3950,People__73. King__MVI_3950.npy,3
People,73. King,MVI_3951,People__73. King__MVI_3951.npy,4
People,73. King,MVI_3952,People__73. King__MVI_3952.npy,5
People,73. King,MVI_4096,People__73. King__MVI_4096.npy,6
People,73. King,MVI_4097,People__73. King__MVI_4097.npy,7
People,73. King,MVI_4098,People__73. King__MVI_4098.npy,8
People,73. King,MVI_4238,People__73. King__MVI_4238.npy,9
People,73. King,MVI_4968,People__73. King__MVI_4968.npy,10
People,73. King,MVI_4969,People__73. King__MVI_4969.npy,11
People,73. King,MVI_4970,People__73. King__MVI_4970.npy,12
People,73. King,MVI_5120,People__73. King__MVI_5120.npy,13
People,73. King,MVI_5121,People__73. King__MVI_5121.npy,14
People,73. King,MVI_5122,People__73. King__MVI_5122.npy,0
People,73. King,MVI_5268,People__73. King__MVI_5268.npy,1
People,73. King,MVI_5269,People__73. King__MVI_5269.npy,2
People,73. King,MVI_5270,People__73. King__MVI_5270.npy,3
People,73. King,MVI_8640,People__73. King__MVI_8640.npy,4
People,74. Queen,MVI_3805,People__74. Queen__MVI_3805.npy,0
People,74. Queen,MVI_3806,People__74. Queen__MVI_3806.npy,1
People,74. Queen,MVI_3807,People__74. Queen__MVI_3807.npy,2
People,74. Queen,MVI_3953,People__74. Queen__MVI_3953.npy,3
People,74. Queen,MVI_3954,People__74. Queen__MVI_3954.npy,4
People,74. Queen,MVI_3955,People__74. Queen__MVI_3955.npy,5
People,74. Queen,MVI_4099,People__74. Queen__MVI_4099.npy,6
People,74. Queen,MVI_4100,People__74. Queen__MVI_4100.npy,7
People,74. Queen,MVI_4101,People__74. Queen__MVI_4101.npy,8
People,74. Queen,MVI_4239,People__74. Queen__MVI_4239.npy,9
People,74. Queen,MVI_4972,People__74. Queen__MVI_4972.npy,10
People,74. Queen,MVI_4973,People__74. Queen__MVI_4973.npy,11
People,74. Queen,MVI_4974,People__74. Queen__MVI_4974.npy,12
People,74. Queen,MVI_5123,People__74. Queen__MVI_5123.npy,13
People,74. Queen,MVI_5124,People__74. Queen__MVI_5124.npy,14
People,74. Queen,MVI_5125,People__74. Queen__MVI_5125.npy,0
People,74. Queen,MVI_5271,People__74. Queen__MVI_5271.npy,1
People,74. Queen,MVI_5272,People__74. Queen__MVI_5272.npy,2
People,74. Queen,MVI_5273,People__74. Queen__MVI_5273.npy,3
People,74. Queen,MVI_8641,People__74. Queen__MVI_8641.npy,4
People,75. President,MVI_3808,People__75. President__MVI_3808.npy,0
People,75. President,MVI_3809,People__75. President__MVI_3809.npy,1
People,75. President,MVI_3810,People__75. President__MVI_3810.npy,2
People,75. President,MVI_3956,People__75. President__MVI_3956.npy,3
People,75. President,MVI_3957,People__75. President__MVI_3957.npy,4
People,75. President,MVI_3958,People__75. President__MVI_3958.npy,5
People,75. President,MVI_4102,People__75. President__MVI_4102.npy,6
People,75. President,MVI_4103,People__75. President__MVI_4103.npy,7
People,75. President,MVI_4104,People__75. President__MVI_4104.npy,8
People,75. President,MVI_4240,People__75. President__MVI_4240.npy,9
People,75. President,MVI_4975,People__75. President__MVI_4975.npy,10
People,75. President,MVI_4976,People__75. President__MVI_4976.npy,11
People,75. President,MVI_4977,People__75. President__MVI_4977.npy,12
People,75. President,MVI_5126,People__75. President__MVI_5126.npy,13
People,75. President,MVI_5127,People__75. President__MVI_5127.npy,14
People,75. President,MVI_5128,People__75. President__MVI_5128.npy,0
People,75. President,MVI_5274,People__75. President__MVI_5274.npy,1
People,75. President,MVI_5275,People__75. President__MVI_5275.npy,2
People,75. President,MVI_5276,People__75. President__MVI_5276.npy,3
People,75. President,MVI_8642,People__75. President__MVI_8642.npy,4
People,76. Neighbour,MVI_3811,People__76. Neighbour__MVI_3811.npy,0
People,76. Neighbour,MVI_3812,People__76. Neighbour__MVI_3812.npy,1
People,76. Neighbour,MVI_3813,People__76. Neighbour__MVI_3813.npy,2
People,76. Neighbour,MVI_3959,People__76. Neighbour__MVI_3959.npy,3
People,76. Neighbour,MVI_3960,People__76. Neighbour__MVI_3960.npy,4
People,76. Neighbour,MVI_3961,People__76. Neighbour__MVI_3961.npy,5
People,76. Neighbour,MVI_4105,People__76. Neighbour__MVI_4105.npy,6
People,76. Neighbour,MVI_4106,People__76. Neighbour__MVI_4106.npy,7
People,76. Neighbour,MVI_4107,People__76. Neighbour__MVI_4107.npy,8
People,76. Neighbour,MVI_4241,People__76. Neighbour__MVI_4241.npy,9
People,76. Neighbour,MVI_4978,People__76. Neighbour__MVI_4978.npy,10
People,76. Neighbour,MVI_4979,People__76. Neighbour__MVI_4979.npy,11
People,76. Neighbour,MVI_4980,People__76. Neighbour__MVI_4980.npy,12
People,76. Neighbour,MVI_5129,People__76. Neighbour__MVI_5129.npy,13
People,76. Neighbour,MVI_5130,People__76. Neighbour__MVI_5130.npy,14
People,76. Neighbour,MVI_5131,People__76. Neighbour__MVI_5131.npy,0
People,76. Neighbour,MVI_5277,People__76. Neighbour__MVI_5277.npy,1
People,76. Neighbour,MVI_5278,People__76. Neighbour__MVI_5278.npy,2
People,76. Neighbour,MVI_5279,People__76. Neighbour__MVI_5279.npy,3
People,76. Neighbour,MVI_8643,People__76. Neighbour__MVI_8643.npy,4
People,77. Boy,MVI_3814,People__77. Boy__MVI_3814.npy,0
People,77. Boy,MVI_3815,People__77. Boy__MVI_3815.npy,1
People,77. Boy,MVI_3816,People__77. Boy__MVI_3816.npy,2
People,77. Boy,MVI_3962,People__77. Boy__MVI_3962.npy,3
People,77. Boy,MVI_3963,People__77. Boy__MVI_3963.npy,4
People,77. Boy,MVI_3964,People__77. Boy__MVI_3964.npy,5
People,77. Boy,MVI_4109,People__77. Boy__MVI_4109.npy,6
People,77. Boy,MVI_4110,People__77. Boy__MVI_4110.npy,7
People,77. Boy,MVI_4111,People__77. Boy__MVI_4111.npy,8
People,77. Boy,MVI_4112,People__77. Boy__MVI_4112.npy,9
People,77. Boy,MVI_4242,People__77. Boy__MVI_4242.npy,10
People,77. Boy,MVI_4981,People__77. Boy__MVI_4981.npy,11
People,77. Boy,MVI_4982,People__77. Boy__MVI_4982.npy,12
People,77. Boy,MVI_4983,People__77. Boy__MVI_4983.npy,13
People,77. Boy,MVI_5132,People__77. Boy__MVI_5132.npy,14
People,77. Boy,MVI_5133,People__77. Boy__MVI_5133.npy,0
People,77. Boy,MVI_5134,People__77. Boy__MVI_5134.npy,1
People,77. Boy,MVI_5285,People__77. Boy__MVI_5285.npy,2
People,77. Boy,MVI_5286,People__77. Boy__MVI_5286.npy,3
People,77. Boy,MVI_5287,People__77. Boy__MVI_5287.npy,4
People,77. Boy,MVI_8644,People__77. Boy__MVI_8644.npy,5
People,78. Girl,MVI_3817,People__78. Girl__MVI_3817.npy,0
People,78. Girl,MVI_3818,People__78. Girl__MVI_3818.npy,1
People,78. Girl,MVI_3819,People__78. Girl__MVI_3819.npy,2
People,78. Girl,MVI_3965,People__78. Girl__MVI_3965.npy,3
People,78. Girl,MVI_3966,People__78. Girl__MVI_3966.npy,4
People,78. Girl,MVI_3967,People__78. Girl__MVI_3967.npy,5
People,78. Girl,MVI_4113,People__78. Girl__MVI_4113.npy,6
People,78. Girl,MVI_4114,People__78. Girl__MVI_4114.npy,7
People,78. Girl,MVI_4115,People__78. Girl__MVI_4115.npy,8
People,78. Girl,MVI_4243,People__78. Girl__MVI_4243.npy,9
People,78. Girl,MVI_4984,People__78. Girl__MVI_4984.npy,10
People,78. Girl,MVI_4985,People__78. Girl__MVI_4985.npy,11
People,78. Girl,MVI_4986,People__78. Girl__MVI_4986.npy,12
People,78. Girl,MVI_5135,People__78. Girl__MVI_5135.npy,13
People,78. Girl,MVI_5136,People__78. Girl__MVI_5136.npy,14
People,78. Girl,MVI_5137,People__78. Girl__MVI_5137.npy,0
People,78. Girl,MVI_5288,People__78. Girl__MVI_5288.npy,1
People,78. Girl,MVI_5289,People__78. Girl__MVI_5289.npy,2
People,78. Girl,MVI_5290,People__78. Girl__MVI_5290.npy,3
People,78. Girl,MVI_8645,People__78. Girl__MVI_8645.npy,4
People,79. Child,MVI_3820,People__79. Child__MVI_3820.npy,0
People,79. Child,MVI_3821,People__79. Child__MVI_3821.npy,1
People,79. Child,MVI_3822,People__79. Child__MVI_3822.npy,2
People,79. Child,MVI_3968,People__79. Child__MVI_3968.npy,3
People,79. Child,MVI_3969,People__79. Child__MVI_3969.npy,4
People,79. Child,MVI_3970,People__79. Child__MVI_3970.npy,5
People,79. Child,MVI_4116,People__79. Child__MVI_4116.npy,6
People,79. Child,MVI_4117,People__79. Child__MVI_4117.npy,7
People,79. Child,MVI_4118,People__79. Child__MVI_4118.npy,8
People,79. Child,MVI_4244,People__79. Child__MVI_4244.npy,9
People,79. Child,MVI_4991,People__79. Child__MVI_4991.npy,10
People,79. Child,MVI_4992,People__79. Child__MVI_4992.npy,11
People,79. Child,MVI_4993,People__79. Child__MVI_4993.npy,12
People,79. Child,MVI_5138,People__79. Child__MVI_5138.npy,13
People,79. Child,MVI_5139,People__79. Child__MVI_5139.npy,14
People,79. Child,MVI_5140,People__79. Child__MVI_5140.npy,0
People,79. Child,MVI_5293,People__79. Child__MVI_5293.npy,1
People,79. Child,MVI_5294,People__79. Child__MVI_5294.npy,2
People,79. Child,MVI_5295,People__79. Child__MVI_5295.npy,3
People,79. Child,MVI_8646,People__79. Child__MVI_8646.npy,4
People,80. Adult,MVI_3823,People__80. Adult__MVI_3823.npy,0
People,80. Adult,MVI_3824,People__80. Adult__MVI_3824.npy,1
People,80. Adult,MVI_3825,People__80. Adult__MVI_3825.npy,2
People,80. Adult,MVI_3971,People__80. Adult__MVI_3971.npy,3
People,80. Adult,MVI_3972,People__80. Adult__MVI_3972.npy,4
People,80. Adult,MVI_3973,People__80. Adult__MVI_3973.npy,5
People,80. Adult,MVI_4119,People__80. Adult__MVI_4119.npy,6
People,80. Adult,MVI_4120,People__80. Adult__MVI_4120.npy,7
People,80. Adult,MVI_4121,People__80. Adult__MVI_4121.npy,8
People,80. Adult,MVI_4245,People__80. Adult__MVI_4245.npy,9
People,80. Adult,MVI_4994,People__80. Adult__MVI_4994.npy,10
People,80. Adult,MVI_4995,People__80. Adult__MVI_4995.npy,11
People,80. Adult,MVI_4996,People__80. Adult__MVI_4996.npy,12
People,80. Adult,MVI_5141,People__80. Adult__MVI_5141.npy,13
People,80. Adult,MVI_5142,People__80. Adult__MVI_5142.npy,14
People,80. Adult,MVI_5143,People__80. Adult__MVI_5143.npy,0
People,80. Adult,MVI_5296,People__80. Adult__MVI_5296.npy,1
People,80. Adult,MVI_5297,People__80. Adult__MVI_5297.npy,2
People,80. Adult,MVI_5298,People__80. Adult__MVI_5298.npy,3
People,80. Adult,MVI_8647,People__80. Adult__MVI_8647.npy,4
People,81. Friend,MVI_3826,People__81. Friend__MVI_3826.npy,0
People,81. Friend,MVI_3827,People__81. Friend__MVI_3827.npy,1
People,81. Friend,MVI_3828,People__81. Friend__MVI_3828.npy,2
People,81. Friend,MVI_3975,People__81. Friend__MVI_3975.npy,3
People,81. Friend,MVI_3976,People__81. Friend__MVI_3976.npy,4
People,81. Friend,MVI_3977,People__81. Friend__MVI_3977.npy,5
People,81. Friend,MVI_4122,People__81. Friend__MVI_4122.npy,6
People,81. Friend,MVI_4123,People__81. Friend__MVI_4123.npy,7
People,81. Friend,MVI_4124,People__81. Friend__MVI_4124.npy,8
People,81. Friend,MVI_4246,People__81. Friend__MVI_4246.npy,9
People,81. Friend,MVI_4997,People__81. Friend__MVI_4997.npy,10
People,81. Friend,MVI_4998,People__81. Friend__MVI_4998.npy,11
People,81. Friend,MVI_4999,People__81. Friend__MVI_4999.npy,12
People,81. Friend,MVI_5145,People__81. Friend__MVI_5145.npy,13
People,81. Friend,MVI_5146,People__81. Friend__MVI_5146.npy,14
People,81. Friend,MVI_5147,People__81. Friend__MVI_5147.npy,0
People,81. Friend,MVI_5299,People__81. Friend__MVI_5299.npy,1
People,81. Friend,MVI_5300,People__81. Friend__MVI_5300.npy,2
People,81. Friend,MVI_5301,People__81. Friend__MVI_5301.npy,3
People,81. Friend,MVI_8648,People__81. Friend__MVI_8648.npy,4
People,82. Player,MVI_3829,People__82. Player__MVI_3829.npy,0
People,82. Player,MVI_3830,People__82. Player__MVI_3830.npy,1
People,82. Player,MVI_3831,People__82. Player__MVI_3831.npy,2
People,82. Player,MVI_3978,People__82. Player__MVI_3978.npy,3
People,82. Player,MVI_3979,People__82. Player__MVI_3979.npy,4
People,82. Player,MVI_3980,People__82. Player__MVI_3980.npy,5
People,82. Player,MVI_4125,People__82. Player__MVI_4125.npy,6
People,82. Player,MVI_4126,People__82. Player__MVI_4126.npy,7
People,82. Player,MVI_4127,People__82. Player__MVI_4127.npy,8
People,82. Player,MVI_4247,People__82. Player__MVI_4247.npy,9
People,82. Player,MVI_5000,People__82. Player__MVI_5000.npy,10
People,82. Player,MVI_5001,People__82. Player__MVI_5001.npy,11
People,82. Player,MVI_5002,People__82. Player__MVI_5002.npy,12
People,82. Player,MVI_5148,People__82. Player__MVI_5148.npy,13
People,82. Player,MVI_5149,People__82. Player__MVI_5149.npy,14
People,82. Player,MVI_5150,People__82. Player__MVI_5150.npy,0
People,82. Player,MVI_5303,People__82. Player__MVI_5303.npy,1
People,82. Player,MVI_5304,People__82. Player__MVI_5304.npy,2
People,82. Player,MVI_5305,People__82. Player__MVI_5305.npy,3
People,82. Player,MVI_8649,People__82. Player__MVI_8649.npy,4
People,83. Crowd,MVI_3832,People__83. Crowd__MVI_3832.npy,0
People,83. Crowd,MVI_3833,People__83. Crowd__MVI_3833.npy,1
People,83. Crowd,MVI_3834,People__83. Crowd__MVI_3834.npy,2
People,83. Crowd,MVI_3981,People__83. Crowd__MVI_3981.npy,3
People,83. Crowd,MVI_3982,People__83. Crowd__MVI_3982.npy,4
People,83. Crowd,MVI_3983,People__83. Crowd__MVI_3983.npy,5
People,83. Crowd,MVI_4128,People__83. Crowd__MVI_4128.npy,6
People,83. Crowd,MVI_4129,People__83. Crowd__MVI_4129.npy,7
People,83. Crowd,MVI_4130,People__83. Crowd__MVI_4130.npy,8
People,83. Crowd,MVI_4248,People__83. Crowd__MVI_4248.npy,9
People,83. Crowd,MVI_5003,People__83. Crowd__MVI_5003.npy,10
People,83. Crowd,MVI_5004,People__83. Crowd__MVI_5004.npy,11
People,83. Crowd,MVI_5005,People__83. Crowd__MVI_5005.npy,12
People,83. Crowd,MVI_5151,People__83. Crowd__MVI_5151.npy,13
People,83. Crowd,MVI_5152,People__83. Crowd__MVI_5152.npy,14
People,83. Crowd,MVI_5153,People__83. Crowd__MVI_5153.npy,0
People,83. Crowd,MVI_5306,People__83. Crowd__MVI_5306.npy,1
People,83. Crowd,MVI_5307,People__83. Crowd__MVI_5307.npy,2
People,83. Crowd,MVI_5308,People__83. Crowd__MVI_5308.npy,3
People,83. Crowd,MVI_8650,People__83. Crowd__MVI_8650.npy,4
Places,18. City,MVI_3263,Places__18. City__MVI_3263.npy,0
Places,18. City,MVI_3264,Places__18. City__MVI_3264.npy,1
Places,18. City,MVI_3265,Places__18. City__MVI_3265.npy,2
Places,18. City,MVI_3266,Places__18. City__MVI_3266.npy,3
Places,18. City,MVI_3345,Places__18. City__MVI_3345.npy,4
Places,18. City,MVI_3346,Places__18. City__MVI_3346.npy,5
Places,18. City,MVI_3347,Places__18. City__MVI_3347.npy,6
Places,18. City,MVI_3348,Places__18. City__MVI_3348.npy,7
Places,18. City,MVI_3430,Places__18. City__MVI_3430.npy,8
Places,18. City,MVI_3431,Places__18. City__MVI_3431.npy,9
Places,18. City,MVI_3432,Places__18. City__MVI_3432.npy,10
Places,18. City,MVI_3434,Places__18. City__MVI_3434.npy,11
Places,18. City,MVI_3508,Places__18. City__MVI_3508.npy,12
Places,18. City,MVI_3509,Places__18. City__MVI_3509.npy,13
Places,18. City,MVI_3510,Places__18. City__MVI_3510.npy,14
Places,18. City,MVI_3512,Places__18. City__MVI_3512.npy,0
Places,18. City,MVI_3589,Places__18. City__MVI_3589.npy,1
Places,18. City,MVI_3590,Places__18. City__MVI_3590.npy,2
Places,18. City,MVI_3591,Places__18. City__MVI_3591.npy,3
Places,18. City,MVI_3592,Places__18. City__MVI_3592.npy,4
Places,19. House,MVI_3439,Places__19. House__MVI_3439.npy,12
Places,19. House,MVI_3267,Places__19. House__MVI_3267.npy,0
Places,19. House,MVI_3268,Places__19. House__MVI_3268.npy,1
Places,19. House,MVI_3269,Places__19. House__MVI_3269.npy,2
Places,19. House,MVI_3270,Places__19. House__MVI_3270.npy,3
Places,19. House,MVI_3349,Places__19. House__MVI_3349.npy,4
Places,19. House,MVI_3350,Places__19. House__MVI_3350.npy,5
Places,19. House,MVI_3351,Places__19. House__MVI_3351.npy,6
Places,19. House,MVI_3352,Places__19. House__MVI_3352.npy,7
Places,19. House,MVI_3435,Places__19. House__MVI_3435.npy,8
Places,19. House,MVI_3436,Places__19. House__MVI_3436.npy,9
Places,19. House,MVI_3437,Places__19. House__MVI_3437.npy,10
Places,19. House,MVI_3438,Places__19. House__MVI_3438.npy,11
Places,19. House,MVI_3513,Places__19. House__MVI_3513.npy,13
Places,19. House,MVI_3514,Places__19. House__MVI_3514.npy,14
Places,19. House,MVI_3515,Places__19. House__MVI_3515.npy,0
Places,19. House,MVI_3516,Places__19. House__MVI_3516.npy,1
Places,19. House,MVI_3593,Places__19. House__MVI_3593.npy,2
Places,19. House,MVI_3594,Places__19. House__MVI_3594.npy,3
Places,19. House,MVI_3595,Places__19. House__MVI_3595.npy,4
Places,19. House,MVI_3596,Places__19. House__MVI_3596.npy,5
Places,20. Street or Road,MVI_3271,Places__20. Street or Road__MVI_3271.npy,0
Places,20. Street or Road,MVI_3272,Places__20. Street or Road__MVI_3272.npy,1
Places,20. Street or Road,MVI_3273,Places__20. Street or Road__MVI_3273.npy,2
Places,20. Street or Road,MVI_3274,Places__20. Street or Road__MVI_3274.npy,3
Places,20. Street or Road,MVI_3353,Places__20. Street or Road__MVI_3353.npy,4
Places,20. Street or Road,MVI_3354,Places__20. Street or Road__MVI_3354.npy,5
Places,20. Street or Road,MVI_3355,Places__20. Street or Road__MVI_3355.npy,6
Places,20. Street or Road,MVI_3356,Places__20. Street or Road__MVI_3356.npy,7
Places,20. Street or Road,MVI_3440,Places__20. Street or Road__MVI_3440.npy,8
Places,20. Street or Road,MVI_3441,Places__20. Street or Road__MVI_3441.npy,9
Places,20. Street or Road,MVI_3442,Places__20. Street or Road__MVI_3442.npy,10
Places,20. Street or Road,MVI_3443,Places__20. Street or Road__MVI_3443.npy,11
Places,20. Street or Road,MVI_3517,Places__20. Street or Road__MVI_3517.npy,12
Places,20. Street or Road,MVI_3518,Places__20. Street or Road__MVI_3518.npy,13
Places,20. Street or Road,MVI_3519,Places__20. Street or Road__MVI_3519.npy,14
Places,20. Street or Road,MVI_3520,Places__20. Street or Road__MVI_3520.npy,0
Places,20. Street or Road,MVI_3597,Places__20. Street or Road__MVI_3597.npy,1
Places,20. Street or Road,MVI_3598,Places__20. Street or Road__MVI_3598.npy,2
Places,20. Street or Road,MVI_3599,Places__20. Street or Road__MVI_3599.npy,3
Places,20. Street or Road,MVI_3600,Places__20. Street or Road__MVI_3600.npy,4
Places,21. Train Station,MVI_3279,Places__21. Train Station__MVI_3279.npy,4
Places,21. Train Station,MVI_3526,Places__21. Train Station__MVI_3526.npy,2
Places,21. Train Station,MVI_3275,Places__21. Train Station__MVI_3275.npy,0
Places,21. Train Station,MVI_3276,Places__21. Train Station__MVI_3276.npy,1
Places,21. Train Station,MVI_3277,Places__21. Train Station__MVI_3277.npy,2
Places,21. Train Station,MVI_3278,Places__21. Train Station__MVI_3278.npy,3
Places,21. Train Station,MVI_3357,Places__21. Train Station__MVI_3357.npy,5
Places,21. Train Station,MVI_3358,Places__21. Train Station__MVI_3358.npy,6
Places,21. Train Station,MVI_3359,Places__21. Train Station__MVI_3359.npy,7
Places,21. Train Station,MVI_3360,Places__21. Train Station__MVI_3360.npy,8
Places,21. Train Station,MVI_3444,Places__21. Train Station__MVI_3444.npy,9
Places,21. Train Station,MVI_3445,Places__21. Train Station__MVI_3445.npy,10
Places,21. Train Station,MVI_3446,Places__21. Train Station__MVI_3446.npy,11
Places,21. Train Station,MVI_3447,Places__21. Train Station__MVI_3447.npy,12
Places,21. Train Station,MVI_3521,Places__21. Train Station__MVI_3521.npy,13
Places,21. Train Station,MVI_3522,Places__21. Train Station__MVI_3522.npy,14
Places,21. Train Station,MVI_3524,Places__21. Train Station__MVI_3524.npy,0
Places,21. Train Station,MVI_3525,Places__21. Train Station__MVI_3525.npy,1
Places,21. Train Station,MVI_3601,Places__21. Train Station__MVI_3601.npy,3
Places,21. Train Station,MVI_3602,Places__21. Train Station__MVI_3602.npy,4
Places,21. Train Station,MVI_3603,Places__21. Train Station__MVI_3603.npy,5
Places,21. Train Station,MVI_3604,Places__21. Train Station__MVI_3604.npy,6
Places,22. Restaurant,MVI_3280,Places__22. Restaurant__MVI_3280.npy,0
Places,22. Restaurant,MVI_3281,Places__22. Restaurant__MVI_3281.npy,1
Places,22. Restaurant,MVI_3282,Places__22. Restaurant__MVI_3282.npy,2
Places,22. Restaurant,MVI_3283,Places__22. Restaurant__MVI_3283.npy,3
Places,22. Restaurant,MVI_3361,Places__22. Restaurant__MVI_3361.npy,4
Places,22. Restaurant,MVI_3362,Places__22. Restaurant__MVI_3362.npy,5
Places,22. Restaurant,MVI_3363,Places__22. Restaurant__MVI_3363.npy,6
Places,22. Restaurant,MVI_3364,Places__22. Restaurant__MVI_3364.npy,7
Places,22. Restaurant,MVI_3448,Places__22. Restaurant__MVI_3448.npy,8
Places,22. Restaurant,MVI_3449,Places__22. Restaurant__MVI_3449.npy,9
Places,22. Restaurant,MVI_3450,Places__22. Restaurant__MVI_3450.npy,10
Places,22. Restaurant,MVI_3451,Places__22. Restaurant__MVI_3451.npy,11
Places,22. Restaurant,MVI_3527,Places__22. Restaurant__MVI_3527.npy,12
Places,22. Restaurant,MVI_3528,Places__22. Restaurant__MVI_3528.npy,13
Places,22. Restaurant,MVI_3529,Places__22. Restaurant__MVI_3529.npy,14
Places,22. Restaurant,MVI_3530,Places__22. Restaurant__MVI_3530.npy,0
Places,22. Restaurant,MVI_3605,Places__22. Restaurant__MVI_3605.npy,1
Places,22. Restaurant,MVI_3606,Places__22. Restaurant__MVI_3606.npy,2
Places,22. Restaurant,MVI_3607,Places__22. Restaurant__MVI_3607.npy,3
Places,22. Restaurant,MVI_3608,Places__22. Restaurant__MVI_3608.npy,4
Places,23. Court,MVI_3288,Places__23. Court__MVI_3288.npy,4
Places,23. Court,MVI_3368,Places__23. Court__MVI_3368.npy,8
Places,23. Court,MVI_3613,Places__23. Court__MVI_3613.npy,7
Places,23. Court,MVI_3284,Places__23. Court__MVI_3284.npy,0
Places,23. Court,MVI_3285,Places__23. Court__MVI_3285.npy,1
Places,23. Court,MVI_3286,Places__23. Court__MVI_3286.npy,2
Places,23. Court,MVI_3287,Places__23. Court__MVI_3287.npy,3
Places,23. Court,MVI_3365,Places__23. Court__MVI_3365.npy,5
Places,23. Court,MVI_3366,Places__23. Court__MVI_3366.npy,6
Places,23. Court,MVI_3367,Places__23. Court__MVI_3367.npy,7
Places,23. Court,MVI_3370,Places__23. Court__MVI_3370.npy,9
Places,23. Court,MVI_3452,Places__23. Court__MVI_3452.npy,10
Places,23. Court,MVI_3453,Places__23. Court__MVI_3453.npy,11
Places,23. Court,MVI_3454,Places__23. Court__MVI_3454.npy,12
Places,23. Court,MVI_3455,Places__23. Court__MVI_3455.npy,13
Places,23. Court,MVI_3531,Places__23. Court__MVI_3531.npy,14
Places,23. Court,MVI_3532,Places__23. Court__MVI_3532.npy,0
Places,23. Court,MVI_3533,Places__23. Court__MVI_3533.npy,1
Places,23. Court,MVI_3534,Places__23. Court__MVI_3534.npy,2
Places,23. Court,MVI_3609,Places__23. Court__MVI_3609.npy,3
Places,23. Court,MVI_3610,Places__23. Court__MVI_3610.npy,4
Places,23. Court,MVI_3611,Places__23. Court__MVI_3611.npy,5
Places,23. Court,MVI_3612,Places__23. Court__MVI_3612.npy,6
Places,24. School,MVI_3290,Places__24. School__MVI_3290.npy,0
Places,24. School,MVI_3291,Places__24. School__MVI_3291.npy,1
Places,24. School,MVI_3292,Places__24. School__MVI_3292.npy,2
Places,24. School,MVI_3293,Places__24. School__MVI_3293.npy,3
Places,24. School,MVI_3371,Places__24. School__MVI_3371.npy,4
Places,24. School,MVI_3372,Places__24. School__MVI_3372.npy,5
Places,24. School,MVI_3373,Places__24. School__MVI_3373.npy,6
Places,24. School,MVI_3374,Places__24. School__MVI_3374.npy,7
Places,24. School,MVI_3456,Places__24. School__MVI_3456.npy,8
Places,24. School,MVI_3457,Places__24. School__MVI_3457.npy,9
Places,24. School,MVI_3458,Places__24. School__MVI_3458.npy,10
Places,24. School,MVI_3459,Places__24. School__MVI_3459.npy,11
Places,24. School,MVI_3535,Places__24. School__MVI_3535.npy,12
Places,24. School,MVI_3536,Places__24. School__MVI_3536.npy,13
Places,24. School,MVI_3537,Places__24. School__MVI_3537.npy,14
Places,24. School,MVI_3538,Places__24. School__MVI_3538.npy,0
Places,24. School,MVI_3614,Places__24. School__MVI_3614.npy,1
Places,24. School,MVI_3615,Places__24. School__MVI_3615.npy,2
Places,24. School,MVI_3616,Places__24. School__MVI_3616.npy,3
Places,24. School,MVI_3617,Places__24. School__MVI_3617.npy,4
Places,25. Office,MVI_3294,Places__25. Office__MVI_3294.npy,0
Places,25. Office,MVI_3295,Places__25. Office__MVI_3295.npy,1
Places,25. Office,MVI_3296,Places__25. Office__MVI_3296.npy,2
Places,25. Office,MVI_3297,Places__25. Office__MVI_3297.npy,3
Places,25. Office,MVI_3460,Places__25. Office__MVI_3460.npy,4
Places,25. Office,MVI_3461,Places__25. Office__MVI_3461.npy,5
Places,25. Office,MVI_3462,Places__25. Office__MVI_3462.npy,6
Places,25. Office,MVI_3463,Places__25. Office__MVI_3463.npy,7
Places,25. Office,MVI_3539,Places__25. Office__MVI_3539.npy,8
Places,25. Office,MVI_3540,Places__25. Office__MVI_3540.npy,9
Places,25. Office,MVI_3541,Places__25. Office__MVI_3541.npy,10
Places,25. Office,MVI_3542,Places__25. Office__MVI_3542.npy,11
Places,25. Office,MVI_3618,Places__25. Office__MVI_3618.npy,12
Places,25. Office,MVI_3619,Places__25. Office__MVI_3619.npy,13
Places,25. Office,MVI_3620,Places__25. Office__MVI_3620.npy,14
Places,25. Office,MVI_3621,Places__25. Office__MVI_3621.npy,0
Places,25. Office,MVI_3675,Places__25. Office__MVI_3675.npy,1
Places,25. Office,MVI_3676,Places__25. Office__MVI_3676.npy,2
Places,25. Office,MVI_3677,Places__25. Office__MVI_3677.npy,3
Places,25. Office,MVI_3678,Places__25. Office__MVI_3678.npy,4
Places,26. University,MVI_3626,Places__26. University__MVI_3626.npy,5
Places,26. University,MVI_3298,Places__26. University__MVI_3298.npy,0
Places,26. University,MVI_3299,Places__26. University__MVI_3299.npy,1
Places,26. University,MVI_3300,Places__26. University__MVI_3300.npy,2
Places,26. University,MVI_3301,Places__26. University__MVI_3301.npy,3
Places,26. University,MVI_3375,Places__26. University__MVI_3375.npy,4
Places,26. University,MVI_3376,Places__26. University__MVI_3376.npy,5
Places,26. University,MVI_3377,Places__26. University__MVI_3377.npy,6
Places,26. University,MVI_3378,Places__26. University__MVI_3378.npy,7
Places,26. University,MVI_3464,Places__26. University__MVI_3464.npy,8
Places,26. University,MVI_3465,Places__26. University__MVI_3465.npy,9
Places,26. University,MVI_3466,Places__26. University__MVI_3466.npy,10
Places,26. University,MVI_3467,Places__26. University__MVI_3467.npy,11
Places,26. University,MVI_3543,Places__26. University__MVI_3543.npy,12
Places,26. University,MVI_3544,Places__26. University__MVI_3544.npy,13
Places,26. University,MVI_3545,Places__26. University__MVI_3545.npy,14
Places,26. University,MVI_3546,Places__26. University__MVI_3546.npy,0
Places,26. University,MVI_3622,Places__26. University__MVI_3622.npy,1
Places,26. University,MVI_3623,Places__26. University__MVI_3623.npy,2
Places,26. University,MVI_3624,Places__26. University__MVI_3624.npy,3
Places,26. University,MVI_3625,Places__26. University__MVI_3625.npy,4
Places,27. Park,MVI_3306,Places__27. Park__MVI_3306.npy,4
Places,27. Park,MVI_3631,Places__27. Park__MVI_3631.npy,6
Places,27. Park,MVI_3302,Places__27. Park__MVI_3302.npy,0
Places,27. Park,MVI_3303,Places__27. Park__MVI_3303.npy,1
Places,27. Park,MVI_3304,Places__27. Park__MVI_3304.npy,2
Places,27. Park,MVI_3305,Places__27. Park__MVI_3305.npy,3
Places,27. Park,MVI_3380,Places__27. Park__MVI_3380.npy,5
Places,27. Park,MVI_3381,Places__27. Park__MVI_3381.npy,6
Places,27. Park,MVI_3382,Places__27. Park__MVI_3382.npy,7
Places,27. Park,MVI_3383,Places__27. Park__MVI_3383.npy,8
Places,27. Park,MVI_3468,Places__27. Park__MVI_3468.npy,9
Places,27. Park,MVI_3469,Places__27. Park__MVI_3469.npy,10
Places,27. Park,MVI_3470,Places__27. Park__MVI_3470.npy,11
Places,27. Park,MVI_3471,Places__27. Park__MVI_3471.npy,12
Places,27. Park,MVI_3548,Places__27. Park__MVI_3548.npy,13
Places,27. Park,MVI_3549,Places__27. Park__MVI_3549.npy,14
Places,27. Park,MVI_3550,Places__27. Park__MVI_3550.npy,0
Places,27. Park,MVI_3551,Places__27. Park__MVI_3551.npy,1
Places,27. Park,MVI_3627,Places__27. Park__MVI_3627.npy,2
Places,27. Park,MVI_3628,Places__27. Park__MVI_3628.npy,3
Places,27. Park,MVI_3629,Places__27. Park__MVI_3629.npy,4
Places,27. Park,MVI_3630,Places__27. Park__MVI_3630.npy,5
Places,28. Store or Shop,MVI_3636,Places__28. Store or Shop__MVI_3636.npy,5
Places,28. Store or Shop,MVI_3637,Places__28. Store or Shop__MVI_3637.npy,6
Places,28. Store or Shop,MVI_3307,Places__28. Store or Shop__MVI_3307.npy,0
Places,28. Store or Shop,MVI_3308,Places__28. Store or Shop__MVI_3308.npy,1
Places,28. Store or Shop,MVI_3309,Places__28. Store or Shop__MVI_3309.npy,2
Places,28. Store or Shop,MVI_3310,Places__28. Store or Shop__MVI_3310.npy,3
Places,28. Store or Shop,MVI_3384,Places__28. Store or Shop__MVI_3384.npy,4
Places,28. Store or Shop,MVI_3385,Places__28. Store or Shop__MVI_3385.npy,5
Places,28. Store or Shop,MVI_3386,Places__28. Store or Shop__MVI_3386.npy,6
Places,28. Store or Shop,MVI_3387,Places__28. Store or Shop__MVI_3387.npy,7
Places,28. Store or Shop,MVI_3472,Places__28. Store or Shop__MVI_3472.npy,8
Places,28. Store or Shop,MVI_3473,Places__28. Store or Shop__MVI_3473.npy,9
Places,28. Store or Shop,MVI_3474,Places__28. Store or Shop__MVI_3474.npy,10
Places,28. Store or Shop,MVI_3475,Places__28. Store or Shop__MVI_3475.npy,11
Places,28. Store or Shop,MVI_3552,Places__28. Store or Shop__MVI_3552.npy,12
Places,28. Store or Shop,MVI_3553,Places__28. Store or Shop__MVI_3553.npy,13
Places,28. Store or Shop,MVI_3554,Places__28. Store or Shop__MVI_3554.npy,14
Places,28. Store or Shop,MVI_3555,Places__28. Store or Shop__MVI_3555.npy,0
Places,28. Store or Shop,MVI_3632,Places__28. Store or Shop__MVI_3632.npy,1
Places,28. Store or Shop,MVI_3633,Places__28. Store or Shop__MVI_3633.npy,2
Places,28. Store or Shop,MVI_3634,Places__28. Store or Shop__MVI_3634.npy,3
Places,28. Store or Shop,MVI_3635,Places__28. Store or Shop__MVI_3635.npy,4
Places,29. Library,MVI_3311,Places__29. Library__MVI_3311.npy,0
Places,29. Library,MVI_3312,Places__29. Library__MVI_3312.npy,1
Places,29. Library,MVI_3313,Places__29. Library__MVI_3313.npy,2
Places,29. Library,MVI_3314,Places__29. Library__MVI_3314.npy,3
Places,29. Library,MVI_3389,Places__29. Library__MVI_3389.npy,4
Places,29. Library,MVI_3390,Places__29. Library__MVI_3390.npy,5
Places,29. Library,MVI_3391,Places__29. Library__MVI_3391.npy,6
Places,29. Library,MVI_3392,Places__29. Library__MVI_3392.npy,7
Places,29. Library,MVI_3476,Places__29. Library__MVI_3476.npy,8
Places,29. Library,MVI_3477,Places__29. Library__MVI_3477.npy,9
Places,29. Library,MVI_3478,Places__29. Library__MVI_3478.npy,10
Places,29. Library,MVI_3479,Places__29. Library__MVI_3479.npy,11
Places,29. Library,MVI_3556,Places__29. Library__MVI_3556.npy,12
Places,29. Library,MVI_3557,Places__29. Library__MVI_3557.npy,13
Places,29. Library,MVI_3558,Places__29. Library__MVI_3558.npy,14
Places,29. Library,MVI_3559,Places__29. Library__MVI_3559.npy,0
Places,29. Library,MVI_3665,Places__29. Library__MVI_3665.npy,1
Places,29. Library,MVI_3666,Places__29. Library__MVI_3666.npy,2
Places,29. Library,MVI_3667,Places__29. Library__MVI_3667.npy,3
Places,29. Library,MVI_3668,Places__29. Library__MVI_3668.npy,4
Places,30. Hospital,MVI_3315,Places__30. Hospital__MVI_3315.npy,0
Places,30. Hospital,MVI_3316,Places__30. Hospital__MVI_3316.npy,1
Places,30. Hospital,MVI_3317,Places__30. Hospital__MVI_3317.npy,2
Places,30. Hospital,MVI_3318,Places__30. Hospital__MVI_3318.npy,3
Places,30. Hospital,MVI_3397,Places__30. Hospital__MVI_3397.npy,4
Places,30. Hospital,MVI_3398,Places__30. Hospital__MVI_3398.npy,5
Places,30. Hospital,MVI_3399,Places__30. Hospital__MVI_3399.npy,6
Places,30. Hospital,MVI_3400,Places__30. Hospital__MVI_3400.npy,7
Places,30. Hospital,MVI_3480,Places__30. Hospital__MVI_3480.npy,8
Places,30. Hospital,MVI_3481,Places__30. Hospital__MVI_3481.npy,9
Places,30. Hospital,MVI_3482,Places__30. Hospital__MVI_3482.npy,10
Places,30. Hospital,MVI_3483,Places__30. Hospital__MVI_3483.npy,11
Places,30. Hospital,MVI_3560,Places__30. Hospital__MVI_3560.npy,12
Places,30. Hospital,MVI_3561,Places__30. Hospital__MVI_3561.npy,13
Places,30. Hospital,MVI_3562,Places__30. Hospital__MVI_3562.npy,14
Places,30. Hospital,MVI_3563,Places__30. Hospital__MVI_3563.npy,0
Places,30. Hospital,MVI_3638,Places__30. Hospital__MVI_3638.npy,1
Places,30. Hospital,MVI_3639,Places__30. Hospital__MVI_3639.npy,2
Places,30. Hospital,MVI_3640,Places__30. Hospital__MVI_3640.npy,3
Places,30. Hospital,MVI_3641,Places__30. Hospital__MVI_3641.npy,4
Places,31. Temple,MVI_3646,Places__31. Temple__MVI_3646.npy,5
Places,31. Temple,MVI_3319,Places__31. Temple__MVI_3319.npy,0
Places,31. Temple,MVI_3320,Places__31. Temple__MVI_3320.npy,1
Places,31. Temple,MVI_3321,Places__31. Temple__MVI_3321.npy,2
Places,31. Temple,MVI_3322,Places__31. Temple__MVI_3322.npy,3
Places,31. Temple,MVI_3401,Places__31. Temple__MVI_3401.npy,4
Places,31. Temple,MVI_3402,Places__31. Temple__MVI_3402.npy,5
Places,31. Temple,MVI_3403,Places__31. Temple__MVI_3403.npy,6
Places,31. Temple,MVI_3404,Places__31. Temple__MVI_3404.npy,7
Places,31. Temple,MVI_3484,Places__31. Temple__MVI_3484.npy,8
Places,31. Temple,MVI_3485,Places__31. Temple__MVI_3485.npy,9
Places,31. Temple,MVI_3486,Places__31. Temple__MVI_3486.npy,10
Places,31. Temple,MVI_3487,Places__31. Temple__MVI_3487.npy,11
Places,31. Temple,MVI_3564,Places__31. Temple__MVI_3564.npy,12
Places,31. Temple,MVI_3565,Places__31. Temple__MVI_3565.npy,13
Places,31. Temple,MVI_3566,Places__31. Temple__MVI_3566.npy,14
Places,31. Temple,MVI_3567,Places__31. Temple__MVI_3567.npy,0
Places,31. Temple,MVI_3642,Places__31. Temple__MVI_3642.npy,1
Places,31. Temple,MVI_3643,Places__31. Temple__MVI_3643.npy,2
Places,31. Temple,MVI_3644,Places__31. Temple__MVI_3644.npy,3
Places,31. Temple,MVI_3645,Places__31. Temple__MVI_3645.npy,4
Places,32. Market,MVI_3409,Places__32. Market__MVI_3409.npy,8
Places,32. Market,MVI_3323,Places__32. Market__MVI_3323.npy,0
Places,32. Market,MVI_3324,Places__32. Market__MVI_3324.npy,1
Places,32. Market,MVI_3325,Places__32. Market__MVI_3325.npy,2
Places,32. Market,MVI_3326,Places__32. Market__MVI_3326.npy,3
Places,32. Market,MVI_3405,Places__32. Market__MVI_3405.npy,4
Places,32. Market,MVI_3406,Places__32. Market__MVI_3406.npy,5
Places,32. Market,MVI_3407,Places__32. Market__MVI_3407.npy,6
Places,32. Market,MVI_3408,Places__32. Market__MVI_3408.npy,7
Places,32. Market,MVI_3488,Places__32. Market__MVI_3488.npy,9
Places,32. Market,MVI_3489,Places__32. Market__MVI_3489.npy,10
Places,32. Market,MVI_3490,Places__32. Market__MVI_3490.npy,11
Places,32. Market,MVI_3491,Places__32. Market__MVI_3491.npy,12
Places,32. Market,MVI_3569,Places__32. Market__MVI_3569.npy,13
Places,32. Market,MVI_3570,Places__32. Market__MVI_3570.npy,14
Places,32. Market,MVI_3571,Places__32. Market__MVI_3571.npy,0
Places,32. Market,MVI_3572,Places__32. Market__MVI_3572.npy,1
Places,32. Market,MVI_3647,Places__32. Market__MVI_3647.npy,2
Places,32. Market,MVI_3648,Places__32. Market__MVI_3648.npy,3
Places,32. Market,MVI_3649,Places__32. Market__MVI_3649.npy,4
Places,32. Market,MVI_3650,Places__32. Market__MVI_3650.npy,5
Places,33. India,MVI_3655,Places__33. India__MVI_3655.npy,5
Places,33. India,MVI_3327,Places__33. India__MVI_3327.npy,0
Places,33. India,MVI_3328,Places__33. India__MVI_3328.npy,1
Places,33. India,MVI_3329,Places__33. India__MVI_3329.npy,2
Places,33. India,MVI_3330,Places__33. India__MVI_3330.npy,3
Places,33. India,MVI_3410,Places__33. India__MVI_3410.npy,4
Places,33. India,MVI_3411,Places__33. India__MVI_3411.npy,5
Places,33. India,MVI_3412,Places__33. India__MVI_3412.npy,6
Places,33. India,MVI_3413,Places__33. India__MVI_3413.npy,7
Places,33. India,MVI_3492,Places__33. India__MVI_3492.npy,8
Places,33. India,MVI_3493,Places__33. India__MVI_3493.npy,9
Places,33. India,MVI_3494,Places__33. India__MVI_3494.npy,10
Places,33. India,MVI_3495,Places__33. India__MVI_3495.npy,11
Places,33. India,MVI_3573,Places__33. India__MVI_3573.npy,12
Places,33. India,MVI_3574,Places__33. India__MVI_3574.npy,13
Places,33. India,MVI_3575,Places__33. India__MVI_3575.npy,14
Places,33. India,MVI_3576,Places__33. India__MVI_3576.npy,0
Places,33. India,MVI_3651,Places__33. India__MVI_3651.npy,1
Places,33. India,MVI_3652,Places__33. India__MVI_3652.npy,2
Places,33. India,MVI_3653,Places__33. India__MVI_3653.npy,3
Places,33. India,MVI_3654,Places__33. India__MVI_3654.npy,4
Places,34. Ground,MVI_3660,Places__34. Ground__MVI_3660.npy,5
Places,34. Ground,MVI_3331,Places__34. Ground__MVI_3331.npy,0
Places,34. Ground,MVI_3332,Places__34. Ground__MVI_3332.npy,1
Places,34. Ground,MVI_3333,Places__34. Ground__MVI_3333.npy,2
Places,34. Ground,MVI_3334,Places__34. Ground__MVI_3334.npy,3
Places,34. Ground,MVI_3414,Places__34. Ground__MVI_3414.npy,4
Places,34. Ground,MVI_3415,Places__34. Ground__MVI_3415.npy,5
Places,34. Ground,MVI_3416,Places__34. Ground__MVI_3416.npy,6
Places,34. Ground,MVI_3417,Places__34. Ground__MVI_3417.npy,7
Places,34. Ground,MVI_3496,Places__34. Ground__MVI_3496.npy,8
Places,34. Ground,MVI_3497,Places__34. Ground__MVI_3497.npy,9
Places,34. Ground,MVI_3498,Places__34. Ground__MVI_3498.npy,10
Places,34. Ground,MVI_3499,Places__34. Ground__MVI_3499.npy,11
Places,34. Ground,MVI_3577,Places__34. Ground__MVI_3577.npy,12
Places,34. Ground,MVI_3578,Places__34. Ground__MVI_3578.npy,13
Places,34. Ground,MVI_3579,Places__34. Ground__MVI_3579.npy,14
Places,34. Ground,MVI_3580,Places__34. Ground__MVI_3580.npy,0
Places,34. Ground,MVI_3656,Places__34. Ground__MVI_3656.npy,1
Places,34. Ground,MVI_3657,Places__34. Ground__MVI_3657.npy,2
Places,34. Ground,MVI_3658,Places__34. Ground__MVI_3658.npy,3
Places,34. Ground,MVI_3659,Places__34. Ground__MVI_3659.npy,4
Places,35. Bank,MVI_3339,Places__35. Bank__MVI_3339.npy,4
Places,35. Bank,MVI_3420,Places__35. Bank__MVI_3420.npy,6
Places,35. Bank,MVI_3335,Places__35. Bank__MVI_3335.npy,0
Places,35. Bank,MVI_3336,Places__35. Bank__MVI_3336.npy,1
Places,35. Bank,MVI_3337,Places__35. Bank__MVI_3337.npy,2
Places,35. Bank,MVI_3338,Places__35. Bank__MVI_3338.npy,3
Places,35. Bank,MVI_3419,Places__35. Bank__MVI_3419.npy,5
Places,35. Bank,MVI_3421,Places__35. Bank__MVI_3421.npy,7
Places,35. Bank,MVI_3422,Places__35. Bank__MVI_3422.npy,8
Places,35. Bank,MVI_3423,Places__35. Bank__MVI_3423.npy,9
Places,35. Bank,MVI_3500,Places__35. Bank__MVI_3500.npy,10
Places,35. Bank,MVI_3501,Places__35. Bank__MVI_3501.npy,11
Places,35. Bank,MVI_3502,Places__35. Bank__MVI_3502.npy,12
Places,35. Bank,MVI_3503,Places__35. Bank__MVI_3503.npy,13
Places,35. Bank,MVI_3581,Places__35. Bank__MVI_3581.npy,14
Places,35. Bank,MVI_3582,Places__35. Bank__MVI_3582.npy,0
Places,35. Bank,MVI_3583,Places__35. Bank__MVI_3583.npy,1
Places,35. Bank,MVI_3584,Places__35. Bank__MVI_3584.npy,2
Places,35. Bank,MVI_3661,Places__35. Bank__MVI_3661.npy,3
Places,35. Bank,MVI_3662,Places__35. Bank__MVI_3662.npy,4
Places,35. Bank,MVI_3663,Places__35. Bank__MVI_3663.npy,5
Places,35. Bank,MVI_3664,Places__35. Bank__MVI_3664.npy,6
Places,36. Location,MVI_3429,Places__36. Location__MVI_3429.npy,8
Places,36. Location,MVI_3674,Places__36. Location__MVI_3674.npy,6
Places,36. Location,MVI_3341,Places__36. Location__MVI_3341.npy,0
Places,36. Location,MVI_3342,Places__36. Location__MVI_3342.npy,1
Places,36. Location,MVI_3343,Places__36. Location__MVI_3343.npy,2
Places,36. Location,MVI_3344,Places__36. Location__MVI_3344.npy,3
Places,36. Location,MVI_3425,Places__36. Location__MVI_3425.npy,4
Places,36. Location,MVI_3426,Places__36. Location__MVI_3426.npy,5
Places,36. Location,MVI_3427,Places__36. Location__MVI_3427.npy,6
Places,36. Location,MVI_3428,Places__36. Location__MVI_3428.npy,7
Places,36. Location,MVI_3504,Places__36. Location__MVI_3504.npy,9
Places,36. Location,MVI_3505,Places__36. Location__MVI_3505.npy,10
Places,36. Location,MVI_3506,Places__36. Location__MVI_3506.npy,11
Places,36. Location,MVI_3507,Places__36. Location__MVI_3507.npy,12
Places,36. Location,MVI_3585,Places__36. Location__MVI_3585.npy,13
Places,36. Location,MVI_3586,Places__36. Location__MVI_3586.npy,14
Places,36. Location,MVI_3587,Places__36. Location__MVI_3587.npy,0
Places,36. Location,MVI_3588,Places__36. Location__MVI_3588.npy,1
Places,36. Location,MVI_3669,Places__36. Location__MVI_3669.npy,2
Places,36. Location,MVI_3671,Places__36. Location__MVI_3671.npy,3
Places,36. Location,MVI_3672,Places__36. Location__MVI_3672.npy,4
Places,36. Location,MVI_3673,Places__36. Location__MVI_3673.npy,5
Pronouns,40. I,MVI_0001,Pronouns__40. I__MVI_0001.npy,0
Pronouns,40. I,MVI_0002,Pronouns__40. I__MVI_0002.npy,1
Pronouns,40. I,MVI_0003,Pronouns__40. I__MVI_0003.npy,2
Pronouns,40. I,MVI_0012,Pronouns__40. I__MVI_0012.npy,3
Pronouns,40. I,MVI_0013,Pronouns__40. I__MVI_0013.npy,4
Pronouns,40. I,MVI_0014,Pronouns__40. I__MVI_0014.npy,5
Pronouns,40. I,MVI_0064,Pronouns__40. I__MVI_0064.npy,6
Pronouns,40. I,MVI_0065,Pronouns__40. I__MVI_0065.npy,7
Pronouns,40. I,MVI_0066,Pronouns__40. I__MVI_0066.npy,8
Pronouns,40. I,MVI_9878,Pronouns__40. I__MVI_9878.npy,9
Pronouns,40. I,MVI_9879,Pronouns__40. I__MVI_9879.npy,10
Pronouns,40. I,MVI_9880,Pronouns__40. I__MVI_9880.npy,11
Pronouns,40. I,MVI_9881,Pronouns__40. I__MVI_9881.npy,12
Pronouns,40. I,MVI_9918,Pronouns__40. I__MVI_9918.npy,13
Pronouns,40. I,MVI_9919,Pronouns__40. I__MVI_9919.npy,14
Pronouns,40. I,MVI_9920,Pronouns__40. I__MVI_9920.npy,0
Pronouns,40. I,MVI_9922,Pronouns__40. I__MVI_9922.npy,1
Pronouns,40. I,MVI_9957,Pronouns__40. I__MVI_9957.npy,2
Pronouns,40. I,MVI_9958,Pronouns__40. I__MVI_9958.npy,3
Pronouns,40. I,MVI_9959,Pronouns__40. I__MVI_9959.npy,4
Pronouns,40. I,MVI_9995,Pronouns__40. I__MVI_9995.npy,5
Pronouns,41. you,MVI_0015,Pronouns__41. you__MVI_0015.npy,0
Pronouns,41. you,MVI_0016,Pronouns__41. you__MVI_0016.npy,1
Pronouns,41. you,MVI_0017,Pronouns__41. you__MVI_0017.npy,2
Pronouns,41. you,MVI_0067,Pronouns__41. you__MVI_0067.npy,3
Pronouns,41. you,MVI_0068,Pronouns__41. you__MVI_0068.npy,4
Pronouns,41. you,MVI_0069,Pronouns__41. you__MVI_0069.npy,5
Pronouns,41. you,MVI_9885,Pronouns__41. you__MVI_9885.npy,6
Pronouns,41. you,MVI_9886,Pronouns__41. you__MVI_9886.npy,7
Pronouns,41. you,MVI_9887,Pronouns__41. you__MVI_9887.npy,8
Pronouns,41. you,MVI_9888,Pronouns__41. you__MVI_9888.npy,9
Pronouns,41. you,MVI_9923,Pronouns__41. you__MVI_9923.npy,10
Pronouns,41. you,MVI_9924,Pronouns__41. you__MVI_9924.npy,11
Pronouns,41. you,MVI_9925,Pronouns__41. you__MVI_9925.npy,12
Pronouns,41. you,MVI_9926,Pronouns__41. you__MVI_9926.npy,13
Pronouns,41. you,MVI_9960,Pronouns__41. you__MVI_9960.npy,14
Pronouns,41. you,MVI_9961,Pronouns__41. you__MVI_9961.npy,0
Pronouns,41. you,MVI_9962,Pronouns__41. you__MVI_9962.npy,1
Pronouns,41. you,MVI_9996,Pronouns__41. you__MVI_9996.npy,2
Pronouns,41. you,MVI_9997,Pronouns__41. you__MVI_9997.npy,3
Pronouns,41. you,MVI_9998,Pronouns__41. you__MVI_9998.npy,4
Pronouns,41. you,MVI_9999,Pronouns__41. you__MVI_9999.npy,5
Pronouns,42. he,MVI_0005,Pronouns__42. he__MVI_0005.npy,0
Pronouns,42. he,MVI_0006,Pronouns__42. he__MVI_0006.npy,1
Pronouns,42. he,MVI_0007,Pronouns__42. he__MVI_0007.npy,2
Pronouns,42. he,MVI_0008,Pronouns__42. he__MVI_0008.npy,3
Pronouns,42. he,MVI_0018,Pronouns__42. he__MVI_0018.npy,4
Pronouns,42. he,MVI_0019,Pronouns__42. he__MVI_0019.npy,5
Pronouns,42. he,MVI_0020,Pronouns__42. he__MVI_0020.npy,6
Pronouns,42. he,MVI_0070,Pronouns__42. he__MVI_0070.npy,7
Pronouns,42. he,MVI_0071,Pronouns__42. he__MVI_0071.npy,8
Pronouns,42. he,MVI_0072,Pronouns__42. he__MVI_0072.npy,9
Pronouns,42. he,MVI_9889,Pronouns__42. he__MVI_9889.npy,10
Pronouns,42. he,MVI_9890,Pronouns__42. he__MVI_9890.npy,11
Pronouns,42. he,MVI_9891,Pronouns__42. he__MVI_9891.npy,12
Pronouns,42. he,MVI_9892,Pronouns__42. he__MVI_9892.npy,13
Pronouns,42. he,MVI_9927,Pronouns__42. he__MVI_9927.npy,14
Pronouns,42. he,MVI_9928,Pronouns__42. he__MVI_9928.npy,0
Pronouns,42. he,MVI_9930,Pronouns__42. he__MVI_9930.npy,1
Pronouns,42. he,MVI_9931,Pronouns__42. he__MVI_9931.npy,2
Pronouns,42. he,MVI_9963,Pronouns__42. he__MVI_9963.npy,3
Pronouns,42. he,MVI_9964,Pronouns__42. he__MVI_9964.npy,4
Pronouns,42. he,MVI_9965,Pronouns__42. he__MVI_9965.npy,5
Pronouns,43. she,MVI_0009,Pronouns__43. she__MVI_0009.npy,0
Pronouns,43. she,MVI_0010,Pronouns__43. she__MVI_0010.npy,1
Pronouns,43. she,MVI_0011,Pronouns__43. she__MVI_0011.npy,2
Pronouns,43. she,MVI_0012,Pronouns__43. she__MVI_0012.npy,3
Pronouns,43. she,MVI_0021,Pronouns__43. she__MVI_0021.npy,4
Pronouns,43. she,MVI_0022,Pronouns__43. she__MVI_0022.npy,5
Pronouns,43. she,MVI_0023,Pronouns__43. she__MVI_0023.npy,6
Pronouns,43. she,MVI_0073,Pronouns__43. she__MVI_0073.npy,7
Pronouns,43. she,MVI_0074,Pronouns__43. she__MVI_0074.npy,8
Pronouns,43. she,MVI_0075,Pronouns__43. she__MVI_0075.npy,9
Pronouns,43. she,MVI_9893,Pronouns__43. she__MVI_9893.npy,10
Pronouns,43. she,MVI_9894,Pronouns__43. she__MVI_9894.npy,11
Pronouns,43. she,MVI_9895,Pronouns__43. she__MVI_9895.npy,12
Pronouns,43. she,MVI_9896,Pronouns__43. she__MVI_9896.npy,13
Pronouns,43. she,MVI_9932,Pronouns__43. she__MVI_9932.npy,14
Pronouns,43. she,MVI_9933,Pronouns__43. she__MVI_9933.npy,0
Pronouns,43. she,MVI_9934,Pronouns__43. she__MVI_9934.npy,1
Pronouns,43. she,MVI_9935,Pronouns__43. she__MVI_9935.npy,2
Pronouns,43. she,MVI_9966,Pronouns__43. she__MVI_9966.npy,3
Pronouns,43. she,MVI_9967,Pronouns__43. she__MVI_9967.npy,4
Pronouns,43. she,MVI_9968,Pronouns__43. she__MVI_9968.npy,5
Pronouns,44. it,MVI_0013,Pronouns__44. it__MVI_0013.npy,0
Pronouns,44. it,MVI_0014,Pronouns__44. it__MVI_0014.npy,1
Pronouns,44. it,MVI_0015,Pronouns__44. it__MVI_0015.npy,2
Pronouns,44. it,MVI_0016,Pronouns__44. it__MVI_0016.npy,3
Pronouns,44. it,MVI_0024,Pronouns__44. it__MVI_0024.npy,4
Pronouns,44. it,MVI_0025,Pronouns__44. it__MVI_0025.npy,5
Pronouns,44. it,MVI_0026,Pronouns__44. it__MVI_0026.npy,6
Pronouns,44. it,MVI_0076,Pronouns__44. it__MVI_0076.npy,7
Pronouns,44. it,MVI_0077,Pronouns__44. it__MVI_0077.npy,8
Pronouns,44. it,MVI_0078,Pronouns__44. it__MVI_0078.npy,9
Pronouns,44. it,MVI_9897,Pronouns__44. it__MVI_9897.npy,10
Pronouns,44. it,MVI_9898,Pronouns__44. it__MVI_9898.npy,11
Pronouns,44. it,MVI_9899,Pronouns__44. it__MVI_9899.npy,12
Pronouns,44. it,MVI_9900,Pronouns__44. it__MVI_9900.npy,13
Pronouns,44. it,MVI_9936,Pronouns__44. it__MVI_9936.npy,14
Pronouns,44. it,MVI_9937,Pronouns__44. it__MVI_9937.npy,0
Pronouns,44. it,MVI_9938,Pronouns__44. it__MVI_9938.npy,1
Pronouns,44. it,MVI_9939,Pronouns__44. it__MVI_9939.npy,2
Pronouns,44. it,MVI_9969,Pronouns__44. it__MVI_9969.npy,3
Pronouns,44. it,MVI_9970,Pronouns__44. it__MVI_9970.npy,4
Pronouns,44. it,MVI_9971,Pronouns__44. it__MVI_9971.npy,5
Pronouns,45. we,MVI_0017,Pronouns__45. we__MVI_0017.npy,0
Pronouns,45. we,MVI_0018,Pronouns__45. we__MVI_0018.npy,1
Pronouns,45. we,MVI_0019,Pronouns__45. we__MVI_0019.npy,2
Pronouns,45. we,MVI_0020,Pronouns__45. we__MVI_0020.npy,3
Pronouns,45. we,MVI_0027,Pronouns__45. we__MVI_0027.npy,4
Pronouns,45. we,MVI_0028,Pronouns__45. we__MVI_0028.npy,5
Pronouns,45. we,MVI_0029,Pronouns__45. we__MVI_0029.npy,6
Pronouns,45. we,MVI_0079,Pronouns__45. we__MVI_0079.npy,7
Pronouns,45. we,MVI_0080,Pronouns__45. we__MVI_0080.npy,8
Pronouns,45. we,MVI_0081,Pronouns__45. we__MVI_0081.npy,9
Pronouns,45. we,MVI_9901,Pronouns__45. we__MVI_9901.npy,10
Pronouns,45. we,MVI_9902,Pronouns__45. we__MVI_9902.npy,11
Pronouns,45. we,MVI_9903,Pronouns__45. we__MVI_9903.npy,12
Pronouns,45. we,MVI_9904,Pronouns__45. we__MVI_9904.npy,13
Pronouns,45. we,MVI_9940,Pronouns__45. we__MVI_9940.npy,14
Pronouns,45. we,MVI_9941,Pronouns__45. we__MVI_9941.npy,0
Pronouns,45. we,MVI_9942,Pronouns__45. we__MVI_9942.npy,1
Pronouns,45. we,MVI_9943,Pronouns__45. we__MVI_9943.npy,2
Pronouns,45. we,MVI_9972,Pronouns__45. we__MVI_9972.npy,3
Pronouns,45. we,MVI_9973,Pronouns__45. we__MVI_9973.npy,4
Pronouns,45. we,MVI_9974,Pronouns__45. we__MVI_9974.npy,5
Pronouns,46. you (plural),MVI_0021,Pronouns__46. you (plural)__MVI_0021.npy,0
Pronouns,46. you (plural),MVI_0022,Pronouns__46. you (plural)__MVI_0022.npy,1
Pronouns,46. you (plural),MVI_0023,Pronouns__46. you (plural)__MVI_0023.npy,2
Pronouns,46. you (plural),MVI_0024,Pronouns__46. you (plural)__MVI_0024.npy,3
Pronouns,46. you (plural),MVI_0030,Pronouns__46. you (plural)__MVI_0030.npy,4
Pronouns,46. you (plural),MVI_0031,Pronouns__46. you (plural)__MVI_0031.npy,5
Pronouns,46. you (plural),MVI_0032,Pronouns__46. you (plural)__MVI_0032.npy,6
Pronouns,46. you (plural),MVI_0082,Pronouns__46. you (plural)__MVI_0082.npy,7
Pronouns,46. you (plural),MVI_0083,Pronouns__46. you (plural)__MVI_0083.npy,8
Pronouns,46. you (plural),MVI_0084,Pronouns__46. you (plural)__MVI_0084.npy,9
Pronouns,46. you (plural),MVI_9905,Pronouns__46. you (plural)__MVI_9905.npy,10
Pronouns,46. you (plural),MVI_9907,Pronouns__46. you (plural)__MVI_9907.npy,11
Pronouns,46. you (plural),MVI_9908,Pronouns__46. you (plural)__MVI_9908.npy,12
Pronouns,46. you (plural),MVI_9909,Pronouns__46. you (plural)__MVI_9909.npy,13
Pronouns,46. you (plural),MVI_9945,Pronouns__46. you (plural)__MVI_9945.npy,14
Pronouns,46. you (plural),MVI_9946,Pronouns__46. you (plural)__MVI_9946.npy,0
Pronouns,46. you (plural),MVI_9947,Pronouns__46. you (plural)__MVI_9947.npy,1
Pronouns,46. you (plural),MVI_9948,Pronouns__46. you (plural)__MVI_9948.npy,2
Pronouns,46. you (plural),MVI_9975,Pronouns__46. you (plural)__MVI_9975.npy,3
Pronouns,46. you (plural),MVI_9976,Pronouns__46. you (plural)__MVI_9976.npy,4
Pronouns,46. you (plural),MVI_9977,Pronouns__46. you (plural)__MVI_9977.npy,5
Pronouns,47. they,MVI_0025,Pronouns__47. they__MVI_0025.npy,0
Pronouns,47. they,MVI_0026,Pronouns__47. they__MVI_0026.npy,1
Pronouns,47. they,MVI_0027,Pronouns__47. they__MVI_0027.npy,2
Pronouns,47. they,MVI_0028,Pronouns__47. they__MVI_0028.npy,3
Pronouns,47. they,MVI_0033,Pronouns__47. they__MVI_0033.npy,4
Pronouns,47. they,MVI_0034,Pronouns__47. they__MVI_0034.npy,5
Pronouns,47. they,MVI_0035,Pronouns__47. they__MVI_0035.npy,6
Pronouns,47. they,MVI_0085,Pronouns__47. they__MVI_0085.npy,7
Pronouns,47. they,MVI_0087,Pronouns__47. they__MVI_0087.npy,8
Pronouns,47. they,MVI_0088,Pronouns__47. they__MVI_0088.npy,9
Pronouns,47. they,MVI_9910,Pronouns__47. they__MVI_9910.npy,10
Pronouns,47. they,MVI_9911,Pronouns__47. they__MVI_9911.npy,11
Pronouns,47. they,MVI_9912,Pronouns__47. they__MVI_9912.npy,12
Pronouns,47. they,MVI_9913,Pronouns__47. they__MVI_9913.npy,13
Pronouns,47. they,MVI_9950,Pronouns__47. they__MVI_9950.npy,14
Pronouns,47. they,MVI_9951,Pronouns__47. they__MVI_9951.npy,0
Pronouns,47. they,MVI_9952,Pronouns__47. they__MVI_9952.npy,1
Pronouns,47. they,MVI_9953,Pronouns__47. they__MVI_9953.npy,2
Pronouns,47. they,MVI_9979,Pronouns__47. they__MVI_9979.npy,3
Pronouns,47. they,MVI_9980,Pronouns__47. they__MVI_9980.npy,4
Pronouns,47. they,MVI_9981,Pronouns__47. they__MVI_9981.npy,5
Seasons,61. Summer,MVI_4565,Seasons__61. Summer__MVI_4565.npy,0
Seasons,61. Summer,MVI_4566,Seasons__61. Summer__MVI_4566.npy,1
Seasons,61. Summer,MVI_4567,Seasons__61. Summer__MVI_4567.npy,2
Seasons,61. Summer,MVI_4568,Seasons__61. Summer__MVI_4568.npy,3
Seasons,61. Summer,MVI_4990,Seasons__61. Summer__MVI_4990.npy,4
Seasons,61. Summer,MVI_4991,Seasons__61. Summer__MVI_4991.npy,5
Seasons,61. Summer,MVI_4992,Seasons__61. Summer__MVI_4992.npy,6
Seasons,61. Summer,MVI_5420,Seasons__61. Summer__MVI_5420.npy,7
Seasons,61. Summer,MVI_5421,Seasons__61. Summer__MVI_5421.npy,8
Seasons,61. Summer,MVI_5422,Seasons__61. Summer__MVI_5422.npy,9
Seasons,61. Summer,MVI_5424,Seasons__61. Summer__MVI_5424.npy,10
Seasons,61. Summer,MVI_9122,Seasons__61. Summer__MVI_9122.npy,11
Seasons,61. Summer,MVI_9123,Seasons__61. Summer__MVI_9123.npy,12
Seasons,61. Summer,MVI_9124,Seasons__61. Summer__MVI_9124.npy,13
Seasons,62. Spring,MVI_4569,Seasons__62. Spring__MVI_4569.npy,0
Seasons,62. Spring,MVI_4570,Seasons__62. Spring__MVI_4570.npy,1
Seasons,62. Spring,MVI_4571,Seasons__62. Spring__MVI_4571.npy,2
Seasons,62. Spring,MVI_4572,Seasons__62. Spring__MVI_4572.npy,3
Seasons,62. Spring,MVI_4993,Seasons__62. Spring__MVI_4993.npy,4
Seasons,62. Spring,MVI_4994,Seasons__62. Spring__MVI_4994.npy,5
Seasons,62. Spring,MVI_4995,Seasons__62. Spring__MVI_4995.npy,6
Seasons,62. Spring,MVI_5425,Seasons__62. Spring__MVI_5425.npy,7
Seasons,62. Spring,MVI_5426,Seasons__62. Spring__MVI_5426.npy,8
Seasons,62. Spring,MVI_5427,Seasons__62. Spring__MVI_5427.npy,9
Seasons,62. Spring,MVI_5428,Seasons__62. Spring__MVI_5428.npy,10
Seasons,62. Spring,MVI_9125,Seasons__62. Spring__MVI_9125.npy,11
Seasons,62. Spring,MVI_9126,Seasons__62. Spring__MVI_9126.npy,12
Seasons,62. Spring,MVI_9127,Seasons__62. Spring__MVI_9127.npy,13
Seasons,63. Winter,MVI_4573,Seasons__63. Winter__MVI_4573.npy,0
Seasons,63. Winter,MVI_4574,Seasons__63. Winter__MVI_4574.npy,1
Seasons,63. Winter,MVI_4575,Seasons__63. Winter__MVI_4575.npy,2
Seasons,63. Winter,MVI_4576,Seasons__63. Winter__MVI_4576.npy,3
Seasons,63. Winter,MVI_4996,Seasons__63. Winter__MVI_4996.npy,4
Seasons,63. Winter,MVI_4997,Seasons__63. Winter__MVI_4997.npy,5
Seasons,63. Winter,MVI_4998,Seasons__63. Winter__MVI_4998.npy,6
Seasons,63. Winter,MVI_5429,Seasons__63. Winter__MVI_5429.npy,7
Seasons,63. Winter,MVI_5430,Seasons__63. Winter__MVI_5430.npy,8
Seasons,63. Winter,MVI_5431,Seasons__63. Winter__MVI_5431.npy,9
Seasons,63. Winter,MVI_5432,Seasons__63. Winter__MVI_5432.npy,10
Seasons,63. Winter,MVI_9129,Seasons__63. Winter__MVI_9129.npy,11
Seasons,63. Winter,MVI_9130,Seasons__63. Winter__MVI_9130.npy,12
Seasons,63. Winter,MVI_9131,Seasons__63. Winter__MVI_9131.npy,13
Seasons,64. Fall,MVI_4577,Seasons__64. Fall__MVI_4577.npy,0
Seasons,64. Fall,MVI_4578,Seasons__64. Fall__MVI_4578.npy,1
Seasons,64. Fall,MVI_4579,Seasons__64. Fall__MVI_4579.npy,2
Seasons,64. Fall,MVI_4580,Seasons__64. Fall__MVI_4580.npy,3
Seasons,64. Fall,MVI_4999,Seasons__64. Fall__MVI_4999.npy,4
Seasons,64. Fall,MVI_5000,Seasons__64. Fall__MVI_5000.npy,5
Seasons,64. Fall,MVI_5001,Seasons__64. Fall__MVI_5001.npy,6
Seasons,64. Fall,MVI_5433,Seasons__64. Fall__MVI_5433.npy,7
Seasons,64. Fall,MVI_5434,Seasons__64. Fall__MVI_5434.npy,8
Seasons,64. Fall,MVI_5435,Seasons__64. Fall__MVI_5435.npy,9
Seasons,64. Fall,MVI_5436,Seasons__64. Fall__MVI_5436.npy,10
Seasons,64. Fall,MVI_9132,Seasons__64. Fall__MVI_9132.npy,11
Seasons,64. Fall,MVI_9133,Seasons__64. Fall__MVI_9133.npy,12
Seasons,64. Fall,MVI_9134,Seasons__64. Fall__MVI_9134.npy,13
Seasons,64. Fall,MVI_9135,Seasons__64. Fall__MVI_9135.npy,14
Seasons,65. Season,MVI_4581,Seasons__65. Season__MVI_4581.npy,0
Seasons,65. Season,MVI_4582,Seasons__65. Season__MVI_4582.npy,1
Seasons,65. Season,MVI_4584,Seasons__65. Season__MVI_4584.npy,2
Seasons,65. Season,MVI_4585,Seasons__65. Season__MVI_4585.npy,3
Seasons,65. Season,MVI_5002,Seasons__65. Season__MVI_5002.npy,4
Seasons,65. Season,MVI_5003,Seasons__65. Season__MVI_5003.npy,5
Seasons,65. Season,MVI_5004,Seasons__65. Season__MVI_5004.npy,6
Seasons,65. Season,MVI_5437,Seasons__65. Season__MVI_5437.npy,7
Seasons,65. Season,MVI_5438,Seasons__65. Season__MVI_5438.npy,8
Seasons,65. Season,MVI_5439,Seasons__65. Season__MVI_5439.npy,9
Seasons,65. Season,MVI_5441,Seasons__65. Season__MVI_5441.npy,10
Seasons,65. Season,MVI_9136,Seasons__65. Season__MVI_9136.npy,11
Seasons,65. Season,MVI_9137,Seasons__65. Season__MVI_9137.npy,12
Seasons,65. Season,MVI_9138,Seasons__65. Season__MVI_9138.npy,13
Seasons,Ex. Monsoon,MVI_4671,Seasons__Ex. Monsoon__MVI_4671.npy,0
Seasons,Ex. Monsoon,MVI_4672,Seasons__Ex. Monsoon__MVI_4672.npy,1
Seasons,Ex. Monsoon,MVI_4673,Seasons__Ex. Monsoon__MVI_4673.npy,2
Seasons,Ex. Monsoon,MVI_4674,Seasons__Ex. Monsoon__MVI_4674.npy,3
Seasons,Ex. Monsoon,MVI_5080,Seasons__Ex. Monsoon__MVI_5080.npy,4
Seasons,Ex. Monsoon,MVI_5081,Seasons__Ex. Monsoon__MVI_5081.npy,5
Seasons,Ex. Monsoon,MVI_5082,Seasons__Ex. Monsoon__MVI_5082.npy,6
Seasons,Ex. Monsoon,MVI_5528,Seasons__Ex. Monsoon__MVI_5528.npy,7
Seasons,Ex. Monsoon,MVI_5529,Seasons__Ex. Monsoon__MVI_5529.npy,8
Seasons,Ex. Monsoon,MVI_5530,Seasons__Ex. Monsoon__MVI_5530.npy,9
Seasons,Ex. Monsoon,MVI_5531,Seasons__Ex. Monsoon__MVI_5531.npy,10
Seasons,Ex. Monsoon,MVI_9205,Seasons__Ex. Monsoon__MVI_9205.npy,11
Seasons,Ex. Monsoon,MVI_9206,Seasons__Ex. Monsoon__MVI_9206.npy,12
Seasons,Ex. Monsoon,MVI_9207,Seasons__Ex. Monsoon__MVI_9207.npy,13
Society,1. Religion,MVI_4251,Society__1. Religion__MVI_4251.npy,0
Society,1. Religion,MVI_4252,Society__1. Religion__MVI_4252.npy,1
Society,1. Religion,MVI_4253,Society__1. Religion__MVI_4253.npy,2
Society,1. Religion,MVI_4254,Society__1. Religion__MVI_4254.npy,3
Society,1. Religion,MVI_4797,Society__1. Religion__MVI_4797.npy,4
Society,1. Religion,MVI_4798,Society__1. Religion__MVI_4798.npy,5
Society,1. Religion,MVI_4799,Society__1. Religion__MVI_4799.npy,6
Society,1. Religion,MVI_8657,Society__1. Religion__MVI_8657.npy,7
Society,1. Religion,MVI_8658,Society__1. Religion__MVI_8658.npy,8
Society,1. Religion,MVI_8659,Society__1. Religion__MVI_8659.npy,9
Society,1. Religion,MVI_8660,Society__1. Religion__MVI_8660.npy,10
Society,1. Religion,MVI_8927,Society__1. Religion__MVI_8927.npy,11
Society,1. Religion,MVI_8928,Society__1. Religion__MVI_8928.npy,12
Society,1. Religion,MVI_8929,Society__1. Religion__MVI_8929.npy,13
Society,10. Energy,MVI_4287,Society__10. Energy__MVI_4287.npy,0
Society,10. Energy,MVI_4288,Society__10. Energy__MVI_4288.npy,1
Society,10. Energy,MVI_4289,Society__10. Energy__MVI_4289.npy,2
Society,10. Energy,MVI_4290,Society__10. Energy__MVI_4290.npy,3
Society,10. Energy,MVI_4827,Society__10. Energy__MVI_4827.npy,4
Society,10. Energy,MVI_4828,Society__10. Energy__MVI_4828.npy,5
Society,10. Energy,MVI_4829,Society__10. Energy__MVI_4829.npy,6
Society,10. Energy,MVI_8693,Society__10. Energy__MVI_8693.npy,7
Society,10. Energy,MVI_8694,Society__10. Energy__MVI_8694.npy,8
Society,10. Energy,MVI_8695,Society__10. Energy__MVI_8695.npy,9
Society,10. Energy,MVI_8696,Society__10. Energy__MVI_8696.npy,10
Society,10. Energy,MVI_8954,Society__10. Energy__MVI_8954.npy,11
Society,10. Energy,MVI_8955,Society__10. Energy__MVI_8955.npy,12
Society,10. Energy,MVI_8956,Society__10. Energy__MVI_8956.npy,13
Society,11. War,MVI_4291,Society__11. War__MVI_4291.npy,0
Society,11. War,MVI_4292,Society__11. War__MVI_4292.npy,1
Society,11. War,MVI_4293,Society__11. War__MVI_4293.npy,2
Society,11. War,MVI_4294,Society__11. War__MVI_4294.npy,3
Society,11. War,MVI_4830,Society__11. War__MVI_4830.npy,4
Society,11. War,MVI_4831,Society__11. War__MVI_4831.npy,5
Society,11. War,MVI_4832,Society__11. War__MVI_4832.npy,6
Society,11. War,MVI_8697,Society__11. War__MVI_8697.npy,7
Society,11. War,MVI_8698,Society__11. War__MVI_8698.npy,8
Society,11. War,MVI_8699,Society__11. War__MVI_8699.npy,9
Society,11. War,MVI_8700,Society__11. War__MVI_8700.npy,10
Society,11. War,MVI_8957,Society__11. War__MVI_8957.npy,11
Society,11. War,MVI_8958,Society__11. War__MVI_8958.npy,12
Society,11. War,MVI_8959,Society__11. War__MVI_8959.npy,13
Society,12. Peace,MVI_4295,Society__12. Peace__MVI_4295.npy,0
Society,12. Peace,MVI_4296,Society__12. Peace__MVI_4296.npy,1
Society,12. Peace,MVI_4297,Society__12. Peace__MVI_4297.npy,2
Society,12. Peace,MVI_4298,Society__12. Peace__MVI_4298.npy,3
Society,12. Peace,MVI_4833,Society__12. Peace__MVI_4833.npy,4
Society,12. Peace,MVI_4834,Society__12. Peace__MVI_4834.npy,5
Society,12. Peace,MVI_4835,Society__12. Peace__MVI_4835.npy,6
Society,12. Peace,MVI_8702,Society__12. Peace__MVI_8702.npy,7
Society,12. Peace,MVI_8703,Society__12. Peace__MVI_8703.npy,8
Society,12. Peace,MVI_8704,Society__12. Peace__MVI_8704.npy,9
Society,12. Peace,MVI_8705,Society__12. Peace__MVI_8705.npy,10
Society,12. Peace,MVI_8960,Society__12. Peace__MVI_8960.npy,11
Society,12. Peace,MVI_8961,Society__12. Peace__MVI_8961.npy,12
Society,12. Peace,MVI_8962,Society__12. Peace__MVI_8962.npy,13
Society,13. Attack,MVI_4299,Society__13. Attack__MVI_4299.npy,0
Society,13. Attack,MVI_4300,Society__13. Attack__MVI_4300.npy,1
Society,13. Attack,MVI_4301,Society__13. Attack__MVI_4301.npy,2
Society,13. Attack,MVI_4302,Society__13. Attack__MVI_4302.npy,3
Society,13. Attack,MVI_4303,Society__13. Attack__MVI_4303.npy,4
Society,13. Attack,MVI_4836,Society__13. Attack__MVI_4836.npy,5
Society,13. Attack,MVI_4837,Society__13. Attack__MVI_4837.npy,6
Society,13. Attack,MVI_4838,Society__13. Attack__MVI_4838.npy,7
Society,13. Attack,MVI_8706,Society__13. Attack__MVI_8706.npy,8
Society,13. Attack,MVI_8707,Society__13. Attack__MVI_8707.npy,9
Society,13. Attack,MVI_8708,Society__13. Attack__MVI_8708.npy,10
Society,13. Attack,MVI_8709,Society__13. Attack__MVI_8709.npy,11
Society,13. Attack,MVI_8964,Society__13. Attack__MVI_8964.npy,12
Society,13. Attack,MVI_8965,Society__13. Attack__MVI_8965.npy,13
Society,13. Attack,MVI_8966,Society__13. Attack__MVI_8966.npy,14
Society,14. Election,MVI_4304,Society__14. Election__MVI_4304.npy,0
Society,14. Election,MVI_4305,Society__14. Election__MVI_4305.npy,1
Society,14. Election,MVI_4306,Society__14. Election__MVI_4306.npy,2
Society,14. Election,MVI_4307,Society__14. Election__MVI_4307.npy,3
Society,14. Election,MVI_4839,Society__14. Election__MVI_4839.npy,4
Society,14. Election,MVI_4840,Society__14. Election__MVI_4840.npy,5
Society,14. Election,MVI_4841,Society__14. Election__MVI_4841.npy,6
Society,14. Election,MVI_8710,Society__14. Election__MVI_8710.npy,7
Society,14. Election,MVI_8711,Society__14. Election__MVI_8711.npy,8
Society,14. Election,MVI_8712,Society__14. Election__MVI_8712.npy,9
Society,14. Election,MVI_8713,Society__14. Election__MVI_8713.npy,10
Society,14. Election,MVI_8967,Society__14. Election__MVI_8967.npy,11
Society,14. Election,MVI_8968,Society__14. Election__MVI_8968.npy,12
Society,14. Election,MVI_8969,Society__14. Election__MVI_8969.npy,13
Society,15. Newspaper,MVI_4308,Society__15. Newspaper__MVI_4308.npy,0
Society,15. Newspaper,MVI_4309,Society__15. Newspaper__MVI_4309.npy,1
Society,15. Newspaper,MVI_4310,Society__15. Newspaper__MVI_4310.npy,2
Society,15. Newspaper,MVI_4311,Society__15. Newspaper__MVI_4311.npy,3
Society,15. Newspaper,MVI_4842,Society__15. Newspaper__MVI_4842.npy,4
Society,15. Newspaper,MVI_4843,Society__15. Newspaper__MVI_4843.npy,5
Society,15. Newspaper,MVI_4844,Society__15. Newspaper__MVI_4844.npy,6
Society,15. Newspaper,MVI_8714,Society__15. Newspaper__MVI_8714.npy,7
Society,15. Newspaper,MVI_8715,Society__15. Newspaper__MVI_8715.npy,8
Society,15. Newspaper,MVI_8716,Society__15. Newspaper__MVI_8716.npy,9
Society,15. Newspaper,MVI_8717,Society__15. Newspaper__MVI_8717.npy,10
Society,15. Newspaper,MVI_8970,Society__15. Newspaper__MVI_8970.npy,11
Society,15. Newspaper,MVI_8971,Society__15. Newspaper__MVI_8971.npy,12
Society,15. Newspaper,MVI_8972,Society__15. Newspaper__MVI_8972.npy,13
Society,16. Gun,MVI_4312,Society__16. Gun__MVI_4312.npy,0
Society,16. Gun,MVI_4313,Society__16. Gun__MVI_4313.npy,1
Society,16. Gun,MVI_4314,Society__16. Gun__MVI_4314.npy,2
Society,16. Gun,MVI_4315,Society__16. Gun__MVI_4315.npy,3
Society,16. Gun,MVI_4845,Society__16. Gun__MVI_4845.npy,4
Society,16. Gun,MVI_4846,Society__16. Gun__MVI_4846.npy,5
Society,16. Gun,MVI_4847,Society__16. Gun__MVI_4847.npy,6
Society,16. Gun,MVI_8718,Society__16. Gun__MVI_8718.npy,7
Society,16. Gun,MVI_8719,Society__16. Gun__MVI_8719.npy,8
Society,16. Gun,MVI_8720,Society__16. Gun__MVI_8720.npy,9
Society,16. Gun,MVI_8721,Society__16. Gun__MVI_8721.npy,10
Society,16. Gun,MVI_8973,Society__16. Gun__MVI_8973.npy,11
Society,16. Gun,MVI_8974,Society__16. Gun__MVI_8974.npy,12
Society,16. Gun,MVI_8975,Society__16. Gun__MVI_8975.npy,13
Society,17. Sport,MVI_4316,Society__17. Sport__MVI_4316.npy,0
Society,17. Sport,MVI_4317,Society__17. Sport__MVI_4317.npy,1
Society,17. Sport,MVI_4318,Society__17. Sport__MVI_4318.npy,2
Society,17. Sport,MVI_4319,Society__17. Sport__MVI_4319.npy,3
Society,17. Sport,MVI_4848,Society__17. Sport__MVI_4848.npy,4
Society,17. Sport,MVI_4849,Society__17. Sport__MVI_4849.npy,5
Society,17. Sport,MVI_4850,Society__17. Sport__MVI_4850.npy,6
Society,17. Sport,MVI_8722,Society__17. Sport__MVI_8722.npy,7
Society,17. Sport,MVI_8723,Society__17. Sport__MVI_8723.npy,8
Society,17. Sport,MVI_8724,Society__17. Sport__MVI_8724.npy,9
Society,17. Sport,MVI_8725,Society__17. Sport__MVI_8725.npy,10
Society,17. Sport,MVI_8976,Society__17. Sport__MVI_8976.npy,11
Society,17. Sport,MVI_8977,Society__17. Sport__MVI_8977.npy,12
Society,17. Sport,MVI_8978,Society__17. Sport__MVI_8978.npy,13
Society,18. Exercise,MVI_4320,Society__18. Exercise__MVI_4320.npy,0
Society,18. Exercise,MVI_4321,Society__18. Exercise__MVI_4321.npy,1
Society,18. Exercise,MVI_4322,Society__18. Exercise__MVI_4322.npy,2
Society,18. Exercise,MVI_4323,Society__18. Exercise__MVI_4323.npy,3
Society,18. Exercise,MVI_4851,Society__18. Exercise__MVI_4851.npy,4
Society,18. Exercise,MVI_4852,Society__18. Exercise__MVI_4852.npy,5
Society,18. Exercise,MVI_4853,Society__18. Exercise__MVI_4853.npy,6
Society,18. Exercise,MVI_8726,Society__18. Exercise__MVI_8726.npy,7
Society,18. Exercise,MVI_8727,Society__18. Exercise__MVI_8727.npy,8
Society,18. Exercise,MVI_8728,Society__18. Exercise__MVI_8728.npy,9
Society,18. Exercise,MVI_8729,Society__18. Exercise__MVI_8729.npy,10
Society,18. Exercise,MVI_8979,Society__18. Exercise__MVI_8979.npy,11
Society,18. Exercise,MVI_8980,Society__18. Exercise__MVI_8980.npy,12
Society,18. Exercise,MVI_8981,Society__18. Exercise__MVI_8981.npy,13
Society,19. Ball,MVI_4324,Society__19. Ball__MVI_4324.npy,0
Society,19. Ball,MVI_4325,Society__19. Ball__MVI_4325.npy,1
Society,19. Ball,MVI_4326,Society__19. Ball__MVI_4326.npy,2
Society,19. Ball,MVI_4327,Society__19. Ball__MVI_4327.npy,3
Society,19. Ball,MVI_4854,Society__19. Ball__MVI_4854.npy,4
Society,19. Ball,MVI_4855,Society__19. Ball__MVI_4855.npy,5
Society,19. Ball,MVI_4856,Society__19. Ball__MVI_4856.npy,6
Society,19. Ball,MVI_8730,Society__19. Ball__MVI_8730.npy,7
Society,19. Ball,MVI_8731,Society__19. Ball__MVI_8731.npy,8
Society,19. Ball,MVI_8732,Society__19. Ball__MVI_8732.npy,9
Society,19. Ball,MVI_8733,Society__19. Ball__MVI_8733.npy,10
Society,19. Ball,MVI_8982,Society__19. Ball__MVI_8982.npy,11
Society,19. Ball,MVI_8983,Society__19. Ball__MVI_8983.npy,12
Society,19. Ball,MVI_8984,Society__19. Ball__MVI_8984.npy,13
Society,19. Ball,MVI_8985,Society__19. Ball__MVI_8985.npy,14
Society,2. Death,MVI_4255,Society__2. Death__MVI_4255.npy,0
Society,2. Death,MVI_4256,Society__2. Death__MVI_4256.npy,1
Society,2. Death,MVI_4257,Society__2. Death__MVI_4257.npy,2
Society,2. Death,MVI_4258,Society__2. Death__MVI_4258.npy,3
Society,2. Death,MVI_4800,Society__2. Death__MVI_4800.npy,4
Society,2. Death,MVI_4801,Society__2. Death__MVI_4801.npy,5
Society,2. Death,MVI_4802,Society__2. Death__MVI_4802.npy,6
Society,2. Death,MVI_8661,Society__2. Death__MVI_8661.npy,7
Society,2. Death,MVI_8662,Society__2. Death__MVI_8662.npy,8
Society,2. Death,MVI_8663,Society__2. Death__MVI_8663.npy,9
Society,2. Death,MVI_8664,Society__2. Death__MVI_8664.npy,10
Society,2. Death,MVI_8930,Society__2. Death__MVI_8930.npy,11
Society,2. Death,MVI_8931,Society__2. Death__MVI_8931.npy,12
Society,2. Death,MVI_8932,Society__2. Death__MVI_8932.npy,13
Society,20. Price,MVI_4328,Society__20. Price__MVI_4328.npy,0
Society,20. Price,MVI_4329,Society__20. Price__MVI_4329.npy,1
Society,20. Price,MVI_4330,Society__20. Price__MVI_4330.npy,2
Society,20. Price,MVI_4331,Society__20. Price__MVI_4331.npy,3
Society,20. Price,MVI_4857,Society__20. Price__MVI_4857.npy,4
Society,20. Price,MVI_4858,Society__20. Price__MVI_4858.npy,5
Society,20. Price,MVI_4859,Society__20. Price__MVI_4859.npy,6
Society,20. Price,MVI_8734,Society__20. Price__MVI_8734.npy,7
Society,20. Price,MVI_8735,Society__20. Price__MVI_8735.npy,8
Society,20. Price,MVI_8736,Society__20. Price__MVI_8736.npy,9
Society,20. Price,MVI_8737,Society__20. Price__MVI_8737.npy,10
Society,20. Price,MVI_8986,Society__20. Price__MVI_8986.npy,11
Society,20. Price,MVI_8987,Society__20. Price__MVI_8987.npy,12
Society,20. Price,MVI_8988,Society__20. Price__MVI_8988.npy,13
Society,21. Sign,MVI_4332,Society__21. Sign__MVI_4332.npy,0
Society,21. Sign,MVI_4333,Society__21. Sign__MVI_4333.npy,1
Society,21. Sign,MVI_4334,Society__21. Sign__MVI_4334.npy,2
Society,21. Sign,MVI_4335,Society__21. Sign__MVI_4335.npy,3
Society,21. Sign,MVI_4860,Society__21. Sign__MVI_4860.npy,4
Society,21. Sign,MVI_4861,Society__21. Sign__MVI_4861.npy,5
Society,21. Sign,MVI_4862,Society__21. Sign__MVI_4862.npy,6
Society,21. Sign,MVI_8738,Society__21. Sign__MVI_8738.npy,7
Society,21. Sign,MVI_8739,Society__21. Sign__MVI_8739.npy,8
Society,21. Sign,MVI_8740,Society__21. Sign__MVI_8740.npy,9
Society,21. Sign,MVI_8741,Society__21. Sign__MVI_8741.npy,10
Society,21. Sign,MVI_8989,Society__21. Sign__MVI_8989.npy,11
Society,21. Sign,MVI_8990,Society__21. Sign__MVI_8990.npy,12
Society,21. Sign,MVI_8991,Society__21. Sign__MVI_8991.npy,13
Society,22. Science,MVI_4336,Society__22. Science__MVI_4336.npy,0
Society,22. Science,MVI_4337,Society__22. Science__MVI_4337.npy,1
Society,22. Science,MVI_4338,Society__22. Science__MVI_4338.npy,2
Society,22. Science,MVI_4339,Society__22. Science__MVI_4339.npy,3
Society,22. Science,MVI_4863,Society__22. Science__MVI_4863.npy,4
Society,22. Science,MVI_4864,Society__22. Science__MVI_4864.npy,5
Society,22. Science,MVI_4865,Society__22. Science__MVI_4865.npy,6
Society,22. Science,MVI_8742,Society__22. Science__MVI_8742.npy,7
Society,22. Science,MVI_8743,Society__22. Science__MVI_8743.npy,8
Society,22. Science,MVI_8744,Society__22. Science__MVI_8744.npy,9
Society,22. Science,MVI_8745,Society__22. Science__MVI_8745.npy,10
Society,22. Science,MVI_8992,Society__22. Science__MVI_8992.npy,11
Society,22. Science,MVI_8993,Society__22. Science__MVI_8993.npy,12
Society,22. Science,MVI_8994,Society__22. Science__MVI_8994.npy,13
Society,23. God,MVI_4340,Society__23. God__MVI_4340.npy,0
Society,23. God,MVI_4341,Society__23. God__MVI_4341.npy,1
Society,23. God,MVI_4342,Society__23. God__MVI_4342.npy,2
Society,23. God,MVI_4343,Society__23. God__MVI_4343.npy,3
Society,23. God,MVI_4866,Society__23. God__MVI_4866.npy,4
Society,23. God,MVI_4867,Society__23. God__MVI_4867.npy,5
Society,23. God,MVI_4868,Society__23. God__MVI_4868.npy,6
Society,23. God,MVI_8746,Society__23. God__MVI_8746.npy,7
Society,23. God,MVI_8747,Society__23. God__MVI_8747.npy,8
Society,23. God,MVI_8748,Society__23. God__MVI_8748.npy,9
Society,23. God,MVI_8749,Society__23. God__MVI_8749.npy,10
Society,23. God,MVI_8995,Society__23. God__MVI_8995.npy,11
Society,23. God,MVI_8996,Society__23. God__MVI_8996.npy,12
Society,23. God,MVI_8997,Society__23. God__MVI_8997.npy,13
Society,3. Medicine,MVI_4259,Society__3. Medicine__MVI_4259.npy,0
Society,3. Medicine,MVI_4260,Society__3. Medicine__MVI_4260.npy,1
Society,3. Medicine,MVI_4261,Society__3. Medicine__MVI_4261.npy,2
Society,3. Medicine,MVI_4262,Society__3. Medicine__MVI_4262.npy,3
Society,3. Medicine,MVI_4803,Society__3. Medicine__MVI_4803.npy,4
Society,3. Medicine,MVI_4804,Society__3. Medicine__MVI_4804.npy,5
Society,3. Medicine,MVI_4805,Society__3. Medicine__MVI_4805.npy,6
Society,3. Medicine,MVI_8665,Society__3. Medicine__MVI_8665.npy,7
Society,3. Medicine,MVI_8666,Society__3. Medicine__MVI_8666.npy,8
Society,3. Medicine,MVI_8667,Society__3. Medicine__MVI_8667.npy,9
Society,3. Medicine,MVI_8668,Society__3. Medicine__MVI_8668.npy,10
Society,3. Medicine,MVI_8933,Society__3. Medicine__MVI_8933.npy,11
Society,3. Medicine,MVI_8934,Society__3. Medicine__MVI_8934.npy,12
Society,3. Medicine,MVI_8935,Society__3. Medicine__MVI_8935.npy,13
Society,4. Money,MVI_4263,Society__4. Money__MVI_4263.npy,0
Society,4. Money,MVI_4264,Society__4. Money__MVI_4264.npy,1
Society,4. Money,MVI_4265,Society__4. Money__MVI_4265.npy,2
Society,4. Money,MVI_4266,Society__4. Money__MVI_4266.npy,3
Society,4. Money,MVI_4806,Society__4. Money__MVI_4806.npy,4
Society,4. Money,MVI_4807,Society__4. Money__MVI_4807.npy,5
Society,4. Money,MVI_4808,Society__4. Money__MVI_4808.npy,6
Society,4. Money,MVI_8669,Society__4. Money__MVI_8669.npy,7
Society,4. Money,MVI_8670,Society__4. Money__MVI_8670.npy,8
Society,4. Money,MVI_8671,Society__4. Money__MVI_8671.npy,9
Society,4. Money,MVI_8672,Society__4. Money__MVI_8672.npy,10
Society,4. Money,MVI_8936,Society__4. Money__MVI_8936.npy,11
Society,4. Money,MVI_8937,Society__4. Money__MVI_8937.npy,12
Society,4. Money,MVI_8938,Society__4. Money__MVI_8938.npy,13
Society,5. Bill,MVI_4267,Society__5. Bill__MVI_4267.npy,0
Society,5. Bill,MVI_4268,Society__5. Bill__MVI_4268.npy,1
Society,5. Bill,MVI_4269,Society__5. Bill__MVI_4269.npy,2
Society,5. Bill,MVI_4270,Society__5. Bill__MVI_4270.npy,3
Society,5. Bill,MVI_4809,Society__5. Bill__MVI_4809.npy,4
Society,5. Bill,MVI_4810,Society__5. Bill__MVI_4810.npy,5
Society,5. Bill,MVI_4811,Society__5. Bill__MVI_4811.npy,6
Society,5. Bill,MVI_8673,Society__5. Bill__MVI_8673.npy,7
Society,5. Bill,MVI_8674,Society__5. Bill__MVI_8674.npy,8
Society,5. Bill,MVI_8675,Society__5. Bill__MVI_8675.npy,9
Society,5. Bill,MVI_8676,Society__5. Bill__MVI_8676.npy,10
Society,5. Bill,MVI_8939,Society__5. Bill__MVI_8939.npy,11
Society,5. Bill,MVI_8940,Society__5. Bill__MVI_8940.npy,12
Society,5. Bill,MVI_8941,Society__5. Bill__MVI_8941.npy,13
Society,6. Marriage,MVI_4271,Society__6. Marriage__MVI_4271.npy,0
Society,6. Marriage,MVI_4272,Society__6. Marriage__MVI_4272.npy,1
Society,6. Marriage,MVI_4273,Society__6. Marriage__MVI_4273.npy,2
Society,6. Marriage,MVI_4274,Society__6. Marriage__MVI_4274.npy,3
Society,6. Marriage,MVI_4815,Society__6. Marriage__MVI_4815.npy,4
Society,6. Marriage,MVI_4816,Society__6. Marriage__MVI_4816.npy,5
Society,6. Marriage,MVI_4817,Society__6. Marriage__MVI_4817.npy,6
Society,6. Marriage,MVI_8677,Society__6. Marriage__MVI_8677.npy,7
Society,6. Marriage,MVI_8678,Society__6. Marriage__MVI_8678.npy,8
Society,6. Marriage,MVI_8679,Society__6. Marriage__MVI_8679.npy,9
Society,6. Marriage,MVI_8680,Society__6. Marriage__MVI_8680.npy,10
Society,6. Marriage,MVI_8942,Society__6. Marriage__MVI_8942.npy,11
Society,6. Marriage,MVI_8943,Society__6. Marriage__MVI_8943.npy,12
Society,6. Marriage,MVI_8944,Society__6. Marriage__MVI_8944.npy,13
Society,7. Team,MVI_4275,Society__7. Team__MVI_4275.npy,0
Society,7. Team,MVI_4276,Society__7. Team__MVI_4276.npy,1
Society,7. Team,MVI_4277,Society__7. Team__MVI_4277.npy,2
Society,7. Team,MVI_4278,Society__7. Team__MVI_4278.npy,3
Society,7. Team,MVI_4818,Society__7. Team__MVI_4818.npy,4
Society,7. Team,MVI_4819,Society__7. Team__MVI_4819.npy,5
Society,7. Team,MVI_4820,Society__7. Team__MVI_4820.npy,6
Society,7. Team,MVI_8681,Society__7. Team__MVI_8681.npy,7
Society,7. Team,MVI_8682,Society__7. Team__MVI_8682.npy,8
Society,7. Team,MVI_8683,Society__7. Team__MVI_8683.npy,9
Society,7. Team,MVI_8684,Society__7. Team__MVI_8684.npy,10
Society,7. Team,MVI_8945,Society__7. Team__MVI_8945.npy,11
Society,7. Team,MVI_8946,Society__7. Team__MVI_8946.npy,12
Society,7. Team,MVI_8947,Society__7. Team__MVI_8947.npy,13
Society,8. Race (ethnicity),MVI_4279,Society__8. Race (ethnicity)__MVI_4279.npy,0
Society,8. Race (ethnicity),MVI_4280,Society__8. Race (ethnicity)__MVI_4280.npy,1
Society,8. Race (ethnicity),MVI_4281,Society__8. Race (ethnicity)__MVI_4281.npy,2
Society,8. Race (ethnicity),MVI_4282,Society__8. Race (ethnicity)__MVI_4282.npy,3
Society,8. Race (ethnicity),MVI_4821,Society__8. Race (ethnicity)__MVI_4821.npy,4
Society,8. Race (ethnicity),MVI_4822,Society__8. Race (ethnicity)__MVI_4822.npy,5
Society,8. Race (ethnicity),MVI_4823,Society__8. Race (ethnicity)__MVI_4823.npy,6
Society,8. Race (ethnicity),MVI_8685,Society__8. Race (ethnicity)__MVI_8685.npy,7
Society,8. Race (ethnicity),MVI_8686,Society__8. Race (ethnicity)__MVI_8686.npy,8
Society,8. Race (ethnicity),MVI_8687,Society__8. Race (ethnicity)__MVI_8687.npy,9
Society,8. Race (ethnicity),MVI_8688,Society__8. Race (ethnicity)__MVI_8688.npy,10
Society,8. Race (ethnicity),MVI_8948,Society__8. Race (ethnicity)__MVI_8948.npy,11
Society,8. Race (ethnicity),MVI_8949,Society__8. Race (ethnicity)__MVI_8949.npy,12
Society,8. Race (ethnicity),MVI_8950,Society__8. Race (ethnicity)__MVI_8950.npy,13
Society,9. Technology,MVI_4283,Society__9. Technology__MVI_4283.npy,0
Society,9. Technology,MVI_4284,Society__9. Technology__MVI_4284.npy,1
Society,9. Technology,MVI_4285,Society__9. Technology__MVI_4285.npy,2
Society,9. Technology,MVI_4286,Society__9. Technology__MVI_4286.npy,3
Society,9. Technology,MVI_4824,Society__9. Technology__MVI_4824.npy,4
Society,9. Technology,MVI_4825,Society__9. Technology__MVI_4825.npy,5
Society,9. Technology,MVI_4826,Society__9. Technology__MVI_4826.npy,6
Society,9. Technology,MVI_8689,Society__9. Technology__MVI_8689.npy,7
Society,9. Technology,MVI_8690,Society__9. Technology__MVI_8690.npy,8
Society,9. Technology,MVI_8691,Society__9. Technology__MVI_8691.npy,9
Society,9. Technology,MVI_8692,Society__9. Technology__MVI_8692.npy,10
Society,9. Technology,MVI_8951,Society__9. Technology__MVI_8951.npy,11
Society,9. Technology,MVI_8952,Society__9. Technology__MVI_8952.npy,12
Society,9. Technology,MVI_8953,Society__9. Technology__MVI_8953.npy,13
